oid,ndethist,ncovhist,mjdstarthist,mjdendhist,corrected,stellar,ndet,g_r_max,g_r_max_corr,g_r_mean,g_r_mean_corr,firstmjd,lastmjd,deltajd,meanra,meandec,sigmara,sigmadec,class,classifier,probability,step_id_corr,target_class,candid_used,stamp_dir,stamp_error,fid,fid_band,magpsf,sigmapsf,sgscore1,sgscore2,sgscore3,distpsnr1,distpsnr2,distpsnr3,classtar,fwhm,isdiffpos,alert_ndethist,alert_ncovhist,chinr,sharpnr
ZTF24aaiwbat,17,7515,58332.29925929988,60436.44898150023,True,False,15,,,,,60409.44269679999,60436.44898150023,27.00628470024094,251.03053817369965,36.86907694714477,0.0246688472950109,0.0197352894566928,SN,stamp_classifier,0.953128,24.4.1,SN,2.655442691015015e+18,F:\ZTF_Adjusted_Dataset\stamps\SN\ZTF24aaiwbat,,2.0,r,20.372802734375,0.08123316615819931,0.0,0.16266700625419617,0.0,0.2669376730918884,25.711057662963867,28.230031967163086,0.9909999966621399,1.3142712116241455,t,3.0,7474.0,6.579999923706055,0.5080000162124634
ZTF24abkmkko,1,1135,60585.29815969989,60585.29815969989,True,False,1,,,,,60585.29815969989,60585.29815969989,0.0,7.2637055,6.2278665,0.0855046212673187,0.0850000008940696,SN,stamp_classifier,0.95293105,24.5.2a6,SN,2.831298153315015e+18,F:\ZTF_Adjusted_Dataset\stamps\SN\ZTF24abkmkko,,2.0,r,21.183448791503906,0.15485844016075134,0.0,0.5,0.5,0.14358755946159363,1.9176311492919922,11.695982933044434,0.9739999771118164,2.369999885559082,t,1.0,1135.0,1.0709999799728394,0.11800000071525574
ZTF24aaiwaua,6,4013,60409.44269679999,60411.51118060015,False,False,6,,,,,60409.44269679999,60411.51118060015,2.06848380016163,250.72776385157132,41.20329735550109,0.0127373334017874,0.009583276407299,SN,stamp_classifier,0.95174056,24.4.1,SN,2.655442694215015e+18,F:\ZTF_Adjusted_Dataset\stamps\SN\ZTF24aaiwaua,,2.0,r,20.995332717895508,0.11348658800125122,0.0,0.01004169974476099,0.9767860174179077,1.8803060054779053,12.245881080627441,24.566814422607422,0.9710000157356262,1.9800000190734863,t,1.0,4005.0,4.913000106811523,0.42500001192092896
ZTF24aaizntk,3,4620,60169.23196760006,60410.4800809999,True,False,2,,,,,60410.46107639978,60410.4800809999,0.0190046001225709,264.4962555667832,41.16068671659487,0.0685822070561374,0.0516332581488631,SN,stamp_classifier,0.95081323,24.4.1,SN,2.656461073415015e+18,F:\ZTF_Adjusted_Dataset\stamps\SN\ZTF24aaizntk,,2.0,r,21.102558135986328,0.15444481372833252,0.12908299267292023,0.094309501349926,0.9906669855117798,0.14030559360980988,5.080499172210693,17.497303009033203,0.9800000190734863,1.3545012474060059,t,2.0,4619.0,4.706999778747559,0.32600000500679016
ZTF25aaxmsns,14,4828,60845.24888890004,60859.34456019988,True,False,13,,,,,60845.24888890004,60859.34456019988,14.09567129984498,246.55065639028928,34.1670495235523,0.0247272949603798,0.0204594547678278,SN,stamp_classifier,0.9472483,27.5.6,SN,3.099236623415015e+18,F:\ZTF_Adjusted_Dataset\stamps\SN\ZTF25aaxmsns,,2.0,r,19.68643569946289,0.08542219549417496,0.010708300396800041,0.7087500095367432,0.7383040189743042,1.6896008253097534,5.7572855949401855,6.458117961883545,0.9950000047683716,1.6799999475479126,t,7.0,4820.0,3.0239999294281006,0.4339999854564667
ZTF24abjioxz,29,1398,60578.40946759982,60586.44113430008,True,False,26,,,,,60578.40946759982,60586.44113430008,8.031666700262576,4.33528660000233,-9.007211149998174,0.046535788295405,0.0459619379237828,SN,stamp_classifier,0.94607085,24.5.2a6,SN,2.831213904315015e+18,F:\ZTF_Adjusted_Dataset\stamps\SN\ZTF24abjioxz,,2.0,r,19.592050552368164,0.05726401135325432,0.012500000186264515,0.9618750214576721,0.987500011920929,0.6477454304695129,8.485934257507324,10.91884994506836,0.9869999885559082,1.7699999809265137,t,5.0,1372.0,2.9170000553131104,0.23399999737739563
ZTF24aaiwamb,2,7716,60409.43976850016,60410.451817099936,True,False,2,,,,,60409.43976850016,60410.451817099936,1.0120485997758806,247.12573640004504,30.33581815,0.0696390586703956,0.0601040770330592,SN,stamp_classifier,0.9454013,24.4.1,SN,2.655439760315015e+18,F:\ZTF_Adjusted_Dataset\stamps\SN\ZTF24aaiwamb,,2.0,r,21.40047836303711,0.15930168330669403,0.0016666699666529894,0.014583299867808819,0.006666670087724924,0.9554782509803772,14.509881019592285,17.22640609741211,0.9570000171661377,1.3980950117111206,t,1.0,7713.0,4.85699987411499,0.6129999756813049
ZTF24abkkjrr,32,1611,60578.41140050022,60586.47944439994,True,False,28,,,,,60578.41140050022,60586.47944439994,8.068043899722397,5.802516850000247,1.1076688499987586,0.0459705305145244,0.0459619378264937,SN,stamp_classifier,0.9427726,24.5.2a6,SN,2.831228350615015e+18,F:\ZTF_Adjusted_Dataset\stamps\SN\ZTF24abkkjrr,,1.0,g,20.59039878845215,0.11094358563423157,0.0016666699666529894,0.5,0.03595830127596855,0.630569338798523,1.0793564319610596,12.052633285522461,0.9829999804496765,2.309999942779541,t,6.0,1584.0,1.1319999694824219,0.0860000029206276
ZTF24abkueki,4,1374,60586.203576399945,60586.34320600005,True,False,4,,,,,60586.203576399945,60586.34320600005,0.1396296001039445,2.615549966666668,1.3844799333332918,0.0375387265576427,0.0375277660943366,SN,stamp_classifier,0.9417462,24.5.2a6,SN,2.832203571515015e+18,F:\ZTF_Adjusted_Dataset\stamps\SN\ZTF24abkueki,,1.0,g,21.099502563476562,0.1477276235818863,0.0,0.5,0.0016666699666529894,0.5021726489067078,13.042662620544434,13.28375244140625,0.9879999756813049,1.3427940607070923,t,1.0,1368.0,2.924999952316284,0.22599999606609344
ZTF18abjjgwy,15,3606,58323.25,59971.5,True,False,12,-0.094931,0.168931,-0.41194078,0.12840489,59930.496956000105,59971.46400459996,40.96704859985039,240.3128661083334,74.70515618333332,0.0002889503369051,9.99885432819368e-05,SN,stamp_classifier,0.9411939,1.1.6,SN,2.176496951915015e+18,F:\ZTF_Adjusted_Dataset\stamps\SN\ZTF18abjjgwy,,1.0,g,18.681455612182617,0.10480386763811111,0.0,0.5,0.08220239728689194,0.5793218016624451,2.643908739089966,22.080320358276367,0.968999981880188,4.300000190734863,t,3.0,3580.0,5.0329999923706055,0.515999972820282
ZTF23abbaqzy,39,1758,60193.25,60239.0,True,False,36,0.006974,0.459715,0.033422966,0.5405605,60193.24422449991,60239.11651619989,45.87229169998318,286.7280592305556,37.47504224444444,3.394758834113289e-05,2.6354250884077472e-05,SN,stamp_classifier,0.9410556,1.2.1,SN,2.439244221115015e+18,F:\ZTF_Adjusted_Dataset\stamps\SN\ZTF23abbaqzy,,1.0,g,19.89593505859375,0.11335555464029312,0.002916669938713312,0.915166974067688,0.8707919716835022,0.41043826937675476,10.970515251159668,12.15893268585205,0.9789999723434448,2.0299999713897705,t,1.0,1714.0,5.888000011444092,0.48899999260902405
ZTF24aasgohq,12,3033,58442.51069439994,60486.23971060012,False,False,4,,,,,60477.27008099994,60486.23971060012,8.96962960017845,208.4625794500031,38.141184975,0.0413227714598168,0.0324999988079071,SN,stamp_classifier,0.9405268,24.5.1,SN,2.723270080815015e+18,F:\ZTF_Adjusted_Dataset\stamps\SN\ZTF24aasgohq,,1.0,g,19.087793350219727,0.10044341534376144,0.0637499988079071,-999.0,-999.0,1.755659818649292,-999.0,-999.0,0.9890000224113464,1.9500000476837158,t,3.0,3013.0,3.986999988555908,0.24699999392032623
ZTF22abggipw,6,2629,59840.3911342998,60586.340983800124,True,False,4,,,,,60586.20135420002,60586.340983800124,0.1396296001039445,8.692084965259044,-11.292212729825293,0.0350083959388447,0.0343306785766476,SN,stamp_classifier,0.93992543,24.5.2a6,SN,2.832340983015015e+18,F:\ZTF_Adjusted_Dataset\stamps\SN\ZTF22abggipw,,1.0,g,21.04257583618164,0.1639825701713562,0.01333330012857914,0.02116670086979866,0.0,0.25549957156181335,12.36258602142334,18.16454315185547,0.9950000047683716,1.3309838771820068,t,6.0,2629.0,1.1469999551773071,-0.12800000607967377
ZTF24abkvbkv,1,1374,60586.22685190011,60586.22685190011,True,False,1,,,,,60586.22685190011,60586.22685190011,0.0,3.229223,1.1516244,0.0850171744823455,0.0850000008940696,SN,stamp_classifier,0.93832356,24.5.2a6,SN,2.832226851515015e+18,F:\ZTF_Adjusted_Dataset\stamps\SN\ZTF24abkvbkv,,2.0,r,20.991790771484375,0.14430533349514008,0.008291670121252537,0.12595799565315247,0.9652919769287109,0.6270875334739685,10.608242988586426,13.564032554626465,0.9139999747276306,1.1880784034729004,t,1.0,1374.0,3.3329999446868896,0.36899998784065247
ZTF23aamanim,68,3172,58307.2192245,60311.57763889991,True,False,42,0.22533268,0.3403948,0.15521328,0.3616021,60109.28673609998,60311.57763889991,202.2909027999267,227.2900108870632,52.53332702864731,0.0469969027973655,0.0285882098654326,SN,stamp_classifier,0.9370521,1.2.0,SN,2.380203560415015e+18,F:\ZTF_Adjusted_Dataset\stamps\SN\ZTF23aamanim,,2.0,r,19.993083953857422,0.1298922598361969,0.20321999490261078,0.5,0.12730400264263153,0.8562455177307129,7.701880931854248,7.892448425292969,0.9700000286102295,1.8799999952316284,t,14.0,3109.0,6.002999782562256,0.4399999976158142
ZTF24abknwxb,2,1381,60585.22835650016,60585.3447106001,False,False,2,,,,,60585.22835650016,60585.3447106001,0.1163540999405086,4.696818424478281,5.752671687115981,0.0518946072624418,0.0516332581488631,SN,stamp_classifier,0.9365384,24.5.2a6,SN,2.831344714015015e+18,F:\ZTF_Adjusted_Dataset\stamps\SN\ZTF24abknwxb,,2.0,r,21.685564041137695,0.19400779902935028,0.00791667029261589,0.5,0.5,0.248032808303833,15.376960754394531,19.074939727783203,0.9670000076293945,1.2628071308135986,t,2.0,1381.0,0.875,0.0560000017285347
ZTF25abjalph,28,2814,60889.38894680003,60919.33952549985,True,False,12,,,,,60901.36737270001,60919.33952549985,17.972152799833566,356.39503428401827,19.196760390715657,0.0228242193799985,0.0215550776092861,SN,stamp_classifier,0.93646383,27.5.6,SN,3.149340113415015e+18,F:\ZTF_Adjusted_Dataset\stamps\SN\ZTF25abjalph,,2.0,r,20.11134910583496,0.14130277931690216,0.0,0.08383329957723618,0.5,0.5380082130432129,6.047640323638916,22.19258689880371,0.9980000257492065,2.5299999713897705,t,5.0,2784.0,2.0239999294281006,0.12999999523162842
ZTF24abkudwj,1,1321,60586.175763899926,60586.175763899926,True,False,1,,,,,60586.175763899926,60586.175763899926,0.0,16.0132889,-5.8805997,0.0854496732354164,0.0850000008940696,SN,stamp_classifier,0.93515104,24.5.2a6,SN,2.8321757606150154e+18,F:\ZTF_Adjusted_Dataset\stamps\SN\ZTF24abkudwj,,2.0,r,20.207275390625,0.15196551382541656,0.005333330016583204,0.5,0.5,0.3652179539203644,1.9882442951202393,4.010464668273926,0.9869999885559082,1.232434630393982,t,1.0,1321.0,6.120999813079834,0.5950000286102295
ZTF22abjmnne,1,1020,59852.25,59852.25,True,False,1,,,,,59852.31810190016,59852.31810190016,0.0,16.8689638,5.2747766,,,SN,stamp_classifier,0.934424,dev,SN,2.098318104715015e+18,F:\ZTF_Adjusted_Dataset\stamps\SN\ZTF22abjmnne,,2.0,r,19.992706298828125,0.10516457259654999,0.0016666699666529894,0.9947919845581055,0.0,0.8373648524284363,11.369542121887207,18.5638484954834,0.9700000286102295,2.2699999809265137,t,1.0,1020.0,3.2869999408721924,0.2750000059604645
ZTF24abkkipm,91,1803,60509.442268500105,60961.252719900105,True,False,43,,,,,60585.23056709999,60961.25178240007,376.0212153000757,6.64895780926997,-0.8641913004911824,0.0045484973168251,0.0045479797163531,SN,stamp_classifier,0.9339971,27.5.6,SN,2.831230564415015e+18,F:\ZTF_Adjusted_Dataset\stamps\SN\ZTF24abkkipm,,1.0,g,20.950515747070312,0.12478996813297272,0.10031899809837341,0.0024999999441206455,0.9241669774055481,0.11625468730926514,8.130671501159668,11.592473983764648,0.9750000238418579,1.7400000095367432,t,6.0,1393.0,1.6419999599456787,0.17100000381469727
ZTF24ablbxns,5,1520,60585.27711809985,60586.41546300007,True,False,5,,,,,60585.27711809985,60586.41546300007,1.1383449002169073,9.239105712449716,-5.083661335246092,0.0304765672969631,0.030356683701931,SN,stamp_classifier,0.93366545,24.5.2a6,SN,2.832415460515015e+18,F:\ZTF_Adjusted_Dataset\stamps\SN\ZTF24ablbxns,,2.0,r,21.29367446899414,0.1841176301240921,0.0,0.5,0.5,0.7917875051498413,1.8272268772125244,2.346338987350464,0.9459999799728394,1.1733689308166504,t,5.0,1520.0,3.4040000438690186,0.48500001430511475
ZTF24aaiwbnf,3,4045,59972.51390049979,60411.469444400165,True,False,3,,,,,60409.39197919984,60411.469444400165,2.077465200331062,255.5486282043772,40.9430922744109,0.0130591900225501,0.0098644002924035,SN,stamp_classifier,0.9336214,24.4.1,SN,2.655391973415015e+18,F:\ZTF_Adjusted_Dataset\stamps\SN\ZTF24aaiwbnf,,3.0,i,20.366003036499023,0.12643468379974365,0.5,0.08644639700651169,0.5,0.9683600664138794,1.2990305423736572,1.4448051452636719,0.9900000095367432,1.2887961864471436,t,3.0,4044.0,7.34499979019165,1.2580000162124634
ZTF24abkwtez,1,1376,60586.27340279985,60586.27340279985,True,False,1,,,,,60586.27340279985,60586.27340279985,0.0,6.2645798,5.3108085,0.0853664577007293,0.0850000008940696,SN,stamp_classifier,0.9334897,24.5.2a6,SN,2.832273403915015e+18,F:\ZTF_Adjusted_Dataset\stamps\SN\ZTF24abkwtez,,2.0,r,20.968242645263672,0.17033876478672028,0.021208299323916435,0.22387899458408356,0.007499999832361937,0.4943242073059082,5.43684196472168,9.301515579223633,0.9800000190734863,2.509999990463257,t,1.0,1376.0,1.4780000448226929,0.10999999940395355
ZTF18aajdpdf,8,4116,60404.40306709986,60412.493553199805,True,False,6,,,,,60404.40306709986,60412.493553199805,8.090486099943519,252.4198753136964,43.69461103562584,0.0380410872051872,0.0275049271523276,SN,stamp_classifier,0.9333754,24.4.1,SN,2.655303685615015e+18,F:\ZTF_Adjusted_Dataset\stamps\SN\ZTF18aajdpdf,,1.0,g,20.16133689880371,0.10359811782836914,0.002916669938713312,0.009833330288529396,0.5,0.476629376411438,13.805203437805176,22.487306594848633,0.9769999980926514,2.8299999237060547,t,2.0,4100.0,4.039000034332275,0.17599999904632568
ZTF24abinmuf,15,2050,60576.14425930008,60608.15453700023,True,False,8,,,,,60576.14425930008,60608.15453700023,32.0102777001448,279.66422750000044,28.9196050000001,0.097109657294627,0.0849999987403268,SN,stamp_classifier,0.93319196,24.5.2a6,SN,2.822144255515015e+18,F:\ZTF_Adjusted_Dataset\stamps\SN\ZTF24abinmuf,,1.0,g,19.406049728393555,0.08840371668338776,0.03237500041723251,0.5,0.8802080154418945,0.6060628890991211,2.0104563236236572,12.256035804748535,0.9819999933242798,2.130000114440918,t,1.0,2026.0,4.665999889373779,0.49399998784065247
ZTF24abktlpe,1,1238,60586.17797450023,60586.17797450023,True,False,1,,,,,60586.17797450023,60586.17797450023,0.0,15.225684,-8.2493102,0.0858886837959289,0.0850000008940696,SN,stamp_classifier,0.9331225,24.5.2a6,SN,2.832177973215015e+18,F:\ZTF_Adjusted_Dataset\stamps\SN\ZTF24abktlpe,,2.0,r,19.28124237060547,0.10435258597135544,0.005249999929219484,0.5,0.9136250019073486,0.4444606304168701,6.432308197021484,21.827096939086914,0.9950000047683716,2.7300000190734863,t,1.0,1238.0,4.254000186920166,0.42899999022483826
ZTF24aaivxia,21,4021,59487.203807900194,60429.37199069979,True,False,17,,,,,60404.40306709986,60429.37199069979,24.96892359992489,249.5020032460372,39.746318247126126,0.0086016023825027,0.006613624948527,SN,stamp_classifier,0.9322063,24.4.1,SN,2.655303682815015e+18,F:\ZTF_Adjusted_Dataset\stamps\SN\ZTF24aaivxia,,1.0,g,20.04424476623535,0.08887342363595963,0.0,0.9941669702529907,0.0024999999441206455,0.44349315762519836,8.352663040161133,10.369561195373535,0.9829999804496765,4.809999942779541,t,3.0,3998.0,3.9639999866485596,0.164000004529953
ZTF24aajdkwy,6,6857,58898.54916669987,60411.42899309984,True,False,1,,,,,60411.42899309984,60411.42899309984,0.0,240.040006,40.913748,0.013232828117907,0.0099999997764825,SN,stamp_classifier,0.931459,24.4.1,SN,2.657428994615015e+18,F:\ZTF_Adjusted_Dataset\stamps\SN\ZTF24aajdkwy,,3.0,i,20.950632095336914,0.17186369001865387,0.0,0.5,0.7045180201530457,0.09503775835037231,2.103898763656616,14.477492332458496,0.972000002861023,1.274010181427002,t,6.0,6857.0,5.074999809265137,0.5
ZTF25absblxf,22,3356,58903.53723380016,60960.12160879979,True,False,8,,,,,60948.14143519988,60960.12160879979,11.980173599906266,237.4215463775087,53.26192683165977,0.0418125453397989,0.025010499233469,SN,stamp_classifier,0.93094784,27.5.6,SN,3.194141432315015e+18,F:\ZTF_Adjusted_Dataset\stamps\SN\ZTF25absblxf,,1.0,g,19.243234634399414,0.11552432924509048,0.05120829865336418,0.02583329938352108,0.5,0.9094811081886292,10.580805778503418,17.97545051574707,0.9980000257492065,1.9900000095367432,t,11.0,3339.0,3.9719998836517334,0.23199999332427979
ZTF23abnllac,17,3294,60244.25,60263.25,True,False,13,-0.011208,0.36535,-0.09391616,0.3475621,60245.1783218002,60263.13252309989,17.95420129969716,296.0627917461539,55.91715553846155,4.126399995482006e-05,3.45450560492929e-05,SN,stamp_classifier,0.93093926,1.2.1,SN,2.496119524515015e+18,F:\ZTF_Adjusted_Dataset\stamps\SN\ZTF23abnllac,,2.0,r,19.28811264038086,0.11627697944641113,0.0033333299215883017,0.9856849908828735,0.9812080264091492,0.15738444030284882,6.049070358276367,13.42783260345459,0.9990000128746033,1.7000000476837158,t,6.0,3272.0,6.196000099182129,0.5820000171661377
ZTF18abxiess,12,20,58376.45887729991,58383.43892360013,True,False,4,-0.6060715,-0.13010177,-0.5295067,-0.035282742,58377.43982640002,58383.43892360013,5.999097200110555,60.8519575,-14.606171275,4.663382177565735e-05,7.280436685632507e-05,SN,stamp_classifier,0.93034,corr_bulk_0.0.1,SN,6.29438925015015e+17,F:\ZTF_Adjusted_Dataset\stamps\SN\ZTF18abxiess,,1.0,g,19.897829055786133,0.20806242525577545,0.0018749999580904841,0.1270419955253601,1.0,0.41914042830467224,18.634822845458984,26.470258712768555,0.9449999928474426,2.3499999046325684,t,12.0,20.0,0.8240000009536743,0.1589999943971634
ZTF23aaqqbhw,60,2707,59441.25,60152.5,True,False,15,0.14672,0.786698,0.10458117,0.8039994,60133.40120369988,60152.45478009991,19.05357640003785,338.9628537733333,16.7748279,3.599393731027099e-05,2.245633858976854e-05,SN,stamp_classifier,0.93019724,1.2.0,SN,2.379401200815015e+18,F:\ZTF_Adjusted_Dataset\stamps\SN\ZTF23aaqqbhw,,2.0,r,19.42354393005371,0.11461292952299118,0.0024999999441206455,0.8346310257911682,0.9981669783592224,0.5073861479759216,3.6892356872558594,11.833783149719238,0.9850000143051147,1.2026079893112183,t,3.0,2628.0,3.5220000743865967,0.3269999921321869
ZTF24abkoall,1,1419,60585.349131899886,60585.349131899886,True,False,1,,,,,60585.349131899886,60585.349131899886,0.0,5.7966203,-9.1885785,0.0861048847436904,0.0850000008940696,SN,stamp_classifier,0.9289544,24.5.2a6,SN,2.831349133815015e+18,F:\ZTF_Adjusted_Dataset\stamps\SN\ZTF24abkoall,,2.0,r,21.126483917236328,0.1714468151330948,0.0,0.008958330377936363,0.5,0.4108438789844513,16.02682113647461,17.663944244384766,0.9290000200271606,3.130000114440918,t,1.0,1419.0,0.9679999947547913,0.10100000351667404
ZTF23aanewuh,197,4140,60103.25,60173.25,False,False,36,0.171359,,0.39618468,,60104.34409719985,60173.17609950015,68.83200230030343,259.7868495805555,57.60704058055556,6.475347456473456e-05,2.7328005723480385e-05,SN,stamp_classifier,0.9283871,1.2.0,SN,2.350344095515015e+18,F:\ZTF_Adjusted_Dataset\stamps\SN\ZTF23aanewuh,,2.0,r,19.72492027282715,0.10280288010835648,0.5,0.03687499836087227,0.7662500143051147,1.3443470001220703,2.708472490310669,15.600549697875977,0.9710000157356262,1.6399999856948853,t,6.0,3884.0,6.48799991607666,0.3160000145435333
ZTF24aaizork,3,7827,60409.44560190011,60411.4723727,True,False,3,,,,,60409.44560190011,60411.4723727,2.0267707998864357,264.6417874999948,44.170907533333335,0.0684193531037557,0.0490747733973095,SN,stamp_classifier,0.9283256,24.4.1,SN,2.656461074915015e+18,F:\ZTF_Adjusted_Dataset\stamps\SN\ZTF24aaizork,,2.0,r,21.002056121826172,0.1423635482788086,0.012291699647903442,0.42544400691986084,0.0,0.6490261554718018,3.913731575012207,12.280327796936035,0.9700000286102295,2.740000009536743,t,2.0,7821.0,3.875999927520752,0.3440000116825104
ZTF20aazozim,8,1963,58979.44696759991,58997.4529281999,True,False,8,0.008033752,0.26011243,0.23301697,0.33224243,58979.44696759991,58997.4529281999,18.005960599984974,283.5353733375,47.9367047,7.437171000924394e-05,4.684045870264131e-05,SN,stamp_classifier,0.9281595,corr_bulk_0.0.1,SN,1.243452923815015e+18,F:\ZTF_Adjusted_Dataset\stamps\SN\ZTF20aazozim,,2.0,r,19.69278907775879,0.11910507082939148,0.0037499999161809683,0.5,0.9629999995231628,0.7348692417144775,2.1222944259643555,9.879959106445312,0.9700000286102295,2.9600000381469727,t,8.0,1963.0,2.763000011444092,0.20900000631809235
ZTF23aagmbcv,18,3823,58768.12450229982,61058.5572453998,True,False,10,,,,,60053.44346059999,61058.5572453998,1005.113784799818,255.02996961663823,37.83951513060055,0.0300367273112841,0.0237209678415277,SN,stamp_classifier,0.92793435,27.5.7a32.dev1,SN,2.299443460115015e+18,F:\ZTF_Adjusted_Dataset\stamps\SN\ZTF23aagmbcv,,2.0,r,19.74760627746582,0.19648270308971405,0.15873199701309204,0.5,0.7044579982757568,0.799243688583374,3.4886558055877686,10.146252632141113,0.8600000143051147,1.3094570636749268,t,4.0,2707.0,4.816999912261963,0.6010000109672546
ZTF24abksnph,1,2483,60586.13265050016,60586.13265050016,True,False,1,,,,,60586.13265050016,60586.13265050016,0.0,1.7252276,-11.300107,0.0866803601384162,0.0850000008940696,SN,stamp_classifier,0.92779505,24.5.2a6,SN,2.832132651915015e+18,F:\ZTF_Adjusted_Dataset\stamps\SN\ZTF24abksnph,,2.0,r,19.75714874267578,0.12547999620437622,0.0016666699666529894,0.0,0.023041699081659317,0.29593467712402344,13.180936813354492,28.06073760986328,0.9929999709129333,1.1973448991775513,t,1.0,2483.0,3.4800000190734863,0.3179999887943268
ZTF23aadsfgj,15,4238,60020.5,60046.25,True,False,10,-0.217297,0.091952,0.22516815,0.3101509,60020.483078700025,60046.37354170019,25.89046300016344,239.79083933,32.15744396,3.2802880970098584e-05,2.9381256308019807e-05,SN,stamp_classifier,0.92775977,1.1.6,SN,2.275460413015015e+18,F:\ZTF_Adjusted_Dataset\stamps\SN\ZTF23aadsfgj,,2.0,r,19.517322540283203,0.11016576737165451,0.005166669841855764,0.5,0.0008333330042660236,0.8459571003913879,1.41813325881958,13.807463645935059,0.9829999804496765,2.1700000762939453,t,3.0,4218.0,6.567999839782715,0.621999979019165
ZTF24abklxei,1,1415,60585.27932870016,60585.27932870016,True,False,1,,,,,60585.27932870016,60585.27932870016,0.0,7.405548399999999,-6.4526651,0.0654143989086151,0.0649999976158142,SN,stamp_classifier,0.9273542,24.5.2a6,SN,2.831279324915015e+18,F:\ZTF_Adjusted_Dataset\stamps\SN\ZTF24abklxei,,1.0,g,21.445117950439453,0.19939231872558594,0.0,0.0,0.25787800550460815,0.7423251867294312,7.1585540771484375,9.759368896484375,0.953000009059906,1.2169641256332397,t,1.0,1415.0,2.749000072479248,0.3050000071525574
ZTF22abxlmmw,3,3211,58218.25,59914.5,False,False,2,,,,,59909.51070600003,59914.48953700019,4.978831000160426,213.59653145,54.70677765,0.0001464418143717,3.712310600900424e-05,SN,stamp_classifier,0.92716986,1.1.6,SN,2.155510702115015e+18,F:\ZTF_Adjusted_Dataset\stamps\SN\ZTF22abxlmmw,,1.0,g,18.561323165893555,0.08361144363880157,0.020625000819563866,-999.0,-999.0,1.6645166873931885,-999.0,-999.0,0.9789999723434448,3.569999933242798,t,4.0,3210.0,3.740999937057495,0.16899999976158142
ZTF25aapuxul,20,2141,60804.473437500186,60832.44681710005,False,False,16,,,,,60804.473437500186,60832.44681710005,27.9733795998618,289.73113381246355,52.60403342925768,0.0300584805542066,0.0182551134859083,SN,stamp_classifier,0.92705977,27.5.6,SN,3.050473430815015e+18,F:\ZTF_Adjusted_Dataset\stamps\SN\ZTF25aapuxul,,1.0,g,19.89496612548828,0.09533405303955078,0.03591670095920563,0.9472500085830688,0.5,2.115327835083008,16.74888801574707,17.76590919494629,0.9679999947547913,3.200000047683716,t,1.0,2117.0,4.994999885559082,0.24300000071525574
ZTF24aamydtt,26,3081,58876.51456019981,60509.26331020007,True,False,14,,,,,60441.3422801001,60509.26331020007,67.92103009996936,220.57143499926323,61.977477886612085,0.0860541352142688,0.0404298343474255,SN,stamp_classifier,0.92699707,24.5.2a6,SN,2.687342282115015e+18,F:\ZTF_Adjusted_Dataset\stamps\SN\ZTF24aamydtt,,1.0,g,19.436304092407227,0.09304038435220718,0.5,0.028750000521540642,0.5,1.0005298852920532,1.8302388191223145,3.2670071125030518,0.9810000061988831,2.640000104904175,t,5.0,2988.0,4.828000068664551,0.4699999988079071
ZTF25aaqzlhw,15,2705,60816.37371530011,60832.43107639998,True,False,10,,,,,60816.37371530011,60832.43107639998,16.057361099869013,290.89105506700656,61.96593215099513,0.0478915792616239,0.022508872780325,SN,stamp_classifier,0.9268318,27.5.6,SN,3.062373711715015e+18,F:\ZTF_Adjusted_Dataset\stamps\SN\ZTF25aaqzlhw,,1.0,g,19.684894561767578,0.13666269183158875,0.009416669607162476,0.5,0.0,0.4197101593017578,7.2598443031311035,7.365701675415039,0.9789999723434448,2.180000066757202,t,1.0,2679.0,3.1989998817443848,0.16200000047683716
ZTF24aajdtjs,2,3687,60409.2702314998,60411.49320599996,False,False,2,,,,,60409.2702314998,60411.49320599996,2.2229745001532137,247.11267835000376,40.94879565,0.060852918529797,0.0459619390912516,SN,stamp_classifier,0.92663676,24.4.1,SN,2.657493203415015e+18,F:\ZTF_Adjusted_Dataset\stamps\SN\ZTF24aajdtjs,,1.0,g,20.831531524658203,0.11738619208335876,0.008666669949889183,0.0,0.5,1.7807844877243042,18.48750114440918,20.019166946411133,0.9950000047683716,2.430000066757202,t,2.0,3687.0,4.0329999923706055,0.25200000405311584
ZTF25abtaxxg,5,6373,60932.16461810004,60948.14378469996,True,False,2,,,,,60932.16461810004,60948.14378469996,15.979166599921882,247.57226169999305,22.604977250000005,0.0497867155442324,0.0459619390912516,SN,stamp_classifier,0.92646724,27.5.6,SN,3.194143781115015e+18,F:\ZTF_Adjusted_Dataset\stamps\SN\ZTF25abtaxxg,,1.0,g,19.735858917236328,0.12344047427177429,0.00645832996815443,0.017249999567866325,0.1177079975605011,0.17511849105358124,0.20535537600517273,15.173705101013184,0.9750000238418579,2.4800000190734863,t,5.0,6373.0,2.1449999809265137,0.1589999943971634
ZTF24aaiwbka,8,3934,59828.15903940005,60411.49611110008,True,False,6,,,,,60409.30368060013,60411.49611110008,2.1924304999411106,253.5626155028283,44.17419126375591,0.0415636570098248,0.0298104754913835,SN,stamp_classifier,0.9263096,24.4.1,SN,2.655442695315015e+18,F:\ZTF_Adjusted_Dataset\stamps\SN\ZTF24aaiwbka,,2.0,r,20.991004943847656,0.1675732135772705,0.0,0.13308300077915192,0.5,0.1908051073551178,4.797409534454346,4.943787574768066,0.9860000014305115,1.3474891185760498,t,4.0,3929.0,3.7709999084472656,0.24799999594688416
ZTF23aatkzyj,1,2779,60146.5,60146.5,False,False,1,,,,,60146.39510420011,60146.39510420011,0.0,308.3286082,69.6645526,,,SN,stamp_classifier,0.925858,1.2.0,SN,2.392395104615015e+18,F:\ZTF_Adjusted_Dataset\stamps\SN\ZTF23aatkzyj,,2.0,r,19.552963256835938,0.11506029963493347,-999.0,-999.0,-999.0,-999.0,-999.0,-999.0,0.9539999961853027,2.2200000286102295,t,1.0,2779.0,1.725000023841858,0.3779999911785126
ZTF24abklalu,89,1972,59770.44333329983,60949.39568290021,True,False,32,,,,,60585.23056709999,60949.39568290021,364.1651158002205,10.328731385200705,-5.768381247041355,0.0127666347238419,0.0127019882542262,SN,stamp_classifier,0.925855,27.5.6,SN,2.831253830715015e+18,F:\ZTF_Adjusted_Dataset\stamps\SN\ZTF24abklalu,,2.0,r,20.982175827026367,0.13770458102226257,0.0016666699666529894,0.7032139897346497,1.0,0.4161277115345001,10.990811347961426,19.05109405517578,0.996999979019165,2.5399999618530273,t,10.0,1555.0,3.3269999027252197,0.30000001192092896
ZTF24aaxpsuf,28,1518,60518.43317130022,60549.39515049989,True,False,30,,,,,60518.43317130022,60549.39515049989,30.96197919966653,331.2317134710825,1.746471686144475,0.0286014968255077,0.0285882100059018,SN,stamp_classifier,0.9249856,24.5.2a6,SN,2.766353020415015e+18,F:\ZTF_Adjusted_Dataset\stamps\SN\ZTF24aaxpsuf,,1.0,g,19.691909790039062,0.11390155553817749,0.007499999832361937,0.7406070232391357,1.0,0.14819371700286865,13.98475170135498,17.93296241760254,0.9769999980926514,1.940000057220459,t,2.0,1482.0,1.8240000009536743,0.11599999666213989
ZTF22aabseql,27,1952,59636.21623839997,59641.32332180021,False,False,5,-0.080362,,-0.067685984,,59636.40638889978,59641.32332180021,4.916932900436223,180.05488986,56.2508795,5.16204223096904e-05,1.090939961836867e-05,SN,stamp_classifier,0.924665,correction_1.0.6,SN,1.882406384015015e+18,F:\ZTF_Adjusted_Dataset\stamps\SN\ZTF22aabseql,,2.0,r,18.936567306518555,0.07855744659900665,0.5,0.5,0.17621999979019165,4.625988960266113,4.747037887573242,6.094795227050781,0.9829999804496765,1.809999942779541,t,4.0,1928.0,5.2270002365112305,0.5920000076293945
ZTF24abqtclj,76,9459,60607.11771989986,60733.40684030019,False,False,46,,,,,60667.51083330018,60733.40684030019,65.89600700000301,248.0725929174283,50.18949764828957,0.0171106488099846,0.0109551014647762,SN,stamp_classifier,0.9244036,26.0.1,SN,2.919511435015015e+18,F:\ZTF_Adjusted_Dataset\stamps\SN\ZTF24abqtclj,,2.0,r,18.56633949279785,0.0700688436627388,0.5718629956245422,0.5,0.1596899926662445,4.728240966796875,6.8615570068359375,7.768861293792725,0.9829999804496765,1.8700000047683716,t,10.0,9366.0,8.005000114440918,0.6439999938011169
ZTF18aakdxos,14,3197,60080.30322920019,60353.4286342999,True,False,11,,,,,60287.44664350012,60353.4286342999,65.98199079977348,204.85208703687312,51.2372348467924,0.0342844802965686,0.0214654168950154,SN,stamp_classifier,0.92427176,23.12.20,SN,2.533516820715015e+18,F:\ZTF_Adjusted_Dataset\stamps\SN\ZTF18aakdxos,,1.0,g,18.537044525146484,0.08833689242601395,0.0024999999441206455,0.0,0.01208330038934946,0.20266208052635193,5.001301288604736,10.320497512817383,0.9670000076293945,4.829999923706055,t,3.0,3170.0,4.619999885559082,0.1379999965429306
ZTF18abxppmh,1,2494,60586.26677080011,60586.26677080011,True,False,1,,,,,60586.26677080011,60586.26677080011,0.0,14.4131935,1.0123683,0.0850132703781127,0.0850000008940696,SN,stamp_classifier,0.9240889,24.5.2a6,SN,2.832266770215015e+18,F:\ZTF_Adjusted_Dataset\stamps\SN\ZTF18abxppmh,,2.0,r,20.838623046875,0.16182941198349,0.0,0.9916669726371765,1.0,0.5808291435241699,10.15704345703125,16.25847816467285,0.9549999833106995,1.3166717290878296,t,1.0,2494.0,4.6479997634887695,0.492000013589859
ZTF24abkoauk,4,1552,60585.32364579989,60586.182407400105,False,False,4,,,,,60585.32364579989,60586.182407400105,0.8587616002187133,9.987663312119434,0.6905050850017792,0.0441326555445928,0.0441294487377449,SN,stamp_classifier,0.92391837,24.5.2a6,SN,2.831346925215015e+18,F:\ZTF_Adjusted_Dataset\stamps\SN\ZTF24abkoauk,,2.0,r,21.364370346069336,0.18857742846012115,0.018833300098776817,0.9607920050621033,-999.0,0.27422693371772766,21.5875301361084,-999.0,0.9879999756813049,1.5299999713897705,t,2.0,1541.0,0.671999990940094,0.07900000363588333
ZTF20aazpaki,34,1989,58983.39258099999,59031.362939800136,True,False,34,-0.17984009,-0.035234626,0.40745544,0.37449268,58983.39258099999,59031.362939800136,47.970358800143,283.37056367941176,48.80970135588236,6.470785994895044e-05,2.334946876541723e-05,SN,stamp_classifier,0.9238562,corr_bulk_0.0.1,SN,1.277362933715015e+18,F:\ZTF_Adjusted_Dataset\stamps\SN\ZTF20aazpaki,,2.0,r,20.223569869995117,0.20837491750717163,0.0,0.881833016872406,0.0024999999441206455,0.24311193823814392,5.886545181274414,8.942965507507324,0.9150000214576721,1.1760571002960205,t,34.0,1989.0,2.6689999103546143,0.18799999356269836
ZTF23abtxlaq,10,1348,60292.12277780008,60294.17223379994,True,False,10,,,,,60292.12277780008,60294.17223379994,2.0494559998624027,35.71088857567112,26.91506935256862,0.0246373346105328,0.0219685809919511,SN,stamp_classifier,0.9238547,23.12.20,SN,2.538122774715015e+18,F:\ZTF_Adjusted_Dataset\stamps\SN\ZTF23abtxlaq,,2.0,r,20.5562686920166,0.10484834760427475,0.0,0.0,0.048500001430511475,1.054679274559021,10.519460678100586,11.00407886505127,0.9430000185966492,1.1827507019042969,t,1.0,1339.0,2.8239998817443848,0.3490000069141388
ZTF22acawogb,7,2109,59928.25,59937.25,True,False,3,0.29011536,0.33599448,0.21740723,0.2836647,59935.14238430001,59937.19737270009,2.05498840007931,356.85115393333336,25.050078066666668,1.0888679122661993e-05,5.699967836227384e-05,SN,stamp_classifier,0.92374605,1.1.6,SN,2.183197371915015e+18,F:\ZTF_Adjusted_Dataset\stamps\SN\ZTF22acawogb,,2.0,r,20.01198387145996,0.17193777859210968,0.0,0.5,0.9851250052452087,0.4459991157054901,0.6622453331947327,10.763736724853516,0.9629999995231628,1.850000023841858,t,7.0,2109.0,2.2929999828338623,0.32499998807907104
ZTF22abglxjh,19,1315,59840.3911342998,60586.43450229988,True,False,15,,,,,60585.21168980002,60586.43450229988,1.2228124998509884,9.204411484805748,-7.735184604613124,0.0219586915354179,0.0217588830195254,SN,stamp_classifier,0.92373544,24.5.2a6,SN,2.831272686215015e+18,F:\ZTF_Adjusted_Dataset\stamps\SN\ZTF22abglxjh,,1.0,g,21.280311584472656,0.1762382984161377,0.040440499782562256,0.5,0.0012499999720603228,0.23675310611724854,0.40648987889289856,5.8432698249816895,0.8920000195503235,1.3591558933258057,t,8.0,1291.0,0.6200000047683716,0.008999999612569809
ZTF24abklfav,14,1536,60568.46261569997,60586.46246530023,True,False,13,,,,,60585.23056709999,60586.46246530023,1.2318982002325356,8.552558012334705,0.338614581708722,0.025817080891754,0.0258166290313285,SN,stamp_classifier,0.92369235,24.5.2a6,SN,2.831253835615015e+18,F:\ZTF_Adjusted_Dataset\stamps\SN\ZTF24abklfav,,2.0,r,21.127059936523438,0.13411083817481995,0.0,0.002083329949527979,0.5,0.5571447014808655,25.52568817138672,25.606971740722656,0.9459999799728394,1.238823652267456,t,3.0,1509.0,0.9210000038146973,0.09399999678134918
ZTF24aaquuoi,14,2834,60461.42994209984,60481.34866899997,True,False,15,,,,,60461.42994209984,60481.34866899997,19.918726900126785,282.0814647232094,58.9258719268956,0.0362130911718757,0.0186912643174661,SN,stamp_classifier,0.9235635,24.5.1,SN,2.714385501515015e+18,F:\ZTF_Adjusted_Dataset\stamps\SN\ZTF24aaquuoi,,2.0,r,19.80805206298828,0.1267518699169159,0.0043750000186264515,0.5,0.5,0.32906413078308105,2.7886486053466797,2.9712674617767334,0.9610000252723694,1.1611953973770142,t,3.0,2816.0,5.7729997634887695,0.375
ZTF24abiiyvw,25,1771,60575.1931713,60648.1560531999,True,False,22,,,,,60575.1931713,60648.1560531999,72.96288189990446,324.98064168878904,-2.7990268854997264,0.0065371794701591,0.0065293803997203,SN,stamp_classifier,0.92346245,25.0.0,SN,2.821193172515015e+18,F:\ZTF_Adjusted_Dataset\stamps\SN\ZTF24abiiyvw,,2.0,r,19.993940353393555,0.14753730595111847,0.0,0.2623960077762604,0.9852920174598694,0.5130855441093445,15.1983060836792,19.16117286682129,0.9869999885559082,2.3399999141693115,t,1.0,1714.0,3.5859999656677246,0.24699999392032623
ZTF24abkxcio,7,1401,60585.26046299981,60586.37533560023,True,False,7,,,,,60585.26046299981,60586.37533560023,1.1148726004175842,3.4146863400055194,-5.195093,0.0381699512625206,0.0380131559622975,SN,stamp_classifier,0.9234014,24.5.2a6,SN,2.832282230415015e+18,F:\ZTF_Adjusted_Dataset\stamps\SN\ZTF24abkxcio,,2.0,r,21.186344146728516,0.17862693965435028,0.00708332983776927,0.012333299964666367,0.0033333299215883017,0.13850437104701996,1.3778307437896729,6.004494667053223,0.9980000257492065,3.1500000953674316,t,5.0,1397.0,1.909999966621399,0.16200000047683716
ZTF18abntwcu,97,2970,58348.17524310015,60822.326805599965,False,False,31,,,,,58348.34221060015,60822.326805599965,2473.9845949998125,248.07109806202732,68.81538127482686,0.0349853957424322,0.0126428216674141,SN,stamp_classifier,0.92319125,27.5.6,SN,5.97155322415015e+17,F:\ZTF_Adjusted_Dataset\stamps\SN\ZTF18abntwcu,,2.0,r,20.200664520263672,0.18886595964431763,-999.0,-999.0,-999.0,-999.0,-999.0,-999.0,0.9409999847412109,1.1611953973770142,t,13.0,266.0,1.4459999799728394,-0.5370000004768372
ZTF24abktrxq,1,1082,60586.17797450023,60586.17797450023,True,False,1,,,,,60586.17797450023,60586.17797450023,0.0,14.2867158,-12.2448986,0.0869787707924842,0.0850000008940696,SN,stamp_classifier,0.9231101,24.5.2a6,SN,2.832177970115015e+18,F:\ZTF_Adjusted_Dataset\stamps\SN\ZTF24abktrxq,,2.0,r,19.45208168029785,0.1210056021809578,0.0012499999720603228,0.5,0.5,0.28831371665000916,1.3348618745803833,17.697528839111328,0.8980000019073486,2.4700000286102295,t,1.0,1082.0,3.565000057220459,0.4729999899864197
ZTF21abqwbzz,40,1135,59429.452974500135,59471.42249999987,True,False,20,0.20933,0.379384,0.40404597,0.4765723,59429.452974500135,59471.42249999987,41.96952549973503,20.67404615,16.780845750000005,4.281407171490643e-05,3.767118820844797e-05,SN,stamp_classifier,0.923038,correction_1.0.6,SN,1.675452971215015e+18,F:\ZTF_Adjusted_Dataset\stamps\SN\ZTF21abqwbzz,,1.0,g,19.85926055908203,0.12702471017837524,0.003375000087544322,0.0012499999720603228,0.5,0.5607869029045105,10.502735137939453,21.024673461914062,0.9610000252723694,3.309999942779541,t,1.0,1085.0,1.9110000133514404,0.1720000058412552
ZTF25abuyzcs,2,3456,60943.13666669978,60950.14124999987,True,False,2,,,,,60943.13666669978,60950.14124999987,7.004583300091326,280.737163700021,54.13591234999999,0.078451485273668,0.0459619390912516,SN,stamp_classifier,0.92300934,27.5.6,SN,3.196141252115015e+18,F:\ZTF_Adjusted_Dataset\stamps\SN\ZTF25abuyzcs,,1.0,g,19.593971252441406,0.14033086597919464,0.011625000275671482,0.5,1.0,0.06992615014314651,1.4103106260299683,8.084341049194336,0.9800000190734863,2.109999895095825,t,2.0,3456.0,5.413000106811523,0.3019999861717224
ZTF20abloggs,144,2057,59041.27547449991,59086.18005790003,True,False,23,0.06900787,0.09448558,-0.10096741,-0.013664193,59041.27547449991,59086.18005790003,44.90458340011537,282.1816673043478,53.80685280434783,0.0001086564413819,2.406697998661355e-05,SN,stamp_classifier,0.922954,corr_bulk_0.0.1,SN,1.332180052315015e+18,F:\ZTF_Adjusted_Dataset\stamps\SN\ZTF20abloggs,,2.0,r,20.43682098388672,0.1938887983560562,0.005833330098539591,0.5,0.9849579930305481,0.07731366157531738,0.3449811339378357,14.157160758972168,0.9369999766349792,1.1986628770828247,t,144.0,2057.0,1.5399999618530273,0.11500000208616257
ZTF23abryqtu,2,1513,60284.14149310021,60288.15953700012,False,False,3,,,,,60284.14149310021,60290.18400460016,6.042511499952525,303.6592617333208,53.14427553333333,0.0818182728991247,0.0490747733973095,SN,stamp_classifier,0.9229147,0.0.0,SN,2.530141492215015e+18,F:\ZTF_Adjusted_Dataset\stamps\SN\ZTF23abryqtu,,2.0,r,19.149635314941406,0.10826558619737625,0.027333300560712814,0.8211249709129333,0.7441999912261963,1.9564751386642456,10.633719444274902,11.382500648498535,0.9850000143051147,2.5199999809265137,t,2.0,1511.0,5.498000144958496,0.6579999923706055
ZTF24aagolha,33,3749,58362.20263889991,60433.40695599979,True,False,27,,,,,60369.42756940005,60433.40695599979,63.979386599734426,247.75793425844495,40.19239074386006,0.0086953768931257,0.0066422394962587,SN,stamp_classifier,0.9228686,24.4.1,SN,2.615427561615015e+18,F:\ZTF_Adjusted_Dataset\stamps\SN\ZTF24aagolha,,2.0,r,18.943153381347656,0.08433263748884201,0.0,0.949999988079071,0.5,0.42728614807128906,9.011405944824219,12.991087913513184,0.9829999804496765,1.6399999856948853,t,3.0,3702.0,4.673999786376953,0.5839999914169312
ZTF25aatwmrk,12,3318,60831.41260420019,60851.32396990014,True,False,7,,,,,60832.44729170017,60851.32396990014,18.87667819997296,278.4186269714966,57.7241258,0.0601632923446273,0.0321269805437108,SN,stamp_classifier,0.92273927,27.5.6,SN,3.089265525915015e+18,F:\ZTF_Adjusted_Dataset\stamps\SN\ZTF25aatwmrk,,2.0,r,20.16016387939453,0.159722700715065,0.5,0.5,0.0024999999441206455,0.5958527326583862,1.076017141342163,1.6465837955474854,0.9330000281333923,1.7599999904632568,t,7.0,3307.0,5.9720001220703125,0.44200000166893005
ZTF19acxpkpv,182,1290,58827.502488399856,58881.53682869999,True,False,37,-0.16126442,-0.13639633,0.30428123,0.27458397,58828.551076400094,58881.53682869999,52.98575229989365,192.48252776216216,32.766164929729726,9.727368420921396e-05,4.791999040583933e-05,SN,stamp_classifier,0.92273015,corr_bulk_0.0.1,SN,1.127536821615015e+18,F:\ZTF_Adjusted_Dataset\stamps\SN\ZTF19acxpkpv,,2.0,r,20.205955505371094,0.1914319545030594,0.0,0.005833330098539591,0.5,0.3949800431728363,9.466195106506348,9.906060218811035,0.9819999933242798,3.490000009536743,t,182.0,1290.0,0.9300000071525574,0.14800000190734863
ZTF22abqaphs,22,1505,59877.25,59909.25,True,False,22,-0.088335,0.176029,0.086313516,0.3303724,59877.14296300011,59909.13017359981,31.987210599705577,301.13579625909097,57.42416940909092,6.642627606183981e-05,4.37658043188466e-05,SN,stamp_classifier,0.92254525,1.1.6,SN,2.123142965915015e+18,F:\ZTF_Adjusted_Dataset\stamps\SN\ZTF22abqaphs,,2.0,r,19.40700340270996,0.11448324471712112,0.008208329789340496,0.6209139823913574,0.8104550242424011,0.658918559551239,5.44534158706665,9.5562105178833,0.9819999933242798,2.0899999141693115,t,1.0,1482.0,5.056000232696533,0.42899999022483826
ZTF24abkqqxq,6,1870,59850.390173600055,60585.4671180998,True,False,3,,,,,60585.27048610011,60585.4671180998,0.1966319996863603,12.440779080319691,0.8196786267733543,0.0404339724732713,0.0404298347116235,SN,stamp_classifier,0.9225369,24.5.2a6,SN,2.831467116115015e+18,F:\ZTF_Adjusted_Dataset\stamps\SN\ZTF24abkqqxq,,2.0,r,20.66960334777832,0.13693305850028992,0.003958330024033785,0.7157769799232483,0.10345800220966339,1.1505777835845947,10.182539939880371,17.67823600769043,0.875,1.4931164979934692,t,6.0,1870.0,2.446000099182129,0.14800000190734863
ZTF23aasrfjn,8,2188,60143.439942100085,60586.41103010019,True,False,4,,,,,60585.24939810019,60586.41103010019,1.16163200000301,15.719114189740017,-8.409536234057901,0.0521944509677552,0.0516332580109335,SN,stamp_classifier,0.9223036,24.5.2a6,SN,2.831249393215015e+18,F:\ZTF_Adjusted_Dataset\stamps\SN\ZTF23aasrfjn,,2.0,r,20.93617820739746,0.1569758951663971,0.01970830000936985,0.0,0.7309290170669556,1.0289019346237183,8.78598690032959,11.107955932617188,0.9490000009536743,1.3626364469528198,t,5.0,2165.0,3.0439999103546143,0.1889999955892563
ZTF24abkltlj,8,1386,60533.424363399856,60585.37021989981,True,False,5,,,,,60558.39628469991,60585.37021989981,26.97393519990146,11.105805849999994,-0.3552021000000964,0.0325006246394778,0.0324999987907086,SN,stamp_classifier,0.92221034,24.5.2a6,SN,2.831277115015015e+18,F:\ZTF_Adjusted_Dataset\stamps\SN\ZTF24abkltlj,,1.0,g,21.176376342773438,0.1817997545003891,0.0,0.0008333330042660236,0.5,0.4552554190158844,3.9451990127563477,5.016273021697998,0.9779999852180481,1.5700000524520874,t,6.0,1382.0,0.796999990940094,0.10100000351667404
ZTF24abktjjs,1,1322,60586.175763899926,60586.175763899926,True,False,1,,,,,60586.175763899926,60586.175763899926,0.0,17.9914581,-4.7268077,0.0852900743484497,0.0850000008940696,SN,stamp_classifier,0.92173916,24.5.2a6,SN,2.832175760115015e+18,F:\ZTF_Adjusted_Dataset\stamps\SN\ZTF24abktjjs,,2.0,r,19.3592586517334,0.102828249335289,0.0,0.5,0.5,0.6550344228744507,4.752378463745117,5.970751762390137,0.9900000095367432,2.3399999141693115,t,1.0,1322.0,3.1029999256134033,0.23600000143051147
ZTF22aaqcylc,4,1542,59076.46010420006,60586.38763889996,True,False,2,,,,,60586.340983800124,60586.38763889996,0.046655099838972,12.481200850000503,-7.54720175,0.0463635906550261,0.0459619390912516,SN,stamp_classifier,0.9217265,24.5.2a6,SN,2.832387635415015e+18,F:\ZTF_Adjusted_Dataset\stamps\SN\ZTF22aaqcylc,,1.0,g,21.021757125854492,0.17027799785137177,0.0,0.5,0.5,0.41318443417549133,7.924830436706543,26.049165725708008,0.9670000076293945,1.3486603498458862,t,4.0,1542.0,3.128000020980835,0.21299999952316284
ZTF24abklvfs,16,2623,60533.424363399856,60586.42209490016,True,False,15,,,,,60585.25383100007,60586.42209490016,1.1682639000937345,5.207796039659482,-0.1717835524564248,0.0234577080800533,0.0234576025160224,SN,stamp_classifier,0.9216227,24.5.2a6,SN,2.831277116215015e+18,F:\ZTF_Adjusted_Dataset\stamps\SN\ZTF24abklvfs,,1.0,g,21.502763748168945,0.19751766324043274,0.268202006816864,0.0028333300724625587,0.5,0.19338127970695496,7.7745795249938965,14.021495819091797,0.9580000042915344,2.0999999046325684,t,4.0,2577.0,0.9100000262260437,0.20399999618530273
ZTF21abtdvpg,189,2401,59440.25,59751.25,False,False,102,0.640964,,0.4007777,,59441.17857640004,59751.2409144002,310.06233800016344,210.1868098872549,49.37297755588236,0.0001002892348554,4.159420793061426e-05,SN,stamp_classifier,0.9214638,1.1.2,SN,1.687178574515015e+18,F:\ZTF_Adjusted_Dataset\stamps\SN\ZTF21abtdvpg,,2.0,r,19.304405212402344,0.1394561529159546,0.0018749999580904841,0.01195830013602972,0.24025000631809235,1.945938229560852,6.691312789916992,27.944805145263672,0.9990000128746033,2.240000009536743,t,4.0,2138.0,4.89900016784668,0.46000000834465027
ZTF25ababpqp,6,3352,60860.45015050005,60862.46910879994,True,False,1,,,,,60862.46910879994,60862.46910879994,0.0,28.3769165,8.0458913,0.0858450308442115,0.0850000008940696,SN,stamp_classifier,0.92127645,27.5.6,SN,3.108469101015015e+18,F:\ZTF_Adjusted_Dataset\stamps\SN\ZTF25ababpqp,,2.0,r,20.04546546936035,0.1501701921224594,0.0,0.0013333299430087209,0.08016669750213623,0.7837477922439575,7.130600929260254,11.527375221252441,0.9610000252723694,2.069999933242798,t,6.0,3352.0,1.9609999656677246,0.2329999953508377
ZTF24aahknqv,6,7138,59452.20393519988,60389.49178239983,True,False,1,,,,,60389.49178239983,60389.49178239983,0.0,266.8623273,64.7027034,0.1989163905382156,0.0850000008940696,SN,stamp_classifier,0.92120886,23.12.25,SN,2.635491785115015e+18,F:\ZTF_Adjusted_Dataset\stamps\SN\ZTF24aahknqv,,2.0,r,19.96875762939453,0.14999358355998993,0.005166669841855764,0.0,0.5,1.2312102317810059,10.879246711730957,14.496749877929688,0.9769999980926514,2.3399999141693115,t,6.0,7138.0,5.883999824523926,0.23499999940395355
ZTF20aazvfcr,45,1567,58985.39270830015,59015.32385420008,False,False,25,0.3717518,,0.28754997,,58985.39270830015,59015.32385420008,29.931145899929103,267.050924116,66.60615539999999,8.571807801882218e-05,2.3698277012975196e-05,SN,stamp_classifier,0.9212054,corr_bulk_0.0.1,SN,1.261323850515015e+18,F:\ZTF_Adjusted_Dataset\stamps\SN\ZTF20aazvfcr,,2.0,r,20.535560607910156,0.21601541340351105,0.5,0.09861309826374054,0.23612500727176666,2.4212868213653564,6.31716251373291,10.562661170959473,0.9300000071525574,1.232434630393982,t,45.0,1567.0,5.308000087738037,0.6039999723434448
ZTF24aauvdrj,22,3373,60494.42680560006,60505.42380789993,True,False,5,,,,,60500.38833330013,60505.42380789993,5.035474599804729,346.06425343820865,27.71840939257635,0.0583265675781442,0.0516332579419687,SN,stamp_classifier,0.92115057,24.5.2a6,SN,2.746388333715015e+18,F:\ZTF_Adjusted_Dataset\stamps\SN\ZTF24aauvdrj,,2.0,r,20.030481338500977,0.14281664788722992,0.0,0.27275601029396057,0.9947919845581055,0.41085106134414673,11.605393409729004,16.533382415771484,0.8849999904632568,1.1933823823928833,t,3.0,3351.0,3.365999937057495,0.27000001072883606
ZTF23aaxameu,6,1609,60168.5,60182.5,True,False,4,,,,,60168.4033102002,60182.39996530023,13.996655100025237,7.278204925000001,17.750127874999997,2.833329901953425e-05,3.878765912060366e-05,SN,stamp_classifier,0.92089516,1.2.0,SN,2.414403312615015e+18,F:\ZTF_Adjusted_Dataset\stamps\SN\ZTF23aaxameu,,1.0,g,19.769933700561523,0.10363871604204178,0.0,0.5,0.5,0.24649439752101898,2.4316911697387695,9.98935604095459,0.9789999723434448,2.0199999809265137,t,1.0,1599.0,2.3380000591278076,0.1289999932050705
ZTF24ablbsfr,1,1313,60586.40660879994,60586.40660879994,True,False,1,,,,,60586.40660879994,60586.40660879994,0.0,12.4517404,1.2982762000000003,0.085021823644638,0.0850000008940696,SN,stamp_classifier,0.9208237,24.5.2a6,SN,2.832406600615015e+18,F:\ZTF_Adjusted_Dataset\stamps\SN\ZTF24ablbsfr,,2.0,r,21.29054832458496,0.16502413153648376,0.02933330088853836,0.056541699916124344,0.9933329820632935,0.8577730655670166,11.712575912475586,14.129462242126465,0.9990000128746033,3.140000104904175,t,1.0,1313.0,1.1990000009536743,0.0010000000474974513
ZTF24abktjia,2,1322,60586.15120369988,60586.175763899926,True,False,2,,,,,60586.15120369988,60586.175763899926,0.0245602000504732,17.833372300003372,-4.72875445,0.0603093611612655,0.0601040770330592,SN,stamp_classifier,0.9208067,24.5.2a6,SN,2.832175760115015e+18,F:\ZTF_Adjusted_Dataset\stamps\SN\ZTF24abktjia,,2.0,r,18.930259704589844,0.1007368266582489,0.0,0.7990419864654541,1.0,0.0435483492910862,5.440435886383057,12.47389030456543,0.984000027179718,2.549999952316284,t,2.0,1322.0,3.4790000915527344,0.40299999713897705
ZTF24ablarbs,4,1787,60535.43736110022,60586.37533560023,True,False,2,,,,,60585.2371991002,60586.37533560023,1.1381365000270307,5.104671751310043,-1.604899132966762,0.0516535219438656,0.0516332581488631,SN,stamp_classifier,0.9208045,24.5.2a6,SN,2.832375333215015e+18,F:\ZTF_Adjusted_Dataset\stamps\SN\ZTF24ablarbs,,2.0,r,21.472869873046875,0.21478517353534698,0.00800000037997961,0.015166699886322021,-999.0,0.034951746463775635,27.510578155517578,-999.0,0.9900000095367432,2.3499999046325684,t,4.0,1787.0,2.313999891281128,0.3659999966621399
ZTF23abgpokx,85,1249,60212.25,60262.25,True,False,36,-0.101988,0.12592,0.37127852,0.4321847,60212.41673609987,60262.25982639985,49.84309029998258,11.129031002777776,2.435658827777778,5.301625349763495e-05,5.210217769568007e-05,SN,stamp_classifier,0.92059684,1.2.1,SN,2.458416730915015e+18,F:\ZTF_Adjusted_Dataset\stamps\SN\ZTF23abgpokx,,1.0,g,19.374038696289062,0.09346427768468857,0.0008333330042660236,0.0,0.9870830178260803,0.7037131786346436,10.603397369384766,16.532611846923828,0.9819999933242798,2.190000057220459,t,4.0,1155.0,2.1480000019073486,0.210999995470047
ZTF20abqvsik,327,1994,59070.25,60086.25,False,False,166,0.370977,,-0.7170955,,59144.509953700006,60086.22368060006,941.7137269000524,179.31118758192773,49.29221103915663,2.931067504273616e-05,2.6322491302427916e-05,SN,stamp_classifier,0.9202465,1.2.0,SN,1.396544003315015e+18,F:\ZTF_Adjusted_Dataset\stamps\SN\ZTF20abqvsik,,2.0,r,14.68343734741211,0.01970827393233776,0.01741670072078705,0.5,0.3657979965209961,7.066867828369141,7.810510158538818,8.98581600189209,0.9909999966621399,3.140000104904175,t,11.0,1074.0,1.6069999933242798,0.10999999940395355
ZTF24abkubkr,9,1188,60528.44283560012,60586.36428239988,True,False,7,,,,,60586.20135420002,60586.36428239988,0.1629281998611986,11.148633567692134,-11.497596938649142,0.0526905976590199,0.051633257804039,SN,stamp_classifier,0.920211,24.5.2a6,SN,2.832201352615015e+18,F:\ZTF_Adjusted_Dataset\stamps\SN\ZTF24abkubkr,,1.0,g,21.072799682617188,0.20227152109146118,0.0,0.0,0.5,0.16743148863315582,6.15535306930542,6.298687934875488,0.8029999732971191,1.409999966621399,t,3.0,1181.0,0.5740000009536743,0.07199999690055847
ZTF23aawwhxf,24,2714,60161.25,60173.25,True,False,6,0.51602465,0.49976146,0.51367193,0.4986587,60163.41372689977,60173.30087959999,9.887152700219303,333.4332565333333,27.85992581666667,2.5149287609970276e-05,7.994836875516186e-05,SN,stamp_classifier,0.92020863,1.2.0,SN,2.414342443315015e+18,F:\ZTF_Adjusted_Dataset\stamps\SN\ZTF23aawwhxf,,2.0,r,20.2594051361084,0.13650986552238464,0.0016666699666529894,0.005416669882833958,0.014375000260770321,0.18395298719406128,12.4202880859375,25.31972885131836,0.9520000219345093,1.7799999713897705,t,7.0,2690.0,2.2679998874664307,0.15800000727176666
ZTF23aaxfnwp,30,2862,59077.25,60209.25,True,False,26,-0.069576,0.562554,0.21877359,0.7217335,60169.30990740005,60209.17667819979,39.866770799737424,265.9368753038462,33.53017374615384,4.01986714299951e-05,2.659252873701948e-05,SN,stamp_classifier,0.9200743,1.2.1,SN,2.415309904315015e+18,F:\ZTF_Adjusted_Dataset\stamps\SN\ZTF23aaxfnwp,,2.0,r,19.1520938873291,0.09753924608230591,0.030458299443125725,0.5,0.8485000133514404,0.618625283241272,3.06500244140625,14.995186805725098,0.996999979019165,1.271529197692871,t,2.0,2823.0,5.574999809265137,0.578000009059906
ZTF18aavxhuu,5,4734,60408.49422449991,60411.4990046001,True,False,5,,,,,60408.49422449991,60411.4990046001,3.0047801001928747,261.82953433485005,43.173141318837146,0.0436484494147157,0.0318323531596662,SN,stamp_classifier,0.9200328,24.4.1,SN,2.656461075415015e+18,F:\ZTF_Adjusted_Dataset\stamps\SN\ZTF18aavxhuu,,2.0,r,20.75326156616211,0.16287514567375183,0.0,0.5,0.30376800894737244,0.19520992040634155,3.301283836364746,8.914067268371582,0.9860000014305115,1.3890310525894165,t,3.0,4725.0,3.3429999351501465,0.14300000667572021
ZTF25abxlcvf,1,2800,60966.16979169985,60966.16979169985,True,False,1,,,,,60966.16979169985,60966.16979169985,0.0,354.4118652,15.622272399999998,0.0882605239748954,0.0850000008940696,SN,stamp_classifier,0.920031,27.5.6,SN,3.212169790615015e+18,F:\ZTF_Adjusted_Dataset\stamps\SN\ZTF25abxlcvf,,2.0,r,20.275075912475586,0.14530086517333984,0.0,0.0,0.7390710115432739,0.3886282444000244,10.775224685668945,25.93454360961914,0.9419999718666077,1.1378453969955444,t,1.0,2800.0,1.934999942779541,0.12600000202655792
ZTF24abktgkr,1,1300,60586.17356480006,60586.17356480006,True,False,1,,,,,60586.17356480006,60586.17356480006,0.0,14.3098431,1.9853271,0.0850510522723198,0.0850000008940696,SN,stamp_classifier,0.919907,24.5.2a6,SN,2.832173560115015e+18,F:\ZTF_Adjusted_Dataset\stamps\SN\ZTF24abktgkr,,2.0,r,19.996217727661133,0.11857864260673523,0.003000000026077032,0.9822080135345459,0.002666669897735119,0.3620935082435608,11.34665298461914,20.142133712768555,0.972000002861023,1.3190678358078003,t,1.0,1300.0,4.4039998054504395,0.4480000138282776
ZTF19abuxjkr,1,153,58726.37982639996,58726.37982639996,False,False,1,,,,,58726.37982639996,58726.37982639996,0.0,21.1962804,10.0020966,,,SN,stamp_classifier,0.919503,corr_bulk_0.0.1,SN,9.72379822615015e+17,F:\ZTF_Adjusted_Dataset\stamps\SN\ZTF19abuxjkr,,2.0,r,20.24158477783203,0.19107742607593536,0.2618570029735565,0.27249398827552795,0.5,2.536539077758789,3.699554204940796,4.09951114654541,0.9330000281333923,1.123883605003357,t,1.0,153.0,8.454999923706055,0.8149999976158142
ZTF22aaaxyxp,33,2852,59621.48734949995,59641.468298600055,False,False,13,-0.0158,,0.37499538,,59623.45325230016,59641.468298600055,18.01504629990086,240.99568056153845,40.95273972307693,5.768851038755959e-05,3.54962710219456e-05,SN,stamp_classifier,0.9194455,correction_1.0.6,SN,1.874469544715015e+18,F:\ZTF_Adjusted_Dataset\stamps\SN\ZTF22aaaxyxp,,2.0,r,18.83939552307129,0.1048331931233406,0.005833330098539591,0.03700000047683716,0.992917001247406,4.744734287261963,6.292693614959717,16.00709342956543,0.9819999933242798,3.4000000953674316,t,18.0,2837.0,5.5279998779296875,0.6159999966621399
ZTF23aaxaudh,5,1111,60168.5,60184.5,True,False,6,,,,,60168.40236110008,60184.41957180016,16.017210700083524,9.866750416666669,3.702952733333333,6.487117747209322e-05,3.499403758735581e-05,SN,stamp_classifier,0.9193851,1.2.0,SN,2.414402362815015e+18,F:\ZTF_Adjusted_Dataset\stamps\SN\ZTF23aaxaudh,,1.0,g,19.750207901000977,0.11391942948102951,0.0012499999720603228,0.5,0.0,0.30981388688087463,9.702595710754395,26.070045471191406,0.968999981880188,2.75,t,1.0,1099.0,3.703000068664551,0.23899999260902405
ZTF25abbwxew,29,3425,60875.2598611,60918.19644680014,True,False,25,,,,,60875.2598611,60918.19644680014,42.9365857001394,268.0171093994381,56.39673488000005,0.0265272696043358,0.0146812256206353,SN,stamp_classifier,0.91925687,27.5.6,SN,3.121259864015015e+18,F:\ZTF_Adjusted_Dataset\stamps\SN\ZTF25abbwxew,,2.0,r,19.67544174194336,0.10296089202165604,0.0008333330042660236,0.5,0.9459580183029175,1.1586412191390991,2.8416733741760254,4.752639293670654,0.9700000286102295,2.4600000381469727,t,1.0,3395.0,6.3480000495910645,0.3709999918937683
ZTF19aaeoqtf,3,1379,58508.51408560015,58526.52634260012,False,False,3,0.8784714,,0.5610218,,58508.51408560015,58526.52634260012,18.012256999965757,241.780492,36.73146126666666,2.827295527800097e-05,2.2093060750029265e-05,SN,stamp_classifier,0.9192342,corr_bulk_0.0.1,SN,7.72526345715015e+17,F:\ZTF_Adjusted_Dataset\stamps\SN\ZTF19aaeoqtf,,2.0,r,19.902313232421875,0.18736858665943146,0.5,0.09700600057840347,0.010874999687075615,1.1204454898834229,1.6402676105499268,12.291309356689453,0.871999979019165,2.7100000381469727,t,3.0,1379.0,5.706999778747559,0.546999990940094
ZTF25aanisxg,15,3228,60781.2036342998,60796.34549769992,False,False,8,,,,,60781.2036342998,60796.34549769992,15.141863400116565,166.41631404241477,72.75769262372276,0.0796240466142969,0.0236016295146072,SN,stamp_classifier,0.91918117,26.0.1,SN,3.034302850315015e+18,F:\ZTF_Adjusted_Dataset\stamps\SN\ZTF25aanisxg,,1.0,g,19.85613441467285,0.13249936699867249,0.007291669957339764,-999.0,-999.0,1.2761473655700684,-999.0,-999.0,0.9129999876022339,2.0899999141693115,t,9.0,3209.0,5.413000106811523,0.3619999885559082
ZTF24aaiwart,4,3389,60409.30949069979,60411.454432900064,False,False,4,,,,,60409.30949069979,60411.454432900064,2.1449422002770007,253.23752709636355,23.228180588539065,0.0397307438697888,0.0365102269718167,SN,stamp_classifier,0.9191707,24.4.1,SN,2.655436851515015e+18,F:\ZTF_Adjusted_Dataset\stamps\SN\ZTF24aaiwart,,2.0,r,20.76742935180664,0.1581820547580719,0.013958300463855267,0.027666699141263962,0.5,0.6555705666542053,2.915531635284424,10.51439094543457,0.9869999885559082,1.5276137590408325,t,2.0,3381.0,3.0450000762939453,0.4880000054836273
ZTF23aaahvbc,3,3201,58311.25,59967.5,True,False,2,,,,,59956.5180902998,59967.514826400205,10.99673610040918,256.88631865,49.49906785,7.848885267431894e-06,8.817621561441767e-05,SN,stamp_classifier,0.919021,1.1.6,SN,2.202518093315015e+18,F:\ZTF_Adjusted_Dataset\stamps\SN\ZTF23aaahvbc,,2.0,r,18.82859230041504,0.09844402968883514,0.0031250000465661287,0.5,0.7248629927635193,1.2718415260314941,4.829117298126221,7.935527324676514,0.9819999933242798,3.0399999618530273,t,2.0,3185.0,3.489000082015991,0.38499999046325684
ZTF24abkktau,8,1264,59048.42212959984,60586.40660879994,True,False,6,,,,,60585.24498840002,60586.40660879994,1.161620399914682,12.87176321259873,6.2756565374785085,0.0443954912395601,0.0441294486516347,SN,stamp_classifier,0.9189957,24.5.2a6,SN,2.831244983715015e+18,F:\ZTF_Adjusted_Dataset\stamps\SN\ZTF24abkktau,,2.0,r,21.05099105834961,0.13247086107730865,0.027083300054073334,0.004583329893648624,0.6742920279502869,0.4338705539703369,4.396259784698486,10.714622497558594,0.9200000166893005,1.1973448991775513,t,3.0,1240.0,2.809999942779541,0.24400000274181366
ZTF22aaivuxb,46,4613,59341.25,59725.5,False,False,29,0.563816,,0.45027575,,59698.45877309982,59725.405567099806,26.946793999988586,279.6851321206897,64.09053079655172,0.0001144404317317,4.745877521440116e-05,SN,stamp_classifier,0.9189568,1.1.2,SN,1.946410025015015e+18,F:\ZTF_Adjusted_Dataset\stamps\SN\ZTF22aaivuxb,,2.0,r,19.88573455810547,0.14813701808452606,0.5,0.0016666699666529894,0.5,2.6895101070404053,2.7854795455932617,3.5180389881134033,0.9599999785423279,2.0299999713897705,t,4.0,4558.0,6.448999881744385,0.3569999933242798
ZTF18acbwazl,66,135,58422.48893520003,58472.53238430014,False,False,16,0.9726143,,1.0097198,,58423.49153940007,58472.53238430014,49.040844900067896,182.16174261875,68.77900895625,0.0001235600702425,3.280349511531532e-05,SN,stamp_classifier,0.91888434,corr_bulk_0.0.1,SN,7.18532382115015e+17,F:\ZTF_Adjusted_Dataset\stamps\SN\ZTF18acbwazl,,1.0,g,20.598913192749023,0.18809491395950317,-999.0,-999.0,-999.0,-999.0,-999.0,-999.0,0.6520000100135803,3.450000047683716,t,66.0,135.0,1.2209999561309814,-0.16200000047683716
ZTF18abfbyui,5,4618,58306.5,59758.5,True,False,2,,,,,58306.389942099806,59758.3786227,1451.988680600189,274.9006757,70.69883275,0.0002216072652511,0.0001147634305862,SN,stamp_classifier,0.91881275,1.1.2,SN,5.523899432150101e+17,F:\ZTF_Adjusted_Dataset\stamps\SN\ZTF18abfbyui,,2.0,r,18.746234893798828,0.15420491993427277,0.029583299532532692,0.5,0.03350000083446503,0.02752821519970894,3.7929272651672363,11.517229080200195,0.9599999785423279,1.2752488851547241,f,2.0,215.0,4.678999900817871,0.14300000667572021
ZTF25acddimc,7,3660,60978.23509259988,60990.16410879977,True,False,3,,,,,60978.23509259988,60990.16410879977,11.92901619989425,331.7280555333412,12.363818133333332,0.0384187884126636,0.0375277661208153,SN,stamp_classifier,0.9186199,27.5.7a32.dev1,SN,3.234150904715015e+18,F:\ZTF_Adjusted_Dataset\stamps\SN\ZTF25acddimc,,1.0,g,20.20953941345215,0.15733319520950317,0.007499999832361937,0.5,0.5,0.21526280045509338,13.881333351135254,14.639871597290039,0.8849999904632568,4.150000095367432,t,4.0,3653.0,3.437999963760376,0.15299999713897705
ZTF24abknwzh,10,1411,60585.25383100007,60586.46246530023,True,False,10,,,,,60585.25383100007,60586.46246530023,1.2086343001574278,8.656448642860427,-1.9510956857142323,0.0321456163396585,0.0321269804938718,SN,stamp_classifier,0.9185596,24.5.2a6,SN,2.831346924315015e+18,F:\ZTF_Adjusted_Dataset\stamps\SN\ZTF24abknwzh,,2.0,r,21.104745864868164,0.1436569094657898,0.048729199916124344,0.005833330098539591,0.013749999925494194,0.45344409346580505,3.9763386249542236,15.352635383605957,0.996999979019165,1.5099999904632568,t,3.0,1388.0,1.059000015258789,0.15299999713897705
ZTF18acejtrj,1,2231,60586.13265050016,60586.13265050016,True,False,2,,,,,58429.25275459979,60586.13265050016,2156.879895900376,1.7930481999997976,-11.424130399999548,0.0867180746506837,0.0850000005863921,SN,stamp_classifier,0.91842324,24.5.2a6,SN,6.752527519150106e+17,F:\ZTF_Adjusted_Dataset\stamps\SN\ZTF18acejtrj,,2.0,r,20.47707748413086,0.2168302983045578,0.0,0.0,0.009958329610526562,0.07668891549110413,15.36972713470459,18.816110610961914,0.8050000071525574,2.859999895095825,f,1.0,137.0,2.993000030517578,0.26100000739097595
ZTF24aaioqpt,68,6586,60404.4060531999,60444.42679399997,True,False,44,,,,,60404.4060531999,60444.42679399997,40.02074080007151,241.30421972925123,54.02348995695676,0.0187846566186876,0.0110351124102602,SN,stamp_classifier,0.9181305,24.4.1,SN,,F:\ZTF_Adjusted_Dataset\stamps\SN\ZTF24aaioqpt,,,,,,,,,,,,,,,,,,
ZTF25abipsjt,10,6885,60900.19412040012,60916.22107640002,True,False,10,,,,,60900.19412040012,60916.22107640002,16.026955999899656,230.37527104571407,53.2313029608295,0.0396283351442251,0.0237209678415277,SN,stamp_classifier,0.9179332,27.5.6,SN,3.148177101915015e+18,F:\ZTF_Adjusted_Dataset\stamps\SN\ZTF25abipsjt,,2.0,r,19.438016891479492,0.09137419611215591,0.004999999888241291,0.5,0.5,0.3505708873271942,0.631361186504364,1.961228609085083,0.9819999933242798,2.0199999809265137,t,2.0,6875.0,3.0380001068115234,0.42100000381469727
ZTF24acacfpl,2,2838,60674.55319439992,60680.55621530023,True,False,4,,,,,60674.55319439992,60680.55621530023,6.003020900301635,251.41960188002605,66.31699499961418,0.0854685525991591,0.0343306785766476,SN,stamp_classifier,0.9178376,26.0.1,SN,2.920553190715015e+18,F:\ZTF_Adjusted_Dataset\stamps\SN\ZTF24acacfpl,,1.0,g,19.22168731689453,0.1034664437174797,0.002916669938713312,-999.0,-999.0,0.43209996819496155,-999.0,-999.0,0.984000027179718,2.950000047683716,t,1.0,2834.0,4.922999858856201,0.20399999618530273
ZTF22abbqmoq,2,2606,59452.25,59812.25,True,False,1,,,,,59812.18228009995,59812.18228009995,0.0,235.9869195,55.2787234,,,SN,stamp_classifier,0.9177865,dev,SN,2.0581822838150152e+18,F:\ZTF_Adjusted_Dataset\stamps\SN\ZTF22abbqmoq,,2.0,r,18.665599822998047,0.11350701749324799,0.0031250000465661287,0.5,0.5,0.11184602230787277,1.7886966466903687,4.115903854370117,0.9929999709129333,2.299999952316284,t,2.0,2606.0,4.789000034332275,0.5659999847412109
ZTF23aavmeou,3,1434,60150.5,60155.5,True,False,3,,,,,60150.42099539982,60155.4360301001,5.015034700278193,0.2544120666666667,11.4503355,2.1785851677958056e-05,3.4057745080804294e-05,SN,stamp_classifier,0.91777754,1.2.0,SN,2.401436032515015e+18,F:\ZTF_Adjusted_Dataset\stamps\SN\ZTF23aavmeou,,1.0,g,20.40422821044922,0.1580602377653122,0.0715297982096672,0.010684500448405743,0.9701669812202454,0.6560292840003967,7.9024810791015625,12.297091484069824,0.9679999947547913,2.0299999713897705,t,3.0,1434.0,0.6629999876022339,0.11999999731779099
ZTF22aaafgao,6,1940,59317.26251159981,59624.40701390011,True,False,2,,,,,59622.52785879979,59624.40701390011,1.87915510032326,198.77487375,50.216701,0.0001082580482036,2.2203152927462412e-05,SN,stamp_classifier,0.9175866,correction_1.0.6,SN,1.868527855015015e+18,F:\ZTF_Adjusted_Dataset\stamps\SN\ZTF22aaafgao,,2.0,r,19.76139259338379,0.11057277023792267,0.010208300314843655,0.011041699908673763,0.47429800033569336,0.44367557764053345,11.86284351348877,17.184059143066406,0.9700000286102295,2.5999999046325684,t,5.0,1939.0,4.706999778747559,0.22599999606609344
ZTF25abuukzk,4,1513,60942.3753819,60951.33305560006,True,False,4,,,,,60942.3753819,60951.33305560006,8.957673700060695,17.0180180979816,-8.94267337114126,0.0347531260632069,0.0343306785766476,SN,stamp_classifier,0.91757184,27.5.6,SN,3.195358224715015e+18,F:\ZTF_Adjusted_Dataset\stamps\SN\ZTF25abuukzk,,1.0,g,20.05943489074707,0.15598973631858826,0.0,0.5,0.5,0.20638982951641083,0.8893237709999084,2.33191180229187,0.9440000057220459,2.25,t,3.0,1510.0,1.9520000219345093,0.1899999976158142
ZTF22aaettxg,31,1510,59673.36793980002,59724.431840300094,False,False,33,0.064085,-0.06173,0.034531053,-0.00633325,59673.36793980002,59724.431840300094,51.063900500070304,295.3775890151515,53.537771584848485,0.0001169166132413,3.585256372623215e-05,SN,stamp_classifier,0.91753614,correction_1.0.6,SN,1.921448691815015e+18,F:\ZTF_Adjusted_Dataset\stamps\SN\ZTF22aaettxg,,2.0,r,19.460155487060547,0.10910990834236145,0.015833299607038498,0.9820420145988464,0.9169579744338989,1.2086067199707031,10.626770973205566,17.104787826538086,0.9800000190734863,2.0899999141693115,t,3.0,1478.0,3.5160000324249268,0.23499999940395355
ZTF25aawvrxo,37,6115,60849.279872700106,60877.2182407002,False,False,30,,,,,60849.279872700106,60877.2182407002,27.93836800009012,273.455492241697,56.43956438328926,0.0243292982973097,0.0134496314508153,SN,stamp_classifier,0.9173588,27.5.6,SN,3.095279874515015e+18,F:\ZTF_Adjusted_Dataset\stamps\SN\ZTF25aawvrxo,,2.0,r,20.15100860595703,0.17200368642807007,0.015833299607038498,0.5,0.9987499713897705,2.2347540855407715,13.047948837280273,15.070769309997559,0.8370000123977661,3.180000066757202,t,1.0,6065.0,5.960000038146973,0.5040000081062317
ZTF23aaasarp,2,2216,59957.5,59966.5,True,False,2,0.5556774,0.6598257,0.5556774,0.6598257,59957.49159719981,59966.39483800018,8.903240800369531,209.00778155,65.32343209999999,2.8991378116229724e-06,2.5455844118737434e-06,SN,stamp_classifier,0.9173235,1.1.6,SN,2.212394835215015e+18,F:\ZTF_Adjusted_Dataset\stamps\SN\ZTF23aaasarp,,2.0,r,18.93142318725586,0.15940959751605988,0.0025833300314843655,0.6842859983444214,0.5,1.0412970781326294,8.48095417022705,11.50998306274414,0.9660000205039978,3.5999999046325684,t,2.0,2216.0,3.3970000743865967,0.2630000114440918
ZTF24abklgor,14,1598,60355.10626159981,60586.37533560023,True,False,9,,,,,60585.26046299981,60586.37533560023,1.1148726004175842,1.9683331893266245,-0.1388326892240064,0.0355713122013109,0.0355712083750329,SN,stamp_classifier,0.9172943,24.5.2a6,SN,2.831260465415015e+18,F:\ZTF_Adjusted_Dataset\stamps\SN\ZTF24abklgor,,2.0,r,21.23940658569336,0.19362270832061768,0.0,0.4415479898452759,0.7295709848403931,0.7419313192367554,6.315941333770752,14.529739379882812,0.9940000176429749,1.1920585632324219,t,6.0,1578.0,2.9170000553131104,0.2370000034570694
ZTF24abkkpkt,25,1424,60578.41234950023,60586.46909719985,True,False,24,,,,,60578.41282409988,60586.46909719985,8.056273099966347,1.2474157615930486,0.7016846648644922,0.0343332527310527,0.0343306781712173,SN,stamp_classifier,0.91713405,24.5.2a6,SN,2.831237195615015e+18,F:\ZTF_Adjusted_Dataset\stamps\SN\ZTF24abkkpkt,,1.0,g,20.68625831604004,0.1164906769990921,0.09958329796791077,0.013000000268220901,0.0022499999031424522,0.6732626557350159,9.03254508972168,16.42527961730957,0.9829999804496765,2.3299999237060547,t,3.0,1399.0,0.5,-0.023000000044703484
ZTF18admhwsu,279,4244,58197.41351850005,60974.26596060023,False,False,65,,,,,59922.17629629979,60980.11249999981,1057.9362037000246,288.09097014499235,79.12255795762785,0.0486867584343655,0.0091876205764354,SN,stamp_classifier,0.917108,27.5.7a32.dev1,SN,2.168176296315015e+18,F:\ZTF_Adjusted_Dataset\stamps\SN\ZTF18admhwsu,,2.0,r,18.522798538208008,0.07401783019304276,-999.0,-999.0,-999.0,-999.0,-999.0,-999.0,0.9819999933242798,1.8799999952316284,t,76.0,1090.0,0.7279999852180481,-0.5299999713897705
ZTF24abvifxm,3,1535,60644.28458329989,60647.16876159981,False,False,1,,,,,60647.16876159981,60647.16876159981,0.0,14.7899239,-1.8859001,,,SN,stamp_classifier,0.91709757,25.0.0,SN,2.893168764215015e+18,F:\ZTF_Adjusted_Dataset\stamps\SN\ZTF24abvifxm,,2.0,r,20.306432723999023,0.17797712981700897,0.03766670078039169,0.0024999999441206455,0.5,0.9411041736602783,17.116785049438477,17.124649047851562,0.9850000143051147,1.5099999904632568,t,3.0,1535.0,2.621000051498413,0.34200000762939453
ZTF24aajdqnu,1,8459,60411.4723727,60411.4723727,True,False,1,,,,,60411.4723727,60411.4723727,0.0,256.8155309,37.7135475,0.1074481904506683,0.0850000008940696,SN,stamp_classifier,0.9166884,24.4.1,SN,2.657472371315015e+18,F:\ZTF_Adjusted_Dataset\stamps\SN\ZTF24aajdqnu,,2.0,r,21.20036506652832,0.19831761717796326,0.00925000011920929,0.0,0.5,0.35989829897880554,9.46376895904541,9.579118728637695,0.9670000076293945,1.4026049375534058,t,1.0,8459.0,3.9010000228881836,0.21199999749660492
ZTF24abksnov,2,2187,58390.27368059987,60586.13265050016,True,False,1,,,,,60586.13265050016,60586.13265050016,0.0,1.6449111,-11.4503628,0.0867261067032814,0.0850000008940696,SN,stamp_classifier,0.9166531,24.5.2a6,SN,2.832132651915015e+18,F:\ZTF_Adjusted_Dataset\stamps\SN\ZTF24abksnov,,2.0,r,19.70014762878418,0.1341867595911026,0.0037499999161809683,0.0,0.9226250052452087,0.29218465089797974,15.402667999267578,16.21379280090332,0.9200000166893005,1.4500000476837158,t,2.0,2187.0,4.948999881744385,0.38600000739097595
ZTF24aaadhog,4,2378,60311.48237269977,60315.5515509001,False,False,4,,,,,60311.48237269977,60315.5515509001,4.06917820032686,234.856145263886,68.45212203766432,0.0994074517500449,0.0365102269718167,SN,stamp_classifier,0.9165372,0.0.0,SN,2.557520822015015e+18,F:\ZTF_Adjusted_Dataset\stamps\SN\ZTF24aaadhog,,2.0,r,19.503446578979492,0.1315016746520996,0.0012499999720603228,0.5,0.5,1.5680444240570068,2.939345121383667,3.7954447269439697,0.9660000205039978,2.4000000953674316,t,3.0,2375.0,3.7009999752044678,0.21899999678134918
ZTF21abvawaj,61,4255,59449.221238399856,59473.23940970004,False,False,39,0.082937,0.047547,0.03371781,0.08023491,59450.24101850018,59473.23940970004,22.998391199857,278.9903651282051,63.72645379487181,8.235740451483295e-05,3.067481350465485e-05,SN,stamp_classifier,0.9164289,correction_1.0.6,SN,1.698264843315015e+18,F:\ZTF_Adjusted_Dataset\stamps\SN\ZTF21abvawaj,,2.0,r,19.302392959594727,0.14388906955718994,0.5,0.005416669882833958,0.8420060276985168,1.6626555919647217,3.2200098037719727,8.555669784545898,1.0,2.190000057220459,t,7.0,4187.0,6.451000213623047,0.3720000088214874
ZTF22aacubqx,11,3186,58998.373124999925,59641.469270799775,False,False,3,-0.01276207,,-0.13136196,,59637.45688659977,59641.469270799775,4.012384200002998,260.48880540000005,56.259733,4.680897349819411e-05,1.0888526069351284e-05,SN,stamp_classifier,0.91639644,correction_1.0.6,SN,1.887469273615015e+18,F:\ZTF_Adjusted_Dataset\stamps\SN\ZTF22aacubqx,,1.0,g,20.265737533569336,0.17406558990478516,0.0,0.5,0.5,2.0127036571502686,2.8022634983062744,3.5599348545074463,0.9300000071525574,2.380000114440918,t,11.0,3186.0,2.7639999389648438,0.2460000067949295
ZTF25abizejw,30,3505,60903.3052662001,60922.40350690018,True,False,14,,,,,60903.3052662001,60922.40350690018,19.09824070008472,331.65815701685744,12.285710587753687,0.0192648764458891,0.0188236843030211,SN,stamp_classifier,0.91628665,27.5.6,SN,3.149305264715015e+18,F:\ZTF_Adjusted_Dataset\stamps\SN\ZTF25abizejw,,2.0,r,20.119308471679688,0.1549045294523239,0.0005000000237487257,0.0,0.9858750104904175,0.3227559030056,14.774456024169922,22.828113555908203,0.7379999756813049,1.1652673482894897,t,1.0,3469.0,3.36299991607666,0.42800000309944153
ZTF23aazxgcw,13,1217,60182.5,60206.5,True,False,10,-0.017157,0.048351,0.38033438,0.33335322,60182.40326389996,60206.436192099936,24.03292819997296,358.89788989,4.28486364,4.585451510602424e-05,4.120903892214209e-05,SN,stamp_classifier,0.9162604,1.2.1,SN,2.428403262115015e+18,F:\ZTF_Adjusted_Dataset\stamps\SN\ZTF23aazxgcw,,1.0,g,19.919713973999023,0.15253585577011108,0.020500000566244125,0.0016666699666529894,1.0,0.3241884410381317,13.300069808959961,18.670930862426758,0.921999990940094,3.119999885559082,t,1.0,1187.0,0.8019999861717224,-0.0010000000474974513
ZTF19ablunad,3,4,58697.32778939977,58700.30728009995,True,False,3,,,,,58697.32778939977,58700.30728009995,2.9794907001778483,253.0421021666667,84.34263633333335,0.000185948012448,7.240389032155813e-05,SN,stamp_classifier,0.916169,corr_bulk_0.0.1,SN,9.46307284315015e+17,F:\ZTF_Adjusted_Dataset\stamps\SN\ZTF19ablunad,,1.0,g,20.2857608795166,0.1846327930688858,0.11316099762916565,0.6936460137367249,0.5,8.438257217407227,18.71204376220703,20.164705276489258,0.871999979019165,2.509999990463257,t,3.0,4.0,0.609000027179718,-0.2329999953508377
ZTF24abvevsc,8,1577,60646.43230320001,60664.45697919978,True,False,8,,,,,60646.43230320001,60664.45697919978,18.02467599976808,175.2070087194619,74.11129415804335,0.0913560034360877,0.025010499233469,SN,stamp_classifier,0.9160171,26.0.1,SN,2.894388000915015e+18,F:\ZTF_Adjusted_Dataset\stamps\SN\ZTF24abvevsc,,1.0,g,19.740652084350586,0.125253826379776,0.0033333299215883017,-999.0,-999.0,1.0660629272460938,-999.0,-999.0,0.968999981880188,2.680000066757202,t,3.0,1565.0,0.6209999918937683,0.07199999690055847
ZTF24ablvbgb,33,3547,60593.13990740013,60636.11751159979,False,False,29,,,,,60593.13990740013,60636.11751159979,42.97760419966653,283.37254804027737,58.64751133782083,0.0261794862625616,0.0136212299483879,SN,stamp_classifier,0.9159784,25.0.0,SN,2.839139901015015e+18,F:\ZTF_Adjusted_Dataset\stamps\SN\ZTF24ablvbgb,,1.0,g,19.33707618713379,0.11205781251192093,0.0008333330042660236,0.03423810005187988,0.8267920017242432,1.5228421688079834,7.998341083526611,13.459367752075195,0.9800000190734863,3.0999999046325684,t,1.0,3486.0,2.7139999866485596,0.18199999630451202
ZTF22aahwlcv,58,2103,59696.25,59726.25,False,False,20,0.165115,,0.5153032,,59697.2633795999,59726.19908560021,28.93570600030944,176.93949350500003,54.58462761,4.150248533930223e-05,2.5820960477049084e-05,SN,stamp_classifier,0.9159601,1.1.2,SN,1.943263372815015e+18,F:\ZTF_Adjusted_Dataset\stamps\SN\ZTF22aahwlcv,,1.0,g,19.737520217895508,0.09427312761545181,0.5,0.5,0.055958300828933716,0.28626683354377747,0.8305694460868835,3.4578802585601807,0.9990000128746033,3.509999990463257,t,2.0,2039.0,5.164999961853027,0.45399999618530273
ZTF25aaqqilk,10,4053,60811.46362269996,60823.39405089989,True,False,9,,,,,60811.46362269996,60823.39405089989,11.930428199935704,321.6588063698765,21.254963921321675,0.0238036714458684,0.0221844609955801,SN,stamp_classifier,0.9158228,27.5.6,SN,3.062425715115015e+18,F:\ZTF_Adjusted_Dataset\stamps\SN\ZTF25aaqqilk,,2.0,r,19.59222412109375,0.13116393983364105,0.0,0.14410300552845,0.6420770287513733,1.1851351261138916,7.390567302703857,8.566567420959473,0.9729999899864197,1.1679741144180298,t,4.0,4040.0,3.2639999389648438,0.3190000057220459
ZTF18abhwmpy,3,4816,60845.24888890004,60849.25401620008,True,False,3,,,,,60845.24888890004,60849.25401620008,4.005127300042659,246.5507719338949,34.167092490361696,0.0488635185349235,0.0404298347116235,SN,stamp_classifier,0.9155886,27.5.6,SN,3.095254013415015e+18,F:\ZTF_Adjusted_Dataset\stamps\SN\ZTF18abhwmpy,,2.0,r,20.034517288208008,0.13118761777877808,0.010708300396800041,0.7087500095367432,0.7383040189743042,1.609490156173706,5.564849376678467,6.5110883712768555,0.8759999871253967,1.1907333135604858,t,3.0,4816.0,3.0239999294281006,0.4339999854564667
ZTF18aaujzvf,6,2247,60341.278553199954,60356.47322920011,True,False,4,,,,,60341.40150459996,60356.47322920011,15.071724600158632,192.0823170595166,62.53485999749019,0.0744362953056012,0.0343306785766476,SN,stamp_classifier,0.9155873,0.0.0,SN,2.587401504315015e+18,F:\ZTF_Adjusted_Dataset\stamps\SN\ZTF18aaujzvf,,2.0,r,18.72689437866211,0.0742950588464737,0.002916669938713312,0.0033333299215883017,-999.0,0.6240376234054565,28.82916831970215,-999.0,0.9940000176429749,3.4800000190734863,t,2.0,2239.0,5.3470001220703125,0.49300000071525574
ZTF24abkzjdd,8,2620,59812.342731500044,60586.34320600005,True,False,4,,,,,60585.23498839978,60586.34320600005,1.1082176002673805,1.7331186000077292,1.3040636,0.0325084198266266,0.0324999988079071,SN,stamp_classifier,0.9155376,24.5.2a6,SN,2.832343201415015e+18,F:\ZTF_Adjusted_Dataset\stamps\SN\ZTF24abkzjdd,,1.0,g,21.404373168945312,0.20055460929870605,0.061958301812410355,0.052458301186561584,0.0,0.6316124796867371,16.447349548339844,16.496837615966797,0.8809999823570251,1.3498305082321167,t,8.0,2620.0,1.3730000257492065,0.0020000000949949026
ZTF23aadjwhy,4,3993,58312.25,60029.5,True,False,3,0.161413,0.805376,0.16691472,0.8064999,60020.48449070007,60029.49807870016,9.01358800008893,257.5707504,48.21552016666666,7.947949422531432e-05,5.2037038090570665e-05,SN,stamp_classifier,0.91544193,1.1.6,SN,2.266484493415015e+18,F:\ZTF_Adjusted_Dataset\stamps\SN\ZTF23aadjwhy,,1.0,g,19.75275993347168,0.10648985207080841,0.015458299778401852,0.5,0.5,0.42655205726623535,4.675660133361816,5.022837162017822,0.9610000252723694,2.299999952316284,t,2.0,3989.0,5.5980000495910645,0.24300000071525574
ZTF24aaiulbk,25,3585,60407.45341440011,60434.360960599966,True,False,8,,,,,60412.44785880018,60434.360960599966,21.91310179978609,246.31277460947848,61.47788961965168,0.0540664825842865,0.0258166290744315,SN,stamp_classifier,0.91492313,24.4.1,SN,2.658447852415015e+18,F:\ZTF_Adjusted_Dataset\stamps\SN\ZTF24aaiulbk,,2.0,r,19.89340591430664,0.12219397723674774,0.0,0.7867079973220825,0.9941669702529907,0.8654887676239014,4.780361175537109,8.133687019348145,0.9769999980926514,1.9199999570846558,t,5.0,3548.0,2.430999994277954,0.15700000524520874
ZTF22aauusxf,26,2857,59777.25,59807.25,False,False,14,0.480667,,0.27836153,,59777.22215279983,59807.1787268999,29.9565741000697,233.25814430714289,41.99163445714286,3.235487037947413e-05,2.179748447999582e-05,SN,stamp_classifier,0.9148413,dev,SN,2.028261384115015e+18,F:\ZTF_Adjusted_Dataset\stamps\SN\ZTF22aauusxf,,2.0,r,19.324785232543945,0.13134737312793732,0.5,0.015208300203084946,0.5,1.4459282159805298,4.240513801574707,7.691847324371338,0.9850000143051147,2.440000057220459,t,3.0,2820.0,4.943999767303467,0.41100001335144043
ZTF24abkkhjx,15,1381,60585.22835650016,60586.38986109989,True,False,15,,,,,60585.22835650016,60586.38986109989,1.1615045997314155,6.840692748399006,2.4477184671764807,0.0298377000420482,0.029810475371933,SN,stamp_classifier,0.91482985,24.5.2a6,SN,2.831228350415015e+18,F:\ZTF_Adjusted_Dataset\stamps\SN\ZTF24abkkhjx,,1.0,g,21.318220138549805,0.19163139164447784,0.0044999998062849045,0.5393990278244019,0.34370800852775574,0.12840761244297028,11.997549057006836,15.109142303466797,0.9259999990463257,1.3297970294952393,t,1.0,1356.0,0.382999986410141,0.07100000232458115
ZTF25abugbyo,75,8499,60948.15807869984,60989.11261569988,True,False,32,,,,,60948.15807869984,60989.11261569988,40.954537000041455,263.9748241792249,55.67366493227344,0.0228909105903183,0.0129083145372157,SN,stamp_classifier,0.9143729,27.5.7a32.dev1,SN,3.194158073515015e+18,F:\ZTF_Adjusted_Dataset\stamps\SN\ZTF25abugbyo,,2.0,r,19.484413146972656,0.10497906059026718,0.5,0.02583329938352108,0.025333300232887268,0.6264672875404358,0.8917652368545532,11.064682960510254,0.9800000190734863,1.899999976158142,t,2.0,8385.0,5.994999885559082,0.6489999890327454
ZTF24abaknpc,30,2694,60522.41009260016,60565.3679630002,True,False,29,,,,,60522.41009260016,60565.3679630002,42.95787040004507,20.058280260266063,27.902570471729423,0.0211500746105355,0.0186912642716642,SN,stamp_classifier,0.91422164,24.5.2a6,SN,2.778390864515015e+18,F:\ZTF_Adjusted_Dataset\stamps\SN\ZTF24abaknpc,,2.0,r,20.46333122253418,0.13318289816379547,0.0,0.5,0.0028750000055879354,0.21611125767230988,14.405923843383789,14.618144035339355,0.9679999947547913,1.840000033378601,t,7.0,2611.0,1.7890000343322754,0.14100000262260437
ZTF21acqqjnh,4,1038,59550.15789349983,59550.239988400135,True,False,2,0.24815145,0.33306888,0.24815145,0.33306888,59550.15883099986,59550.239988400135,0.0811574002727866,24.0866087,5.55968985,6.957930726793091e-05,4.949747469625735e-07,SN,stamp_classifier,0.9142055,correction_1.0.6,SN,1.796158834415015e+18,F:\ZTF_Adjusted_Dataset\stamps\SN\ZTF21acqqjnh,,2.0,r,20.204078674316406,0.13283169269561768,0.0041666701436042786,0.5,0.022916700690984726,0.24932560324668884,4.379998683929443,6.1980743408203125,0.996999979019165,1.809999942779541,t,2.0,1036.0,1.2369999885559082,0.04899999871850014
ZTF24abylbgi,31,7457,60663.54888889985,60706.498472199775,True,False,26,,,,,60664.51712960005,60706.498472199775,41.98134259972721,240.7454427483461,53.61890634140238,0.0257500751023138,0.0152737407751774,SN,stamp_classifier,0.9139828,26.0.1,SN,2.910551861915015e+18,F:\ZTF_Adjusted_Dataset\stamps\SN\ZTF24abylbgi,,2.0,r,19.256816864013672,0.11881659179925919,0.0012499999720603228,0.5,0.5813090205192566,1.0720826387405396,11.397897720336914,16.87493324279785,0.9810000061988831,2.119999885559082,t,3.0,7394.0,5.210000038146973,0.5490000247955322
ZTF23aaezxzx,10,3269,60042.5,60053.5,True,False,6,-0.062657,0.779166,0.06311102,0.82286775,60042.40891199978,60053.430416699965,11.021504700183868,244.13801143333333,51.6692335,9.90503844829503e-05,2.57684302968506e-05,SN,stamp_classifier,0.91395676,1.1.6,SN,2.292306801015015e+18,F:\ZTF_Adjusted_Dataset\stamps\SN\ZTF23aaezxzx,,1.0,g,19.746280670166016,0.12402883172035217,0.022541699931025505,0.04208330065011978,0.9502710103988647,0.04434262961149216,9.195454597473145,16.684648513793945,0.9729999899864197,2.4700000286102295,t,6.0,3261.0,3.242000102996826,0.11100000143051147
ZTF23aauloyp,1,2847,60150.5,60150.5,True,False,1,,,,,60150.382129599806,60150.382129599806,0.0,336.9426424,18.699861,,,SN,stamp_classifier,0.9138698,1.2.0,SN,2.396382122815015e+18,F:\ZTF_Adjusted_Dataset\stamps\SN\ZTF23aauloyp,,2.0,r,20.141326904296875,0.1564861685037613,0.0016666699666529894,0.0022916700690984726,0.5,0.10454564541578293,16.870941162109375,17.068256378173828,0.871999979019165,1.1280903816223145,t,1.0,2847.0,3.2149999141693115,0.28299999237060547
ZTF23aawocdj,9,2847,60155.5,60171.25,True,False,9,-0.2761,0.029958,0.20200229,0.37545598,60155.42609950015,60171.32983799977,15.903738499619068,267.36049,68.02601753333334,0.0001098266816379,4.2060492151856e-05,SN,stamp_classifier,0.9137577,1.2.0,SN,2.411222962215015e+18,F:\ZTF_Adjusted_Dataset\stamps\SN\ZTF23aawocdj,,2.0,r,19.931976318359375,0.14102427661418915,0.0,0.002083329949527979,0.9931250214576721,0.6230149865150452,12.625785827636719,19.428539276123047,0.9869999885559082,1.8200000524520874,t,4.0,2841.0,2.2960000038146973,0.14900000393390656
ZTF18abwwmjk,2,170,58369.2799769002,58378.30923609994,False,False,2,,,,,58369.2799769002,58378.30923609994,9.029259199742228,307.10334895,48.5643447,0.0004049600536001,2.7011479045478547e-05,SN,stamp_classifier,0.91372347,corr_bulk_0.0.1,SN,6.24309233515015e+17,F:\ZTF_Adjusted_Dataset\stamps\SN\ZTF18abwwmjk,,1.0,g,20.155363082885742,0.212334543466568,0.8612499833106995,0.580357015132904,0.9309999942779541,2.0950543880462646,6.219783782958984,6.376255989074707,0.8939999938011169,2.9600000381469727,t,2.0,170.0,0.35600000619888306,-0.0560000017285347
ZTF23aawtmcf,92,3444,60165.25,60231.25,False,False,21,0.570403,,0.12947924,,60165.21534720017,60231.13262729999,65.91728009982035,258.0028018666667,23.37704545238095,5.354597401098804e-05,3.23789378924901e-05,SN,stamp_classifier,0.91359615,1.2.1,SN,2.417216150115015e+18,F:\ZTF_Adjusted_Dataset\stamps\SN\ZTF23aawtmcf,,2.0,r,18.586158752441406,0.07077859342098236,0.5090540051460266,0.23273199796676636,0.6544169783592224,5.921024799346924,6.384321689605713,8.998050689697266,0.9829999804496765,2.4000000953674316,t,7.0,3304.0,8.538999557495117,0.6499999761581421
ZTF25acfjnej,7,2407,61008.51334490022,61024.55313660018,False,False,5,,,,,61008.51334490022,61024.55313660018,16.039791699964553,209.33573789999264,28.57359674,0.0432851351987746,0.0380131560173365,SN,stamp_classifier,0.913529,27.5.7a32.dev1,SN,3.254513345815015e+18,F:\ZTF_Adjusted_Dataset\stamps\SN\ZTF25acfjnej,,2.0,r,19.122398376464844,0.13419485092163086,0.06812500208616257,0.07583329826593399,0.0008333330042660236,4.10817813873291,8.62711238861084,14.00814151763916,0.9729999899864197,2.759999990463257,t,1.0,2391.0,8.144000053405762,1.1399999856948853
ZTF21abirvgl,54,2429,59394.20468749991,59436.19896990014,False,False,23,-0.076888,-0.027836,-0.045695595,0.16608644,59395.24019679986,59436.19896990014,40.958773100283,227.17974913913048,52.0991931956522,4.92921507618963e-05,2.174748633861363e-05,SN,stamp_classifier,0.91351897,correction_1.0.6,SN,1.643276660415015e+18,F:\ZTF_Adjusted_Dataset\stamps\SN\ZTF21abirvgl,,1.0,g,19.89957046508789,0.13619931042194366,0.0,0.5,0.6349790096282959,1.4418110847473145,3.942439556121826,14.070809364318848,0.9940000176429749,2.3499999046325684,t,10.0,2366.0,3.4489998817443848,0.20399999618530273
ZTF20aaxkacr,250,3603,58967.42451390019,59001.262604199816,False,False,73,0.78229904,0.6961894,0.5110626,0.7285624,58967.42451390019,59001.262604199816,33.838090299628675,239.704410230137,32.54737994657534,0.0001003048017103,4.071514556497778e-05,SN,stamp_classifier,0.9133307,corr_bulk_0.0.1,SN,1.247262602915015e+18,F:\ZTF_Adjusted_Dataset\stamps\SN\ZTF20aaxkacr,,2.0,r,19.91562271118164,0.17611593008041382,0.0024999999441206455,0.0043750000186264515,0.5,1.4230678081512451,15.701386451721191,19.1328182220459,0.9190000295639038,2.9100000858306885,t,250.0,3603.0,5.461999893188477,0.656000018119812
ZTF22abiiwjy,10,1146,59841.25,59854.25,False,False,10,0.1681,0.234697,0.3198605,0.29372633,59841.3270717999,59854.29795139981,12.97087959991768,11.1109671,10.44916999,5.668466380887959e-05,4.2978921190058086e-05,SN,stamp_classifier,0.913318,dev,SN,2.094338391815015e+18,F:\ZTF_Adjusted_Dataset\stamps\SN\ZTF22abiiwjy,,2.0,r,20.205198287963867,0.15760473906993866,0.016625000163912773,0.4627079963684082,0.9900000095367432,1.1069610118865967,9.198690414428711,13.649040222167969,0.9639999866485596,2.609999895095825,t,5.0,1138.0,3.24399995803833,0.3400000035762787
ZTF24abksnpr,1,2482,60586.13265050016,60586.13265050016,True,False,1,,,,,60586.13265050016,60586.13265050016,0.0,1.7885936,-11.2171079,0.0866553708910942,0.0850000008940696,SN,stamp_classifier,0.9133084,24.5.2a6,SN,2.832132651915015e+18,F:\ZTF_Adjusted_Dataset\stamps\SN\ZTF24abksnpr,,2.0,r,20.148147583007812,0.1723429262638092,0.0016666699666529894,0.012291699647903442,0.019434500485658646,0.20314790308475494,12.795113563537598,15.000262260437012,0.9940000176429749,1.1973448991775513,t,1.0,2482.0,2.86299991607666,0.3569999933242798
ZTF25acixjxo,6,1960,61024.09788190015,61030.13959489996,True,False,6,,,,,61024.09788190015,61030.13959489996,6.041712999809533,298.3215196143463,57.11269843318738,0.0549007659427992,0.0298104754913835,SN,stamp_classifier,0.91330653,27.5.7a32.dev1,SN,3.274094166315015e+18,F:\ZTF_Adjusted_Dataset\stamps\SN\ZTF25acixjxo,,2.0,r,19.901546478271484,0.1320444643497467,0.002916669938713312,1.0,0.9842919707298279,0.3014165759086609,17.994091033935547,18.1798038482666,0.9679999947547913,1.5800000429153442,t,4.0,1958.0,4.961999893188477,0.4390000104904175
ZTF20aagnbes,135,1990,58866.53582180012,59050.304837999865,False,False,137,0.16651726,,-0.05772972,,58866.53582180012,59050.304837999865,183.76901619974524,267.094935849635,54.15147358759124,5.782458275678519e-05,3.360094415058863e-05,SN,stamp_classifier,0.9132344,corr_bulk_0.0.1,SN,1.296304832515015e+18,F:\ZTF_Adjusted_Dataset\stamps\SN\ZTF20aagnbes,,2.0,r,20.37828254699707,0.21172279119491577,0.5,0.5,0.5,1.9669899940490723,5.303084850311279,6.346724510192871,0.7490000128746033,1.1920585632324219,t,135.0,1990.0,7.864999771118164,0.6650000214576721
ZTF24abkkgbr,17,1311,58733.45671299985,60586.43229170004,True,False,15,,,,,60585.2239351999,60586.43229170004,1.208356500137597,18.69753760986965,-4.685120219685392,0.0262567025575316,0.0261689678232414,SN,stamp_classifier,0.91322535,24.5.2a6,SN,2.831223930015015e+18,F:\ZTF_Adjusted_Dataset\stamps\SN\ZTF24abkkgbr,,1.0,g,21.115680694580078,0.18416404724121094,0.01791669987142086,0.5,0.002708330051973462,0.15258236229419708,3.552863359451294,15.663529396057129,0.9480000138282776,1.7799999713897705,t,3.0,1286.0,0.6940000057220459,-0.15700000524520874
ZTF25aaozfig,4,2126,60795.429837999865,60802.49310189998,True,False,4,,,,,60795.429837999865,60802.49310189998,7.063263900112361,330.60439792847427,38.03992984183304,0.0497290586422192,0.0391656863175284,SN,stamp_classifier,0.9132253,27.5.6,SN,3.041429830515015e+18,F:\ZTF_Adjusted_Dataset\stamps\SN\ZTF25aaozfig,,2.0,r,19.372262954711914,0.10990121960639954,0.03162499889731407,0.5,0.61558598279953,0.6161737442016602,2.7382566928863525,14.335465431213379,0.968999981880188,2.7200000286102295,t,1.0,2123.0,4.005000114440918,0.453000009059906
ZTF23aaxkezq,1,1549,60169.5,60169.5,True,False,1,,,,,60169.423726900015,60169.423726900015,0.0,13.019128,24.6429093,,,SN,stamp_classifier,0.9131691,1.2.0,SN,2.415423723115015e+18,F:\ZTF_Adjusted_Dataset\stamps\SN\ZTF23aaxkezq,,2.0,r,19.869123458862305,0.12872642278671265,0.0,0.5,0.018333299085497856,0.04841059446334839,10.672199249267578,10.81882381439209,0.953000009059906,1.0721166133880615,t,1.0,1549.0,4.078999996185303,0.4180000126361847
ZTF24aagkycj,4,2631,60368.49787040008,60389.48696759995,True,False,3,,,,,60368.49787040008,60389.48696759995,20.98909719986841,298.0366607210255,60.92509258134469,0.0908101803321343,0.0441294487808,SN,stamp_classifier,0.9130748,23.12.25,SN,2.614507992615015e+18,F:\ZTF_Adjusted_Dataset\stamps\SN\ZTF24aagkycj,,2.0,r,19.071687698364258,0.1382516324520111,0.11737500131130219,0.5,0.08287499845027924,1.6566766500473022,2.54853892326355,3.740004777908325,0.9810000061988831,2.4700000286102295,t,2.0,2627.0,7.718999862670898,0.8669999837875366
ZTF20abejvpr,506,3823,59011.19325229991,59063.17753469991,False,False,54,-0.15504074,,0.00014305115,,59012.20500000008,59063.17753469991,50.97253469983116,219.33280228703703,55.214478827777775,5.8637295900465705e-05,1.7130117102272337e-05,SN,stamp_classifier,0.912892,corr_bulk_0.0.1,SN,1.309177534615015e+18,F:\ZTF_Adjusted_Dataset\stamps\SN\ZTF20abejvpr,,2.0,r,19.589618682861328,0.16711074113845825,0.0033333299215883017,-999.0,-999.0,3.4857900142669678,-999.0,-999.0,0.9890000224113464,1.6299999952316284,t,506.0,3823.0,6.0289998054504395,0.6309999823570251
ZTF18abxnsgi,2,1384,59531.29525459977,60586.13043980021,True,False,1,,,,,60586.13043980021,60586.13043980021,0.0,9.5370153,-0.4131627,0.0850022137165069,0.0850000008940696,SN,stamp_classifier,0.91282076,24.5.2a6,SN,2.832130435415015e+18,F:\ZTF_Adjusted_Dataset\stamps\SN\ZTF18abxnsgi,,2.0,r,19.51264190673828,0.10415952652692795,0.0033333299215883017,0.5,0.0016666699666529894,0.3318808674812317,3.8372223377227783,9.065927505493164,0.9760000109672546,1.2375484704971313,t,2.0,1384.0,4.672999858856201,0.5410000085830688
ZTF24abkjvpc,20,1213,60585.21168980002,60586.45804399997,True,False,20,,,,,60585.21168980002,60586.45804399997,1.2463541999459269,12.438151543311443,-10.156288646968344,0.0317009737040516,0.0312042322698162,SN,stamp_classifier,0.9128107,24.5.2a6,SN,2.831211682115015e+18,F:\ZTF_Adjusted_Dataset\stamps\SN\ZTF24abkjvpc,,2.0,r,20.4632511138916,0.11091157048940659,0.5,0.5,0.020375000312924385,0.7954176068305969,1.189884901046753,1.9012972116470337,0.9580000042915344,2.4100000858306885,t,1.0,1186.0,4.578999996185303,0.33899998664855957
ZTF24aaiusyx,8,2719,60403.274166699965,60411.33239579992,False,False,6,,,,,60409.15475689992,60411.33239579992,2.177638900000602,179.65289291324476,25.65269705604063,0.0330700330853011,0.0298104754913835,SN,stamp_classifier,0.9128071,24.4.1,SN,2.655154752515015e+18,F:\ZTF_Adjusted_Dataset\stamps\SN\ZTF24aaiusyx,,2.0,r,20.61692237854004,0.11024158447980881,0.008583329617977142,0.5,0.07579170167446136,1.7228665351867676,6.222650051116943,6.319120407104492,0.996999979019165,2.3399999141693115,t,3.0,2711.0,3.6600000858306885,0.35600000619888306
ZTF24abkspru,1,1456,60586.15120369988,60586.15120369988,True,False,1,,,,,60586.15120369988,60586.15120369988,0.0,16.0490476,-4.8382738,0.0853039622306823,0.0850000008940696,SN,stamp_classifier,0.9126476,24.5.2a6,SN,2.832151200515015e+18,F:\ZTF_Adjusted_Dataset\stamps\SN\ZTF24abkspru,,2.0,r,19.55411720275879,0.1270497888326645,0.0012499999720603228,0.18062500655651093,0.0,0.22065342962741852,18.825212478637695,18.993865966796875,0.9959999918937683,2.0199999809265137,t,1.0,1456.0,4.426000118255615,0.5460000038146973
ZTF24abksbrs,1,1384,60586.13043980021,60586.13043980021,True,False,1,,,,,60586.13043980021,60586.13043980021,0.0,9.5709718,-0.267881,0.0850009322166442,0.0850000008940696,SN,stamp_classifier,0.9125833,24.5.2a6,SN,2.832130435415015e+18,F:\ZTF_Adjusted_Dataset\stamps\SN\ZTF24abksbrs,,2.0,r,20.25764274597168,0.15144667029380798,0.0,0.014761899597942829,0.011874999850988388,0.40991759300231934,11.835350036621094,12.348010063171387,0.9879999756813049,1.2375484704971313,t,1.0,1384.0,4.7230000495910645,0.37599998712539673
ZTF23abkjoij,15,2081,60228.25,60259.25,True,False,13,0.069111,0.251972,0.07921379,0.27214527,60228.24876159988,60259.13222219981,30.88346059992909,351.71376540769234,21.12983413846154,4.781651495686141e-05,6.33490402248541e-05,SN,stamp_classifier,0.9124741,1.2.1,SN,2.479170426315015e+18,F:\ZTF_Adjusted_Dataset\stamps\SN\ZTF23abkjoij,,2.0,r,19.91883087158203,0.13663257658481598,0.0012499999720603228,0.0043750000186264515,0.9895830154418945,0.598760724067688,10.145843505859375,21.42852210998535,0.9369999766349792,1.6100000143051147,t,4.0,2051.0,1.3550000190734863,0.11599999666213989
ZTF24aapzzna,11,3239,60460.40475689992,60481.4131018999,True,False,7,,,,,60462.43609949993,60481.4131018999,18.97700239997357,330.98516602857575,25.254701671428567,0.0271640239515109,0.0245676898444622,SN,stamp_classifier,0.9124601,24.5.1,SN,2.708436092115015e+18,F:\ZTF_Adjusted_Dataset\stamps\SN\ZTF24aapzzna,,1.0,g,19.41168785095215,0.09612347185611725,0.0035416700411587954,0.03358929976820946,0.23695799708366394,0.6304672956466675,9.766517639160156,14.186446189880371,0.9810000061988831,2.3299999237060547,t,2.0,3224.0,1.7640000581741333,0.12999999523162842
ZTF24abkuduj,1,1320,60586.175763899926,60586.175763899926,True,False,1,,,,,60586.175763899926,60586.175763899926,0.0,16.1083819,-5.602,0.08540790528059,0.0850000008940696,SN,stamp_classifier,0.9124457,24.5.2a6,SN,2.832175760615015e+18,F:\ZTF_Adjusted_Dataset\stamps\SN\ZTF24abkuduj,,2.0,r,19.74027442932129,0.10993250459432602,0.026291700080037117,0.5,0.5,0.04707133024930954,1.5736597776412964,15.051485061645508,0.9959999918937683,2.3499999046325684,t,1.0,1320.0,3.0290000438690186,0.1979999989271164
ZTF23aboesot,39,4027,60248.21906250017,60290.11428239988,True,False,30,0.0843,0.147827,0.09443743,0.1585874,60250.1624305998,60290.11428239988,39.951851800084114,333.3180644796469,35.84015428569947,0.0450380078359037,0.0365102263378653,SN,stamp_classifier,0.91243964,1.2.1,SN,2.496162896215015e+18,F:\ZTF_Adjusted_Dataset\stamps\SN\ZTF23aboesot,,1.0,g,19.68600845336914,0.12642504274845123,0.0043750000186264515,0.8938810229301453,0.0037499999161809683,0.6416142582893372,10.073519706726074,13.333292961120605,0.9470000267028809,3.2699999809265137,t,4.0,3982.0,0.9649999737739563,-0.05400000140070915
ZTF24abkzgty,6,1397,60585.2749073999,60586.34320600005,True,False,6,,,,,60585.2749073999,60586.34320600005,1.0682986001484096,4.746220016665672,4.869771666666667,0.0266322749803913,0.0265361379068113,SN,stamp_classifier,0.91238934,24.5.2a6,SN,2.832343204315015e+18,F:\ZTF_Adjusted_Dataset\stamps\SN\ZTF24abkzgty,,1.0,g,21.341556549072266,0.1759660542011261,0.0012499999720603228,0.002083329949527979,0.0,0.32206982374191284,6.465332984924316,15.44235897064209,0.9520000219345093,2.3399999141693115,t,6.0,1397.0,3.4630000591278076,0.18400000035762787
ZTF24aamijyj,1,1842,60436.41402779985,60436.41402779985,True,False,1,,,,,60436.41402779985,60436.41402779985,0.0,277.8481492,27.5415604,0.073307529091835,0.0649999976158142,SN,stamp_classifier,0.91234857,24.4.1,SN,2.682414024015015e+18,F:\ZTF_Adjusted_Dataset\stamps\SN\ZTF24aamijyj,,1.0,g,19.443288803100586,0.12743590772151947,0.21611900627613068,0.6378039717674255,0.9320279955863953,0.23781247437000275,8.840190887451172,9.821733474731445,0.9789999723434448,3.009999990463257,t,1.0,1842.0,5.008999824523926,0.42100000381469727
ZTF24aaivimj,2,1253,60409.20298610022,60410.24563660007,True,False,2,,,,,60409.20298610022,60410.24563660007,1.0426504998467865,167.83341805000003,24.4652343,0.0504958230995383,0.0459619390912516,SN,stamp_classifier,0.91231555,24.4.1,SN,2.655202982315015e+18,F:\ZTF_Adjusted_Dataset\stamps\SN\ZTF24aaivimj,,1.0,g,20.27553367614746,0.08455570042133331,0.004749999847263098,0.018541699275374413,0.006916670128703117,1.4999570846557617,15.366257667541504,24.18657875061035,0.9950000047683716,2.2899999618530273,t,1.0,1250.0,5.422999858856201,0.3840000033378601
ZTF24aaxigzn,29,2943,60514.31275459984,60554.20476849983,True,False,30,,,,,60514.31275459984,60554.20476849983,39.892013899981976,299.5253361000216,61.7109304777777,0.0597850232908505,0.0283333333920518,SN,stamp_classifier,0.9122136,24.5.2a6,SN,2.765360042415015e+18,F:\ZTF_Adjusted_Dataset\stamps\SN\ZTF24aaxigzn,,2.0,r,19.58017349243164,0.12379875034093857,0.007499999832361937,0.5,0.5,0.8202334046363831,0.8767644166946411,1.7922049760818481,0.9769999980926514,2.4600000381469727,t,5.0,2904.0,5.138000011444092,0.32600000500679016
ZTF23abmsovz,10,3039,60237.25,60253.25,True,False,7,0.9519,0.5166624,0.67267734,0.4770879,60237.15681710001,60253.15956019983,16.002743099816144,274.6800976428571,47.58936587142857,0.0001467851588511,8.637474002385967e-05,SN,stamp_classifier,0.9120862,1.2.1,SN,2.485110822015015e+18,F:\ZTF_Adjusted_Dataset\stamps\SN\ZTF23abmsovz,,2.0,r,19.808124542236328,0.14099882543087006,0.0033333299215883017,0.02366670034825802,0.06459719687700272,0.88224858045578,10.023846626281738,10.910146713256836,0.9750000238418579,1.1625542640686035,t,5.0,3025.0,5.50600004196167,0.28999999165534973
ZTF24aahfltj,11,7221,60388.449849499855,60396.474062500056,True,False,8,,,,,60387.49164350005,60396.474062500056,8.982419000007212,263.7968639614586,55.29604160540256,0.0486431681801772,0.0276943223849495,SN,stamp_classifier,0.912003,23.12.25,SN,2.633491643515015e+18,F:\ZTF_Adjusted_Dataset\stamps\SN\ZTF24aahfltj,,2.0,r,19.409395217895508,0.13505159318447113,0.01183329988270998,0.0389166995882988,0.5895419716835022,1.3691550493240356,3.66031551361084,5.311675071716309,0.9190000295639038,2.7799999713897705,t,1.0,7202.0,4.835999965667725,0.4779999852180481
ZTF23aafajkz,11,2766,60044.5,60058.5,True,False,9,0.00845,0.274487,0.09561982,0.35392487,60044.42887730012,60058.44853009982,14.01965279970318,275.31090953333336,58.82719613333333,7.037565275061578e-05,3.0877783276691164e-05,SN,stamp_classifier,0.91196924,1.2.0,SN,2.292382740715015e+18,F:\ZTF_Adjusted_Dataset\stamps\SN\ZTF23aafajkz,,2.0,r,20.147249221801758,0.1868462711572647,0.008083329536020756,0.002708330051973462,0.5,0.4907294511795044,5.893070220947266,6.864773273468018,0.949999988079071,2.309999942779541,t,5.0,2754.0,2.6630001068115234,0.1420000046491623
ZTF24aaiznbm,2,4441,60410.46107639978,60411.4990046001,True,False,2,,,,,60410.46107639978,60411.4990046001,1.03792820032686,263.4114939689654,37.993034931222326,0.0655173238388699,0.0516332581488631,SN,stamp_classifier,0.9119278,24.4.1,SN,2.656461070415015e+18,F:\ZTF_Adjusted_Dataset\stamps\SN\ZTF24aaiznbm,,2.0,r,21.079069137573242,0.13723383843898773,0.0012499999720603228,0.009750000201165676,0.5,0.6848640441894531,11.040555000305176,12.099689483642578,0.9959999918937683,2.4200000762939453,t,1.0,4436.0,2.615999937057495,0.13500000536441803
ZTF23aaxexuq,145,6942,60165.25,60211.25,False,False,56,0.096516,,0.26479512,,60165.320416700095,60211.1734491,45.85303239990026,266.7167040142857,64.06608715,7.188619902507059e-05,4.55121721974692e-05,SN,stamp_classifier,0.9118538,1.2.1,SN,2.415301315115015e+18,F:\ZTF_Adjusted_Dataset\stamps\SN\ZTF23aaxexuq,,2.0,r,19.31250762939453,0.11906325072050095,0.047791700810194016,0.5,0.5,2.2457358837127686,5.787956714630127,6.423720836639404,0.8930000066757202,2.940000057220459,t,5.0,6762.0,5.670000076293945,0.21199999749660492
ZTF19abldmlh,4,3858,58695.36896990007,60920.37927079992,True,False,1,,,,,60920.37927079992,60920.37927079992,0.0,345.1647638,24.379460600000005,0.0933213010430336,0.0850000008940696,SN,stamp_classifier,0.9118175,27.5.6,SN,3.166379272715015e+18,F:\ZTF_Adjusted_Dataset\stamps\SN\ZTF19abldmlh,,2.0,r,19.78145980834961,0.12736140191555023,0.005083329975605011,0.953728973865509,0.9971429705619812,0.34870389103889465,16.67176628112793,20.877220153808594,0.8970000147819519,1.1679741144180298,t,4.0,3858.0,4.651000022888184,0.4569999873638153
ZTF22aajycpi,63,3661,59709.25,59747.25,False,False,27,0.750495,0.671457,0.50616,0.61317456,59709.27953700023,59747.20520830015,37.925671299919486,205.59096113703703,67.04426097037036,0.0001372291041897,6.287507647838531e-05,SN,stamp_classifier,0.911661,1.1.2,SN,1.965247030015015e+18,F:\ZTF_Adjusted_Dataset\stamps\SN\ZTF22aajycpi,,2.0,r,19.60150718688965,0.10987699776887894,0.0600832998752594,0.03808329999446869,0.5,5.384829521179199,17.552879333496094,20.365942001342773,0.9520000219345093,2.2699999809265137,t,12.0,3571.0,6.828999996185303,0.3869999945163727
ZTF24abknbvl,4,2665,58380.33215280017,60585.31481479993,True,False,2,,,,,60560.33996530017,60585.31481479993,24.97484949976206,11.36744926440459,8.150128954366142,0.0521600757388387,0.0516332581488631,SN,stamp_classifier,0.91164976,24.5.2a6,SN,2.831314815615015e+18,F:\ZTF_Adjusted_Dataset\stamps\SN\ZTF24abknbvl,,1.0,g,21.567256927490234,0.21042302250862122,0.0012499999720603228,0.5,0.5112320184707642,0.6587958335876465,1.004839301109314,6.169242858886719,0.9010000228881836,1.256540060043335,t,4.0,2665.0,2.671999931335449,0.24199999868869781
ZTF23aandtgm,70,3215,60101.25,60124.5,True,False,13,0.162998,0.739058,0.1280215,0.768621,60104.341261600144,60124.42885420006,20.08759259991348,251.3408852692308,62.88474469230769,0.000102061153107,5.564072940958075e-05,SN,stamp_classifier,0.9115283,1.2.0,SN,2.350341263415015e+18,F:\ZTF_Adjusted_Dataset\stamps\SN\ZTF23aandtgm,,2.0,r,19.92530059814453,0.1374441534280777,0.003916670102626085,0.002083329949527979,0.0,0.17096465826034546,6.7887864112854,12.163060188293457,0.9779999852180481,1.150266170501709,t,6.0,3142.0,5.26800012588501,0.28299999237060547
ZTF25ablgkgi,87,1913,60910.42123840004,60988.29839120014,True,False,40,,,,,60910.42123840004,60988.29839120014,77.87715280009434,21.30437356219088,1.9845720526410304,0.012035153139737,0.0120279343624564,SN,stamp_classifier,0.91145974,27.5.7a32.dev1,SN,3.156445700115015e+18,F:\ZTF_Adjusted_Dataset\stamps\SN\ZTF25ablgkgi,,2.0,r,19.494211196899414,0.09873858839273453,0.03583329916000366,0.5,0.5,0.169857919216156,2.400017738342285,3.206038236618042,0.9779999852180481,1.1584727764129639,t,2.0,1759.0,5.186999797821045,0.3179999887943268
ZTF24abkkfgd,23,1308,60551.42103009997,60586.43229170004,True,False,21,,,,,60565.34611110017,60586.43229170004,21.086180599872023,15.41655710964781,-2.414977957968799,0.0217782255791752,0.0217588829885583,SN,stamp_classifier,0.9112847,24.5.2a6,SN,2.831223934315015e+18,F:\ZTF_Adjusted_Dataset\stamps\SN\ZTF24abkkfgd,,1.0,g,21.0567626953125,0.1647832840681076,0.0,0.04531550034880638,0.007142859976738691,0.22298605740070343,18.555301666259766,25.706655502319336,0.9729999899864197,3.0999999046325684,t,5.0,1282.0,0.7039999961853027,0.03799999877810478
ZTF24abohqwt,19,1531,60606.244664399885,60637.30275460007,True,False,14,,,,,60607.29372690013,60637.30275460007,30.009027699939907,35.12154762518296,11.915132298833246,0.0203293590606455,0.0198913523396738,SN,stamp_classifier,0.9112376,25.0.0,SN,2.853293724215015e+18,F:\ZTF_Adjusted_Dataset\stamps\SN\ZTF24abohqwt,,2.0,r,20.319910049438477,0.15430763363838196,0.006666670087724924,0.5,0.48599401116371155,0.5323734283447266,2.226585865020752,6.045182228088379,0.8450000286102295,1.2221426963806152,t,3.0,1493.0,5.459000110626221,0.5220000147819519
ZTF22aadgbfu,27,2585,59670.38347220002,59700.30396990013,True,False,18,0.33588,0.719345,-0.041705687,0.6594656,59673.30246530008,59700.30396990013,27.001504600048065,250.3134182944444,64.42756903333333,0.0001411321052904,3.092410063463751e-05,SN,stamp_classifier,0.91094327,correction_1.0.6,SN,1.919302465515015e+18,F:\ZTF_Adjusted_Dataset\stamps\SN\ZTF22aadgbfu,,2.0,r,19.06427574157715,0.10305001586675644,0.03221429884433746,0.5,0.5,0.8586336374282837,2.8615481853485107,4.478745937347412,0.9789999723434448,2.059999942779541,t,5.0,2542.0,6.784999847412109,0.5180000066757202
ZTF23aaencty,95,2749,60036.5,60114.25,True,False,36,-0.048889,0.072828,-0.19417411,0.13764483,60036.46090279985,60114.3540277998,77.89312499994412,250.32515955,26.742934402777777,3.463719305653704e-05,1.9724031551491725e-05,SN,stamp_classifier,0.91079116,1.2.0,SN,2.289386813915015e+18,F:\ZTF_Adjusted_Dataset\stamps\SN\ZTF23aaencty,,1.0,g,18.60028648376465,0.11302132159471512,0.5,0.02945829927921295,0.5,0.46821722388267517,0.8235872387886047,1.1685818433761597,0.9879999756813049,2.490000009536743,t,2.0,2597.0,1.555999994277954,0.1850000023841858
ZTF22abakigz,5,2912,59780.25,59824.25,True,False,4,0.2291169,0.23778494,0.04032495,0.19709697,59806.18694439996,59824.17670139996,17.98975700000301,221.97924845,55.10854015,6.061927636915381e-05,3.4913273501881485e-05,SN,stamp_classifier,0.9107389,dev,SN,2.052200644215015e+18,F:\ZTF_Adjusted_Dataset\stamps\SN\ZTF22abakigz,,2.0,r,19.95596694946289,0.15250244736671448,0.5,0.03004170022904873,0.994583010673523,0.5711824297904968,0.9876567125320435,15.776761054992676,0.968999981880188,1.1322814226150513,t,3.0,2905.0,7.360000133514404,0.5759999752044678
ZTF23abojfcm,4,1672,60251.0,60253.25,True,False,4,-0.009439718,0.59396654,-0.021720057,0.60270524,60251.12026620004,60253.13938659988,2.019120399840176,289.207383025,35.420956600000004,6.80132523899389e-05,5.919324285965877e-05,SN,stamp_classifier,0.91061044,1.2.1,SN,2.497120265815015e+18,F:\ZTF_Adjusted_Dataset\stamps\SN\ZTF23abojfcm,,1.0,g,19.984102249145508,0.15708939731121063,0.06496430188417435,0.8346250057220459,0.5,0.2830011248588562,6.67976188659668,8.023504257202148,0.9470000267028809,1.840000033378601,t,1.0,1669.0,6.1020002365112305,0.5889999866485596
ZTF20abpnuzu,18,1571,59060.422569400165,60586.373136600014,True,False,17,,,,,59060.422569400165,60586.373136600014,1525.9505671998486,0.2858069140300351,6.126308017849464,0.0215887098372817,0.0214654168652845,SN,stamp_classifier,0.9106083,24.5.2a6,SN,1.306422563315015e+18,F:\ZTF_Adjusted_Dataset\stamps\SN\ZTF20abpnuzu,,2.0,r,18.408702850341797,0.1510031521320343,0.12766699492931366,0.044166699051856995,1.0,1.009830355644226,6.072890281677246,18.35447883605957,1.0,1.409999966621399,t,1.0,502.0,1.093999981880188,0.0689999982714653
ZTF24abksnoz,1,2186,60586.13265050016,60586.13265050016,True,False,1,,,,,60586.13265050016,60586.13265050016,0.0,1.6882612999999995,-11.499183999999998,0.086741104722023,0.0850000008940696,SN,stamp_classifier,0.9105707,24.5.2a6,SN,2.832132651915015e+18,F:\ZTF_Adjusted_Dataset\stamps\SN\ZTF24abksnoz,,2.0,r,19.66714859008789,0.14647868275642395,0.0075833299197256565,0.0008333330042660236,1.0,0.31200727820396423,14.660759925842285,24.598896026611328,0.9850000143051147,1.1973448991775513,t,1.0,2186.0,4.4720001220703125,0.23499999940395355
ZTF24abklxvc,8,1387,59770.44190970017,60586.34984950023,True,False,6,,,,,60585.28153940011,60586.34984950023,1.068310100119561,0.7895891333334566,6.262210699999983,0.0377530362534784,0.0375277660413791,SN,stamp_classifier,0.91055006,24.5.2a6,SN,2.831281533315015e+18,F:\ZTF_Adjusted_Dataset\stamps\SN\ZTF24abklxvc,,1.0,g,21.008424758911133,0.17175397276878357,0.05279169976711273,0.0,0.0,0.08865959197282791,8.483470916748047,19.290912628173828,0.9679999947547913,1.9600000381469727,t,3.0,1369.0,0.9909999966621399,0.10700000077486038
ZTF24abkyctn,1,1375,60586.31769679999,60586.31769679999,True,False,1,,,,,60586.31769679999,60586.31769679999,0.0,13.0479069,-12.5878844,0.0870934799313545,0.0850000008940696,SN,stamp_classifier,0.9104457,24.5.2a6,SN,2.832317690515015e+18,F:\ZTF_Adjusted_Dataset\stamps\SN\ZTF24abkyctn,,2.0,r,21.12103843688965,0.15948264300823212,0.0,0.06224999949336052,0.01291669998317957,0.5022025108337402,25.031553268432617,26.973451614379883,0.9819999933242798,1.2208501100540161,t,1.0,1375.0,1.3170000314712524,0.11999999731779099
ZTF22aansgra,37,1723,59739.25,59779.25,True,False,26,0.205423,0.389353,0.5940826,0.5626892,59739.27642360004,59779.32663189992,40.05020829988644,253.4048893346154,76.84031883461537,0.0002079042028293,4.752736426533077e-05,SN,stamp_classifier,0.91037405,dev,SN,1.985276423815015e+18,F:\ZTF_Adjusted_Dataset\stamps\SN\ZTF22aansgra,,2.0,r,19.730209350585938,0.14345119893550873,0.02704169973731041,0.5,0.11007100343704224,0.8689702749252319,11.824671745300293,13.46256160736084,0.9940000176429749,2.240000009536743,t,1.0,1673.0,5.3429999351501465,0.38499999046325684
ZTF24aaifokr,18,2447,60397.29839120014,60411.34717589989,False,False,8,,,,,60404.31652780017,60411.34717589989,7.030648099724203,196.481544352663,28.347663644825754,0.0284183534887992,0.025010499233469,SN,stamp_classifier,0.91031855,24.4.1,SN,2.655181085415015e+18,F:\ZTF_Adjusted_Dataset\stamps\SN\ZTF24aaifokr,,2.0,r,20.27214813232422,0.09582371264696121,0.0018749999580904841,0.0062500000931322575,0.0037499999161809683,1.373308539390564,24.097610473632812,24.288278579711914,0.984000027179718,2.990000009536743,t,13.0,2440.0,2.944000005722046,0.2199999988079071
ZTF24ablbtzm,6,1362,60586.20135420002,60586.41103010019,False,False,6,,,,,60586.20135420002,60586.41103010019,0.2096759001724422,11.967122243969673,-12.918909538688704,0.0293306438720393,0.0285882102868402,SN,stamp_classifier,0.91018546,24.5.2a6,SN,2.832411031115015e+18,F:\ZTF_Adjusted_Dataset\stamps\SN\ZTF24ablbtzm,,2.0,r,21.423601150512695,0.21104159951210022,0.15520800650119781,0.0024999999441206455,0.002083329949527979,0.2924979329109192,12.260316848754883,18.366962432861328,0.9769999980926514,1.1773988008499146,t,6.0,1362.0,1.5759999752044678,0.10100000351667404
ZTF24abdjbyl,24,1944,60547.34111109981,60561.42600690015,True,False,12,,,,,60548.34231479978,60561.42600690015,13.083692100364717,0.5847078666831258,18.45642790877925,0.028565985298782,0.0270966837683361,SN,stamp_classifier,0.9101785,24.5.2a6,SN,2.796326442415015e+18,F:\ZTF_Adjusted_Dataset\stamps\SN\ZTF24abdjbyl,,1.0,g,20.177675247192383,0.15401217341423035,0.0016666699666529894,0.5,0.9975000023841858,0.17583411931991577,0.8731661438941956,19.31227684020996,0.9580000042915344,1.850000023841858,t,7.0,1918.0,3.496999979019165,0.14499999582767487
ZTF24abambkn,28,5272,60528.46695599984,60547.44391199993,True,False,8,,,,,60532.46597220004,60547.44391199993,14.977939799893647,19.97801988903609,35.93511723827437,0.0545021913824452,0.0441294485655245,SN,stamp_classifier,0.9101538,24.5.2a6,SN,2.778465975115015e+18,F:\ZTF_Adjusted_Dataset\stamps\SN\ZTF24abambkn,,1.0,g,19.93437385559082,0.11588019877672195,0.13159500062465668,0.5,0.5,0.1498272567987442,1.2693942785263062,6.180859565734863,0.9380000233650208,1.231152892112732,t,2.0,5196.0,6.0920000076293945,0.5849999785423279
ZTF21abcgrow,9,1494,59356.45307870023,59371.4510764,True,False,9,-0.030287,0.103501,0.23548815,0.3249264,59356.45307870023,59371.4510764,14.997997699771076,338.58607033333334,44.73863317777777,5.455646158685366e-05,3.376484035830098e-05,SN,stamp_classifier,0.9101391,correction_0.0.1,SN,1.602453071515015e+18,F:\ZTF_Adjusted_Dataset\stamps\SN\ZTF21abcgrow,,1.0,g,19.616413116455078,0.12174518406391144,0.0016666699666529894,0.9573749899864197,0.996167004108429,0.4975060820579529,3.2946135997772217,7.209369659423828,0.9679999947547913,3.0799999237060547,t,1.0,1486.0,1.0180000066757202,0.17499999701976776
ZTF24aaaeuuv,14,1777,60308.273888899945,60326.37126159994,True,False,7,,,,,60314.18732640008,60326.37126159994,12.183935199864209,102.73921287704344,32.22326103295173,0.0320300575948212,0.0270966838181738,SN,stamp_classifier,0.91010165,23.12.25,SN,2.560187322215015e+18,F:\ZTF_Adjusted_Dataset\stamps\SN\ZTF24aaaeuuv,,2.0,r,19.60452651977539,0.12257219105958939,0.003645830089226365,0.014315499924123287,0.07933329790830612,0.9420435428619385,6.048288345336914,14.833439826965332,0.972000002861023,2.7699999809265137,t,2.0,1765.0,1.7599999904632568,0.07800000160932541
ZTF24aaaaljm,1,1723,60311.12958330009,60311.12958330009,True,False,1,,,,,60311.12958330009,60311.12958330009,0.0,12.401763600000002,-18.036208,0.0893926620483398,0.0850000008940696,SN,stamp_classifier,0.90988064,23.12.25,SN,2.557129583015015e+18,F:\ZTF_Adjusted_Dataset\stamps\SN\ZTF24aaaaljm,,2.0,r,19.60822868347168,0.1164652407169342,0.0,0.9950000047683716,0.0012499999720603228,0.7135748267173767,23.049184799194336,25.56888198852539,0.9490000009536743,2.2699999809265137,t,1.0,1723.0,2.253000020980835,0.20399999618530273
ZTF23aaktodn,1,2725,60084.5,60084.5,True,False,1,,,,,60084.38873839984,60084.38873839984,0.0,234.1624985,56.3062248,,,SN,stamp_classifier,0.9098308,1.2.0,SN,2.330388734015015e+18,F:\ZTF_Adjusted_Dataset\stamps\SN\ZTF23aaktodn,,2.0,r,19.418331146240234,0.13374701142311096,0.057500001043081284,0.0037499999161809683,0.02704169973731041,0.7844251990318298,8.90561294555664,13.058503150939941,0.800000011920929,1.4469319581985474,t,1.0,2725.0,5.270999908447266,0.5490000247955322
ZTF22aarrbne,37,1435,59761.25,59823.25,False,False,37,0.35329,0.474322,-0.017027203,0.3833408,59761.36491899984,59823.26531249983,61.90039349999279,289.3375114297298,43.36160038378379,4.5296608069739934e-05,1.620582051656235e-05,SN,stamp_classifier,0.90980285,dev,SN,2.009321645515015e+18,F:\ZTF_Adjusted_Dataset\stamps\SN\ZTF22aarrbne,,2.0,r,19.80405044555664,0.11072923243045807,0.01829170063138008,0.9642080068588257,0.7428780198097229,1.287421703338623,9.3693265914917,12.65870189666748,0.9769999980926514,2.049999952316284,t,2.0,1392.0,6.0279998779296875,0.4869999885559082
ZTF24abktnni,1,1183,60586.15120369988,60586.15120369988,True,False,1,,,,,60586.15120369988,60586.15120369988,0.0,14.8756712,-5.8945811,0.0854518264532089,0.0850000008940696,SN,stamp_classifier,0.9097319,24.5.2a6,SN,2.832151201115015e+18,F:\ZTF_Adjusted_Dataset\stamps\SN\ZTF24abktnni,,2.0,r,19.48935317993164,0.10978781431913376,0.026291700080037117,0.8415650129318237,0.458065003156662,0.4186112880706787,4.99381685256958,14.5284423828125,0.9890000224113464,1.2413700819015503,t,1.0,1183.0,2.305999994277954,0.17399999499320984
ZTF24aaiuoje,6,2342,60409.14025459997,60411.293009299785,True,False,6,,,,,60409.14025459997,60411.293009299785,2.1527546998113394,169.55472889448356,30.55333448922733,0.0346167990537973,0.0298104754913835,SN,stamp_classifier,0.909717,24.4.1,SN,2.655140251215015e+18,F:\ZTF_Adjusted_Dataset\stamps\SN\ZTF24aaiuoje,,2.0,r,20.986692428588867,0.1361507773399353,0.0,0.5,0.0024999999441206455,0.07504235953092575,0.17571459710597992,5.505186557769775,0.9549999833106995,2.5399999618530273,t,1.0,2333.0,5.460999965667725,0.34599998593330383
ZTF18abvjkvw,1,59,58373.3290161998,58373.3290161998,False,False,1,,,,,58373.3290161998,58373.3290161998,0.0,10.4983203,-0.4940638,,,SN,stamp_classifier,0.9096586,corr_bulk_0.0.1,SN,6.19329015515015e+17,F:\ZTF_Adjusted_Dataset\stamps\SN\ZTF18abvjkvw,,2.0,r,19.281692504882812,0.07817801088094711,0.006416670046746731,0.5,0.07295829802751541,5.570364952087402,8.619117736816406,8.97204875946045,0.9760000109672546,2.7100000381469727,t,1.0,59.0,6.229000091552734,0.3009999990463257
ZTF18abiczpm,38,2725,58317.5,60093.5,True,False,28,0.174269,0.724946,0.4550176,0.8533318,58317.41160879983,60093.44996530004,1776.038356500212,278.91539511785714,46.83219081071429,7.953385513893782e-05,8.254932235704341e-05,SN,stamp_classifier,0.909658,1.2.0,SN,5.6341160281501504e+17,F:\ZTF_Adjusted_Dataset\stamps\SN\ZTF18abiczpm,,2.0,r,20.02149772644043,0.20214766263961792,0.018083300441503525,0.4011189937591553,0.5,0.41655945777893066,11.712733268737793,13.000192642211914,0.8389999866485596,1.2628071308135986,t,1.0,376.0,5.025000095367432,0.41100001335144043
ZTF22abfzvai,139,2427,59839.5,59935.25,True,False,39,0.031093,0.108965,0.2254363,0.23982152,59840.4264814998,59935.220057900064,94.79357640026136,37.13684987179487,-13.170722446153846,5.484305813552497e-05,5.7058966941939314e-05,SN,stamp_classifier,0.9096042,1.1.6,SN,2.086426481415015e+18,F:\ZTF_Adjusted_Dataset\stamps\SN\ZTF22abfzvai,,1.0,g,19.139408111572266,0.0922614112496376,0.0,0.5,0.8681250214576721,0.4401647448539734,0.5937454700469971,9.279566764831543,0.9810000061988831,2.0799999237060547,t,7.0,1931.0,2.940999984741211,0.19099999964237213
ZTF18aarwxum,268,2517,58246.42620369978,58727.28918980016,True,False,131,-0.04660797,0.114005744,0.12903976,0.23478884,58679.240601900034,58727.28918980016,48.048587900120765,267.37146962824426,58.569383398473285,7.494948275584949e-05,3.431388816068388e-05,SN,stamp_classifier,0.90954953,corr_bulk_0.0.1,SN,9.73289185615015e+17,F:\ZTF_Adjusted_Dataset\stamps\SN\ZTF18aarwxum,,2.0,r,20.115352630615234,0.16670460999011993,0.05708330124616623,0.5,0.5,0.5022085905075073,1.1894129514694214,2.5072736740112305,0.9110000133514404,1.600000023841858,t,268.0,2517.0,4.502999782562256,0.3149999976158142
ZTF24abairtj,9,2969,60527.31990739983,60534.34019679995,True,False,6,,,,,60527.31990739983,60534.34019679995,7.020289400126785,352.06725964713274,27.30773573520826,0.0455006414827596,0.0404298346122968,SN,stamp_classifier,0.90953714,24.5.2a6,SN,2.778298854115015e+18,F:\ZTF_Adjusted_Dataset\stamps\SN\ZTF24abairtj,,1.0,g,20.644229888916016,0.20400522649288177,0.0,0.020297599956393242,0.027458300814032555,0.06335721909999847,7.277772903442383,22.058900833129883,0.9559999704360962,2.690000057220459,t,6.0,2965.0,0.5879999995231628,0.057999998331069946
ZTF24abksptu,1,1456,60586.15120369988,60586.15120369988,True,False,1,,,,,60586.15120369988,60586.15120369988,0.0,15.9933527,-4.769975,0.0852954164147377,0.0850000008940696,SN,stamp_classifier,0.9094374,24.5.2a6,SN,2.832151200515015e+18,F:\ZTF_Adjusted_Dataset\stamps\SN\ZTF24abksptu,,2.0,r,20.119117736816406,0.15963312983512878,0.0016666699666529894,0.004916669800877571,0.0012499999720603228,0.6528998613357544,5.91083288192749,12.175829887390137,0.9829999804496765,1.2169641256332397,t,1.0,1456.0,3.3959999084472656,0.38600000739097595
ZTF21aaqehcy,21,2472,59292.45700229984,59309.41159720021,False,False,10,-0.152718,,-0.19907644,,59292.45700229984,59309.41159720021,16.95459490036592,243.06658988,37.5399382,6.469239694466984e-05,8.20888542973865e-05,SN,stamp_classifier,0.9094264,correction_0.0.1,SN,1.538457001115015e+18,F:\ZTF_Adjusted_Dataset\stamps\SN\ZTF21aaqehcy,,1.0,g,19.584917068481445,0.09478657692670822,0.5,0.01983330026268959,0.6123899817466736,2.26878023147583,4.536741256713867,10.508947372436523,0.9679999947547913,2.1500000953674316,t,1.0,2434.0,5.872000217437744,0.31299999356269836
ZTF21abjdqbo,157,2821,58332.26172449999,59440.22055559978,True,False,32,-0.046309,0.484827,0.16407368,0.65835553,59400.30847219983,59440.22055559978,39.91208339994773,260.673391890625,63.1863287375,5.04478226658495e-05,1.8835959946767084e-05,SN,stamp_classifier,0.9091966,correction_1.0.6,SN,1.646308473715015e+18,F:\ZTF_Adjusted_Dataset\stamps\SN\ZTF21abjdqbo,,1.0,g,19.57335090637207,0.15220195055007935,0.0033333299215883017,0.5,0.5,0.7294793725013733,1.885457992553711,2.7500901222229004,0.9430000185966492,2.9600000381469727,t,6.0,2644.0,4.354000091552734,0.17599999904632568
ZTF24abardul,1,2687,60533.35115739983,60533.35115739983,True,False,1,,,,,60533.35115739983,60533.35115739983,0.0,340.1270035,32.1921029,0.1004411578178405,0.0850000008940696,SN,stamp_classifier,0.9086955,24.5.2a6,SN,2.779351151815015e+18,F:\ZTF_Adjusted_Dataset\stamps\SN\ZTF24abardul,,2.0,r,20.15505599975586,0.13648824393749237,0.005625000223517418,0.13516700267791748,0.7477200031280518,0.3731739819049835,6.702570915222168,12.628721237182617,0.878000020980835,1.1880784034729004,t,1.0,2687.0,3.9590001106262207,0.19699999690055847
ZTF20abfszej,59,1845,59014.34581020009,59053.30476849992,False,False,86,0.12872124,,0.27852058,,59014.34581020009,59053.30476849992,38.95895829983056,260.7004087290697,65.57573325348835,9.63081596517588e-05,3.80581650750776e-05,SN,stamp_classifier,0.9086819,corr_bulk_0.0.1,SN,1.289259691515015e+18,F:\ZTF_Adjusted_Dataset\stamps\SN\ZTF20abfszej,,2.0,r,19.557641983032227,0.17033086717128754,0.5,0.024125000461935997,0.07150000333786011,0.45133650302886963,1.7157005071640015,4.379793167114258,0.9729999899864197,1.150266170501709,t,29.0,1572.0,4.241000175476074,0.2240000069141388
ZTF23aaejwdu,47,2069,60042.5,60067.5,True,False,21,-0.158458,0.325971,-0.115055054,0.38620555,60042.40891199978,60067.41422449984,25.00531250005588,244.2987681952381,52.05498077619048,3.4838333433487215e-05,1.8125366334799986e-05,SN,stamp_classifier,0.9086665,1.2.0,SN,2.288408911015015e+18,F:\ZTF_Adjusted_Dataset\stamps\SN\ZTF23aaejwdu,,1.0,g,18.98590087890625,0.10314587503671646,0.0016666699666529894,0.30937498807907104,-999.0,0.2920132279396057,15.481433868408203,-999.0,0.9800000190734863,2.700000047683716,t,1.0,2011.0,4.479000091552734,0.23600000143051147
ZTF24abkllyo,26,1755,60213.32828699984,60949.3112499998,True,False,19,,,,,60585.26046299981,60949.3112499998,364.0507869999856,1.0887947074301756,-0.2208182595976403,0.0066886102479003,0.0066885604142409,SN,stamp_classifier,0.9086561,27.5.6,SN,2.831260465915015e+18,F:\ZTF_Adjusted_Dataset\stamps\SN\ZTF24abkllyo,,2.0,r,21.11341094970703,0.17805486917495728,0.11083299666643143,0.9923329949378967,0.5,0.11286303400993347,2.3297722339630127,4.760350227355957,0.9929999709129333,1.2182608842849731,t,2.0,1363.0,1.9220000505447388,0.09099999815225601
ZTF24aaadmcs,1,4008,60311.55208329996,60311.55208329996,True,False,1,,,,,60311.55208329996,60311.55208329996,0.0,252.9374755,41.2007927,0.1129709556698799,0.0850000008940696,SN,stamp_classifier,0.9085362,23.12.25,SN,2.557552083815015e+18,F:\ZTF_Adjusted_Dataset\stamps\SN\ZTF24aaadmcs,,2.0,r,19.58103370666504,0.143934428691864,0.0,0.0,0.5,0.2220999300479889,7.352625846862793,8.572420120239258,0.9829999804496765,1.590000033378601,t,1.0,4008.0,3.6549999713897705,0.3409999907016754
ZTF26aaazjgm,31,2674,61052.39255789993,61065.3833912001,True,False,11,,,,,61052.39354170021,61065.3833912001,12.989849499892443,177.78620662438198,67.93856556145772,0.0579309165722453,0.0217588830401701,SN,stamp_classifier,0.9085305,27.5.7a32.dev1,SN,,F:\ZTF_Adjusted_Dataset\stamps\SN\ZTF26aaazjgm,,,,,,,,,,,,,,,,,,
ZTF24abktrxo,1,1258,60586.17797450023,60586.17797450023,True,False,1,,,,,60586.17797450023,60586.17797450023,0.0,14.4688876,-12.3026717,0.086997851729393,0.0850000008940696,SN,stamp_classifier,0.90851927,24.5.2a6,SN,2.832177970115015e+18,F:\ZTF_Adjusted_Dataset\stamps\SN\ZTF24abktrxo,,2.0,r,19.499082565307617,0.1161988154053688,0.004999999888241291,0.5927320122718811,0.0,0.35150012373924255,17.199726104736328,17.515140533447266,0.9869999885559082,1.227299451828003,t,1.0,1258.0,3.7669999599456787,0.4359999895095825
ZTF24aajdntb,3,6488,59452.26057869988,60411.454432900064,True,False,1,,,,,60411.454432900064,60411.454432900064,0.0,251.9657399,22.8254286,0.0922217890620231,0.0850000008940696,SN,stamp_classifier,0.9084694,24.4.1,SN,2.657454431415015e+18,F:\ZTF_Adjusted_Dataset\stamps\SN\ZTF24aajdntb,,2.0,r,21.507217407226562,0.19657373428344727,0.0037499999161809683,0.0,0.002083329949527979,0.1656462550163269,4.120277404785156,10.19792652130127,0.9509999752044678,1.3556663990020752,t,3.0,6488.0,2.372999906539917,0.23000000417232513
ZTF21aanwent,28,1488,59268.36765050003,59317.41196760023,False,False,40,-0.137673,-0.169266,-0.025683317,-0.06880565,59268.36765050003,59317.41196760023,49.04431710019708,211.0087561875,65.711382275,0.0001269852428073,3.735684298664059e-05,SN,stamp_classifier,0.9082838,correction_0.0.1,SN,1.521392755215015e+18,F:\ZTF_Adjusted_Dataset\stamps\SN\ZTF21aanwent,,2.0,r,19.54646110534668,0.14129061996936798,0.0037499999161809683,0.15241700410842896,-999.0,0.34339597821235657,14.925867080688477,-999.0,0.9800000190734863,2.430000066757202,t,5.0,1446.0,0.6349999904632568,-0.05900000035762787
ZTF24aabclwe,10,2480,60311.485682900064,60327.49579859991,True,False,8,,,,,60311.485682900064,60327.49579859991,16.010115699842572,209.91212036350976,58.87313175720478,0.0499417511901888,0.0258166290744315,SN,stamp_classifier,0.90772694,23.12.25,SN,2.570479580715015e+18,F:\ZTF_Adjusted_Dataset\stamps\SN\ZTF24aabclwe,,2.0,r,19.28669548034668,0.11653841286897659,0.00645832996815443,0.8547080159187317,-999.0,1.1268482208251953,23.30002784729004,-999.0,0.8769999742507935,3.130000114440918,t,7.0,2475.0,4.1539998054504395,0.3449999988079071
ZTF25acehuea,43,1557,61003.1808449002,61056.101331000216,True,False,21,,,,,61005.17249999987,61056.101331000216,50.92883100034669,7.412188414291299,-11.864000596478776,0.016595733762795,0.0162412211753723,SN,stamp_classifier,0.907708,27.5.7a32.dev1,SN,3.251172500115015e+18,F:\ZTF_Adjusted_Dataset\stamps\SN\ZTF25acehuea,,2.0,r,19.256898880004883,0.1251475214958191,0.0012499999720603228,0.0061666700057685375,0.9605000019073486,0.3851562440395355,8.86854362487793,20.422121047973633,0.9779999852180481,3.0299999713897705,t,4.0,1505.0,1.6670000553131104,0.1720000058412552
ZTF24ablabga,2,1183,60585.377719900105,60586.366504599806,True,False,2,,,,,60585.377719900105,60586.366504599806,0.9887846997007728,3.876877699998433,6.668490449999999,0.0605134704460691,0.0601040770330592,SN,stamp_classifier,0.90770674,24.5.2a6,SN,2.832366505815015e+18,F:\ZTF_Adjusted_Dataset\stamps\SN\ZTF24ablabga,,2.0,r,21.035505294799805,0.15595032274723053,0.0,0.9987499713897705,0.9747920036315918,0.1821679174900055,14.241000175476074,16.443086624145508,0.9459999799728394,1.3022024631500244,t,2.0,1183.0,2.8940000534057617,0.19699999690055847
ZTF18aaqklis,11,2824,60357.43116899999,60482.21805559984,True,False,4,,,,,60475.22620370006,60482.21805559984,6.9918518997728825,182.3458274999112,53.24251855,0.054308844730181,0.0324999988079071,SN,stamp_classifier,0.9075372,24.5.1,SN,2.721226202315015e+18,F:\ZTF_Adjusted_Dataset\stamps\SN\ZTF18aaqklis,,1.0,g,19.530168533325195,0.12568791210651398,0.004999999888241291,0.5,0.5,0.35277533531188965,1.3933334350585938,2.198044776916504,0.9950000047683716,2.440000057220459,t,3.0,2811.0,6.188000202178955,0.4230000078678131
ZTF24abnpelc,44,2938,58695.31196760014,60647.10070599988,True,False,27,,,,,60602.25777779985,60639.16004629992,36.902268500067294,280.3518850380135,70.34252975313548,0.0411794055453929,0.0138526004162944,SN,stamp_classifier,0.9074038,25.0.0,SN,2.850200214015015e+18,F:\ZTF_Adjusted_Dataset\stamps\SN\ZTF24abnpelc,,2.0,r,18.755598068237305,0.09991651028394699,0.004583329893648624,0.5,0.5,0.6320592164993286,1.9823094606399536,2.4024946689605713,1.0,2.25,t,9.0,2889.0,4.14900016784668,0.2409999966621399
ZTF24aaizivv,1,3716,60410.43396990001,60410.43396990001,True,False,1,,,,,60410.43396990001,60410.43396990001,0.0,241.3937377,37.9472547,0.1077890694141388,0.0850000008940696,SN,stamp_classifier,0.9073961,24.4.1,SN,2.656433961215015e+18,F:\ZTF_Adjusted_Dataset\stamps\SN\ZTF24aaizivv,,2.0,r,21.37628746032715,0.21487650275230408,0.0008333330042660236,0.5,0.865444004535675,0.4640148878097534,1.3361109495162964,5.5844407081604,0.9179999828338623,1.3591558933258057,t,1.0,3716.0,5.099999904632568,0.5099999904632568
ZTF24abksbbc,2,1391,59760.44859950012,60586.12158560008,True,False,1,,,,,60586.12158560008,60586.12158560008,0.0,4.1652909,4.907337900000001,0.0853127241134643,0.0850000008940696,SN,stamp_classifier,0.9073659,24.5.2a6,SN,2.8321215842150154e+18,F:\ZTF_Adjusted_Dataset\stamps\SN\ZTF24abksbbc,,2.0,r,19.66064453125,0.12807437777519226,0.0016666699666529894,0.9889580011367798,0.0,0.5753159523010254,18.325435638427734,21.77174186706543,0.9559999704360962,1.2863435745239258,t,2.0,1391.0,5.460999965667725,0.6460000276565552
ZTF18aaruphf,2,3528,58311.22883100016,60409.43685190007,True,False,1,,,,,60409.43685190007,60409.43685190007,0.0,256.5967164,28.3337937,0.09656922519207,0.0850000008940696,SN,stamp_classifier,0.90732,24.4.1,SN,2.655436855415015e+18,F:\ZTF_Adjusted_Dataset\stamps\SN\ZTF18aaruphf,,2.0,r,20.67449378967285,0.13519249856472015,0.0731457993388176,0.5,0.058708298951387405,0.6099456548690796,2.318885087966919,7.579601764678955,0.9779999852180481,1.368417739868164,t,2.0,3528.0,5.5370001792907715,0.6890000104904175
ZTF23aaczvhf,31,3195,58429.5,60036.5,True,False,12,0.04275102,0.19509739,-0.15863283,0.121074975,60016.215706000105,60036.4265509001,20.21084489999339,158.273782525,65.025410675,6.115896017066396e-05,3.77409621918826e-05,SN,stamp_classifier,0.9073053,1.1.6,SN,2.266214666115015e+18,F:\ZTF_Adjusted_Dataset\stamps\SN\ZTF23aaczvhf,,1.0,g,19.309097290039062,0.1372128278017044,0.0,-999.0,-999.0,1.0990276336669922,-999.0,-999.0,0.9789999723434448,2.509999990463257,t,11.0,3161.0,1.6200000047683716,0.04500000178813934
ZTF25abmmtjj,26,5322,60910.3345718002,60918.369131899904,True,False,13,,,,,60912.44651619997,60918.369131899904,5.9226156999357045,358.34119712146764,8.241121265196004,0.0202603944405792,0.0200511771049948,SN,stamp_classifier,0.90723836,27.5.6,SN,3.160363465315015e+18,F:\ZTF_Adjusted_Dataset\stamps\SN\ZTF25abmmtjj,,2.0,r,20.43121337890625,0.18166965246200562,0.02812499925494194,0.5,0.5,0.30860161781311035,7.294181823730469,14.506538391113281,0.7789999842643738,1.440000057220459,t,9.0,5291.0,0.9980000257492065,0.10499999672174454
ZTF25aanlfrx,19,2250,60785.3724769,60820.42767360015,True,False,8,,,,,60790.38277779985,60820.42767360015,30.044895800296217,261.6438265859202,16.831877319979064,0.0269721564313541,0.0258166290744315,SN,stamp_classifier,0.90716654,27.5.6,SN,3.036382770415015e+18,F:\ZTF_Adjusted_Dataset\stamps\SN\ZTF25aanlfrx,,1.0,g,19.56097984313965,0.1046975702047348,0.0,0.023499999195337296,0.9987499713897705,0.2709091305732727,11.244734764099121,14.217796325683594,0.9739999771118164,2.6500000953674316,t,3.0,2222.0,3.319000005722046,0.3400000035762787
ZTF24abklsem,18,1189,60530.38045139983,60586.43671299983,True,False,11,,,,,60585.22835650016,60586.43671299983,1.208356499671936,3.780543709919905,6.204120843115253,0.0272563196855549,0.0270966837783037,SN,stamp_classifier,0.90698814,24.5.2a6,SN,2.831274904115015e+18,F:\ZTF_Adjusted_Dataset\stamps\SN\ZTF24abklsem,,1.0,g,21.257568359375,0.19852034747600555,0.06064290180802345,0.004583329893648624,0.5,0.19026026129722595,16.463932037353516,16.852907180786133,0.9700000286102295,3.0,t,9.0,1164.0,0.7210000157356262,0.014000000432133675
ZTF21aaowaxx,777,5372,59282.51354169985,59486.18209489994,True,False,228,-0.014526,0.007646,0.34881857,0.2504054,59282.51354169985,59486.18209489994,203.66855320008472,252.9938154890351,62.56787437675438,0.000110516922032,4.165312532465636e-05,SN,stamp_classifier,0.9069585,correction_1.0.6,SN,1.528513544615015e+18,F:\ZTF_Adjusted_Dataset\stamps\SN\ZTF21aaowaxx,,2.0,r,19.297298431396484,0.10030614584684372,0.1545950025320053,0.03098209947347641,0.5,0.20753076672554016,1.1412324905395508,2.12730073928833,0.9959999918937683,2.4100000858306885,t,1.0,4233.0,2.5269999504089355,0.2540000081062317
ZTF20aawxjqu,7,188,58964.446261600126,58970.42954860022,True,False,7,0.053556442,0.33756444,-0.0009441376,0.3323165,58964.446261600126,58970.42954860022,5.983287000097334,1.526417857142857,82.83157205714285,0.0003391138887214,5.932969625030693e-05,SN,stamp_classifier,0.90694284,corr_bulk_0.0.1,SN,1.216429541715015e+18,F:\ZTF_Adjusted_Dataset\stamps\SN\ZTF20aawxjqu,,2.0,r,19.888120651245117,0.14468228816986084,0.011410700157284737,0.5,0.0,0.23235291242599487,0.4195219874382019,5.251802921295166,0.9470000267028809,2.0399999618530273,t,7.0,188.0,0.8339999914169312,0.10100000351667404
ZTF24abkwwym,2,1360,59195.144826400094,60586.27781250002,True,False,1,,,,,60586.27781250002,60586.27781250002,0.0,6.126185,-11.2182066,0.0866556987166404,0.0850000008940696,SN,stamp_classifier,0.90691686,24.5.2a6,SN,2.832277812215015e+18,F:\ZTF_Adjusted_Dataset\stamps\SN\ZTF24abkwwym,,2.0,r,21.499197006225586,0.2042877972126007,0.0,0.5,0.0006249999860301614,0.5408107042312622,24.343965530395508,25.284265518188477,0.9559999704360962,1.2169641256332397,t,2.0,1360.0,3.1500000953674316,0.22300000488758087
ZTF22aauykdn,9,1292,59782.25,59797.5,True,False,9,0.194594,0.679371,0.19691177,0.7034384,59782.32913189987,59797.40769679984,15.078564899973571,328.353565,43.48592788888889,3.2394598325753094e-05,1.9821165735277053e-05,SN,stamp_classifier,0.9067767,dev,SN,2.028329135715015e+18,F:\ZTF_Adjusted_Dataset\stamps\SN\ZTF22aauykdn,,1.0,g,19.770837783813477,0.11727364361286163,0.002916669938713312,0.5073419809341431,0.7252950072288513,0.21912474930286407,6.0142059326171875,9.875722885131836,0.9779999852180481,2.049999952316284,t,1.0,1281.0,5.741000175476074,0.4410000145435333
ZTF25aalvvkc,8,3007,58694.346319399774,60787.46709490009,True,False,8,,,,,60772.48960650014,60787.46709490009,14.977488399948925,290.1523758174903,63.25803132788793,0.0615465958165655,0.0276943223849495,SN,stamp_classifier,0.9067156,26.0.1,SN,3.018489603615015e+18,F:\ZTF_Adjusted_Dataset\stamps\SN\ZTF25aalvvkc,,2.0,r,19.14090347290039,0.09255654364824295,0.03458330035209656,0.9371190071105957,0.5,0.20823772251605988,9.85334300994873,11.126814842224121,0.9909999966621399,1.1880784034729004,t,2.0,3000.0,5.697999954223633,0.24799999594688416
ZTF24aanvten,24,4092,60440.44702549977,60461.32986109983,True,False,11,,,,,60440.44702549977,60461.32986109983,20.88283560005948,249.57230791185023,39.85245631519074,0.0277058136089487,0.0212696735797344,SN,stamp_classifier,0.90665025,24.5.1,SN,2.691329752815015e+18,F:\ZTF_Adjusted_Dataset\stamps\SN\ZTF24aanvten,,2.0,r,20.094192504882812,0.16827617585659027,0.0041666701436042786,0.0024999999441206455,0.0,0.6212174892425537,7.247491836547852,12.16807746887207,0.9660000205039978,2.8499999046325684,t,3.0,4052.0,5.031000137329102,0.47999998927116394
ZTF24aahepii,10,8019,60388.48775460012,60391.46784720011,True,False,10,,,,,60387.49210650008,60391.46784720011,3.9757407000288367,258.0000260794507,48.97458390364051,0.0361383212639555,0.0237209678415277,SN,stamp_classifier,0.90650994,23.12.25,SN,2.633492103215015e+18,F:\ZTF_Adjusted_Dataset\stamps\SN\ZTF24aahepii,,2.0,r,19.514131546020508,0.12632761895656586,0.004791670013219118,0.5,0.045875001698732376,0.38172683119773865,0.585228681564331,1.5494059324264526,0.9739999771118164,2.890000104904175,t,1.0,8008.0,1.972000002861023,0.2809999883174896
ZTF23aaixbbe,80,4116,60064.25,60114.25,True,False,26,-0.166521,-0.073789,-0.17399798,-0.03415895,60064.45576390019,60114.34488430014,49.889120399951935,254.0320704346154,48.35142393846154,5.786194564414833e-05,3.3298793694279366e-05,SN,stamp_classifier,0.9063906,1.2.0,SN,2.318432463815015e+18,F:\ZTF_Adjusted_Dataset\stamps\SN\ZTF23aaixbbe,,1.0,g,19.011428833007812,0.13947412371635437,0.0,-999.0,-999.0,0.6755056381225586,-999.0,-999.0,0.9810000061988831,2.2100000381469727,t,7.0,4013.0,0.32499998807907104,0.04899999871850014
ZTF25abmvvmj,6,1662,60916.33877310017,60922.437604200095,True,False,4,,,,,60916.33877310017,60922.437604200095,6.0988310999237,7.757792575,2.26403375,0.0325253903865814,0.0324999988079071,SN,stamp_classifier,0.906386,27.5.6,SN,3.162338770115015e+18,F:\ZTF_Adjusted_Dataset\stamps\SN\ZTF25abmvvmj,,1.0,g,20.297740936279297,0.18722984194755554,0.0,0.10883300006389618,1.0,0.5843700766563416,5.701875686645508,9.309672355651855,0.8920000195503235,1.238823652267456,t,1.0,1651.0,3.1989998817443848,0.3190000057220459
ZTF18acmzvqx,17,140,58428.33315970004,58456.252696800046,True,False,17,-0.10294533,-0.09359622,0.11887741,0.20482044,58428.33315970004,58456.252696800046,27.91953710000962,53.32529155294117,-6.245737411764706,0.0001184440116551,5.776870781789492e-05,SN,stamp_classifier,0.9062927,corr_bulk_0.0.1,SN,7.02252690215015e+17,F:\ZTF_Adjusted_Dataset\stamps\SN\ZTF18acmzvqx,,2.0,r,19.775617599487305,0.17358502745628357,0.0012499999720603228,0.0037499999161809683,0.5,0.8010242581367493,19.235837936401367,19.464536666870117,0.9399999976158142,2.619999885559082,t,17.0,140.0,0.8579999804496765,-0.1940000057220459
ZTF24aaivysn,16,1894,60327.51656250004,60411.46615740005,False,False,11,,,,,60389.49802079983,60411.46615740005,21.968136600218717,237.65064659561492,17.647845976283726,0.0059311203893651,0.0056519889441415,SN,stamp_classifier,0.9062745,24.4.1,SN,2.655377552715015e+18,F:\ZTF_Adjusted_Dataset\stamps\SN\ZTF24aaivysn,,3.0,i,20.537206649780273,0.11069895327091217,0.5,0.009583329781889915,0.0010000000474974513,1.6840252876281738,2.361271381378174,9.51220989227295,0.9769999980926514,2.2200000286102295,t,11.0,1891.0,5.1020002365112305,0.5699999928474426
ZTF24aazgyku,40,1595,60526.47628469998,60611.3212731001,True,False,17,,,,,60526.47628469998,60611.3212731001,84.84498840011656,39.64341905741436,1.3739356542250225,0.0441421394722239,0.0441294481780287,SN,stamp_classifier,0.906271,24.5.2a6,SN,2.778440831115015e+18,F:\ZTF_Adjusted_Dataset\stamps\SN\ZTF24aazgyku,,1.0,g,20.4185791015625,0.14290334284305573,0.0,0.5,0.9800000190734863,0.5045272707939148,0.8214502334594727,8.971734046936035,0.9470000267028809,3.450000047683716,t,5.0,1479.0,1.284000039100647,0.12300000339746475
ZTF25aairbeq,2,1447,58429.50990739977,60739.40855319984,True,False,1,,,,,60739.40855319984,60739.40855319984,0.0,189.6801563,73.0860133,0.2234170138835907,0.0649999976158142,SN,stamp_classifier,0.9061938,26.0.1,SN,2.985408550315015e+18,F:\ZTF_Adjusted_Dataset\stamps\SN\ZTF25aairbeq,,1.0,g,19.946578979492188,0.1404942274093628,0.004833329934626818,0.5,0.8053960204124451,0.8568220734596252,3.3635294437408447,11.179535865783691,0.8870000243186951,2.4000000953674316,t,2.0,1447.0,5.269999980926514,0.3059999942779541
ZTF21abgedde,44,1306,59352.47623840021,59459.32374999998,True,False,26,0.119657,0.209673,0.23825462,0.34040016,59352.47623840021,59459.32374999998,106.84751159977168,2.4627187423076924,36.470862446153845,7.505934810842312e-05,2.750867835124395e-05,SN,stamp_classifier,0.9061935,correction_1.0.6,SN,1.628453965215015e+18,F:\ZTF_Adjusted_Dataset\stamps\SN\ZTF21abgedde,,2.0,r,19.59068489074707,0.1263132244348526,0.0018749999580904841,0.5,0.6855949759483337,0.13704700767993927,18.076969146728516,18.174835205078125,0.9739999771118164,2.6500000953674316,t,5.0,1233.0,1.6670000553131104,0.14399999380111694
ZTF18aawmeiw,59,2653,58368.25,59909.25,False,False,61,0.119486,0.562111,0.27784935,1.0637263,59849.19581020018,59909.12826390006,59.93245369987562,266.8111830688525,64.26397987213115,5.3473200578068905e-05,2.9641711213760512e-05,SN,stamp_classifier,0.9060674,1.1.6,SN,2.097132216215015e+18,F:\ZTF_Adjusted_Dataset\stamps\SN\ZTF18aawmeiw,,2.0,r,18.73653793334961,0.090388223528862,0.06144639849662781,0.5,0.8266249895095825,1.4842082262039185,5.202071666717529,14.375000953674316,0.9990000128746033,1.1706746816635132,t,9.0,2598.0,5.327000141143799,0.46299999952316284
ZTF24abnymno,7,1697,60599.14812499983,60614.09371529985,True,False,5,,,,,60599.14812499983,60614.09371529985,14.94559030001983,317.0337134499995,-3.5468340000005085,0.0602194220924976,0.0601040767067179,SN,stamp_classifier,0.90600383,24.5.2a6,SN,2.852167022815015e+18,F:\ZTF_Adjusted_Dataset\stamps\SN\ZTF24abnymno,,2.0,r,19.597551345825195,0.11075548827648163,0.006208329927176237,0.5,0.5,0.4558618366718292,0.509429395198822,1.0078805685043335,0.9779999852180481,2.5299999713897705,t,3.0,1690.0,1.9910000562667847,0.21199999749660492
ZTF22abfvsgd,7,1813,59839.25,59845.25,True,False,5,0.008491,0.643561,0.044441283,0.663162,59839.17622689996,59845.15532410005,5.979097200091928,256.8943913,73.73032302,0.0001017437958746,4.021500963621239e-05,SN,stamp_classifier,0.90600127,dev,SN,2.085176220415015e+18,F:\ZTF_Adjusted_Dataset\stamps\SN\ZTF22abfvsgd,,1.0,g,20.03649139404297,0.16022033989429474,0.004749999847263098,0.5,0.5,0.37018805742263794,1.5228424072265625,13.60407829284668,0.9679999947547913,2.4700000286102295,t,2.0,1807.0,3.2139999866485596,0.30000001192092896
ZTF24abkjuxr,8,1452,60555.37875000015,60586.38542820001,True,False,7,,,,,60585.20949070016,60586.38542820001,1.1759374998509884,13.077137134193231,-0.0331056459909181,0.0335465212412114,0.0335465143962767,SN,stamp_classifier,0.90599364,24.5.2a6,SN,2.831209496315015e+18,F:\ZTF_Adjusted_Dataset\stamps\SN\ZTF24abkjuxr,,2.0,r,21.307140350341797,0.19841130077838898,0.0622917003929615,0.5,0.9972500205039978,0.19894880056381226,1.0835586786270142,16.363845825195312,0.968999981880188,1.304625153541565,t,2.0,1426.0,1.968999981880188,0.0989999994635582
ZTF25absozel,11,1470,60933.32040510001,60949.38284720015,True,False,8,,,,,60933.36099540023,60949.38284720015,16.021851799916476,3.838743720548445,6.805540848001441,0.0251879728677169,0.025010499233469,SN,stamp_classifier,0.9058463,27.5.6,SN,3.185331485815015e+18,F:\ZTF_Adjusted_Dataset\stamps\SN\ZTF25absozel,,1.0,g,20.005334854125977,0.13099168241024017,0.013910699635744095,0.74338698387146,1.0,0.12186270207166672,7.973081588745117,17.216957092285156,0.9750000238418579,1.840000033378601,t,4.0,1462.0,0.5440000295639038,0.035999998450279236
ZTF21aclkjzi,10,2985,59512.13256940013,59525.13824070012,True,False,6,0.1961,0.540207,0.030208036,0.4974083,59512.13256940013,59525.13824070012,13.005671299993992,258.00823266666663,63.866443233333335,0.0001127395346179,7.657434731560124e-05,SN,stamp_classifier,0.90584487,correction_1.0.6,SN,1.769097014015015e+18,F:\ZTF_Adjusted_Dataset\stamps\SN\ZTF21aclkjzi,,2.0,r,20.03512191772461,0.1796710342168808,0.0,0.5,1.0,0.8981707096099854,1.3118952512741089,13.175535202026367,0.9729999899864197,2.259999990463257,t,5.0,2980.0,5.298999786376953,0.4970000088214874
ZTF23aaubzzz,66,3738,60147.25,60193.25,True,False,25,0.076444,0.343512,0.20673892,0.5058791,60147.20525459992,60193.25724539999,46.05199080007151,243.54167624,38.357539436,5.326265890397684e-05,2.442281856551489e-05,SN,stamp_classifier,0.9056921,1.2.0,SN,2.395286810815015e+18,F:\ZTF_Adjusted_Dataset\stamps\SN\ZTF23aaubzzz,,1.0,g,19.76470375061035,0.15423360466957092,0.003958330024033785,0.026416700333356857,0.5,0.2176850289106369,12.036365509033203,17.049964904785156,0.9750000238418579,2.4600000381469727,t,2.0,3668.0,2.119999885559082,0.11500000208616257
ZTF25abwnmzs,7,2384,60948.23706019996,60960.157222200185,True,False,5,,,,,60948.23706019996,60960.157222200185,11.92016200022772,275.7288509434971,26.285921011118912,0.0355035923985006,0.0318323531596662,SN,stamp_classifier,0.9054681,27.5.6,SN,3.206116444715015e+18,F:\ZTF_Adjusted_Dataset\stamps\SN\ZTF25abwnmzs,,1.0,g,20.299840927124023,0.14856821298599243,0.01883929967880249,0.5,0.1560799926519394,0.5102107524871826,1.2938957214355469,11.537459373474121,0.9679999947547913,1.9500000476837158,t,6.0,2383.0,4.205999851226807,0.5410000085830688
ZTF18aawkdyg,6,3422,60816.34491899982,60824.41255789995,True,False,5,,,,,60816.34491899982,60824.41255789995,8.067638900130987,273.31500850022803,66.78162774016687,0.0807442865543497,0.0318323531596662,SN,stamp_classifier,0.90537643,27.5.6,SN,3.062344910015015e+18,F:\ZTF_Adjusted_Dataset\stamps\SN\ZTF18aawkdyg,,1.0,g,19.817472457885742,0.12046560645103455,0.041291698813438416,0.5,0.035624999552965164,0.41480186581611633,2.7156496047973633,3.0911638736724854,0.902999997138977,1.3034143447875977,t,1.0,3411.0,3.2139999866485596,0.12300000339746475
ZTF20abcxoog,17,1474,58829.11311340006,60615.39180559991,True,False,8,,,,,58998.45246529998,60615.39180559991,1616.9393402999267,2.386449599969377,72.81297010000137,0.2199722304184068,0.0649999966527015,SN,stamp_classifier,0.90530074,24.5.2a6,SN,1.244480061415015e+18,F:\ZTF_Adjusted_Dataset\stamps\SN\ZTF20abcxoog,,2.0,r,18.585996627807617,0.08419714868068695,0.11329799890518188,0.8569790124893188,0.6333749890327454,0.03726167976856232,2.803795576095581,8.282238006591797,0.9829999804496765,1.8300000429153442,t,6.0,520.0,0.6970000267028809,-0.06800000369548798
ZTF20abbplei,116,1731,58994.41313660005,59074.22914349986,False,False,71,0.36237717,,0.80628777,,58994.41313660005,59074.22821759991,79.8150809998624,256.7275102183098,30.271475791549285,2.657420505708392e-05,2.29063668408189e-05,SN,stamp_classifier,0.9051353,corr_bulk_0.0.1,SN,1.320228211515015e+18,F:\ZTF_Adjusted_Dataset\stamps\SN\ZTF20abbplei,,1.0,g,20.383766174316406,0.2154737114906311,0.14489300549030304,0.2200540006160736,0.24738700687885284,6.176022052764893,10.805816650390625,13.387629508972168,0.9449999928474426,2.3499999046325684,t,116.0,1731.0,6.603000164031982,0.33399999141693115
ZTF24abkworb,3,1550,60232.29203699995,60586.27560190018,True,False,1,,,,,60586.27560190018,60586.27560190018,0.0,8.238077,-4.7270122,0.0852901041507721,0.0850000008940696,SN,stamp_classifier,0.9050946,24.5.2a6,SN,2.832275600815015e+18,F:\ZTF_Adjusted_Dataset\stamps\SN\ZTF24abkworb,,2.0,r,21.567707061767578,0.21516796946525574,0.05345829948782921,0.9883149862289429,0.0,0.12104496359825134,18.789796829223633,22.005090713500977,0.9539999961853027,1.2182608842849731,t,3.0,1550.0,1.5240000486373901,-0.10599999874830246
ZTF24abkuwwv,1,1228,60586.22685190011,60586.22685190011,True,False,1,,,,,60586.22685190011,60586.22685190011,0.0,3.5950096999999994,2.4312513,0.0850765854120254,0.0850000008940696,SN,stamp_classifier,0.90509206,24.5.2a6,SN,2.832226850915015e+18,F:\ZTF_Adjusted_Dataset\stamps\SN\ZTF24abkuwwv,,2.0,r,21.345134735107422,0.17642904818058014,0.014750000089406967,0.0,0.007499999832361937,0.15426753461360931,10.101676940917969,29.692218780517578,0.9440000057220459,1.2247238159179688,t,1.0,1228.0,0.5770000219345093,0.03500000014901161
ZTF22aatylyb,67,5411,59778.25,59816.25,True,False,30,0.155222,0.159655,0.49172777,0.4937601,59781.26885419991,59816.16390050016,34.89504630025476,229.65514605666667,52.53184350666667,8.123391377288849e-05,2.401111715686587e-05,SN,stamp_classifier,0.9050732,dev,SN,2.029265170015015e+18,F:\ZTF_Adjusted_Dataset\stamps\SN\ZTF22aatylyb,,2.0,r,19.996662139892578,0.1376841515302658,0.0038333300035446882,0.5,0.5,0.7347896695137024,1.5132237672805786,1.973467469215393,0.9739999771118164,1.809999942779541,t,6.0,5324.0,2.750999927520752,0.1770000010728836
ZTF18aatmlsy,104,3184,59670.5,59758.25,True,False,39,0.295132,0.377067,0.2504824,0.38812327,59673.38160880003,59758.30824070005,84.92663190001622,243.2755957282052,38.064454894871794,3.545692678873758e-05,2.22348937329894e-05,SN,stamp_classifier,0.90506643,1.1.2,SN,1.919381600815015e+18,F:\ZTF_Adjusted_Dataset\stamps\SN\ZTF18aatmlsy,,2.0,r,17.99520492553711,0.048801470547914505,0.023000000044703484,0.5,0.9990000128746033,0.5208505392074585,2.213205575942993,6.9948225021362305,0.9829999804496765,3.2699999809265137,t,3.0,2944.0,4.179999828338623,0.375
ZTF24aaekqqf,5,1276,60351.53162040003,60368.529895800166,False,False,5,,,,,60351.53162040003,60368.529895800166,16.99827540013939,288.2121207921554,51.99834167186737,0.0517023978632237,0.0318323531596662,SN,stamp_classifier,0.9050663,23.12.25,SN,2.597531621015015e+18,F:\ZTF_Adjusted_Dataset\stamps\SN\ZTF24aaekqqf,,1.0,g,19.061155319213867,0.11691898107528687,0.016750000417232513,0.9979169964790344,0.9952080249786377,1.9492024183273315,6.926596641540527,10.767594337463379,0.972000002861023,4.420000076293945,t,1.0,1277.0,3.3610000610351562,0.23199999332427979
ZTF23abeazdm,22,1589,60201.36840280006,60586.23126159981,True,False,11,,,,,60585.21390049998,60586.23126159981,1.01736109983176,5.449043990801495,-7.740099557206806,0.0264095812537772,0.026168967859155,SN,stamp_classifier,0.90505546,24.5.2a6,SN,2.831213905415015e+18,F:\ZTF_Adjusted_Dataset\stamps\SN\ZTF23abeazdm,,2.0,r,21.03156089782715,0.16750319302082062,0.0939583033323288,0.8221669793128967,-999.0,0.342229962348938,13.542912483215332,-999.0,0.9990000128746033,2.7200000286102295,t,12.0,1573.0,0.6579999923706055,0.050999999046325684
ZTF23aaawbsc,169,2902,59967.5,60211.25,False,False,116,0.233778,,0.18070675,,59967.51099540014,60211.172974499874,243.6619790997356,265.2139958008621,66.20632847586208,6.975978472193944e-05,2.747487586135745e-05,SN,stamp_classifier,0.90501505,1.2.1,SN,2.213510991115015e+18,F:\ZTF_Adjusted_Dataset\stamps\SN\ZTF23aaawbsc,,2.0,r,18.054861068725586,0.09416193515062332,0.005937499925494194,0.5,0.5935559868812561,5.12244987487793,9.313384056091309,11.211599349975586,0.9639999866485596,5.300000190734863,t,1.0,2705.0,2.3459999561309814,0.3370000123977661
ZTF25acgsqyx,3,3459,61016.49564810004,61027.54978010012,True,False,3,,,,,61016.49564810004,61027.54978010012,11.054132000077516,216.84908873298048,59.09065066666667,0.0955354533482425,0.0490747733973095,SN,stamp_classifier,0.90499806,27.5.7a32.dev1,SN,3.266494561015015e+18,F:\ZTF_Adjusted_Dataset\stamps\SN\ZTF25acgsqyx,,2.0,r,19.24104881286621,0.12143098562955856,0.0,0.2840000092983246,0.05249999836087227,1.4295426607131958,16.368940353393555,20.25657844543457,0.9760000109672546,2.9000000953674316,t,2.0,3456.0,4.626999855041504,0.35499998927116394
ZTF24aaoaoyv,15,2773,60438.44792820001,60463.416261599865,True,False,15,,,,,60438.44792820001,60463.416261599865,24.9683333998546,293.9451392745537,45.01837781552688,0.0269078953489079,0.0190206512066627,SN,stamp_classifier,0.9049958,24.5.1,SN,2.692424100515015e+18,F:\ZTF_Adjusted_Dataset\stamps\SN\ZTF24aaoaoyv,,1.0,g,20.366090774536133,0.12946122884750366,0.006666670087724924,0.3791370093822479,0.6767470240592957,0.7207149863243103,10.782998085021973,12.029969215393066,0.9089999794960022,2.3399999141693115,t,6.0,2756.0,3.2869999408721924,0.4819999933242798
ZTF22aaudewu,4,3060,58702.17561340006,60467.303611100186,True,False,1,,,,,60467.303611100186,60467.303611100186,0.0,268.2850815,68.1294409,0.1744915097951889,0.0649999976158142,SN,stamp_classifier,0.9049742,24.5.1,SN,2.713303612315015e+18,F:\ZTF_Adjusted_Dataset\stamps\SN\ZTF22aaudewu,,1.0,g,21.44874382019043,0.17437097430229187,0.029874999076128006,0.5,0.0,0.5058800578117371,1.9206488132476807,17.512062072753906,0.968999981880188,1.2826560735702515,t,4.0,3060.0,4.658999919891357,0.2460000067949295
ZTF23abvsdjk,22,8013,60306.54568290012,60411.469444400165,True,False,12,,,,,60311.55160879996,60411.469444400165,99.91783560020848,254.4529288249994,36.82728632499945,0.0530953978708274,0.0425000001393572,SN,stamp_classifier,0.9049612,24.4.1,SN,2.557551604915015e+18,F:\ZTF_Adjusted_Dataset\stamps\SN\ZTF23abvsdjk,,2.0,r,17.930282592773438,0.05439145863056183,0.007708330173045397,0.5,0.5,0.3899191617965698,1.0191359519958496,1.9095944166183472,0.984000027179718,2.059999942779541,t,4.0,7961.0,2.319999933242798,0.24300000071525574
ZTF18acbwayo,53,125,58422.48893520003,58432.54788189987,False,False,8,-0.045433044,,-0.04940605,,58423.49153940007,58432.54788189987,9.0563424997963,178.3760026625,65.9706489875,6.451458168677412e-05,5.405226141802614e-05,SN,stamp_classifier,0.9047127,corr_bulk_0.0.1,SN,6.78547881115015e+17,F:\ZTF_Adjusted_Dataset\stamps\SN\ZTF18acbwayo,,2.0,r,19.78883934020996,0.18956097960472107,0.9839580059051514,0.0,0.5,12.270844459533691,14.10620403289795,15.782256126403809,0.953000009059906,2.4600000381469727,t,53.0,125.0,0.9210000038146973,-0.4259999990463257
ZTF19aarhzen,42,394,58591.40888890019,58639.282847200055,True,False,14,-0.11787605,-0.048427388,0.0659008,0.14319746,58591.40888890019,58639.282847200055,47.87395829986781,219.21039218571423,70.52264559999999,9.628232409826711e-05,5.4828179167271e-05,SN,stamp_classifier,0.9046264,corr_bulk_0.0.1,SN,8.85282843615015e+17,F:\ZTF_Adjusted_Dataset\stamps\SN\ZTF19aarhzen,,2.0,r,20.671972274780273,0.19455228745937347,0.0043750000186264515,0.8595830202102661,-999.0,0.42036381363868713,13.524537086486816,-999.0,0.7620000243186951,2.359999895095825,t,42.0,394.0,0.75,0.15000000596046448
ZTF24aazkvzi,167,3116,60529.28550929995,60592.15265050018,True,False,49,,,,,60529.32173610013,60592.15265050018,62.83091440005228,337.0975875065334,9.568556811527042,0.0098903317138949,0.0097527315044201,SN,stamp_classifier,0.90451247,24.5.2a6,SN,2.777335460015015e+18,F:\ZTF_Adjusted_Dataset\stamps\SN\ZTF24aazkvzi,,1.0,g,19.459108352661133,0.1264857053756714,0.01425000000745058,0.916392982006073,0.9777079820632935,0.2633843421936035,11.532848358154297,11.744928359985352,0.9769999980926514,2.5999999046325684,t,8.0,2927.0,3.8299999237060547,0.17900000512599945
ZTF21abigfnt,42,2572,59393.23885420011,59436.19850690011,False,False,19,0.420096,,0.31742397,,59397.27524309978,59436.19850690011,38.92326380033046,224.1455903894737,49.05077536842106,6.927532745794847e-05,4.3232588693620336e-05,SN,stamp_classifier,0.9044136,correction_1.0.6,SN,1.643275244015015e+18,F:\ZTF_Adjusted_Dataset\stamps\SN\ZTF21abigfnt,,1.0,g,20.158796310424805,0.1308712363243103,0.04399999976158142,0.02441670000553131,0.5,5.830580234527588,19.028982162475586,29.91283416748047,0.9440000057220459,2.0299999713897705,t,5.0,2496.0,6.495999813079834,0.3790000081062317
ZTF25abclksp,3,2336,60872.238495400175,60877.31799770007,True,False,3,,,,,60872.238495400175,60877.31799770007,5.079502299893647,320.06436271244064,18.14503889611832,0.0425455747461162,0.0404298347116235,SN,stamp_classifier,0.9042886,27.5.6,SN,3.123281031715015e+18,F:\ZTF_Adjusted_Dataset\stamps\SN\ZTF25abclksp,,1.0,g,19.984525680541992,0.1367926001548767,0.012625000439584255,0.5,0.5,0.2621186077594757,1.5254000425338745,5.441173076629639,0.8009999990463257,2.109999895095825,t,2.0,2335.0,4.316999912261963,0.4819999933242798
ZTF25abjlihy,5,2035,60903.35724540008,60904.46087960014,True,False,3,,,,,60903.35724540008,60904.46087960014,1.1036342000588777,12.462035169929434,-17.536308756627925,0.0424003414291216,0.0404298347116235,SN,stamp_classifier,0.90425175,27.5.6,SN,3.150460872915015e+18,F:\ZTF_Adjusted_Dataset\stamps\SN\ZTF25abjlihy,,1.0,g,20.352445602416992,0.21177083253860474,0.0008333330042660236,0.020124999806284904,0.0,0.5007885098457336,11.857952117919922,12.056694984436035,0.8429999947547913,2.059999942779541,t,5.0,2035.0,1.6460000276565552,0.15199999511241913
ZTF26aablvxz,7,1730,61054.1011458002,61060.11490740022,True,False,7,,,,,61054.1011458002,61060.11490740022,6.013761600013822,14.42361839734254,13.37089499248292,0.0278516458276411,0.0270966838181738,SN,stamp_classifier,0.9042287,27.5.7a32.dev1,SN,3.302124164115015e+18,F:\ZTF_Adjusted_Dataset\stamps\SN\ZTF26aablvxz,,2.0,r,19.742584228515625,0.13174735009670258,0.0,0.0008333330042660236,0.807437002658844,0.4532058537006378,20.216516494750977,21.073699951171875,0.9679999947547913,3.309999942779541,t,3.0,1726.0,3.135999917984009,0.25099998712539673
ZTF22abplazd,47,1978,59870.25,59896.0,True,False,13,0.286129,0.456011,0.096817,0.3859565,59872.18488429999,59896.12133099977,23.93644669977948,316.9538932692307,10.615806407692306,5.204183228571251e-05,4.373380579396617e-05,SN,stamp_classifier,0.904121,1.1.6,SN,2.120152833015015e+18,F:\ZTF_Adjusted_Dataset\stamps\SN\ZTF22abplazd,,2.0,r,20.2217960357666,0.17647941410541534,0.0024999999441206455,0.0,0.9313330054283142,0.45260751247406006,4.852762699127197,6.9353861808776855,0.9660000205039978,1.690000057220459,t,5.0,1898.0,1.6859999895095825,0.13699999451637268
ZTF18abwzsii,2,1433,58378.41047450015,60586.15120369988,True,False,1,,,,,60586.15120369988,60586.15120369988,0.0,16.1763703,-4.6965735,0.0852863639593124,0.0850000008940696,SN,stamp_classifier,0.90398234,24.5.2a6,SN,2.832151200515015e+18,F:\ZTF_Adjusted_Dataset\stamps\SN\ZTF18abwzsii,,2.0,r,18.750118255615234,0.08966734260320663,0.05274999886751175,0.5,0.5,0.36408835649490356,20.06339454650879,20.853425979614258,0.9959999918937683,1.2169641256332397,t,2.0,1433.0,3.178999900817871,0.40400001406669617
ZTF19aaeoqqj,5,1254,58224.45645829989,58526.53003469994,True,True,4,0.51986504,0.52789754,0.047418594,0.41104788,58508.51224539988,58526.53003469994,18.017789300065488,247.709268625,41.402742575000005,1.5384705604037896e-05,2.457822545832423e-05,SN,stamp_classifier,0.90389836,corr_bulk_0.0.1,SN,7.72530033515015e+17,F:\ZTF_Adjusted_Dataset\stamps\SN\ZTF19aaeoqqj,,2.0,r,19.71428871154785,0.1887446939945221,0.059916701167821884,0.5,1.0,0.8887068629264832,0.8918296098709106,15.609683990478516,0.8809999823570251,3.0799999237060547,t,5.0,1254.0,8.579999923706055,1.0989999771118164
ZTF24aaxlnut,300,3793,60519.33246529987,60623.12811340019,True,False,81,,,,,60519.34543980006,60623.12811340019,103.78267360012978,333.35201070900814,26.36180346232954,0.0053361489020929,0.0047812318094198,SN,stamp_classifier,0.9038817,25.0.0,SN,2.765345433415015e+18,F:\ZTF_Adjusted_Dataset\stamps\SN\ZTF24aaxlnut,,2.0,r,19.845983505249023,0.13001172244548798,0.0012499999720603228,0.9522500038146973,0.0016666699666529894,0.45344260334968567,8.323531150817871,14.348841667175293,0.9369999766349792,1.7899999618530273,t,2.0,3451.0,2.575000047683716,0.15800000727176666
ZTF18aciguoe,4,1096,58435.08053239994,58759.22370370012,True,True,3,,,,,58759.185902799945,58759.22370370012,0.0378009001724422,267.2123801333333,66.84164013333333,4.295443322564951e-05,5.401234433096683e-06,SN,stamp_classifier,0.9038451,corr_bulk_0.0.1,SN,1.005223700515015e+18,F:\ZTF_Adjusted_Dataset\stamps\SN\ZTF18aciguoe,,2.0,r,19.97998809814453,0.16497540473937988,0.9718329906463623,0.0037499999161809683,0.9642080068588257,0.1055503785610199,16.566022872924805,18.06827735900879,0.9520000219345093,2.140000104904175,t,4.0,1096.0,0.7269999980926514,0.023000000044703484
ZTF24abktjpo,1,1259,60586.17797450023,60586.17797450023,True,False,1,,,,,60586.17797450023,60586.17797450023,0.0,13.8975991,-12.3390425,0.0870099142193794,0.0850000008940696,SN,stamp_classifier,0.90380245,24.5.2a6,SN,2.832177970415015e+18,F:\ZTF_Adjusted_Dataset\stamps\SN\ZTF24abktjpo,,2.0,r,19.451982498168945,0.12512952089309692,0.0,1.0,1.0,0.04066269472241402,9.270944595336914,25.575721740722656,0.9890000224113464,1.231152892112732,t,1.0,1259.0,3.624000072479248,0.43700000643730164
ZTF21aaoghxv,40,1945,59278.46921300003,59322.28493059985,True,False,19,-0.184052,0.4435,0.5934856,0.757173,59290.38392359996,59322.28493059985,31.90100699989125,235.06061334210528,57.23590278421052,8.963995460844802e-05,3.952290845021533e-05,SN,stamp_classifier,0.9037584,correction_0.0.1,SN,1.536383925915015e+18,F:\ZTF_Adjusted_Dataset\stamps\SN\ZTF21aaoghxv,,2.0,r,18.438596725463867,0.07024437934160233,0.0037499999161809683,0.0,0.002083329949527979,0.46448367834091187,13.155827522277832,17.28960418701172,0.9829999804496765,2.369999885559082,t,2.0,1892.0,3.9010000228881836,0.3970000147819519
ZTF24aaiwgkl,11,4464,60404.38459490007,60434.36190970009,True,False,9,,,,,60404.38459490007,60434.36190970009,29.977314800024036,261.0951330581153,52.44992888114126,0.0393686616349088,0.0239934077379718,SN,stamp_classifier,0.9037539,24.4.1,SN,2.659426580115015e+18,F:\ZTF_Adjusted_Dataset\stamps\SN\ZTF24aaiwgkl,,2.0,r,19.276103973388672,0.12151625752449036,0.0033333299215883017,0.987500011920929,0.9822919964790344,1.4416260719299316,18.763185501098633,21.662979125976562,0.9570000171661377,3.2899999618530273,t,4.0,4445.0,4.546999931335449,0.375
ZTF25acernhd,7,1946,61003.17519679992,61007.29358799989,True,False,3,,,,,61003.34218750009,61007.29358799989,3.951400499790907,32.26826538979172,-5.400772333173899,0.0443262263559364,0.0441294487808,SN,stamp_classifier,0.90355194,27.5.7a32.dev1,SN,3.253293580115015e+18,F:\ZTF_Adjusted_Dataset\stamps\SN\ZTF25acernhd,,2.0,r,20.122806549072266,0.13129428029060364,0.0,0.9987499713897705,0.5,0.1994049847126007,13.6983060836792,26.902362823486328,0.8349999785423279,1.2300000190734863,t,7.0,1946.0,3.13700008392334,0.2529999911785126
ZTF21aaptouk,44,2831,59280.41203700006,59324.277557900175,False,False,26,0.159993,,0.25792614,,59280.41203700006,59324.277557900175,43.86552090011537,246.40965045384613,30.15959268846154,5.009855271775868e-05,4.736615101029924e-05,SN,stamp_classifier,0.90354955,correction_0.0.1,SN,1.537389660215015e+18,F:\ZTF_Adjusted_Dataset\stamps\SN\ZTF21aaptouk,,2.0,r,19.114532470703125,0.10978187620639801,0.03362499922513962,0.0,0.9956250190734863,1.678840160369873,16.78254508972168,20.59250259399414,0.9850000143051147,2.6700000762939453,t,4.0,2776.0,6.119999885559082,0.515999972820282
ZTF24abknskg,2,1380,60585.34248840017,60586.31769679999,True,False,2,,,,,60585.34248840017,60586.31769679999,0.9752083998173476,10.91923909999969,-8.256883400000348,0.0858903300567934,0.0850000005863921,SN,stamp_classifier,0.9035325,24.5.2a6,SN,2.831342484115015e+18,F:\ZTF_Adjusted_Dataset\stamps\SN\ZTF24abknskg,,2.0,r,21.0424747467041,0.1491694450378418,0.2827320098876953,0.02500000037252903,0.9987499713897705,0.40202730894088745,8.24831485748291,9.499911308288574,0.9819999933242798,1.2789578437805176,t,1.0,1365.0,1.4800000190734863,0.06800000369548798
ZTF21abculew,69,2743,59359.36645830004,59380.36284720013,False,False,16,-0.068317,,0.023210425,,59361.32412040001,59380.36284720013,19.038726800121367,251.95436389375,48.74499724375001,6.26428018578111e-05,2.8974470803159195e-05,SN,stamp_classifier,0.90351295,correction_0.0.1,SN,1.609378294115015e+18,F:\ZTF_Adjusted_Dataset\stamps\SN\ZTF21abculew,,2.0,r,19.99013328552246,0.1846066415309906,0.5,0.002083329949527979,0.002083329949527979,1.5198009014129639,1.6478445529937744,9.066290855407715,0.9629999995231628,1.9299999475479126,t,9.0,2664.0,6.499000072479248,0.7080000042915344
ZTF18abqxaqe,25,958,59839.25,59874.25,True,False,18,0.062656,0.534659,-0.16643667,0.5200442,59839.3505671001,59874.31634260016,34.96577550005168,23.865007322222223,-1.388795238888889,3.257417879493828e-05,2.2591933461228132e-05,SN,stamp_classifier,0.90348804,1.1.6,SN,2.085350563615015e+18,F:\ZTF_Adjusted_Dataset\stamps\SN\ZTF18abqxaqe,,1.0,g,18.984628677368164,0.08661185204982758,0.0062500000931322575,0.0,0.5,0.13109953701496124,13.160860061645508,14.125873565673828,0.9869999885559082,2.2100000381469727,t,1.0,919.0,2.8940000534057617,0.34599998593330383
ZTF22abosath,1,1476,59873.25,59873.25,True,False,1,,,,,59873.32952550007,59873.32952550007,0.0,29.685116,34.1833001,,,SN,stamp_classifier,0.90339684,1.1.6,SN,,F:\ZTF_Adjusted_Dataset\stamps\SN\ZTF22abosath,,,,,,,,,,,,,,,,,,
ZTF21acrccev,3,2102,58247.24940969981,59550.53312500008,False,False,1,,,,,59550.53312500008,59550.53312500008,0.0,205.9753385,41.1895926,,,SN,stamp_classifier,0.9033771,correction_1.0.6,SN,1.796533124715015e+18,F:\ZTF_Adjusted_Dataset\stamps\SN\ZTF21acrccev,,2.0,r,19.557762145996094,0.1097843125462532,0.026125000789761543,0.8263120055198669,0.0016666699666529894,2.347686290740967,11.008467674255371,16.418195724487305,0.9729999899864197,1.8300000429153442,t,3.0,2102.0,4.289000034332275,0.5090000033378601
ZTF22abgxzer,17,1445,59841.25,59859.25,True,False,17,-0.028261,0.200114,0.24107997,0.42001638,59841.20619209996,59859.220046299975,18.013854200020432,337.1201673647059,40.71157774117647,3.41194581823677e-05,2.480786313931449e-05,SN,stamp_classifier,0.903373,dev,SN,2.089266524315015e+18,F:\ZTF_Adjusted_Dataset\stamps\SN\ZTF22abgxzer,,2.0,r,19.387256622314453,0.0765799880027771,0.0012499999720603228,1.0,0.9937919974327087,0.010970283299684525,5.1253557205200195,6.075052261352539,0.984000027179718,1.7599999904632568,t,3.0,1429.0,2.196000099182129,0.21699999272823334
ZTF24abkryql,1,2826,60586.12158560008,60586.12158560008,True,False,1,,,,,60586.12158560008,60586.12158560008,0.0,1.7422955,3.7609279,0.0851834490895271,0.0850000008940696,SN,stamp_classifier,0.90335417,24.5.2a6,SN,2.832121582915015e+18,F:\ZTF_Adjusted_Dataset\stamps\SN\ZTF24abkryql,,2.0,r,20.03310203552246,0.14742061495780945,0.0062500000931322575,0.0031250000465661287,0.008124999701976776,0.25376519560813904,17.03307342529297,20.535938262939453,0.9879999756813049,1.296125888824463,t,1.0,2826.0,2.86299991607666,0.289000004529953
ZTF24abknqnx,4,2787,60585.24498840002,60586.35987270018,True,False,4,,,,,60585.24498840002,60586.35987270018,1.1148843001574278,15.732129766651587,5.700050933333079,0.0493186307415026,0.0490747733380969,SN,stamp_classifier,0.90309536,24.5.2a6,SN,2.831338063215015e+18,F:\ZTF_Adjusted_Dataset\stamps\SN\ZTF24abknqnx,,2.0,r,21.33938980102539,0.18928009271621704,0.04874999821186066,0.0033333299215883017,0.5,0.12059740722179413,3.0369269847869873,3.1356589794158936,0.9350000023841858,1.9299999475479126,t,2.0,2768.0,0.7160000205039978,0.03999999910593033
ZTF20aazonbk,5,1203,58811.12934029987,58996.470347200055,True,False,1,,,,,58996.470347200055,58996.470347200055,0.0,356.3707317,31.0189324,,,SN,stamp_classifier,0.9030686,corr_bulk_0.0.1,SN,1.242470340015015e+18,F:\ZTF_Adjusted_Dataset\stamps\SN\ZTF20aazonbk,,2.0,r,19.351760864257812,0.09199602901935577,0.0012499999720603228,1.0,0.9894170165061951,0.7275377511978149,8.599408149719238,19.44792938232422,0.9700000286102295,1.4900000095367432,t,5.0,1203.0,3.492000102996826,0.3019999861717224
ZTF18abwgvjd,2,23,58371.37407410005,58376.3524536998,False,False,2,0.39281845,,0.39281845,,58371.37407410005,58376.3524536998,4.978379599750042,12.1706938,55.48385385,6.78822509933484e-05,1.9869700552423637e-05,SN,stamp_classifier,0.9030307,corr_bulk_0.0.1,SN,6.22352453515015e+17,F:\ZTF_Adjusted_Dataset\stamps\SN\ZTF18abwgvjd,,2.0,r,20.579681396484375,0.19442342221736908,0.9887499809265137,0.0974166989326477,1.0,5.678539276123047,6.616086483001709,6.832326412200928,0.9549999833106995,2.5399999618530273,t,2.0,23.0,1.003999948501587,-0.003000000026077032
ZTF22abfolia,7,4783,59828.25,59842.25,False,False,3,,,,,59830.175995400175,59842.28081020014,12.104814799968151,273.85385836666666,69.71551423333334,6.508689063029702e-05,9.660400265567645e-06,SN,stamp_classifier,0.90298045,dev,SN,2.086239454615015e+18,F:\ZTF_Adjusted_Dataset\stamps\SN\ZTF22abfolia,,1.0,g,19.945598602294922,0.13920171558856964,0.017333300784230232,0.5,0.6676549911499023,2.0451273918151855,5.036021709442139,13.669113159179688,0.9850000143051147,2.009999990463257,t,5.0,4770.0,3.1389999389648438,0.24799999594688416
ZTF23aaawbmy,22,6498,58584.5,60021.5,True,False,17,-0.018988,0.093594,0.23030029,0.27935514,59967.43165510008,60021.466261600144,54.03460650006309,248.62418738823527,43.39906445882353,6.715276317927073e-05,3.886666403989741e-05,SN,stamp_classifier,0.90296644,1.1.6,SN,2.213509106115015e+18,F:\ZTF_Adjusted_Dataset\stamps\SN\ZTF23aaawbmy,,2.0,r,18.66278648376465,0.10937938094139099,0.0,0.024333300068974495,0.5,0.21317623555660248,15.394091606140137,16.314178466796875,0.9580000042915344,5.349999904632568,t,5.0,6477.0,3.243000030517578,0.2029999941587448
ZTF18aawczht,33,4835,60408.30606479989,60431.32553240005,True,False,11,,,,,60408.32575230021,60431.32553240005,22.99978009983897,199.7278663700763,60.40668038053784,0.0412739271615032,0.0203827356217517,SN,stamp_classifier,0.90296596,24.4.1,SN,2.659422953015015e+18,F:\ZTF_Adjusted_Dataset\stamps\SN\ZTF18aawczht,,2.0,r,19.891204833984375,0.15741363167762756,0.0012499999720603228,0.0,0.014375000260770321,0.7329827547073364,21.531965255737305,25.895233154296875,0.8799999952316284,3.9700000286102295,t,11.0,4756.0,5.590000152587891,0.6340000033378601
ZTF18abayujb,8,3068,58284.25,60250.0,True,False,3,2.969008,2.89629,1.6129676,1.6165589,58284.35008100001,60250.11712960014,1965.7670486001296,277.23637783333334,65.48206436666666,5.550408393853561e-05,1.9623540287106336e-05,SN,stamp_classifier,0.90294343,1.2.1,SN,5.30350085215015e+17,F:\ZTF_Adjusted_Dataset\stamps\SN\ZTF18abayujb,,2.0,r,16.3618106842041,0.0075674173422157764,0.07507140189409256,0.5,0.9509170055389404,0.05169878527522087,1.222494125366211,4.012382507324219,0.984000027179718,2.4200000762939453,t,1.0,115.0,2.5309998989105225,0.2809999883174896
ZTF24abkueob,5,1330,60586.20577549981,60586.39206020022,True,False,5,,,,,60586.20577549981,60586.39206020022,0.1862847004085779,7.054690100005977,-4.390355366666693,0.0376382109455164,0.0375277660678579,SN,stamp_classifier,0.902886,24.5.2a6,SN,2.832205772615015e+18,F:\ZTF_Adjusted_Dataset\stamps\SN\ZTF24abkueob,,1.0,g,21.20063591003418,0.20304793119430542,0.0,0.9962499737739563,0.9822499752044678,0.37408578395843506,5.382798194885254,16.3808536529541,0.9520000219345093,1.2413700819015503,t,1.0,1322.0,2.5899999141693115,0.22200000286102295
ZTF21abujgmr,169,5076,58618.25,60092.25,True,False,77,0.384276,0.530184,0.48104075,0.56948507,59442.28478009999,60092.262557900045,649.9777778000571,257.782527274026,72.48884655714284,0.0001338456322165,2.939782675726745e-05,SN,stamp_classifier,0.9028798,1.2.0,SN,1.693243076015015e+18,F:\ZTF_Adjusted_Dataset\stamps\SN\ZTF21abujgmr,,2.0,r,19.28874397277832,0.16594500839710236,0.0,0.5,0.6939579844474792,0.3672516942024231,1.527665138244629,16.1011905670166,0.9520000219345093,1.8300000429153442,t,7.0,4052.0,4.802000045776367,0.32899999618530273
ZTF23aaixbxq,12,2745,58543.5,60092.25,True,False,4,,,,,60076.39285880001,60092.32462960016,15.931770800147206,216.610072025,47.532671125,5.285245973467367e-05,1.3781479117355738e-05,SN,stamp_classifier,0.9028517,1.2.0,SN,2.322392852015015e+18,F:\ZTF_Adjusted_Dataset\stamps\SN\ZTF23aaixbxq,,1.0,g,18.72275161743164,0.07995592802762985,0.049333300441503525,0.5,0.010416699573397636,0.7614048719406128,4.896090984344482,10.55966854095459,0.9810000061988831,2.549999952316284,t,7.0,2722.0,4.952000141143799,0.3230000138282776
ZTF20abslxef,13,2204,59076.24130789982,59341.32848379994,True,False,9,-0.20129,0.853228,0.09292052,0.929204,59324.37300929986,59341.32848379994,16.955474500078708,228.46816607777777,60.82810682222223,5.285794116397609e-05,4.938043078442351e-05,SN,stamp_classifier,0.9027051,correction_0.0.1,SN,1.580225253115015e+18,F:\ZTF_Adjusted_Dataset\stamps\SN\ZTF20abslxef,,1.0,g,19.93946075439453,0.1268702745437622,0.010916699655354023,0.5,0.028750000521540642,0.9792752861976624,2.732974052429199,7.9920573234558105,0.9509999752044678,1.7799999713897705,t,5.0,2185.0,3.3310000896453857,0.25600001215934753
ZTF21abwqrwo,34,2388,59453.180092600174,59473.23798609991,True,True,18,0.1716,0.471539,0.24670957,0.540565,59454.21835649992,59473.23798609991,19.019629599992182,270.4671478777778,68.7142436388889,0.0001807358571601,4.576254747676584e-05,SN,stamp_classifier,0.90270126,correction_1.0.6,SN,1.704240972015015e+18,F:\ZTF_Adjusted_Dataset\stamps\SN\ZTF21abwqrwo,,2.0,r,19.833755493164062,0.14808818697929382,0.5,0.017041699960827827,0.29510098695755005,1.2034157514572144,7.769535064697266,14.104782104492188,0.9789999723434448,2.109999895095825,t,6.0,2358.0,4.86299991607666,0.38199999928474426
ZTF18abpenky,2,1456,58353.479282400105,60586.15120369988,True,False,1,,,,,60586.15120369988,60586.15120369988,0.0,16.0129435,-4.7959985,0.0852986574172973,0.0850000008940696,SN,stamp_classifier,0.90268934,24.5.2a6,SN,2.832151200515015e+18,F:\ZTF_Adjusted_Dataset\stamps\SN\ZTF18abpenky,,2.0,r,19.31311798095703,0.11921967566013336,0.0,0.5,0.07987499982118607,0.5325880646705627,18.434085845947266,26.792856216430664,0.9279999732971191,2.5199999809265137,t,2.0,1456.0,3.2880001068115234,0.3799999952316284
ZTF25acanrlx,4,1945,60961.12825229997,60975.13363429997,True,False,4,,,,,60961.12825229997,60975.13363429997,14.00538200000301,310.4351379910473,-8.66377027303486,0.0369316415632079,0.0365102269718167,SN,stamp_classifier,0.9026574,27.5.7a32.dev1,SN,3.221133633615015e+18,F:\ZTF_Adjusted_Dataset\stamps\SN\ZTF25acanrlx,,2.0,r,19.868494033813477,0.14861726760864258,0.0,0.9412919878959656,0.8920000195503235,0.28654879331588745,13.712851524353027,16.88096046447754,0.9729999899864197,2.0399999618530273,t,4.0,1945.0,3.065999984741211,0.19300000369548798
ZTF24aajdndi,2,3712,60410.43396990001,60411.45109950006,True,False,2,,,,,60410.43396990001,60411.45109950006,1.0171296000480652,246.8747279500005,38.9496334,0.0772845101612102,0.0601040770330592,SN,stamp_classifier,0.9024526,24.4.1,SN,2.657451091815015e+18,F:\ZTF_Adjusted_Dataset\stamps\SN\ZTF24aajdndi,,2.0,r,21.330608367919922,0.16518156230449677,0.0044999998062849045,0.2020539939403534,1.0,0.6047095060348511,3.118009328842163,14.524129867553711,1.0,3.6600000858306885,t,2.0,3712.0,1.2209999561309814,0.19200000166893005
ZTF21abqoxsc,12,501,59427.39966440015,59438.46280089999,True,False,6,-0.075855106,0.097019106,0.047940426,0.19950934,59428.40287039988,59438.46280089999,10.059930500108749,3.2888132,2.7920082,4.022780133185634e-05,3.433843327815101e-05,SN,stamp_classifier,0.90244323,correction_1.0.6,SN,1.674402873115015e+18,F:\ZTF_Adjusted_Dataset\stamps\SN\ZTF21abqoxsc,,2.0,r,20.205486297607422,0.1631254404783249,0.0,0.9954169988632202,0.0,1.021668553352356,12.104252815246582,12.517945289611816,0.9700000286102295,1.9299999475479126,t,2.0,489.0,1.2350000143051147,0.16200000047683716
ZTF23aadskqz,96,2733,60029.5,60088.25,True,False,38,0.067985,0.153937,0.310105,0.25807273,60029.496655100025,60088.363275500014,58.86662039998919,235.47260409210529,52.88854013947368,6.088482428140416e-05,3.5409492844196605e-05,SN,stamp_classifier,0.90243644,1.2.0,SN,2.275496650815015e+18,F:\ZTF_Adjusted_Dataset\stamps\SN\ZTF23aadskqz,,1.0,g,20.367843627929688,0.17903678119182587,0.0008333330042660236,0.21810099482536316,0.988332986831665,1.088714838027954,15.680780410766602,17.32667350769043,0.8579999804496765,2.940000057220459,t,1.0,2626.0,2.88700008392334,0.11999999731779099
ZTF19acopvmc,5,1812,58792.104606499895,58804.09762729984,True,False,5,,,,,58792.104606499895,58804.09762729984,11.993020799942316,277.60171064,43.0369888,0.000123625737616,4.8568920104434605e-05,SN,stamp_classifier,0.9024352,corr_bulk_0.0.1,SN,1.050097625915015e+18,F:\ZTF_Adjusted_Dataset\stamps\SN\ZTF19acopvmc,,1.0,g,19.73589515686035,0.1888311207294464,0.0012499999720603228,0.007499999832361937,0.0,0.3565632700920105,8.485434532165527,9.085275650024414,0.800000011920929,4.059999942779541,t,5.0,1812.0,1.6699999570846558,0.014999999664723873
ZTF22abfvjxv,115,2479,59838.25,59874.25,True,False,20,0.031477,0.43738,-0.10033212,0.44825834,59839.20243059984,59874.15093749994,34.94850690010935,331.576811225,29.450214620000004,3.0495778397093108e-05,2.2515505767968932e-05,SN,stamp_classifier,0.90242594,1.1.6,SN,2.085202435315015e+18,F:\ZTF_Adjusted_Dataset\stamps\SN\ZTF22abfvjxv,,1.0,g,19.52396583557129,0.11618076264858246,0.017458299174904823,0.5,0.0,0.18014900386333466,15.251261711120605,15.91508960723877,0.9800000190734863,2.549999952316284,t,4.0,2298.0,2.7809998989105225,0.15700000524520874
ZTF22abbkxiy,10,2415,59800.5,59813.25,True,False,10,0.0064,0.388343,0.06420198,0.45790094,59800.39270830015,59813.35391200008,12.961203699931502,323.05904007,29.3465291,3.963113394411323e-05,3.932016728803633e-05,SN,stamp_classifier,0.90240693,dev,SN,2.057277305615015e+18,F:\ZTF_Adjusted_Dataset\stamps\SN\ZTF22abbkxiy,,1.0,g,20.14122200012207,0.17424152791500092,0.0,0.5,0.9870830178260803,0.16274775564670563,7.455296039581299,7.495079040527344,0.972000002861023,2.190000057220459,t,8.0,2412.0,2.321000099182129,0.18799999356269836
ZTF24aaivyno,5,1831,60409.42807869986,60411.46615740005,True,False,5,,,,,60409.42807869986,60411.46615740005,2.0380787001922727,236.34597311814875,20.12050782764999,0.0357268844430751,0.0335465144341046,SN,stamp_classifier,0.9023959,24.4.1,SN,2.655428074115015e+18,F:\ZTF_Adjusted_Dataset\stamps\SN\ZTF24aaivyno,,2.0,r,21.269805908203125,0.1830659806728363,0.027499999850988388,0.0016666699666529894,-999.0,0.4186132550239563,27.980180740356445,-999.0,0.9710000157356262,3.359999895095825,t,1.0,1822.0,0.9980000257492065,-0.05000000074505806
ZTF21acgylcq,2,2482,59441.27886570012,59497.30614579981,True,False,1,,,,,59497.30614579981,59497.30614579981,0.0,4.7526038,22.9469947,,,SN,stamp_classifier,0.9023839,correction_1.0.6,SN,1.743306140315015e+18,F:\ZTF_Adjusted_Dataset\stamps\SN\ZTF21acgylcq,,2.0,r,20.174497604370117,0.15268541872501373,0.0043750000186264515,0.0062500000931322575,0.9970830082893372,0.4805029630661011,8.835169792175293,11.768345832824707,0.699999988079071,1.2208501100540161,t,2.0,2482.0,3.946000099182129,0.3199999928474426
ZTF25abjcady,6,2129,60903.38645830005,60910.442812500056,False,False,4,,,,,60904.44348380016,60910.442812500056,5.999328699894249,4.015392158190502,8.592103885371035,0.0369246341203566,0.0365102269718167,SN,stamp_classifier,0.90233916,27.5.6,SN,3.156442810215015e+18,F:\ZTF_Adjusted_Dataset\stamps\SN\ZTF25abjcady,,2.0,r,20.478437423706055,0.2024059295654297,0.017833299934864044,-999.0,-999.0,0.4488198161125183,-999.0,-999.0,0.7760000228881836,1.9900000095367432,t,6.0,2129.0,0.4569999873638153,-0.01600000075995922
ZTF23aaxkezx,1,1412,60169.5,60169.5,True,False,1,,,,,60169.423726900015,60169.423726900015,0.0,13.1394391,24.3585823,,,SN,stamp_classifier,0.9023181,1.2.0,SN,2.415423723115015e+18,F:\ZTF_Adjusted_Dataset\stamps\SN\ZTF23aaxkezx,,2.0,r,20.191123962402344,0.1805129200220108,0.0016666699666529894,0.2403070032596588,0.9531670212745667,0.18478626012802124,10.584389686584473,10.898539543151855,0.8330000042915344,1.0721166133880615,t,1.0,1412.0,4.36899995803833,0.7170000076293945
ZTF24abakhxn,12,1732,60524.44262730004,60533.42273150012,False,False,7,,,,,60525.34976849984,60533.42273150012,8.072963000275195,2.812255669540173,10.276026659170483,0.0308515507751172,0.0303566836739004,SN,stamp_classifier,0.90229726,24.5.2a6,SN,2.778369272315015e+18,F:\ZTF_Adjusted_Dataset\stamps\SN\ZTF24abakhxn,,2.0,r,20.622224807739258,0.1717974990606308,0.0,0.0,0.1054999977350235,0.9583811163902283,7.131312847137451,11.593864440917969,0.9539999961853027,1.4900000095367432,t,10.0,1730.0,4.794000148773193,0.2639999985694885
ZTF25aakinvs,3,3235,60755.524120400194,60757.51766199991,True,False,3,,,,,60755.524120400194,60757.51766199991,1.9935415997169912,321.83013383337203,23.98516793333333,0.0537128374151633,0.0490747733973095,SN,stamp_classifier,0.90228534,26.0.1,SN,3.003517664415015e+18,F:\ZTF_Adjusted_Dataset\stamps\SN\ZTF25aakinvs,,2.0,r,19.954734802246094,0.18448929488658905,0.0,0.9681249856948853,0.972000002861023,0.46510469913482666,9.690978050231934,14.548089981079102,0.9399999976158142,2.3399999141693115,t,3.0,3235.0,3.7639999389648438,0.3709999918937683
ZTF23aaahuzc,11,3956,59956.5,60020.5,False,False,11,-0.055456,,0.07862452,,59956.5180902998,60020.38733799989,63.869247700087726,251.85653561818185,48.433314,0.0001403962593356,5.69185382798195e-05,SN,stamp_classifier,0.90225434,1.1.6,SN,2.202518094215015e+18,F:\ZTF_Adjusted_Dataset\stamps\SN\ZTF23aaahuzc,,2.0,r,18.99382972717285,0.12901683151721954,0.002708330051973462,0.5,0.5,2.1627697944641113,2.7638747692108154,4.958921909332275,0.9819999933242798,3.5799999237060547,t,1.0,3945.0,5.900000095367432,0.3720000088214874
ZTF22abhxkjg,8,3741,59840.25,59857.25,False,False,7,0.5207447,,0.6818566,,59840.15989580005,59857.176562500186,17.01666670013219,246.4286190571429,36.67837237142857,7.64242513254617e-05,3.781127319969272e-05,SN,stamp_classifier,0.9022418,dev,SN,2.099177484915015e+18,F:\ZTF_Adjusted_Dataset\stamps\SN\ZTF22abhxkjg,,2.0,r,19.66557502746582,0.1364346295595169,0.019166700541973114,0.010833299718797207,0.5,0.60882568359375,1.5243571996688843,2.965182065963745,0.9810000061988831,2.009999990463257,t,7.0,3738.0,0.9440000057220459,0.04899999871850014
ZTF22aarvtbb,110,2940,59763.25,59797.25,False,False,25,-0.10175,,0.09959213,,59765.283171299845,59797.32706019981,32.04388889996335,246.352538688,62.65696636,5.211729815028388e-05,2.229686076490337e-05,SN,stamp_classifier,0.90222186,dev,SN,2.011283174315015e+18,F:\ZTF_Adjusted_Dataset\stamps\SN\ZTF22aarvtbb,,1.0,g,19.951026916503906,0.12274253368377686,0.014999999664723873,0.025791700929403305,0.0,3.3505702018737793,21.61358642578125,26.073780059814453,0.9739999771118164,2.130000114440918,t,6.0,2822.0,3.2890000343322754,0.4090000092983246
ZTF24aalubmp,68,1975,60432.431840300094,60551.17935189977,True,False,69,,,,,60432.431840300094,60551.17935189977,118.74751159967856,287.90296886133353,51.9680516643012,0.0492722677968388,0.0303566828049526,SN,stamp_classifier,0.9022084,24.5.2a6,SN,2.678431841515015e+18,F:\ZTF_Adjusted_Dataset\stamps\SN\ZTF24aalubmp,,1.0,g,19.529081344604492,0.12540453672409058,0.00645832996815443,0.5,0.9285359978675842,0.16547049582004547,6.9761247634887695,8.32419204711914,0.9819999933242798,2.119999885559082,t,1.0,1885.0,2.509000062942505,0.18299999833106995
ZTF23abufzik,4,1784,60292.55009259982,60292.55754629988,True,False,5,,,,,60292.55009259982,60292.56004629983,0.0099537000060081,235.22284661998023,21.862539280000004,0.0409589240675918,0.0380131560173365,SN,stamp_classifier,0.9022077,23.12.20,SN,2.538550096015015e+18,F:\ZTF_Adjusted_Dataset\stamps\SN\ZTF23abufzik,,2.0,r,19.528331756591797,0.16768530011177063,0.0,0.5,0.5,0.7516264319419861,0.75701504945755,2.602877616882324,0.9760000109672546,2.490000009536743,t,1.0,1781.0,3.38700008392334,0.328000009059906
ZTF25aasyoqt,42,3450,60824.34059030004,60858.30719910003,True,False,25,,,,,60824.34059030004,60858.30719910003,33.96660879999399,262.7280674855833,66.68987922079377,0.0375004921562281,0.0148392344208784,SN,stamp_classifier,0.9021916,27.5.6,SN,3.070340590915015e+18,F:\ZTF_Adjusted_Dataset\stamps\SN\ZTF25aasyoqt,,2.0,r,19.48749351501465,0.12719431519508362,0.02824999950826168,0.4923959970474243,0.8007500171661377,0.6437158584594727,7.560643196105957,20.19249153137207,0.8090000152587891,2.880000114440918,t,1.0,3390.0,4.2129998207092285,0.3199999928474426
ZTF18abwzkdf,3,2988,58378.41047450015,60586.175763899926,True,False,1,,,,,60586.175763899926,60586.175763899926,0.0,19.2263618,-6.0897997,0.0854823887348175,0.0850000008940696,SN,stamp_classifier,0.90218544,24.5.2a6,SN,2.832175760315015e+18,F:\ZTF_Adjusted_Dataset\stamps\SN\ZTF18abwzkdf,,2.0,r,19.633249282836914,0.11971414089202881,0.0012499999720603228,0.5,0.09209229797124863,0.2892415225505829,5.477665901184082,19.59830665588379,0.9769999980926514,1.3474891185760498,t,3.0,2988.0,4.190999984741211,0.503000020980835
ZTF22aafupdg,187,4866,59670.40587959997,59711.3466897998,False,False,53,-0.0387,,0.11113349,,59672.321562500205,59711.3466897998,39.02512729959562,218.71083697924533,53.83624722075472,7.174198255638934e-05,1.846147088176812e-05,SN,stamp_classifier,0.9021786,correction_1.0.6,SN,1.930355813015015e+18,F:\ZTF_Adjusted_Dataset\stamps\SN\ZTF22aafupdg,,2.0,r,18.71651840209961,0.08957262337207794,0.0016666699666529894,0.022767899557948112,0.5,2.3642430305480957,15.981125831604004,18.52828598022461,0.9819999933242798,2.2100000381469727,t,56.0,4691.0,6.329999923706055,0.6759999990463257
ZTF20abjcyhg,152,1637,59029.20744210016,59094.184375000186,False,False,60,-0.11692238,,0.13754463,,59029.20744210016,59094.184375000186,64.97693290002644,228.58188293666663,39.93096112000001,2.657722337194741e-05,2.1856936997780417e-05,SN,stamp_classifier,0.90212184,corr_bulk_0.0.1,SN,1.340184372015015e+18,F:\ZTF_Adjusted_Dataset\stamps\SN\ZTF20abjcyhg,,1.0,g,18.870393753051758,0.2151513695716858,0.009583329781889915,0.992917001247406,0.0016666699666529894,2.5009660720825195,15.91239070892334,21.29256820678711,0.9829999804496765,2.5199999809265137,t,152.0,1637.0,4.478000164031982,0.2930000126361847
ZTF25aagwdoh,12,2125,60729.51347219991,60764.47173610004,True,False,12,,,,,60729.51347219991,60764.47173610004,34.95826390013099,283.0434090970065,37.37303411000702,0.0271235277674891,0.0215550776092861,SN,stamp_classifier,0.90211,26.0.1,SN,2.975513471415015e+18,F:\ZTF_Adjusted_Dataset\stamps\SN\ZTF25aagwdoh,,2.0,r,19.484167098999023,0.14994166791439056,0.029958300292491913,0.5,0.7928959727287292,0.7108308672904968,1.1481854915618896,7.819588661193848,0.9350000023841858,1.259050726890564,t,1.0,2110.0,4.031000137329102,0.39399999380111694
ZTF25abnlesc,14,2211,60918.20263889991,60934.25711809984,True,False,13,,,,,60918.20263889991,60934.25711809984,16.0544791999273,302.089931315988,44.77467683832615,0.0300851282728286,0.0213568938034109,SN,stamp_classifier,0.90203565,27.5.6,SN,3.164202631115015e+18,F:\ZTF_Adjusted_Dataset\stamps\SN\ZTF25abnlesc,,2.0,r,19.364559173583984,0.11436270922422409,0.012500000186264515,0.5,0.6341549754142761,0.3712073564529419,1.716603398323059,6.061985015869141,0.9990000128746033,2.890000104904175,t,1.0,2194.0,3.6110000610351562,0.36500000953674316
ZTF24abkudsy,1,1320,60586.175763899926,60586.175763899926,True,False,1,,,,,60586.175763899926,60586.175763899926,0.0,15.9458799,-5.6505333,0.0854150354862213,0.0850000008940696,SN,stamp_classifier,0.9018503,24.5.2a6,SN,2.832175760615015e+18,F:\ZTF_Adjusted_Dataset\stamps\SN\ZTF24abkudsy,,2.0,r,19.618274688720703,0.127022847533226,0.008583329617977142,0.5,0.5,0.15257799625396729,1.3886997699737549,2.706543445587158,0.9559999704360962,2.890000104904175,t,1.0,1320.0,5.295000076293945,0.3409999907016754
ZTF25acgnnbe,27,4548,61017.144814800005,61030.13387730019,True,False,10,,,,,61020.12361110002,61030.13387730019,10.010266200173646,338.78881053184085,24.081443411657865,0.0259823018769781,0.0237209678415277,SN,stamp_classifier,0.90182525,27.5.7a32.dev1,SN,3.266123610515015e+18,F:\ZTF_Adjusted_Dataset\stamps\SN\ZTF25acgnnbe,,2.0,r,20.440515518188477,0.18295413255691528,0.0,0.05493450164794922,0.0,0.3863465189933777,12.916593551635742,18.612892150878906,0.8270000219345093,1.1960254907608032,t,3.0,4519.0,2.443000078201294,0.12999999523162842
ZTF24aaumhjo,67,4049,60494.285451400094,60521.27098379983,True,False,12,,,,,60500.30173610011,60521.27098379983,20.9692476997152,245.12892143595465,43.34609966727992,0.032993295602668,0.0239934077172114,SN,stamp_classifier,0.9017864,24.5.2a6,SN,2.746301735415015e+18,F:\ZTF_Adjusted_Dataset\stamps\SN\ZTF24aaumhjo,,2.0,r,19.97814178466797,0.15670256316661835,0.0,0.00645832996815443,0.11710699647665024,0.6091820597648621,16.73581314086914,21.47056770324707,0.9670000076293945,1.7999999523162842,t,10.0,3962.0,4.252999782562256,0.28999999165534973
ZTF24aaiftcp,39,3873,60398.42637730017,60416.46280089999,True,False,28,,,,,60398.42637730017,60416.46280089999,18.036423599813133,241.5900133185829,17.753284605224533,0.0041832865828895,0.003984071322102,SN,stamp_classifier,0.9017356,24.4.1,SN,2.650381731915015e+18,F:\ZTF_Adjusted_Dataset\stamps\SN\ZTF24aaiftcp,,1.0,g,19.724445343017578,0.14681191742420197,0.0012499999720603228,0.5,0.5,0.4027886390686035,1.6575106382369995,8.721944808959961,0.9710000157356262,3.1600000858306885,t,6.0,3837.0,4.256999969482422,0.4000000059604645
ZTF24abfecnu,17,1812,60552.413113399874,60562.39211810008,True,False,9,,,,,60553.3587962999,60562.39211810008,9.033321800176054,16.546473330017673,22.810687942247824,0.0396079297689021,0.0365102268499029,SN,stamp_classifier,0.90171367,24.5.2a6,SN,2.802363030615015e+18,F:\ZTF_Adjusted_Dataset\stamps\SN\ZTF24abfecnu,,2.0,r,20.338680267333984,0.15968216955661774,0.014208300039172173,0.0012499999720603228,1.0,0.27197733521461487,5.57905387878418,7.790184020996094,0.9010000228881836,2.1500000953674316,t,5.0,1795.0,2.111999988555908,0.1889999955892563
ZTF22abfuosi,13,3837,59837.25,59844.25,True,False,4,0.194315,0.309755,0.14036459,0.2776768,59840.17693290021,59844.143668999895,3.966736099682748,257.7125542,39.35239035,3.8226430649304265e-05,3.860591491682957e-05,SN,stamp_classifier,0.9016629,dev,SN,2.086176933115015e+18,F:\ZTF_Adjusted_Dataset\stamps\SN\ZTF22abfuosi,,1.0,g,20.282255172729492,0.15711553394794464,0.0037499999161809683,0.0062916697934269905,0.09062500298023224,0.10265860706567764,14.821009635925293,21.85293960571289,0.9580000042915344,1.7000000476837158,t,6.0,3824.0,1.3049999475479126,0.05000000074505806
ZTF21abjzkcz,3,1218,59402.435636600014,59414.46487270016,True,False,1,,,,,59414.46487270016,59414.46487270016,0.0,19.7661564,17.5284574,,,SN,stamp_classifier,0.9016249,correction_0.0.1,SN,1.660464873015015e+18,F:\ZTF_Adjusted_Dataset\stamps\SN\ZTF21abjzkcz,,2.0,r,20.032392501831055,0.1284361034631729,0.0,0.9906870126724243,0.014166699722409248,1.2105011940002441,15.730900764465332,20.727767944335938,0.996999979019165,1.190000057220459,t,3.0,1218.0,4.192999839782715,0.4819999933242798
ZTF25abpjtgk,39,10193,60922.17373839999,60943.22052079998,True,False,23,,,,,60922.17373839999,60943.21958329994,21.045844899956137,258.1611999626037,58.589467663856645,0.0293827187517709,0.0153132890852196,SN,stamp_classifier,0.9014839,27.5.6,SN,3.172181185315015e+18,F:\ZTF_Adjusted_Dataset\stamps\SN\ZTF25abpjtgk,,2.0,r,19.797948837280273,0.18141382932662964,0.055458299815654755,0.5,0.5,0.5433833003044128,0.5573516488075256,14.530675888061523,0.9440000057220459,1.1364569664001465,t,8.0,10159.0,1.034000039100647,0.1770000010728836
ZTF20abkfvzo,5,1569,59040.287118100096,59046.41395829991,True,False,5,,,,,59040.287118100096,59046.41395829991,6.126840199809521,294.9457575,59.36924582,3.2536825299358206e-05,1.3385701326345048e-05,SN,stamp_classifier,0.901391,corr_bulk_0.0.1,SN,1.292413951215015e+18,F:\ZTF_Adjusted_Dataset\stamps\SN\ZTF20abkfvzo,,2.0,r,19.023910522460938,0.0879528746008873,0.35697299242019653,0.24504800140857697,0.5,0.3905471861362457,7.219925880432129,9.763773918151855,0.9819999933242798,1.7400000095367432,t,5.0,1569.0,9.569999694824219,1.093000054359436
ZTF18aayyfkv,7,2420,58278.221793999895,59449.20256939996,False,False,7,1.7425196,,0.56072927,,58278.221793999895,59449.20256939996,1170.9807754000649,233.0670460428572,60.72937817142857,2.775685243702096e-05,3.375651612657849e-05,SN,stamp_classifier,0.9013233,correction_1.0.6,SN,5.24261622715015e+17,F:\ZTF_Adjusted_Dataset\stamps\SN\ZTF18aayyfkv,,2.0,r,20.105878829956055,0.1465650349855423,0.9861670136451721,0.04086900129914284,0.002083329949527979,0.09586165845394135,18.337282180786133,18.4044189453125,0.9980000257492065,2.0899999141693115,t,2.0,236.0,0.3479999899864197,-0.01899999938905239
ZTF19abmzzwy,1,151,58699.37931710016,58699.37931710016,False,False,1,,,,,58699.37931710016,58699.37931710016,0.0,9.9947838,5.8803983,,,SN,stamp_classifier,0.9012319,corr_bulk_0.0.1,SN,9.45379314415015e+17,F:\ZTF_Adjusted_Dataset\stamps\SN\ZTF19abmzzwy,,2.0,r,19.886613845825195,0.11345701664686203,0.0637798011302948,1.0,0.5,3.1075286865234375,4.833828449249268,6.790191173553467,0.9810000061988831,2.0,t,1.0,151.0,1.2580000162124634,0.1289999932050705
ZTF24abkyemw,2,1461,60568.457291699946,60586.31328700017,True,False,1,,,,,60586.31328700017,60586.31328700017,0.0,13.0368897,1.6327926,0.0850345268845558,0.0850000008940696,SN,stamp_classifier,0.9011667,24.5.2a6,SN,2.832313280615015e+18,F:\ZTF_Adjusted_Dataset\stamps\SN\ZTF24abkyemw,,2.0,r,21.172046661376953,0.15792618691921234,0.5,0.0008333330042660236,0.5,0.3118259906768799,1.0709491968154907,2.687833786010742,0.9819999933242798,1.257796049118042,t,2.0,1461.0,4.989999771118164,0.5289999842643738
ZTF21aaxwnyw,8,2041,58332.269745400175,59353.43605320016,True,False,9,-0.05885,0.734878,-0.08097582,0.75687855,59334.46333329985,59353.43605320016,18.97271990031004,276.7254728777778,33.95483506666667,4.929512596813056e-05,2.9614523464829484e-05,SN,stamp_classifier,0.9011562,correction_0.0.1,SN,1.582386183915015e+18,F:\ZTF_Adjusted_Dataset\stamps\SN\ZTF21aaxwnyw,,2.0,r,19.44399070739746,0.09421634674072266,0.07041669636964798,0.5,0.949874997138977,0.2564997673034668,1.5867432355880737,8.805453300476074,0.984000027179718,1.1986628770828247,t,3.0,2026.0,4.145999908447266,0.33899998664855957
ZTF25aafweab,13,2507,60716.388125000056,60739.40901619988,True,False,9,,,,,60725.28256940004,60739.40901619988,14.126446799840778,174.3877764942874,66.10581746461354,0.0576280658086428,0.0233421759540479,SN,stamp_classifier,0.9011497,26.0.1,SN,2.971361051515015e+18,F:\ZTF_Adjusted_Dataset\stamps\SN\ZTF25aafweab,,2.0,r,19.491779327392578,0.15455813705921173,0.003083330113440752,0.04579170048236847,0.5,0.5156618356704712,10.411381721496582,10.47489070892334,0.9940000176429749,4.099999904632568,t,5.0,2489.0,4.64300012588501,0.3619999885559082
ZTF24abyarea,17,2180,60660.40729170013,60674.471180600114,False,False,4,,,,,60664.4291087999,60674.471180600114,10.042071800213307,171.31875275005922,63.3435427,0.0724411662660769,0.0324999988079071,SN,stamp_classifier,0.90113014,26.0.1,SN,2.910429103315015e+18,F:\ZTF_Adjusted_Dataset\stamps\SN\ZTF24abyarea,,1.0,g,18.9208927154541,0.10244353115558624,0.03237500041723251,0.5,0.5,1.7703468799591064,4.364733695983887,6.499845504760742,0.9919999837875366,1.9199999570846558,t,6.0,2147.0,4.918000221252441,0.3529999852180481
ZTF21ackeyix,42,447,59144.25,60253.25,True,False,22,-0.1092,0.076183,-0.16205926,0.0740194,59501.39787039999,60253.23498839978,751.8371179997921,20.12634363636364,-26.64499213636364,8.938769248099051e-05,7.722356872767604e-05,SN,stamp_classifier,0.90111816,1.2.1,SN,1.766292891315015e+18,F:\ZTF_Adjusted_Dataset\stamps\SN\ZTF21ackeyix,,1.0,g,20.043445587158203,0.1729336380958557,0.0,0.024708300828933716,0.8651109933853149,0.22775955498218536,8.677484512329102,13.657407760620117,0.9070000052452087,3.0399999618530273,t,12.0,297.0,1.3630000352859497,-0.0560000017285347
ZTF23aakhung,7,3244,60075.25,60088.5,True,False,7,-0.070663,0.521445,0.010177052,0.5626995,60075.32988430001,60088.38344909996,13.053564799949529,249.6809294142857,57.22422628571429,7.551596803195963e-05,5.272742577257205e-05,SN,stamp_classifier,0.9011062,1.2.0,SN,2.328390125515015e+18,F:\ZTF_Adjusted_Dataset\stamps\SN\ZTF23aakhung,,1.0,g,19.754106521606445,0.1703517735004425,0.00791667029261589,0.0006249999860301614,0.03766670078039169,0.3771131932735443,5.177311420440674,9.318583488464355,0.9380000233650208,2.2300000190734863,t,4.0,3237.0,2.013000011444092,0.07699999958276749
ZTF21aclyxes,13,1338,59523.505613400135,59550.5398380002,False,False,10,-0.123799,,-0.14168803,,59523.505613400135,59550.5398380002,27.0342246000655,172.17420132,35.11264482,2.289749137524392e-05,2.303624197744095e-05,SN,stamp_classifier,0.9010052,correction_1.0.6,SN,1.769505614015015e+18,F:\ZTF_Adjusted_Dataset\stamps\SN\ZTF21aclyxes,,2.0,r,19.334476470947266,0.10953804105520248,0.06590480357408524,0.5,0.6454579830169678,6.201967239379883,6.964524745941162,14.394251823425293,1.0,2.549999952316284,t,1.0,1325.0,9.611000061035156,1.0160000324249268
ZTF22aakrxho,16,2433,58541.5,59741.5,True,False,26,-0.004783,0.772463,0.05627227,0.781417,59723.40756940004,59741.43616899988,18.028599599841986,274.7839769269231,43.58162915384616,0.0001537305813621,3.966530202387558e-05,SN,stamp_classifier,0.90099704,1.1.2,SN,1.969407566015015e+18,F:\ZTF_Adjusted_Dataset\stamps\SN\ZTF22aakrxho,,1.0,g,19.595382690429688,0.11453387141227722,0.017291700467467308,0.07633929699659348,0.015208300203084946,0.1361493617296219,7.335899353027344,8.636255264282227,0.9670000076293945,3.130000114440918,t,2.0,2586.0,3.5309998989105225,0.09799999743700027
ZTF18abxttju,5,1483,58374.40326389996,59498.32103009988,True,False,3,0.927859,1.1587155,0.5903813,0.9962537,58380.41079859994,59498.32103009988,1117.9102314999327,24.3355959,0.9559232,5.135727796542859e-05,8.994114742431886e-05,SN,stamp_classifier,0.90095776,correction_1.0.6,SN,6.2643636521501e+17,F:\ZTF_Adjusted_Dataset\stamps\SN\ZTF18abxttju,,2.0,r,19.65174102783203,0.18349690735340118,0.0031250000465661287,0.5,0.0012499999720603228,0.22820034623146057,6.479204177856445,7.969195365905762,0.6069999933242798,2.5,f,3.0,101.0,3.4609999656677246,0.17299999296665192
ZTF18aaowzhk,21,4035,58232.39243059978,59309.36662039999,False,False,5,-0.19834419,,-0.12670606,,59307.36574070016,59309.36662039999,2.000879699829966,238.34819128,44.09844652,6.106739719689765e-05,2.605488437808285e-05,SN,stamp_classifier,0.90095556,correction_0.0.1,SN,1.553365744915015e+18,F:\ZTF_Adjusted_Dataset\stamps\SN\ZTF18aaowzhk,,2.0,r,19.691389083862305,0.13698500394821167,0.005833330098539591,0.5,0.9822919964790344,2.0353078842163086,3.0377540588378906,7.077066898345947,0.9990000128746033,2.180000066757202,t,9.0,4025.0,5.309999942779541,0.30799999833106995
ZTF24aahepdc,31,4421,58608.41520830011,60429.37098379992,True,False,19,,,,,60387.49210650008,60429.37098379992,41.87887729983777,253.303135997346,49.80171865520197,0.0508397467996535,0.0328137410884699,SN,stamp_classifier,0.9009385,24.4.1,SN,2.633492105915015e+18,F:\ZTF_Adjusted_Dataset\stamps\SN\ZTF24aahepdc,,2.0,r,18.16690444946289,0.06755220144987106,0.0024999999441206455,0.6498270034790039,0.0,0.8316212296485901,10.794504165649414,17.048301696777344,0.9670000076293945,3.059999942779541,t,9.0,4380.0,5.349999904632568,0.42800000309944153
ZTF18abafmdb,1,212,58282.224919000175,58282.224919000175,False,False,1,,,,,58282.224919000175,58282.224919000175,0.0,212.623794,56.6871203,,,SN,stamp_classifier,0.90087575,corr_bulk_0.0.1,SN,5.28224914015015e+17,F:\ZTF_Adjusted_Dataset\stamps\SN\ZTF18abafmdb,,2.0,r,20.36191177368164,0.18765991926193237,0.008333330042660236,0.734125018119812,0.025791700929403305,0.3185562789440155,17.109973907470703,18.20176124572754,0.9300000071525574,1.899999976158142,t,1.0,212.0,0.9049999713897705,-0.07500000298023224
ZTF20abheupp,1,1574,59023.29650459997,59023.29650459997,True,False,1,,,,,59023.29650459997,59023.29650459997,0.0,264.7368049,28.6512611,,,SN,stamp_classifier,0.9008671,corr_bulk_0.0.1,SN,1.269296505515015e+18,F:\ZTF_Adjusted_Dataset\stamps\SN\ZTF20abheupp,,2.0,r,20.21622085571289,0.14358772337436676,0.009083329699933529,0.5881189703941345,0.027916699647903442,1.1376800537109375,2.684563398361206,7.14928674697876,0.9279999732971191,1.9900000095367432,t,1.0,1574.0,3.0179998874664307,0.24699999392032623
ZTF22aadglxh,50,3548,59670.5,59725.5,False,False,52,0.1565,0.182404,0.06882275,0.22559543,59670.46842590021,59725.40745369997,54.93902779975906,285.1068885384616,36.84187045,8.696586924548194e-05,5.645839523170982e-05,SN,stamp_classifier,0.9008591,1.1.2,SN,1.9164684210150152e+18,F:\ZTF_Adjusted_Dataset\stamps\SN\ZTF22aadglxh,,2.0,r,19.19774055480957,0.10279642045497894,0.5,0.10683300346136093,0.5,1.5419893264770508,1.759160041809082,8.8106107711792,1.0,2.299999952316284,t,1.0,3463.0,5.486000061035156,0.48899999260902405
ZTF25abimmlv,18,2042,60901.21668979991,60943.19715279993,True,False,19,,,,,60901.21668979991,60943.19715279993,41.98046300001442,260.25080002129164,20.716900059730616,0.0188426236678559,0.0176242543415297,SN,stamp_classifier,0.90085495,27.5.6,SN,3.147216683715015e+18,F:\ZTF_Adjusted_Dataset\stamps\SN\ZTF25abimmlv,,1.0,g,19.887733459472656,0.16107065975666046,0.0005000000237487257,0.09916669875383377,0.9745830297470093,0.2949104607105255,13.638446807861328,16.52828598022461,0.9599999785423279,2.2899999618530273,t,1.0,2014.0,2.3499999046325684,0.1720000058412552
ZTF25abuioua,44,2019,60943.334629599936,60974.28598379996,True,False,20,,,,,60943.334629599936,60978.21045139991,34.87582179997116,9.565196389406784,-5.936116617510367,0.0164158952542059,0.0163278698765856,SN,stamp_classifier,0.9008346,27.5.7a32.dev1,SN,3.195310300615015e+18,F:\ZTF_Adjusted_Dataset\stamps\SN\ZTF25abuioua,,2.0,r,19.516759872436523,0.09518582373857498,0.0,0.9708539843559265,0.017291700467467308,0.70796799659729,20.03038787841797,26.91630744934082,0.9810000061988831,1.7699999809265137,t,7.0,1970.0,2.8410000801086426,0.22599999606609344
ZTF24aaivxhk,104,4097,58984.44094910007,60477.39003469981,True,False,42,,,,,60389.47472220007,60477.39003469981,87.91531249973923,249.657455001286,37.77170684174307,0.0140795672821487,0.0111293003203594,SN,stamp_classifier,0.9007983,24.5.1,SN,2.655303681215015e+18,F:\ZTF_Adjusted_Dataset\stamps\SN\ZTF24aaivxhk,,1.0,g,20.568552017211914,0.11344233900308609,0.011874999850988388,0.0012499999720603228,0.0,0.09969661384820938,7.7174248695373535,21.81149673461914,0.9829999804496765,4.110000133514404,t,10.0,3946.0,0.9110000133514404,0.03500000014901161
ZTF23aaeqoez,10,2408,58165.5,60054.25,True,False,6,,,,,60042.36394680012,60054.33537039999,11.971423599869013,218.28506561666663,30.758475766666667,3.756229049191503e-05,3.4599055864042354e-05,SN,stamp_classifier,0.90078616,1.1.6,SN,2.290326050915015e+18,F:\ZTF_Adjusted_Dataset\stamps\SN\ZTF23aaeqoez,,1.0,g,19.637767791748047,0.14289265871047974,0.01075000036507845,0.016166700050234795,1.0,0.42386648058891296,13.10349178314209,16.453086853027344,0.9760000109672546,2.569999933242798,t,3.0,2394.0,4.34499979019165,0.1679999977350235
ZTF24abkmutz,3,1412,60585.2371991002,60585.30700229993,True,False,3,,,,,60585.2371991002,60585.30700229993,0.0698031997308135,4.80850604230254,-1.1983990390901715,0.0404386811718196,0.0404298347116235,SN,stamp_classifier,0.90075463,24.5.2a6,SN,2.831307003215015e+18,F:\ZTF_Adjusted_Dataset\stamps\SN\ZTF24abkmutz,,2.0,r,21.402185440063477,0.2014036774635315,0.0,0.5,0.0,0.05890052393078804,0.8861935138702393,16.782651901245117,0.9869999885559082,2.3499999046325684,t,3.0,1412.0,1.3650000095367432,0.15700000524520874
ZTF22aaaysmx,22,3833,59621.53342590016,59641.51295140013,True,False,21,0.19709,0.469056,0.19797954,0.463855,59621.53342590016,59641.51295140013,19.97952549997717,285.57281800476187,55.54049840476191,0.0001146819928204,6.104699399827236e-05,SN,stamp_classifier,0.90074396,correction_1.0.6,SN,1.874532523515015e+18,F:\ZTF_Adjusted_Dataset\stamps\SN\ZTF22aaaysmx,,2.0,r,18.855133056640625,0.12994202971458435,0.026958299800753593,0.6776250004768372,0.5,0.9603511691093445,5.438000202178955,8.405719757080078,0.9819999933242798,3.130000114440918,t,9.0,3819.0,4.571000099182129,0.29499998688697815
ZTF20aaifypt,8,1411,58873.53460650006,58904.52513890015,False,False,7,0.68569946,,0.58856964,,58873.53460650006,58904.52513890015,30.99053240008652,263.46031342857145,36.18392598571428,7.036364389358024e-05,6.831325953703083e-05,SN,stamp_classifier,0.90072805,corr_bulk_0.0.1,SN,1.119534604815015e+18,F:\ZTF_Adjusted_Dataset\stamps\SN\ZTF20aaifypt,,2.0,r,19.910606384277344,0.16745001077651978,0.013124999590218067,0.5,0.35364601016044617,1.7795404195785522,3.9438822269439697,16.791574478149414,0.9399999976158142,2.319999933242798,t,1.0,1366.0,5.363999843597412,0.3149999976158142
ZTF23aavvqdf,25,3312,60146.25,60173.25,True,False,16,0.610245,0.695311,0.35092402,0.6401225,60151.277303200215,60173.1713657002,21.894062499981374,243.74869934375,22.6739624625,6.335233716987417e-05,3.2383120603141485e-05,SN,stamp_classifier,0.90066046,1.2.0,SN,2.407181270215015e+18,F:\ZTF_Adjusted_Dataset\stamps\SN\ZTF23aavvqdf,,2.0,r,19.769058227539062,0.13738854229450226,0.00933333020657301,0.10683300346136093,0.9895830154418945,0.4254104793071747,11.836017608642578,14.001578330993652,0.8479999899864197,1.7999999523162842,t,8.0,3280.0,2.239000082015991,0.1420000046491623
ZTF23aaqnhmi,71,3665,60133.25,60171.25,True,False,22,0.153719,0.45476,0.12849315,0.47687474,60134.22282409994,60171.22372689983,37.000902799889445,243.53298351818185,49.24419178636363,3.869313506669239e-05,3.930244503919325e-05,SN,stamp_classifier,0.90062535,1.2.0,SN,2.380222824015015e+18,F:\ZTF_Adjusted_Dataset\stamps\SN\ZTF23aaqnhmi,,2.0,r,19.70183753967285,0.13628645241260529,0.019541699439287186,0.0873332992196083,0.0338749997317791,0.32282236218452454,10.98711109161377,13.97551155090332,0.722000002861023,2.3299999237060547,t,4.0,3573.0,5.959000110626221,0.5440000295639038
ZTF24abkkhxw,96,1958,60549.41614580015,60974.21502309991,True,False,41,,,,,60585.23056709999,60974.21502309991,388.9844559999183,9.45309576228787,-5.108611443016839,0.010460053295954,0.0104185026191379,SN,stamp_classifier,0.9006133,27.5.7a32.dev1,SN,2.831230560515015e+18,F:\ZTF_Adjusted_Dataset\stamps\SN\ZTF24abkkhxw,,1.0,g,21.083799362182617,0.1609097272157669,0.008041669614613056,0.5,0.5,0.24531134963035583,2.391021251678467,6.679038047790527,0.9679999947547913,1.3082507848739624,t,6.0,1494.0,2.2660000324249268,0.1679999977350235
ZTF22aaedozo,1,1641,59673.366504599806,59673.366504599806,False,False,1,,,,,59673.366504599806,59673.366504599806,0.0,272.699488,78.2285054,,,SN,stamp_classifier,0.9006117,correction_1.0.6,SN,1.919366504015015e+18,F:\ZTF_Adjusted_Dataset\stamps\SN\ZTF22aaedozo,,2.0,r,20.00974464416504,0.15761451423168182,0.02704169973731041,0.873445987701416,0.5918629765510559,0.6118093729019165,1.9648997783660889,6.065429210662842,0.9589999914169312,2.3399999141693115,t,1.0,1641.0,2.617000102996826,0.1289999932050705
ZTF24abknsxo,8,1376,60585.29594910005,60586.36428239988,True,False,8,,,,,60585.29594910005,60586.36428239988,1.068333299830556,13.147561145176038,-12.831553114437122,0.0326476571966371,0.0318323531111858,SN,stamp_classifier,0.90058464,24.5.2a6,SN,2.831342480615015e+18,F:\ZTF_Adjusted_Dataset\stamps\SN\ZTF24abknsxo,,2.0,r,21.289033889770508,0.19216595590114594,0.0,0.002749999985098839,0.0008333330042660236,1.255164384841919,17.91537094116211,22.985095977783203,0.9919999837875366,2.3499999046325684,t,3.0,1359.0,2.8350000381469727,0.23499999940395355
ZTF20aatuqtk,37,1835,58936.488842600025,58985.406423599925,True,False,36,-0.17261124,-0.12585197,0.23369217,0.21918757,58936.488842600025,58985.406423599925,48.917580999899656,282.18942339166665,52.6174164,9.226124824955656e-05,3.8530099551252406e-05,SN,stamp_classifier,0.900571,corr_bulk_0.0.1,SN,1.231406420415015e+18,F:\ZTF_Adjusted_Dataset\stamps\SN\ZTF20aatuqtk,,2.0,r,20.794702529907227,0.1943323314189911,0.0,0.05441670119762421,0.4709460139274597,0.6968331336975098,13.597712516784668,16.856719970703125,0.6930000185966492,1.1907333135604858,t,37.0,1835.0,0.7160000205039978,0.11699999868869781
ZTF24aahaobp,22,2806,60379.3614236,60411.33239579992,True,False,9,,,,,60388.403553199954,60411.33239579992,22.92884259996936,181.6881505406136,29.469993128748037,0.0342407702805007,0.0298104754515667,SN,stamp_classifier,0.90054846,24.4.1,SN,2.634403555315015e+18,F:\ZTF_Adjusted_Dataset\stamps\SN\ZTF24aahaobp,,1.0,g,18.657005310058594,0.08503828197717667,0.04800000041723251,0.042374998331069946,0.9852079749107361,0.9007991552352905,6.021950721740723,17.33622169494629,0.9909999966621399,2.6700000762939453,t,5.0,2754.0,5.323999881744385,0.37400001287460327
ZTF23aadphdi,20,2893,60021.25,60062.5,False,False,16,0.139475,,0.214335,,60021.367881900165,60062.39016199997,41.02228009980172,233.15749713125,39.669031925,3.6264302349440186e-05,4.105840555383537e-05,SN,stamp_classifier,0.9004714,1.2.0,SN,2.267367882515015e+18,F:\ZTF_Adjusted_Dataset\stamps\SN\ZTF23aadphdi,,1.0,g,19.960651397705078,0.21012380719184875,0.0012499999720603228,0.007625000085681677,0.5,2.8106791973114014,16.129623413085938,19.113704681396484,0.6930000185966492,3.700000047683716,t,1.0,2865.0,4.199999809265137,0.25999999046325684
ZTF24abksrbi,2,1573,59060.46165509988,60586.164745400194,True,False,1,,,,,60586.164745400194,60586.164745400194,0.0,358.6909842,3.373838,0.0651128515601158,0.0649999976158142,SN,stamp_classifier,0.90040135,24.5.2a6,SN,2.832164742215015e+18,F:\ZTF_Adjusted_Dataset\stamps\SN\ZTF24abksrbi,,1.0,g,20.503894805908203,0.12283601611852646,0.023833300918340683,0.7158929705619812,0.9365119934082031,0.4603425860404968,9.676106452941895,14.07398509979248,0.8709999918937683,1.3154720067977905,t,2.0,1573.0,4.447000026702881,0.45899999141693115
ZTF24abkjvcw,9,1121,60585.20949070016,60586.45583330002,True,False,9,,,,,60585.20949070016,60586.45583330002,1.2463425998575983,17.050714943484383,-0.8916946175132113,0.0318362088729809,0.0318323530950256,SN,stamp_classifier,0.9003427,24.5.2a6,SN,2.831209493615015e+18,F:\ZTF_Adjusted_Dataset\stamps\SN\ZTF24abkjvcw,,2.0,r,21.091609954833984,0.1677248179912567,0.11160700023174286,0.024809500202536583,0.5,0.5916687846183777,1.362942099571228,5.935812950134277,0.9929999709129333,1.2826560735702515,t,1.0,1093.0,3.1500000953674316,0.3630000054836273
ZTF18abwdzxe,8,10,58376.23538189987,58388.23859950015,True,False,8,0.19952011,0.2117593,0.24448204,0.24934447,58376.23538189987,58388.23859950015,12.003217600286009,293.261473325,73.09875476250001,0.0001459811313571,4.0185069635853e-05,SN,stamp_classifier,0.90033245,corr_bulk_0.0.1,SN,6.34238591515015e+17,F:\ZTF_Adjusted_Dataset\stamps\SN\ZTF18abwdzxe,,2.0,r,19.56092643737793,0.15816009044647217,0.0016666699666529894,0.5,0.5,0.24825771152973175,0.49718177318573,8.385359764099121,0.9750000238418579,1.840000033378601,t,8.0,10.0,0.6510000228881836,0.13699999451637268
ZTF23aaqpemc,43,2868,60132.25,60174.25,False,False,32,0.001228,,-0.11745411,,60133.340405100025,60174.24190969998,40.90150459995493,276.79711750937497,50.372501665625,2.5851990122705443e-05,2.1141056362338712e-05,SN,stamp_classifier,0.9003116,1.2.0,SN,2.379340405015015e+18,F:\ZTF_Adjusted_Dataset\stamps\SN\ZTF23aaqpemc,,1.0,g,19.0825138092041,0.09310426563024521,0.5,0.03554169833660126,0.5,1.3777713775634766,3.5990633964538574,7.803238391876221,0.9819999933242798,2.069999933242798,t,2.0,2819.0,5.986000061035156,0.1979999989271164
ZTF24aaiwawe,6,3948,59696.4518749998,60410.43686340004,True,False,2,,,,,60409.44269679999,60410.43686340004,0.9941666000522672,249.21454760000307,37.7165298,0.0759804023745861,0.0601040770330592,SN,stamp_classifier,0.9002845,24.4.1,SN,2.655442691215015e+18,F:\ZTF_Adjusted_Dataset\stamps\SN\ZTF24aaiwawe,,2.0,r,20.680601119995117,0.12322524189949036,0.033250000327825546,0.17545799911022186,0.5,0.5671302080154419,17.450273513793945,20.624906539916992,0.9890000224113464,1.3890310525894165,t,5.0,3945.0,5.78000020980835,0.40700000524520874
ZTF24abkjwjl,23,1452,60582.35791670019,60586.45583330002,True,False,22,,,,,60585.20949070016,60586.45583330002,1.2463425998575983,13.776066092061388,0.3267457790457557,0.0250109060065567,0.0250104991237368,SN,stamp_classifier,0.90023446,24.5.2a6,SN,2.831209496015015e+18,F:\ZTF_Adjusted_Dataset\stamps\SN\ZTF24abkjwjl,,2.0,r,20.816213607788086,0.16757957637310028,0.025416700169444084,0.477306991815567,-999.0,1.2538408041000366,26.960723876953125,-999.0,0.9409999847412109,2.4600000381469727,t,2.0,1424.0,3.234999895095825,0.2160000056028366
ZTF24abkkwfv,24,2705,60533.37877310021,60586.430092600174,True,False,19,,,,,60562.37972219987,60586.430092600174,24.05037040030584,10.796792920236662,8.13840410559862,0.0245224217506657,0.0242754555454455,SN,stamp_classifier,0.90022135,24.5.2a6,SN,2.831244985715015e+18,F:\ZTF_Adjusted_Dataset\stamps\SN\ZTF24abkkwfv,,2.0,r,21.032665252685547,0.19062025845050812,0.2267169952392578,0.02729170024394989,0.0,0.06436379998922348,16.236103057861328,18.442230224609375,0.9470000267028809,2.9100000858306885,t,8.0,2679.0,1.3370000123977661,0.013000000268220901
ZTF21aasbajb,21,2130,59306.34339120006,59322.32658560015,True,False,11,0.041885,0.337194,0.1465316,0.37827712,59307.36857639998,59322.32658560015,14.958009200170636,227.88447141818185,61.043217027272725,0.0001299549292486,4.558519695979259e-05,SN,stamp_classifier,0.90022,correction_0.0.1,SN,1.553368573115015e+18,F:\ZTF_Adjusted_Dataset\stamps\SN\ZTF21aasbajb,,2.0,r,19.91917610168457,0.1487657129764557,0.008833330124616623,0.04495830088853836,0.9981250166893005,0.6363351941108704,24.61001205444336,26.751543045043945,0.9100000262260437,1.1378453969955444,t,3.0,2105.0,5.703000068664551,0.6309999823570251
ZTF24aauetbd,35,4422,60494.26523149992,60519.305659700185,True,False,11,,,,,60494.34524310008,60519.305659700185,24.960416600108147,261.6624861599737,63.11975148000009,0.0840762285909237,0.0380131558522194,SN,stamp_classifier,0.9002175,24.5.2a6,SN,2.740345243715015e+18,F:\ZTF_Adjusted_Dataset\stamps\SN\ZTF24aauetbd,,2.0,r,20.091041564941406,0.16343088448047638,0.006833329796791077,0.5,0.5,0.9684770703315735,1.3666534423828125,20.250011444091797,0.8899999856948853,2.2899999618530273,t,2.0,4325.0,3.7019999027252197,0.31700000166893005
ZTF25aaxjzpf,21,1802,60846.427199100144,60894.37802080018,True,False,10,,,,,60846.427199100144,60894.37802080018,47.95082170004025,355.9823126806164,14.294123005854653,0.0259562202099791,0.0251526427207648,SN,stamp_classifier,0.9001434,27.5.6,SN,3.097363285515015e+18,F:\ZTF_Adjusted_Dataset\stamps\SN\ZTF25aaxjzpf,,2.0,r,19.305774688720703,0.13369005918502808,0.0,0.8479580283164978,0.0,0.18586841225624084,15.320169448852539,19.480287551879883,0.9739999771118164,2.890000104904175,t,4.0,1778.0,1.5870000123977661,0.16300000250339508
ZTF19abxzwiq,2,1785,58735.1833102,60817.38729170011,True,False,1,,,,,60817.38729170011,60817.38729170011,0.0,286.2928996,26.925767400000005,0.0953348726034164,0.0850000008940696,SN,stamp_classifier,0.9000959,27.5.6,SN,3.063387293815015e+18,F:\ZTF_Adjusted_Dataset\stamps\SN\ZTF19abxzwiq,,2.0,r,19.92691993713379,0.1256406456232071,0.5,0.29824399948120117,0.915041983127594,0.20105530321598053,1.6325271129608154,7.400136947631836,0.8970000147819519,1.2899999618530273,t,2.0,1785.0,9.11400032043457,0.8019999861717224
ZTF20aavdcbx,18,186,58955.448159699794,58972.387303200085,True,False,18,0.14286041,0.1737522,0.3755989,0.3700998,58955.448159699794,58972.387303200085,16.93914350029081,292.54767285,86.23647438333334,0.0005282747538873,3.7328088303549706e-05,SN,stamp_classifier,0.9000366,corr_bulk_0.0.1,SN,1.218387305915015e+18,F:\ZTF_Adjusted_Dataset\stamps\SN\ZTF20aavdcbx,,2.0,r,19.98578643798828,0.20364582538604736,0.002916669938713312,0.5,0.0,0.5363988280296326,12.72730541229248,13.464872360229492,0.9919999837875366,1.3600000143051147,t,18.0,186.0,1.031999945640564,0.20000000298023224
ZTF21aaoghxo,5,1918,59276.4674999998,59282.51252309978,True,True,2,,,,,59278.46875,59282.51252309978,4.043773099780083,232.79192895,47.0531061,6.717514404312108e-06,9.758073583873646e-06,SN,stamp_classifier,0.90001345,correction_0.0.1,SN,1.524468752415015e+18,F:\ZTF_Adjusted_Dataset\stamps\SN\ZTF21aaoghxo,,2.0,r,18.553245544433594,0.06692502647638321,0.5,0.19046400487422943,0.13888099789619446,1.1292957067489624,5.596132755279541,7.718215465545654,0.9850000143051147,2.569999933242798,t,2.0,1915.0,6.302000045776367,0.6110000014305115
ZTF19aakiycc,23,319,58526.46146989986,58546.28185189981,False,False,6,0.53489304,,0.19859695,,58526.46146989986,58546.28185189981,19.82038199994713,211.83692645,62.73481476666666,6.759250697886305e-05,0.0001164823534553,SN,stamp_classifier,0.89994174,corr_bulk_0.0.1,SN,7.92281853415015e+17,F:\ZTF_Adjusted_Dataset\stamps\SN\ZTF19aakiycc,,1.0,g,19.147064208984375,0.11246941983699799,0.0,0.0,0.947583019733429,1.0374596118927002,13.467625617980957,17.557735443115234,0.5400000214576721,6.710000038146973,t,23.0,319.0,1.2450000047683716,-0.43700000643730164
ZTF18adjccpx,9,3874,58232.5,59812.25,False,False,8,0.6746002,,0.6445991,,59797.239340300206,59812.18040509988,14.94106479967013,239.6758750625,35.3051492875,4.3651409322887216e-05,3.4110385411393315e-05,SN,stamp_classifier,0.89981854,dev,SN,2.053166885115015e+18,F:\ZTF_Adjusted_Dataset\stamps\SN\ZTF18adjccpx,,2.0,r,19.528051376342773,0.10838600248098373,0.03424999862909317,0.9832500219345093,0.053827401250600815,2.6796133518218994,16.278398513793945,22.520906448364258,0.9769999980926514,2.7899999618530273,t,6.0,3866.0,5.8470001220703125,0.6470000147819519
ZTF24aajdcry,2,3087,60409.26145830005,60411.367662,True,False,2,,,,,60409.26145830005,60411.367662,2.106203699950129,225.5789285,14.399751899999998,0.0474527047332183,0.0459619390912516,SN,stamp_classifier,0.8996682,24.4.1,SN,2.657367666215015e+18,F:\ZTF_Adjusted_Dataset\stamps\SN\ZTF24aajdcry,,1.0,g,21.2340087890625,0.16834735870361328,0.003083330113440752,0.5,0.5,0.27663061022758484,2.5927164554595947,13.354310035705566,0.8889999985694885,1.424940824508667,t,2.0,3087.0,4.646999835968018,0.4059999883174896
ZTF24abkudts,1,1321,60586.175763899926,60586.175763899926,True,False,1,,,,,60586.175763899926,60586.175763899926,0.0,15.9282318,-5.7936157,0.0854364112019538,0.0850000008940696,SN,stamp_classifier,0.8996678,24.5.2a6,SN,2.832175760615015e+18,F:\ZTF_Adjusted_Dataset\stamps\SN\ZTF24abkudts,,2.0,r,19.875274658203125,0.1364918351173401,0.0041666701436042786,0.0035416700411587954,0.056541699916124344,0.14000260829925537,14.19919490814209,16.65946388244629,0.9959999918937683,2.3299999237060547,t,1.0,1321.0,3.4749999046325684,0.20399999618530273
ZTF25abzooqy,2,5203,60972.1179860998,60972.17341439985,False,False,3,,,,,60972.1179860998,60974.11410879996,1.996122700162232,256.31142370597865,56.2154192234435,0.079359243064276,0.0441294487808,SN,stamp_classifier,0.899628,27.5.7a32.dev1,SN,3.218117984015015e+18,F:\ZTF_Adjusted_Dataset\stamps\SN\ZTF25abzooqy,,1.0,g,19.18047332763672,0.10780584812164307,0.10868900269269943,0.5,0.5,4.001186370849609,5.457457065582275,5.595529079437256,0.9819999933242798,3.200000047683716,t,1.0,5202.0,4.961999893188477,0.47200000286102295
ZTF24aamapek,4,1543,60430.39616899984,60440.416759300046,True,False,4,,,,,60430.39616899984,60440.416759300046,10.020590300206097,294.4154303207289,-0.9271435105520128,0.0391708161194184,0.0391656863175284,SN,stamp_classifier,0.8996149,24.4.1,SN,2.679440523215015e+18,F:\ZTF_Adjusted_Dataset\stamps\SN\ZTF24aamapek,,2.0,r,19.759933471679688,0.10648766160011292,0.0008333330042660236,0.6274719834327698,0.5686370134353638,0.04938502609729767,5.569247722625732,6.525160789489746,0.9570000171661377,1.7200000286102295,t,2.0,1541.0,2.7009999752044678,0.20800000429153442
ZTF21abjsnfk,10,1224,59400.40732639981,59411.465682900045,True,False,9,0.526195,0.666236,0.42235544,0.6410038,59400.40732639981,59411.465682900045,11.05835650023073,16.71851386666667,47.50559497777778,2.793523760388162e-05,3.309904748528388e-05,SN,stamp_classifier,0.89960724,correction_0.0.1,SN,1.646446411615015e+18,F:\ZTF_Adjusted_Dataset\stamps\SN\ZTF21abjsnfk,,2.0,r,19.79670524597168,0.13377068936824799,0.0,0.9975000023841858,0.9103689789772034,0.3281661570072174,8.633923530578613,12.083942413330078,0.9539999961853027,3.0299999713897705,t,2.0,1208.0,5.75600004196167,0.5759999752044678
ZTF25abqyjtx,6,2412,60911.37184030004,60944.3015509001,True,False,4,,,,,60911.37184030004,60944.3015509001,32.92971060005948,1.2648190415101075,16.71720650895273,0.0381213848660294,0.0365102269718167,SN,stamp_classifier,0.8995609,27.5.6,SN,3.179360500815015e+18,F:\ZTF_Adjusted_Dataset\stamps\SN\ZTF25abqyjtx,,2.0,r,20.685880661010742,0.18134431540966034,0.16901199519634247,0.00937500037252903,0.5353749990463257,0.28222599625587463,6.4282612800598145,12.793910026550293,0.6589999794960022,1.2677985429763794,t,3.0,2394.0,0.8640000224113464,-0.004999999888241291
ZTF23abijouq,3,2928,58985.25,60224.25,True,False,1,,,,,60224.13761569979,60224.13761569979,0.0,236.7444709,53.666696,,,SN,stamp_classifier,0.89944154,1.2.1,SN,2.470137612215015e+18,F:\ZTF_Adjusted_Dataset\stamps\SN\ZTF23abijouq,,1.0,g,19.968273162841797,0.1900056004524231,0.021208299323916435,0.0016666699666529894,0.0808928981423378,0.17653098702430725,7.027872562408447,25.223834991455078,0.9480000138282776,1.8700000047683716,t,3.0,2928.0,3.5889999866485596,0.21699999272823334
ZTF25aavcern,18,3843,60840.38221060019,60858.4293056,True,False,14,,,,,60840.38385420013,60858.4293056,18.045451399870217,335.4080676306472,18.52320938629757,0.0218447535077151,0.0207130868601653,SN,stamp_classifier,0.89940286,27.5.6,SN,3.091327371615015e+18,F:\ZTF_Adjusted_Dataset\stamps\SN\ZTF25aavcern,,2.0,r,19.93157958984375,0.17887860536575317,0.006666670087724924,0.019613100215792656,0.30336299538612366,0.1437215358018875,13.510637283325195,20.800477981567383,0.9539999961853027,2.0999999046325684,t,6.0,3823.0,1.0230000019073486,0.04800000041723251
ZTF24abkkszc,41,1860,60287.17269679997,60942.2964005,True,False,28,,,,,60585.22172449995,60942.2964005,357.0746760000475,14.9323199810151,4.269378212906129,0.0142435956138942,0.0142040702693932,SN,stamp_classifier,0.8993556,27.5.6,SN,2.831244981715015e+18,F:\ZTF_Adjusted_Dataset\stamps\SN\ZTF24abkkszc,,2.0,r,20.81670570373535,0.11897575110197067,0.22404199838638306,0.5,-999.0,0.1599181443452835,28.8607120513916,-999.0,0.9769999980926514,1.7699999809265137,t,8.0,1465.0,0.4300000071525574,-0.006000000052154064
ZTF24abahmab,23,3231,60529.317036999855,60548.29453699989,True,False,23,,,,,60529.317036999855,60548.29453699989,18.977500000037253,319.7432869523594,6.172995226603811,0.0207538266312161,0.0206334900843231,SN,stamp_classifier,0.89930457,24.5.2a6,SN,2.778252453215015e+18,F:\ZTF_Adjusted_Dataset\stamps\SN\ZTF24abahmab,,1.0,g,20.187440872192383,0.1693524718284607,0.00933333020657301,0.5,0.4630649983882904,0.6124375462532043,1.6930259466171265,17.342592239379883,0.9750000238418579,2.680000066757202,t,6.0,3191.0,2.744999885559082,0.20399999618530273
ZTF20aballva,26,4657,58390.22274310002,60470.40513890004,True,False,6,,,,,60452.444004599936,60470.40513890004,17.96113430010155,258.66421670006207,39.43481518333333,0.0343577609702194,0.0265361379068113,SN,stamp_classifier,0.89928144,24.5.1,SN,2.703285203115015e+18,F:\ZTF_Adjusted_Dataset\stamps\SN\ZTF20aballva,,1.0,g,19.782201766967773,0.13606105744838715,0.007499999832361937,0.0,0.5,0.24413281679153442,13.191980361938477,13.899030685424805,0.9710000157356262,2.119999885559082,t,7.0,4617.0,2.9210000038146973,0.18400000035762787
ZTF21abjciua,76,1919,59399.21912040003,59473.17981480016,True,False,35,-0.087065,0.167607,-0.071457416,0.21029676,59400.25725689996,59473.17981480016,72.92255790019408,215.39426239142853,37.90971468857143,4.796517959711213e-05,3.298254236488734e-05,SN,stamp_classifier,0.8992529,correction_1.0.6,SN,1.646257251215015e+18,F:\ZTF_Adjusted_Dataset\stamps\SN\ZTF21abjciua,,1.0,g,19.20456314086914,0.11799626797437668,0.0,0.05239579826593399,0.0024999999441206455,0.9045829772949219,7.447970390319824,12.919894218444824,0.9739999771118164,3.2699999809265137,t,4.0,1828.0,3.371999979019165,0.17900000512599945
ZTF24aaypock,75,2920,60525.21665510023,60575.199548599776,True,False,37,,,,,60525.21665510023,60575.199548599776,49.98289349954575,280.67182966961485,68.19226838094202,0.0839967894753363,0.0312042320110376,SN,stamp_classifier,0.899216,24.5.2a6,SN,2.773225352715015e+18,F:\ZTF_Adjusted_Dataset\stamps\SN\ZTF24aaypock,,1.0,g,19.564271926879883,0.13044044375419617,0.5,0.016124999150633812,0.5,0.5964292287826538,0.6413973569869995,1.5747109651565552,0.9789999723434448,2.430000066757202,t,5.0,2831.0,6.300000190734863,0.4390000104904175
ZTF24abkohdl,5,1338,59114.33636569977,60585.34692130005,True,False,2,,,,,60585.30037039984,60585.34692130005,0.0465509002096951,9.83190430000104,-4.2803912,0.0602721929092349,0.0601040770330592,SN,stamp_classifier,0.8991007,24.5.2a6,SN,2.831346922315015e+18,F:\ZTF_Adjusted_Dataset\stamps\SN\ZTF24abkohdl,,2.0,r,21.571523666381836,0.20692186057567596,0.0012499999720603228,0.12916700541973114,0.0012499999720603228,0.32064351439476013,17.145891189575195,21.830869674682617,0.9729999899864197,1.2540245056152344,t,5.0,1338.0,1.1979999542236328,0.11900000274181366
ZTF24aaekoge,13,2960,60351.51546300016,60389.51052080002,True,False,9,,,,,60351.51546300016,60389.51052080002,37.99505779985338,266.11312688006984,32.61737017096411,0.0293276726162266,0.0247023759153192,SN,stamp_classifier,0.8990441,23.12.25,SN,2.597515462415015e+18,F:\ZTF_Adjusted_Dataset\stamps\SN\ZTF24aaekoge,,2.0,r,19.38785743713379,0.13371872901916504,0.5,0.05479170009493828,0.5,0.663691520690918,2.607252359390259,6.574758529663086,0.9670000076293945,2.880000114440918,t,1.0,2939.0,4.201000213623047,0.38999998569488525
ZTF22aaxmoho,41,7097,59789.25,59825.25,True,False,14,0.080331,0.111337,0.03750356,0.09590747,59789.19861110021,59825.1635532002,35.964942099992186,256.5383249142857,40.73212494285713,8.912446661642408e-05,5.80643504321894e-05,SN,stamp_classifier,0.8990307,dev,SN,2.037205043515015e+18,F:\ZTF_Adjusted_Dataset\stamps\SN\ZTF22aaxmoho,,2.0,r,20.04233169555664,0.17615129053592682,0.012249999679625034,0.5,0.9224579930305481,0.565599262714386,0.762310802936554,11.790570259094238,0.9760000109672546,2.2200000286102295,t,10.0,6918.0,2.9820001125335693,0.3100000023841858
ZTF18abqzfjl,3,1786,59464.42601849977,60933.27805559989,True,False,1,,,,,60933.27805559989,60933.27805559989,0.0,17.038758,3.9267895,0.065152958035469,0.0649999976158142,SN,stamp_classifier,0.8990054,27.5.6,SN,3.179278052815015e+18,F:\ZTF_Adjusted_Dataset\stamps\SN\ZTF18abqzfjl,,1.0,g,20.511384963989258,0.16772915422916412,0.0012499999720603228,0.0024999999441206455,0.05389289930462837,0.8392572402954102,6.4410600662231445,18.28068733215332,0.6949999928474426,1.2091546058654785,t,3.0,1786.0,2.9830000400543213,0.29899999499320984
ZTF23aaxkeyx,2,1345,59407.5,60169.5,True,False,1,,,,,60169.423726900015,60169.423726900015,0.0,13.029649,24.4153232,,,SN,stamp_classifier,0.8989899,1.2.0,SN,2.415423723115015e+18,F:\ZTF_Adjusted_Dataset\stamps\SN\ZTF23aaxkeyx,,2.0,r,19.670124053955078,0.12379437685012817,0.002916669938713312,0.0,0.9352560043334961,0.2096930742263794,22.30085563659668,25.616962432861328,0.9020000100135803,1.0721166133880615,t,2.0,1345.0,3.134000062942505,0.2280000001192093
ZTF18acxiffk,215,1540,58434.27359949984,60925.41057869978,True,False,66,,,,,58469.185601899866,60925.41057869978,2456.2249767999165,33.19197755946337,77.62522028131613,0.0422780822354432,0.0090604210765016,SN,stamp_classifier,0.8989877,27.5.6,SN,7.18265104015015e+17,F:\ZTF_Adjusted_Dataset\stamps\SN\ZTF18acxiffk,,2.0,r,18.676969528198242,0.10637596249580383,0.09558329731225967,1.0,0.0062500000931322575,0.1617537885904312,11.061578750610352,15.130189895629883,0.9990000128746033,3.309999942779541,t,5.0,21.0,0.871999979019165,0.041999999433755875
ZTF23aadjltr,2,2564,60020.25,60029.5,False,False,2,,,,,60020.36829859996,60029.45718749985,9.088888899888843,231.17453925,51.51661185,4.34870670336643e-05,2.7930717856690485e-05,SN,stamp_classifier,0.8989536,1.1.6,SN,2.266368291515015e+18,F:\ZTF_Adjusted_Dataset\stamps\SN\ZTF23aadjltr,,2.0,r,19.96361541748047,0.13173407316207886,0.5,0.0012499999720603228,0.0,1.9616934061050415,2.097282886505127,14.741063117980957,0.972000002861023,2.069999933242798,t,1.0,2561.0,6.348999977111816,0.6029999852180481
ZTF25acjpnnr,10,2955,60610.48383100005,61038.55142359994,True,False,3,,,,,61031.45828700019,61038.55048609991,7.092199099715799,179.15738108996518,47.96392847215463,0.0603792355774713,0.0404298347116235,SN,stamp_classifier,0.89894956,27.5.7a32.dev1,SN,3.277458283415015e+18,F:\ZTF_Adjusted_Dataset\stamps\SN\ZTF25acjpnnr,,1.0,g,19.59453773498535,0.10248370468616486,0.01912499964237213,0.5,0.0006249999860301614,1.2483751773834229,3.5419399738311768,11.68587589263916,0.8949999809265137,2.119999885559082,t,6.0,2947.0,4.035999774932861,0.2709999978542328
ZTF24abktrxg,1,1051,60586.17797450023,60586.17797450023,True,False,1,,,,,60586.17797450023,60586.17797450023,0.0,14.263957599999998,-12.4880282,0.0870597288012504,0.0850000008940696,SN,stamp_classifier,0.89894146,24.5.2a6,SN,2.832177970115015e+18,F:\ZTF_Adjusted_Dataset\stamps\SN\ZTF24abktrxg,,2.0,r,19.242082595825195,0.096135713160038,0.0024999999441206455,0.0041666701436042786,0.9984999895095825,0.21396152675151825,12.315295219421387,16.88149070739746,0.9959999918937683,2.319999933242798,t,1.0,1051.0,3.7760000228881836,0.3479999899864197
ZTF23aaizyvw,20,1704,60063.5,60092.5,True,False,17,0.044672,0.608133,0.26797038,0.76282066,60063.445196799934,60092.38640049985,28.94120369991288,294.99625539411767,52.528034852941175,4.109325477539008e-05,4.790180212746772e-05,SN,stamp_classifier,0.8989158,1.2.0,SN,2.322404170115015e+18,F:\ZTF_Adjusted_Dataset\stamps\SN\ZTF23aaizyvw,,1.0,g,19.61981773376465,0.11607731133699417,0.01016669999808073,0.7779350280761719,0.015375000424683094,0.45048877596855164,5.259718894958496,7.477366924285889,0.9800000190734863,2.430000066757202,t,5.0,1689.0,2.121999979019165,0.18799999356269836
ZTF18abfggir,7,1115,58307.203125,58903.46150460001,True,True,1,,,,,58903.46150460001,58903.46150460001,0.0,247.9781041,67.263511,,,SN,stamp_classifier,0.8989077,corr_bulk_0.0.1,SN,1.149461500815015e+18,F:\ZTF_Adjusted_Dataset\stamps\SN\ZTF18abfggir,,2.0,r,18.960744857788086,0.07321528345346451,0.3929550051689148,0.5,0.005916669964790344,2.063711404800415,3.5042998790740967,18.974246978759766,0.9819999933242798,2.0,t,7.0,1115.0,0.4259999990463257,-0.009999999776482582
ZTF22aaaovhb,11,1169,59623.478761599865,59641.45682869991,True,False,8,0.321305,0.438608,0.109537005,0.3538969,59623.478761599865,59641.45682869991,17.978067100048065,250.50251748750003,21.634401525,3.1630881721944135e-05,4.1396851156245774e-05,SN,stamp_classifier,0.8988952,correction_1.0.6,SN,1.869478766315015e+18,F:\ZTF_Adjusted_Dataset\stamps\SN\ZTF22aaaovhb,,2.0,r,19.26859474182129,0.11064547300338745,0.0887707993388176,0.5,0.009750000201165676,0.7221778035163879,1.3770406246185303,6.794277667999268,0.9829999804496765,2.4600000381469727,t,1.0,1151.0,4.124000072479248,0.382999986410141
ZTF23aasvftz,150,1771,60140.25,60183.5,True,False,23,0.049275,0.172465,0.23336887,0.30204663,60140.33871529997,60183.38531249994,43.04659719998017,317.24603984782607,7.103688069565218,5.445804781217207e-05,4.253368114348854e-05,SN,stamp_classifier,0.8988697,1.2.0,SN,2.390315385515015e+18,F:\ZTF_Adjusted_Dataset\stamps\SN\ZTF23aasvftz,,2.0,r,19.90192413330078,0.0983370915055275,0.019500000402331352,1.0,0.5,0.22310253977775574,6.4975714683532715,7.5862250328063965,0.9760000109672546,2.109999895095825,t,3.0,1577.0,2.4630000591278076,0.2720000147819519
ZTF25aafofmu,55,3848,58276.28703700006,60786.41844910011,True,False,20,,,,,60721.499259300064,60786.41844910011,64.91918980004266,234.6302008442012,40.07669486372579,0.02006466415857,0.0153531462022159,SN,stamp_classifier,0.8988354,26.0.1,SN,2.967499252415015e+18,F:\ZTF_Adjusted_Dataset\stamps\SN\ZTF25aafofmu,,2.0,r,18.169294357299805,0.0745161920785904,0.03304170072078705,0.5,0.5,0.5573845505714417,1.2544267177581787,5.594904899597168,0.9829999804496765,2.75,t,3.0,3773.0,4.604000091552734,0.5299999713897705
ZTF22aaetbbe,6,2229,59670.38491899986,59675.41267360002,False,False,4,0.31272697,0.85103965,0.41356373,0.85103965,59673.34712960012,59675.41267360002,2.065543999895453,230.29393295,48.555525425,6.538330572301119e-05,5.646481943123452e-05,SN,stamp_classifier,0.8988171,correction_1.0.6,SN,1.921412674715015e+18,F:\ZTF_Adjusted_Dataset\stamps\SN\ZTF22aaetbbe,,2.0,r,20.340473175048828,0.17428109049797058,0.06070829927921295,0.02429169975221157,0.5,2.0747427940368652,3.0382773876190186,3.510877847671509,0.9120000004768372,1.1336749792099,t,6.0,2229.0,7.040999889373779,0.7200000286102295
ZTF18abfbvqe,2,2725,58711.25,60084.5,True,False,1,,,,,60084.38873839984,60084.38873839984,0.0,234.1660025,56.3044068,,,SN,stamp_classifier,0.89881366,1.2.0,SN,2.330388734015015e+18,F:\ZTF_Adjusted_Dataset\stamps\SN\ZTF18abfbvqe,,2.0,r,19.265331268310547,0.09227797389030457,0.0037499999161809683,0.008541669696569443,0.02704169973731041,0.6761904358863831,6.829776287078857,8.896201133728027,0.6660000085830688,2.309999942779541,t,2.0,2725.0,3.559999942779541,0.3149999976158142
ZTF21abjtrww,10,1770,59401.25680560013,59414.2901504999,True,False,9,0.091125615,0.36413208,0.07985152,0.37328696,59401.25680560013,59414.2901504999,13.033344899769872,247.2904529777778,69.5132898,0.000127440562404,2.338990166705238e-05,SN,stamp_classifier,0.8987996,correction_0.0.1,SN,1.647256804315015e+18,F:\ZTF_Adjusted_Dataset\stamps\SN\ZTF21abjtrww,,1.0,g,19.954984664916992,0.15611685812473297,0.009583329781889915,0.5,0.0018749999580904841,0.5421463251113892,1.2373484373092651,24.75152015686035,0.9660000205039978,2.799999952316284,t,1.0,1757.0,3.9719998836517334,0.2639999985694885
ZTF20aauxmab,21,1416,58944.495532399975,58970.384629600216,True,False,20,0.16266441,0.15617934,0.12787247,0.13051961,58944.495532399975,58970.384629600216,25.88909720024094,248.94303236,63.0348515,9.182594175226216e-05,3.998038993047817e-05,SN,stamp_classifier,0.89875895,corr_bulk_0.0.1,SN,1.216384623915015e+18,F:\ZTF_Adjusted_Dataset\stamps\SN\ZTF20aauxmab,,2.0,r,20.592992782592773,0.21050670742988586,0.0041666701436042786,0.0,0.0037499999161809683,0.7713657021522522,13.303592681884766,14.237103462219238,0.8050000071525574,1.1308860778808594,t,21.0,1416.0,1.8170000314712524,0.1770000010728836
ZTF23aawdbdg,6,2002,60160.25,60170.25,True,False,6,-0.23543768,-0.015126323,-0.15340093,0.06788092,60160.32755789999,60170.29092589999,9.96336799999699,262.52627548333334,73.75857046666665,4.604543046986879e-05,1.8194358102411916e-05,SN,stamp_classifier,0.8986978,1.2.0,SN,2.408223420015015e+18,F:\ZTF_Adjusted_Dataset\stamps\SN\ZTF23aawdbdg,,1.0,g,19.512222290039062,0.13396336138248444,0.0,0.5,0.5,0.22647154331207275,0.5299028754234314,5.2032270431518555,0.9789999723434448,2.690000057220459,t,2.0,1997.0,1.2920000553131104,0.11100000143051147
ZTF22aayevqg,10,1328,59786.25,59800.5,False,False,10,-0.267,,-0.07591268,,59786.30368060013,59800.406134299934,14.102453699801115,297.53204345999995,54.71754561,5.222479614425915e-05,3.3564678855794006e-05,SN,stamp_classifier,0.8986907,dev,SN,2.039323982815015e+18,F:\ZTF_Adjusted_Dataset\stamps\SN\ZTF22aayevqg,,2.0,r,20.415964126586914,0.1398368626832962,0.002916669938713312,0.5,0.01291669998317957,2.4195733070373535,5.213907718658447,6.060184478759766,0.9660000205039978,1.5800000429153442,t,6.0,1324.0,4.196000099182129,0.49399998784065247
ZTF24abkzfoj,1,1479,60586.33657409996,60586.33657409996,True,False,1,,,,,60586.33657409996,60586.33657409996,0.0,9.3370531,3.8108304999999993,0.0651440396904945,0.0649999976158142,SN,stamp_classifier,0.8986815,24.5.2a6,SN,2.832336572915015e+18,F:\ZTF_Adjusted_Dataset\stamps\SN\ZTF24abkzfoj,,1.0,g,21.530363082885742,0.1878024786710739,0.12174999713897705,0.002083329949527979,0.1697079986333847,0.7065877914428711,12.170228958129883,14.004579544067383,0.9470000267028809,1.3369020223617554,t,1.0,1479.0,0.9909999966621399,0.14000000059604645
ZTF22abktqxp,8,2656,59856.16020830022,60467.3303704001,True,False,1,,,,,60467.3303704001,60467.3303704001,0.0,247.7503133,68.3485339,0.176171064376831,0.0649999976158142,SN,stamp_classifier,0.89861846,24.5.1,SN,2.713330372715015e+18,F:\ZTF_Adjusted_Dataset\stamps\SN\ZTF22abktqxp,,1.0,g,20.94940757751465,0.14767877757549286,0.06753569841384888,0.0239167008548975,0.005208330228924751,0.9443896412849426,2.459463357925415,10.046565055847168,0.9829999804496765,1.840000033378601,t,8.0,2656.0,0.8999999761581421,-0.11999999731779099
ZTF22abypouw,7,1536,59924.25,59937.25,True,False,7,0.509215,0.922025,0.49071193,0.95385116,59924.14248839999,59937.19973379979,13.057245399802923,334.96205397142865,43.79040592857143,6.742471639915515e-05,5.487311771482813e-05,SN,stamp_classifier,0.8985902,1.1.6,SN,2.170142486015015e+18,F:\ZTF_Adjusted_Dataset\stamps\SN\ZTF22abypouw,,2.0,r,19.709972381591797,0.13504000008106232,0.5,0.00779167003929615,0.2409379929304123,0.3960719406604767,0.40893059968948364,5.633054256439209,0.9639999866485596,2.0199999809265137,t,1.0,1529.0,5.394000053405762,0.46700000762939453
ZTF25abqjhgh,7,2084,60932.17993059987,60938.18081020005,True,False,6,,,,,60932.17993059987,60938.18081020005,6.00087960017845,291.73213600502163,35.887611878820906,0.0367954065187226,0.0298104754913835,SN,stamp_classifier,0.8985749,27.5.6,SN,3.178199435515015e+18,F:\ZTF_Adjusted_Dataset\stamps\SN\ZTF25abqjhgh,,2.0,r,20.148704528808594,0.13955001533031464,0.008187499828636646,0.919547975063324,0.9312499761581421,0.16145963966846466,4.804498672485352,6.7707200050354,0.9810000061988831,1.1840848922729492,t,2.0,2079.0,4.046000003814697,0.3540000021457672
ZTF23aaezxke,4,3478,60042.5,60050.5,True,False,5,,,,,60042.43412039988,60050.45137730008,8.017256900202483,256.47995417999994,41.4986063,8.750529699020827e-05,2.9511099606867218e-05,SN,stamp_classifier,0.89854693,1.1.6,SN,2.292372084515015e+18,F:\ZTF_Adjusted_Dataset\stamps\SN\ZTF23aaezxke,,2.0,r,20.391189575195312,0.195124551653862,0.0012499999720603228,0.15174999833106995,0.018333299085497856,0.11708086729049683,6.176368236541748,9.197516441345215,0.6700000166893005,2.509999990463257,t,4.0,3975.0,2.6110000610351562,0.210999995470047
ZTF24aaizdbu,4,1473,60063.43481480004,60410.39248839999,True,False,1,,,,,60410.39248839999,60410.39248839999,0.0,231.9543556,10.0082649,0.0660044103860855,0.0649999976158142,SN,stamp_classifier,0.89851874,24.4.1,SN,2.656392481915015e+18,F:\ZTF_Adjusted_Dataset\stamps\SN\ZTF24aaizdbu,,1.0,g,21.22304344177246,0.154351145029068,0.16848799586296082,0.02570829913020134,0.5,0.08576567471027374,5.685373306274414,6.24510383605957,0.9789999723434448,3.3399999141693115,t,4.0,1473.0,1.9989999532699585,0.24300000071525574
ZTF22aaaekdn,11,6759,58898.54730319977,59600.49072920019,False,False,3,0.37181473,,0.38476467,,59600.41018520016,59600.48976849997,0.0795832998119294,229.37537136666663,58.36555616666666,0.0002488873105093,8.199270292763047e-05,SN,stamp_classifier,0.89849365,correction_1.0.6,SN,1.846489764915015e+18,F:\ZTF_Adjusted_Dataset\stamps\SN\ZTF22aaaekdn,,2.0,r,19.130285263061523,0.11984431743621826,0.09833329916000366,0.5,0.026291700080037117,1.8394880294799805,3.0919346809387207,14.098913192749023,1.0,2.7899999618530273,t,11.0,6759.0,5.206999778747559,0.3109999895095825
ZTF22aalzcdo,150,3199,59725.25,59772.25,False,False,31,-0.090937,,0.010745349,,59727.36839119997,59772.30708329985,44.93869209988043,250.6703021419355,37.82550897096775,5.009556050965418e-05,2.9847268927060624e-05,SN,stamp_classifier,0.8984583,dev,SN,1.978385920915015e+18,F:\ZTF_Adjusted_Dataset\stamps\SN\ZTF22aalzcdo,,2.0,r,19.898815155029297,0.1460714489221573,0.0024999999441206455,0.32152101397514343,0.9983329772949219,1.625396728515625,9.22889232635498,17.303882598876953,0.9539999961853027,1.340000033378601,t,19.0,3020.0,5.906000137329102,0.37700000405311584
ZTF24abktjja,2,1318,60586.15120369988,60586.175763899926,True,False,2,,,,,60586.15120369988,60586.175763899926,0.0245602000504732,17.74403434997501,-5.22861775,0.0603552142982668,0.0601040770330592,SN,stamp_classifier,0.89842194,24.5.2a6,SN,2.832175760115015e+18,F:\ZTF_Adjusted_Dataset\stamps\SN\ZTF24abktjja,,2.0,r,19.138259887695312,0.12199962139129639,0.012041700072586536,0.5,0.0,0.7401790618896484,1.539677381515503,12.534974098205566,0.9869999885559082,1.2362719774246216,t,2.0,1318.0,5.033999919891357,0.47699999809265137
ZTF23abejure,8,5423,60168.25,60204.25,True,True,2,,,,,60202.41354170023,60204.34204859985,1.928506899625063,349.4728698,26.58855445,1.2445079333540178e-05,8.80347942565277e-05,SN,stamp_classifier,0.8983994,1.2.1,SN,2.450342044615015e+18,F:\ZTF_Adjusted_Dataset\stamps\SN\ZTF23abejure,,1.0,g,21.124011993408203,0.20721550285816193,0.06516669690608978,0.5,0.8980770111083984,0.37740999460220337,0.4996614456176758,7.704951286315918,0.5580000281333923,1.1894066333770752,t,8.0,5423.0,0.7319999933242798,-0.07000000029802322
ZTF22aahizcg,10,2405,59693.4307407001,59707.354050899856,True,False,6,-0.030325025,0.8414035,0.21077673,0.8925825,59693.4307407001,59707.354050899856,13.92331019975245,233.97461446666668,34.70086563333333,5.774300534573811e-05,1.8040805599259e-05,SN,stamp_classifier,0.89836836,correction_1.0.6,SN,1.943432014115015e+18,F:\ZTF_Adjusted_Dataset\stamps\SN\ZTF22aahizcg,,1.0,g,19.513498306274414,0.11729683727025986,0.012458300217986107,0.5,0.0,0.9554779529571533,5.028061866760254,12.337212562561035,0.9990000128746033,3.5299999713897705,t,4.0,2396.0,4.558000087738037,0.28700000047683716
ZTF25abtnjfy,5,5181,60942.160786999855,60943.22052079998,True,False,2,,,,,60943.13567129988,60943.21958329994,0.0839120000600814,261.549050855217,57.0964191816597,0.0950491550152827,0.0516332581488631,SN,stamp_classifier,0.8983383,27.5.6,SN,3.189219585015015e+18,F:\ZTF_Adjusted_Dataset\stamps\SN\ZTF25abtnjfy,,2.0,r,20.191692352294922,0.17510582506656647,0.08029170334339142,0.5,0.25811299681663513,0.010279531590640545,2.59859561920166,3.3177380561828613,0.9850000143051147,1.121070384979248,t,5.0,5181.0,7.431000232696533,0.6669999957084656
ZTF24abktskr,1,2410,60586.16695600003,60586.16695600003,True,False,1,,,,,60586.16695600003,60586.16695600003,0.0,0.9870311,-6.3517899,0.06540147960186,0.0649999976158142,SN,stamp_classifier,0.89831775,24.5.2a6,SN,2.832166951115015e+18,F:\ZTF_Adjusted_Dataset\stamps\SN\ZTF24abktskr,,1.0,g,19.71392059326172,0.16072510182857513,0.0037499999161809683,0.0062500000931322575,0.5,0.322531133890152,14.785652160644531,17.82204818725586,0.9900000095367432,1.4761004447937012,t,1.0,2410.0,4.021999835968018,0.24899999797344208
ZTF22aapxkzu,2,3252,59758.25,59758.5,True,False,2,,,,,59758.35839120019,59758.37765049981,0.0192592996172606,291.9864578,70.74525495,0.0001887975105824,7.68625071138515e-05,SN,stamp_classifier,0.89830446,1.1.2,SN,2.0043583944150152e+18,F:\ZTF_Adjusted_Dataset\stamps\SN\ZTF22aapxkzu,,2.0,r,19.727346420288086,0.13504183292388916,0.0024999999441206455,0.0012499999720603228,0.4044170081615448,0.8783521056175232,7.295464515686035,11.27126693725586,0.9049999713897705,1.2221426963806152,t,1.0,3250.0,3.8529999256134033,0.414000004529953
ZTF23aaenslm,24,2649,60043.5,60049.5,True,False,23,,,,,60043.496388900094,60049.50026619993,6.003877299837768,330.2313068956522,27.165411552173914,6.302184670581559e-05,3.061416590652173e-05,SN,stamp_classifier,0.8982228,1.1.6,SN,2.289496384015015e+18,F:\ZTF_Adjusted_Dataset\stamps\SN\ZTF23aaenslm,,2.0,r,19.396780014038086,0.14689096808433533,0.0,0.010125000029802322,0.9862499833106995,0.14776009321212769,4.755371570587158,11.821869850158691,0.9399999976158142,1.4600000381469727,t,1.0,2627.0,2.8940000534057617,0.2290000021457672
ZTF19abfzyjd,1,162,58676.46261569997,58676.46261569997,False,False,1,,,,,58676.46261569997,58676.46261569997,0.0,11.7528404,1.93048,,,SN,stamp_classifier,0.89821714,corr_bulk_0.0.1,SN,9.22462610815015e+17,F:\ZTF_Adjusted_Dataset\stamps\SN\ZTF19abfzyjd,,2.0,r,20.36127281188965,0.1562827080488205,0.0012499999720603228,0.5,1.0,1.5318950414657593,2.816615581512451,6.541150093078613,0.9670000076293945,1.4900000095367432,t,1.0,162.0,3.9000000953674316,0.4819999933242798
ZTF19abxnzyu,1,656,58732.47212960012,58732.47212960012,False,False,1,,,,,58732.47212960012,58732.47212960012,0.0,32.5177463,58.0828811,,,SN,stamp_classifier,0.89819914,corr_bulk_0.0.1,SN,9.78472124915015e+17,F:\ZTF_Adjusted_Dataset\stamps\SN\ZTF19abxnzyu,,2.0,r,19.33786964416504,0.12535111606121063,0.2683889865875244,0.3618539869785309,0.9811130166053772,1.4651525020599365,6.584436416625977,9.658393859863281,0.9760000109672546,1.8300000429153442,t,1.0,656.0,7.086999893188477,0.25200000405311584
ZTF19aayynev,1,476,58646.29848380014,58646.29848380014,True,True,1,,,,,58646.29848380014,58646.29848380014,0.0,275.0123592,73.0354747,,,SN,stamp_classifier,0.8981629,corr_bulk_0.0.1,SN,8.92298481115015e+17,F:\ZTF_Adjusted_Dataset\stamps\SN\ZTF19aayynev,,2.0,r,19.52402114868164,0.12283650040626526,0.9350000023841858,0.0,-999.0,0.14946117997169495,29.19313621520996,-999.0,0.996999979019165,2.1500000953674316,t,1.0,476.0,1.027999997138977,-0.010999999940395355
ZTF20abdagrs,6,533,58999.32024310017,60412.445162000135,True,False,2,,,,,58999.32024310017,60412.445162000135,1413.1249188999643,154.14083749294366,87.90217120000031,2.322027609608535,0.0850000005863921,SN,stamp_classifier,0.8981464,24.4.1,SN,1.245320244315015e+18,F:\ZTF_Adjusted_Dataset\stamps\SN\ZTF20abdagrs,,2.0,r,19.64056396484375,0.16874441504478455,0.8762080073356628,0.5,0.21764600276947021,16.991655349731445,17.08574867248535,19.35784912109375,0.9539999961853027,3.640000104904175,t,1.0,83.0,1.4859999418258667,-0.45100000500679016
ZTF18aajlbmi,4,6875,58853.50609950023,60409.16055560019,True,False,1,,,,,60409.16055560019,60409.16055560019,0.0,192.6853569,29.5932431,0.0977513566613197,0.0850000008940696,SN,stamp_classifier,0.8981458,24.4.1,SN,2.655160554815015e+18,F:\ZTF_Adjusted_Dataset\stamps\SN\ZTF18aajlbmi,,2.0,r,20.317073822021484,0.1280396282672882,0.049104198813438416,0.00904166977852583,0.05900000035762787,0.563248336315155,10.533547401428223,18.019254684448242,0.9629999995231628,2.319999933242798,t,4.0,6875.0,4.085000038146973,0.1469999998807907
ZTF20abewors,1,255,59013.33134259982,59013.33134259982,True,True,1,,,,,59013.33134259982,59013.33134259982,0.0,0.0953248,82.9772875,,,SN,stamp_classifier,0.8981308,corr_bulk_0.0.1,SN,1.259331341715015e+18,F:\ZTF_Adjusted_Dataset\stamps\SN\ZTF20abewors,,2.0,r,20.007139205932617,0.1945134848356247,0.6725829839706421,0.5,0.5,0.5485168695449829,18.463224411010742,20.456668853759766,0.9509999752044678,3.390000104904175,t,1.0,255.0,1.0460000038146973,-0.02199999988079071
ZTF19abrlvij,144,1563,58719.152002300136,58792.11325229984,True,False,85,0.17507553,-0.06773705,0.23957062,-0.16013376,58719.26471060002,58792.11325229984,72.84854169981554,260.1429998047058,51.63277848352941,6.094274812413e-05,3.77736896563755e-05,SN,stamp_classifier,0.89811474,corr_bulk_0.0.1,SN,1.038113250715015e+18,F:\ZTF_Adjusted_Dataset\stamps\SN\ZTF19abrlvij,,2.0,r,19.56585121154785,0.20625852048397064,0.0016666699666529894,0.5,0.03079169988632202,1.1450341939926147,2.286818265914917,7.4229736328125,0.9980000257492065,1.690000057220459,t,144.0,1563.0,1.7879999876022339,0.32600000500679016
ZTF24abswxgo,12,2218,60632.18440969987,60649.2270717998,True,False,8,,,,,60634.18600689992,60649.2270717998,15.04106489988044,358.28181949125445,16.42756739623216,0.0269153676831811,0.0258166290744315,SN,stamp_classifier,0.89808214,25.0.0,SN,2.895227071315015e+18,F:\ZTF_Adjusted_Dataset\stamps\SN\ZTF24abswxgo,,2.0,r,20.124969482421875,0.2048274576663971,0.030029799789190292,0.12562499940395355,0.5,0.4676026999950409,12.23883056640625,19.6588134765625,0.6069999933242798,2.6600000858306885,t,12.0,2218.0,0.5429999828338623,-0.004999999888241291
ZTF24aaivzoe,5,2220,59142.08710649982,60411.4873147998,True,False,3,,,,,60409.433877300005,60411.4873147998,2.053437499795109,247.1519430264684,19.11806969537616,0.0467054577273013,0.0441294487808,SN,stamp_classifier,0.89805716,24.4.1,SN,2.655433873915015e+18,F:\ZTF_Adjusted_Dataset\stamps\SN\ZTF24aaivzoe,,2.0,r,21.19365119934082,0.13978682458400726,0.018666699528694153,0.5,0.0012499999720603228,0.2241697907447815,2.4892873764038086,8.630049705505371,0.9810000061988831,1.417163372039795,t,3.0,2209.0,3.503000020980835,0.25
ZTF24abkztal,2,1482,60586.31328700017,60586.35987270018,True,False,2,,,,,60586.31328700017,60586.35987270018,0.0465857000090181,11.806477349999804,3.4733302,0.0602146835344418,0.0601040770330592,SN,stamp_classifier,0.8980238,24.5.2a6,SN,2.832359872715015e+18,F:\ZTF_Adjusted_Dataset\stamps\SN\ZTF24abkztal,,2.0,r,21.42643165588379,0.19573235511779785,0.0,0.040758900344371796,0.9107710123062134,0.1424848586320877,19.946714401245117,21.65622901916504,0.8679999709129333,1.25,t,2.0,1482.0,1.0169999599456787,0.12999999523162842
ZTF24ablbxze,5,1416,60585.23056709999,60586.41546300007,True,False,5,,,,,60585.23056709999,60586.41546300007,1.1848959000781178,11.483719196166424,-1.7624194119175989,0.0355880427340753,0.0355712084652305,SN,stamp_classifier,0.8979901,24.5.2a6,SN,2.832415463415015e+18,F:\ZTF_Adjusted_Dataset\stamps\SN\ZTF24ablbxze,,2.0,r,21.59177589416504,0.21023248136043549,0.0860178992152214,0.006583330221474171,0.13816699385643005,0.5934030413627625,13.782844543457031,15.754056930541992,0.9850000143051147,1.2208501100540161,t,5.0,1416.0,0.7900000214576721,-0.11599999666213989
ZTF25aalvnyi,13,1701,60772.45016200002,60802.47236109991,True,False,13,,,,,60772.45016200002,60802.47236109991,30.02219909988344,289.5972468799757,40.1721525232036,0.027343894180165,0.0208937329151724,SN,stamp_classifier,0.89795697,27.5.6,SN,3.018450161715015e+18,F:\ZTF_Adjusted_Dataset\stamps\SN\ZTF25aalvnyi,,1.0,g,18.829166412353516,0.101290762424469,0.020375000312924385,0.5,0.987500011920929,0.6185950636863708,2.8991947174072266,10.281414031982422,0.9869999885559082,2.359999895095825,t,1.0,1681.0,3.500999927520752,0.3160000145435333
ZTF23aabfhse,3,3349,59951.5,59972.5,True,False,3,,,,,59951.55233799992,59972.51343750022,20.961099500302225,243.60621853333336,38.33860763333333,7.775193460182384e-05,4.5883584573406135e-05,SN,stamp_classifier,0.8979541,1.1.6,SN,2.215540990815015e+18,F:\ZTF_Adjusted_Dataset\stamps\SN\ZTF23aabfhse,,2.0,r,19.926332473754883,0.14912621676921844,0.042125001549720764,0.005833330098539591,0.0024999999441206455,0.4200217127799988,4.902363300323486,15.73005199432373,0.847000002861023,2.5399999618530273,t,2.0,3348.0,4.940000057220459,0.38199999928474426
ZTF24abkkifp,16,1401,60554.34384260001,60586.322129600216,True,False,15,,,,,60585.23056709999,60586.322129600216,1.0915625002235174,9.257898450002784,-1.3198718499995052,0.0601200281999486,0.0601040756189135,SN,stamp_classifier,0.8978757,24.5.2a6,SN,2.831230563715015e+18,F:\ZTF_Adjusted_Dataset\stamps\SN\ZTF24abkkifp,,1.0,g,21.08192253112793,0.17331531643867493,0.0031250000465661287,0.5,0.4652259945869446,0.20324495434761047,1.3525713682174683,19.71992301940918,0.8259999752044678,1.304625153541565,t,2.0,1379.0,4.164000034332275,0.4729999899864197
ZTF24aaqqvqd,4,2761,58541.47392359981,60467.2633795999,True,False,1,,,,,60467.2633795999,60467.2633795999,0.0,256.0450665,66.4899507,0.1629440635442733,0.0649999976158142,SN,stamp_classifier,0.89786506,24.5.1,SN,2.713263370015015e+18,F:\ZTF_Adjusted_Dataset\stamps\SN\ZTF24aaqqvqd,,1.0,g,21.377233505249023,0.1615828573703766,0.0,0.5,0.12696999311447144,0.3394117057323456,2.8202247619628906,21.087251663208008,0.9139999747276306,1.3867558240890503,t,4.0,2761.0,3.313999891281128,0.15700000524520874
ZTF22aaskerq,9,2245,59764.5,59784.25,True,False,7,-0.30830544,0.6567548,-0.13558836,0.7425095,59764.40299770003,59784.32887730002,19.925879599992182,326.3176049142857,23.82870475714285,4.549397134835012e-05,2.0312463919713664e-05,SN,stamp_classifier,0.8978509,dev,SN,2.012410650115015e+18,F:\ZTF_Adjusted_Dataset\stamps\SN\ZTF22aaskerq,,1.0,g,20.36686134338379,0.15483228862285614,0.0,0.07275000214576721,0.9970830082893372,0.5764365792274475,6.056448936462402,12.091293334960938,0.9340000152587891,2.5299999713897705,t,2.0,2221.0,1.1169999837875366,0.08299999684095383
ZTF22aacubjn,3,2452,59637.489062500186,59640.51937500015,True,False,3,-0.08101812,0.1118274,0.14504437,0.2887099,59637.489062500186,59640.51937500015,3.030312499962747,272.015715,47.57500256666666,2.2512885205072617e-05,4.975513373812637e-05,SN,stamp_classifier,0.8978443,correction_1.0.6,SN,1.886489102415015e+18,F:\ZTF_Adjusted_Dataset\stamps\SN\ZTF22aacubjn,,1.0,g,20.246774673461914,0.1940428763628006,0.0,0.12608300149440765,0.6158210039138794,0.2482975274324417,5.6748948097229,13.000988960266113,0.9229999780654907,3.440000057220459,t,2.0,2451.0,1.465000033378601,0.0430000014603138
ZTF25aalzyxt,2,5033,60773.33131940011,60773.38766200002,True,False,5,,,,,60771.42722220021,60785.41106479988,13.983842599671334,260.5040790164911,42.17566282974372,0.0479985101798266,0.0355712084652305,SN,stamp_classifier,0.8978073,26.0.1,SN,3.019387664015015e+18,F:\ZTF_Adjusted_Dataset\stamps\SN\ZTF25aalzyxt,,2.0,r,19.3265323638916,0.12916776537895203,0.03911609947681427,0.5,0.36887499690055847,0.29986870288848877,1.5503424406051636,4.9521918296813965,0.9800000190734863,1.5499999523162842,t,2.0,5033.0,4.98799991607666,0.3319999873638153
ZTF23aapkubb,181,4486,60119.25,60232.25,False,False,30,-0.019061,,0.32690427,,60120.32201390015,60232.154386600014,111.8323726998642,258.5897358066667,39.06888904666666,2.8390648460457752e-05,3.7359702920384245e-05,SN,stamp_classifier,0.8977278,1.2.1,SN,2.366322013115015e+18,F:\ZTF_Adjusted_Dataset\stamps\SN\ZTF23aapkubb,,1.0,g,19.21260643005371,0.09438550472259521,0.5,0.5,0.16469000279903412,4.680135250091553,6.168031215667725,7.946188449859619,0.9810000061988831,2.5,t,6.0,4111.0,4.65500020980835,0.453000009059906
ZTF20abkqtcq,81,4185,59041.25,60124.5,True,False,10,0.168215,0.797984,0.16042309,0.81486964,60109.30611110013,60124.429791700095,15.123680599965155,254.88689876,49.5218211,2.6646000330252016e-05,5.067344253010269e-05,SN,stamp_classifier,0.89763737,1.2.0,SN,2.355306113715015e+18,F:\ZTF_Adjusted_Dataset\stamps\SN\ZTF20abkqtcq,,1.0,g,19.484691619873047,0.09917380660772324,0.0044999998062849045,0.7199580073356628,0.16859500110149384,0.14576295018196106,16.44370460510254,18.403854370117188,0.9779999852180481,2.569999933242798,t,5.0,4096.0,2.6110000610351562,0.07800000160932541
ZTF18aaxblaw,6,2890,58249.42756940005,59306.503576400224,True,False,1,,,,,59306.503576400224,59306.503576400224,0.0,279.6212215,58.2226246,,,SN,stamp_classifier,0.8975777,correction_0.0.1,SN,1.552503575615015e+18,F:\ZTF_Adjusted_Dataset\stamps\SN\ZTF18aaxblaw,,2.0,r,19.871660232543945,0.1783909797668457,0.04598810151219368,0.6658120155334473,0.9879170060157776,0.3674927055835724,6.683930397033691,9.830015182495117,0.9620000123977661,1.121070384979248,t,6.0,2890.0,6.142000198364258,0.5479999780654907
ZTF24aaixuig,3,2372,60410.25150460005,60411.293009299785,True,False,3,,,,,60410.25150460005,60411.293009299785,1.0415046997368336,171.66511311016694,30.265262345649127,0.0468099768293545,0.0404298347116235,SN,stamp_classifier,0.89756256,24.4.1,SN,2.656251501115015e+18,F:\ZTF_Adjusted_Dataset\stamps\SN\ZTF24aaixuig,,1.0,g,21.387758255004883,0.1435251235961914,0.0,-999.0,-999.0,0.5525712966918945,-999.0,-999.0,0.9679999947547913,2.509999990463257,t,1.0,2366.0,3.9660000801086426,0.21799999475479126
ZTF24aahhlkf,9,1607,60379.30633099983,60404.34353009984,True,False,9,,,,,60379.30633099983,60404.34353009984,25.037199100013822,205.0923555209391,74.09663721409774,0.0875621761318054,0.0239934077379718,SN,stamp_classifier,0.89750975,0.0.0,SN,2.634326280515015e+18,F:\ZTF_Adjusted_Dataset\stamps\SN\ZTF24aahhlkf,,1.0,g,19.237398147583008,0.1091119572520256,0.5,0.0031250000465661287,0.5,0.17866459488868713,0.5376197695732117,8.86796760559082,0.9829999804496765,3.3499999046325684,t,2.0,1595.0,1.0019999742507935,0.09300000220537186
ZTF22aaptyqc,13,1130,59757.5,59784.5,True,False,7,0.291193,0.352287,0.025076836,0.19952714,59768.41047450015,59784.4535416998,16.0430671996437,13.664203457142856,21.981841671428576,4.3178692937619054e-05,3.379830934068057e-05,SN,stamp_classifier,0.89750916,dev,SN,2.014410476015015e+18,F:\ZTF_Adjusted_Dataset\stamps\SN\ZTF22aaptyqc,,1.0,g,19.84491729736328,0.13806909322738647,0.0024999999441206455,0.5,0.9975000023841858,0.6793293356895447,1.5024070739746094,10.40826416015625,0.9580000042915344,2.759999990463257,t,4.0,1114.0,1.378000020980835,0.1120000034570694
ZTF24aaxrdpb,4,1613,60520.43370370008,60532.36012730002,True,False,3,,,,,60525.42417819984,60532.36012730002,6.93594910018146,8.50650526666475,16.722324466666667,0.0512417648241664,0.0490747733973095,SN,stamp_classifier,0.8974765,24.5.2a6,SN,2.778360120815015e+18,F:\ZTF_Adjusted_Dataset\stamps\SN\ZTF24aaxrdpb,,2.0,r,20.900619506835938,0.20635436475276947,0.0006249999860301614,0.0,0.5,0.39933836460113525,12.661039352416992,13.046630859375,0.7300000190734863,1.1800777912139893,t,4.0,1613.0,3.0239999294281006,0.27399998903274536
ZTF24abkudty,1,1320,60586.175763899926,60586.175763899926,True,False,1,,,,,60586.175763899926,60586.175763899926,0.0,16.1303858,-5.6498564,0.0854149386286735,0.0850000008940696,SN,stamp_classifier,0.89737856,24.5.2a6,SN,2.832175760615015e+18,F:\ZTF_Adjusted_Dataset\stamps\SN\ZTF24abkudty,,2.0,r,19.948274612426758,0.13695372641086578,0.01166670024394989,0.0016666699666529894,0.0,0.34734755754470825,18.152917861938477,20.848840713500977,0.9909999966621399,1.232434630393982,t,1.0,1320.0,3.7769999504089355,0.3009999990463257
ZTF22aayyxns,15,1580,58754.25,59817.25,False,False,14,-0.179068,,-0.0598297,,59797.30416670023,59817.21760419989,19.913437499664724,295.2382396642857,51.59035574285714,6.394269798500415e-05,3.720098663455095e-05,SN,stamp_classifier,0.8973614,dev,SN,2.043304160215015e+18,F:\ZTF_Adjusted_Dataset\stamps\SN\ZTF22aayyxns,,1.0,g,20.128742218017578,0.15856385231018066,0.09220830351114273,0.0799345001578331,0.993166983127594,2.2546095848083496,7.467645645141602,12.92418384552002,0.9710000157356262,2.240000009536743,t,2.0,1563.0,5.044000148773193,0.26899999380111694
ZTF24abikscm,8,1612,60575.28465279983,60580.16437500017,True,False,8,,,,,60575.28465279983,60580.16437500017,4.879722200334072,331.2093167000008,-2.8278995000010223,0.0851036363085425,0.0849999987403268,SN,stamp_classifier,0.89724654,24.5.2a6,SN,2.821284652815015e+18,F:\ZTF_Adjusted_Dataset\stamps\SN\ZTF24abikscm,,1.0,g,19.820999145507812,0.1630314290523529,0.0,0.17199699580669403,0.9695420265197754,0.0068523879162967205,11.874911308288574,20.79520034790039,0.9660000205039978,2.2799999713897705,t,1.0,1602.0,1.7690000534057617,0.12300000339746475
ZTF22abeisdy,29,3898,59821.25,59845.25,True,False,7,0.4842987,0.47759143,0.52348423,0.528914,59825.16450229986,59845.15153940022,19.987037100363523,256.44025311428567,44.59121648571429,6.962574783495443e-05,1.812681518020202e-05,SN,stamp_classifier,0.89719105,dev,SN,2.071164500215015e+18,F:\ZTF_Adjusted_Dataset\stamps\SN\ZTF22abeisdy,,2.0,r,20.200407028198242,0.16539767384529114,0.0016666699666529894,0.5,0.5,0.3962429165840149,0.45050355792045593,1.8013720512390137,0.9539999961853027,1.8700000047683716,t,7.0,3855.0,1.7510000467300415,0.10300000011920929
ZTF24aazjpyg,208,5801,60528.22596060019,60597.11383099994,True,False,63,,,,,60528.225486100186,60597.11383099994,68.88834489975125,244.57542904822847,24.352801780680597,0.0104530141045189,0.0095229429860969,SN,stamp_classifier,0.8971796,24.5.2a6,SN,2.776196431915015e+18,F:\ZTF_Adjusted_Dataset\stamps\SN\ZTF24aazjpyg,,1.0,g,19.610137939453125,0.10353492200374603,0.021666700020432472,0.5,0.002083329949527979,0.4680507183074951,0.8322928547859192,11.922772407531738,0.9769999980926514,1.9299999475479126,t,9.0,5547.0,1.0260000228881836,0.07999999821186066
ZTF19aavhzvw,84,1818,58627.36744209984,58662.244907400105,False,False,37,-0.14091873,,-0.01936531,,58627.39226849983,58662.244907400105,34.85263890028,241.1876278567567,63.309785745945945,0.0001177980134262,5.781914616899846e-05,SN,stamp_classifier,0.89715534,corr_bulk_0.0.1,SN,9.08244904415015e+17,F:\ZTF_Adjusted_Dataset\stamps\SN\ZTF19aavhzvw,,2.0,r,20.347118377685547,0.18299439549446106,0.5,0.01500600017607212,0.08929169923067093,1.0833077430725098,3.4807238578796387,10.381016731262207,0.8650000095367432,1.9700000286102295,t,84.0,1818.0,6.798999786376953,0.5339999794960022
ZTF24abjjnkg,32,1317,60565.334838000126,60586.43450229988,True,False,28,,,,,60566.40244209999,60586.43450229988,20.032060199882835,14.895587239998704,-13.134475760000717,0.0298497714072537,0.0290688823582143,SN,stamp_classifier,0.89710546,24.5.2a6,SN,2.831211680215015e+18,F:\ZTF_Adjusted_Dataset\stamps\SN\ZTF24abjjnkg,,2.0,r,20.09387969970703,0.10514678061008453,0.010708300396800041,0.01033329963684082,0.0012499999720603228,0.9590882658958435,10.596636772155762,13.94755744934082,0.996999979019165,2.7699999809265137,t,9.0,1292.0,1.5779999494552612,0.1589999943971634
ZTF21aaqefam,2,2192,59292.45026620012,59292.46936339978,True,False,2,0.16541643,0.41362828,0.16541643,0.41362828,59292.45026620012,59292.46936339978,0.0190971996635198,255.56196895,38.0047008,3.387041481772922e-05,1.6970562745824957e-06,SN,stamp_classifier,0.89710385,correction_0.0.1,SN,1.538450260115015e+18,F:\ZTF_Adjusted_Dataset\stamps\SN\ZTF21aaqefam,,1.0,g,20.20948028564453,0.16211716830730438,0.012625000439584255,0.16139599680900574,0.0,0.5718968510627747,4.154521465301514,8.773439407348633,0.9449999928474426,2.369999885559082,t,1.0,2191.0,3.1710000038146973,0.17100000381469727
ZTF25aciovdy,49,3718,61025.42960650008,61058.46611109981,True,False,12,,,,,61027.46276619984,61058.46611109981,31.003344899974763,184.07976368902385,25.40552181398224,0.0228424982344083,0.0206334901327348,SN,stamp_classifier,0.89709586,27.5.7a32.dev1,SN,3.273462761715015e+18,F:\ZTF_Adjusted_Dataset\stamps\SN\ZTF25aciovdy,,1.0,g,19.898378372192383,0.12193585932254791,0.002916669938713312,0.0008333330042660236,0.0304166991263628,1.464733600616455,23.845447540283203,25.796628952026367,0.9160000085830688,2.9100000858306885,t,7.0,3657.0,4.209000110626221,0.4429999887943268
ZTF20aaifylu,16,2519,58854.55868060002,58911.50424769986,False,False,18,0.23169899,,-0.072216034,,58854.55868060002,58911.50424769986,56.94556709984317,259.7757816388889,25.45562173888889,5.829022861170008e-05,3.333615135165832e-05,SN,stamp_classifier,0.8970924,corr_bulk_0.0.1,SN,1.157504242915015e+18,F:\ZTF_Adjusted_Dataset\stamps\SN\ZTF20aaifylu,,2.0,r,19.870824813842773,0.21553164720535278,0.039833299815654755,0.5,0.050291698426008224,2.8450584411621094,3.2933707237243652,3.8130900859832764,0.7400000095367432,4.21999979019165,t,16.0,2519.0,4.585000038146973,0.45399999618530273
ZTF25abcbmnp,89,2644,60875.36712960014,60916.40030089999,True,False,61,,,,,60875.36712960014,60916.40030089999,41.03317129984498,1.5716887459170144,-10.06914608124222,0.0024793865577572,0.002441197671936,SN,stamp_classifier,0.89706296,27.5.6,SN,3.122398541615015e+18,F:\ZTF_Adjusted_Dataset\stamps\SN\ZTF25abcbmnp,,2.0,r,19.95388412475586,0.15661345422267914,0.027053600177168846,0.20624999701976776,-999.0,0.26569321751594543,26.13375473022461,-999.0,0.9390000104904175,2.5799999237060547,t,5.0,2509.0,1.0670000314712524,0.1550000011920929
ZTF23aaejyuo,80,2722,60042.5,60093.5,True,False,36,-0.061517,0.080494,0.22588548,0.080010064,60042.38471060013,60093.38402780006,50.9993171999231,236.27699262777776,53.29747524444444,0.0001848872376183,3.886252285297812e-05,SN,stamp_classifier,0.8969699,1.2.0,SN,2.288427732215015e+18,F:\ZTF_Adjusted_Dataset\stamps\SN\ZTF23aaejyuo,,2.0,r,20.083251953125,0.19030822813510895,0.5,0.0,0.5,1.0089302062988281,1.2455041408538818,21.080455780029297,0.8840000033378601,1.106896996498108,t,2.0,2626.0,5.191999912261963,0.36500000953674316
ZTF25acgvjru,16,3498,61016.06476850016,61031.10278940015,True,False,13,,,,,61021.16606480023,61031.10278940015,9.936724599916488,13.032986948343495,8.248447981343265,0.0198719758234202,0.0196664049127159,SN,stamp_classifier,0.8969291,27.5.7a32.dev1,SN,3.267166061515015e+18,F:\ZTF_Adjusted_Dataset\stamps\SN\ZTF25acgvjru,,1.0,g,19.832050323486328,0.13774892687797546,0.02583329938352108,0.0018749999580904841,0.12460099905729294,0.2894040644168854,6.430422306060791,12.164236068725586,0.9430000185966492,3.430000066757202,t,2.0,3480.0,2.9179999828338623,0.3230000138282776
ZTF24aafbbwz,12,6313,60351.5131019,60355.53508100007,True,False,10,,,,,60351.5131019,60355.53460650006,4.021504600066692,267.7382217621041,50.40000964285741,0.037213807099836,0.0237209678415277,SN,stamp_classifier,0.89688075,23.12.25,SN,2.599510096215015e+18,F:\ZTF_Adjusted_Dataset\stamps\SN\ZTF24aafbbwz,,1.0,g,19.955047607421875,0.18708476424217224,0.005416669882833958,0.5,0.5,0.9723440408706665,1.0652927160263062,2.1839067935943604,0.9679999947547913,2.450000047683716,t,5.0,6338.0,2.313999891281128,0.20200000703334808
ZTF24abkkgqy,33,2488,60564.38065969991,60586.43892360013,True,False,32,,,,,60585.2239351999,60586.43892360013,1.2149884002283216,12.294094564455827,-0.8800653017268025,0.0160366050298481,0.0160347127661943,SN,stamp_classifier,0.8968649,24.5.2a6,SN,2.831223934515015e+18,F:\ZTF_Adjusted_Dataset\stamps\SN\ZTF24abkkgqy,,1.0,g,21.24901008605957,0.17484243214130402,0.02679169923067093,0.9571040272712708,-999.0,0.30028417706489563,8.438776016235352,-999.0,0.9639999866485596,2.2899999618530273,t,2.0,2434.0,1.2690000534057617,-0.07699999958276749
ZTF22abnqgdw,12,2226,59870.25,59883.25,False,False,12,0.131558,,0.18538295,,59870.13800929999,59883.15993059985,13.021921299863608,303.46096448333327,60.80643798333333,7.602225551128266e-05,2.8044731585233706e-05,SN,stamp_classifier,0.89686406,1.1.6,SN,2.116138002315015e+18,F:\ZTF_Adjusted_Dataset\stamps\SN\ZTF22abnqgdw,,1.0,g,19.526111602783203,0.12174972891807556,0.5,0.019791699945926666,0.540922999382019,0.6747345328330994,2.0145344734191895,6.274790287017822,0.9710000157356262,2.2100000381469727,t,1.0,2211.0,4.440000057220459,0.2290000021457672
ZTF20abazehc,2,269,58991.41395829991,59014.46782410005,True,True,2,0.8616581,1.1793125,0.8616581,1.1793125,58991.41395829991,59014.46782410005,23.053865800146013,296.02743455,80.29216554999999,3.95272690730366e-05,1.5485638503053125e-05,SN,stamp_classifier,0.8968592,corr_bulk_0.0.1,SN,1.260467821115015e+18,F:\ZTF_Adjusted_Dataset\stamps\SN\ZTF20abazehc,,2.0,r,19.398517608642578,0.11204254627227783,0.996874988079071,0.002916669938713312,0.5,0.2804722487926483,14.697250366210938,19.12967300415039,0.9819999933242798,1.6399999856948853,t,2.0,269.0,0.703000009059906,0.039000000804662704
ZTF25aaywbdw,6,3212,60848.34219910018,60858.30523149995,True,False,5,,,,,60848.34219910018,60858.30523149995,9.963032399769872,271.0967686138175,57.19272155684545,0.0587513363206471,0.0318323531596662,SN,stamp_classifier,0.8968313,27.5.6,SN,3.104305235515015e+18,F:\ZTF_Adjusted_Dataset\stamps\SN\ZTF25aaywbdw,,2.0,r,20.401948928833008,0.17534670233726501,0.06358630210161209,0.019625000655651093,0.9947919845581055,0.676227331161499,9.790038108825684,15.700874328613281,0.7310000061988831,1.1800777912139893,t,6.0,3212.0,5.993000030517578,0.4970000088214874
ZTF21acjhdza,14,1205,59488.35901620006,59526.25657409988,False,False,6,0.042911857,,0.0051896186,,59501.4111227002,59526.25657409988,24.845451399683952,21.51289743333333,17.76500528333333,3.448145395146473e-05,2.9653560775303088e-05,SN,stamp_classifier,0.89682925,correction_1.0.6,SN,1.763278112615015e+18,F:\ZTF_Adjusted_Dataset\stamps\SN\ZTF21acjhdza,,2.0,r,20.80997085571289,0.16102519631385803,0.0012499999720603228,0.347243994474411,0.045625001192092896,0.18336521089076996,13.400883674621582,25.643024444580078,0.9070000052452087,1.5399999618530273,t,5.0,1188.0,1.8619999885559082,0.23100000619888306
ZTF25abxrsyg,10,7858,58636.30950229988,60972.11940969992,True,False,6,,,,,60965.15921299998,60972.11940969992,6.960196699947119,239.9030630890792,65.0340941052859,0.0677319150495631,0.0285882102868402,SN,stamp_classifier,0.8967424,27.5.7a32.dev1,SN,3.213118286115015e+18,F:\ZTF_Adjusted_Dataset\stamps\SN\ZTF25abxrsyg,,2.0,r,19.36246109008789,0.18128496408462524,0.0,0.054993998259305954,0.5,0.5057218074798584,16.94826889038086,19.315183639526367,0.9440000057220459,4.079999923706055,t,6.0,7854.0,4.689000129699707,0.39100000262260437
ZTF23aabfikq,4,2862,59951.5,59969.5,False,False,4,0.7831001,,0.66637164,,59951.53546300018,59969.54193289997,18.0064698997885,252.356481625,42.35416955000001,8.36081485145343e-05,7.38522172988575e-05,SN,stamp_classifier,0.8967116,1.1.6,SN,2.215541934015015e+18,F:\ZTF_Adjusted_Dataset\stamps\SN\ZTF23aabfikq,,2.0,r,19.784984588623047,0.11781826615333557,0.0748601034283638,0.9562079906463623,0.9972919821739197,2.8887455463409424,7.536062717437744,16.653806686401367,0.9789999723434448,1.850000023841858,t,4.0,2862.0,6.366000175476074,0.4869999885559082
ZTF23abcukzb,16,1334,60200.33050929988,60586.37091440009,True,False,14,,,,,60585.21390049998,60586.37091440009,1.1570139001123607,8.16884989670351,-9.061190194532893,0.0220338503412139,0.0217588830246866,SN,stamp_classifier,0.89670914,24.5.2a6,SN,2.831302563515015e+18,F:\ZTF_Adjusted_Dataset\stamps\SN\ZTF23abcukzb,,2.0,r,21.242355346679688,0.20034325122833252,0.12264599651098251,0.5,0.0024999999441206455,0.4243628978729248,19.148778915405273,19.15486717224121,0.8379999995231628,1.3009893894195557,t,6.0,1316.0,1.0980000495910645,-0.09700000286102295
ZTF18absxmlr,17,2871,58365.28619210003,60383.42905090004,True,False,8,,,,,60351.510254600085,60383.42905090004,31.91879629995674,266.28573846115734,67.6918861018106,0.0703556301939902,0.0267060951524542,SN,stamp_classifier,0.8966174,23.12.25,SN,2.597510252215015e+18,F:\ZTF_Adjusted_Dataset\stamps\SN\ZTF18absxmlr,,2.0,r,18.30799674987793,0.08004473894834518,0.004999999888241291,0.0033333299215883017,0.010833299718797207,0.8772913813591003,9.805027961730957,10.469045639038086,0.9940000176429749,3.0,t,9.0,2858.0,4.789999961853027,0.15399999916553497
ZTF20aajasqo,2,672,58875.30487270001,58875.30583330011,False,False,1,,,,,58875.30583330011,58875.30583330011,0.0,157.1604732,54.7112885,,,SN,stamp_classifier,0.89657027,corr_bulk_0.0.1,SN,1.121305832415015e+18,F:\ZTF_Adjusted_Dataset\stamps\SN\ZTF20aajasqo,,2.0,r,19.308109283447266,0.10806027799844742,0.5,0.04100000113248825,0.07133329659700394,4.653899669647217,11.41343879699707,15.523632049560547,0.921999990940094,4.559999942779541,t,2.0,672.0,6.388000011444092,0.2840000092983246
ZTF23abgfwhj,29,1265,60211.25,60251.25,True,False,23,0.340096,0.490708,0.35240513,0.52472156,60211.14994210005,60251.176076400094,40.02613430004567,312.895258173913,-3.486756360869565,4.5308369860947445e-05,3.384298959403219e-05,SN,stamp_classifier,0.8965461,1.2.1,SN,2.457149942115015e+18,F:\ZTF_Adjusted_Dataset\stamps\SN\ZTF23abgfwhj,,2.0,r,19.883758544921875,0.15976792573928833,0.004583329893648624,0.8712559938430786,0.7449340224266052,1.0039154291152954,6.347281455993652,8.600221633911133,0.9419999718666077,1.121070384979248,t,1.0,1223.0,2.3329999446868896,0.2619999945163727
ZTF22aalmqtp,1,1406,59726.25,59726.25,False,False,1,,,,,59726.19721060013,59726.19721060013,0.0,166.7095663,39.6723585,,,SN,stamp_classifier,0.8965183,1.1.2,SN,1.972197212115015e+18,F:\ZTF_Adjusted_Dataset\stamps\SN\ZTF22aalmqtp,,2.0,r,19.600448608398438,0.12062912434339523,0.5,0.02270830050110817,0.019416699185967445,4.41079568862915,5.743765354156494,21.602981567382812,0.9810000061988831,1.5299999713897705,t,1.0,1406.0,5.35699987411499,0.2290000021457672
ZTF18abvwdmv,3,843,58375.24644679995,58694.31076390017,True,True,2,,,,,58375.24644679995,58694.31076390017,319.0643171002157,283.8348856,64.359123,7.212489182048493e-06,3.4506810923209805e-05,SN,stamp_classifier,0.8964823,corr_bulk_0.0.1,SN,6.21246445815015e+17,F:\ZTF_Adjusted_Dataset\stamps\SN\ZTF18abvwdmv,,1.0,g,18.072513580322266,0.05167262628674507,0.9684579968452454,0.5,0.9091249704360962,0.11042459309101105,9.49287223815918,12.014625549316406,0.9829999804496765,1.9199999570846558,t,1.0,455.0,0.4099999964237213,-0.024000000208616257
ZTF24ablozhf,9,1847,60592.19299770007,60603.19969910011,True,False,8,,,,,60592.19299770007,60603.19969910011,11.006701400037857,343.4395853000027,14.327504400001338,0.0877286172076137,0.0849999987403268,SN,stamp_classifier,0.8964342,24.5.2a6,SN,2.838192995015015e+18,F:\ZTF_Adjusted_Dataset\stamps\SN\ZTF24ablozhf,,1.0,g,19.795976638793945,0.13415272533893585,0.0,0.5,0.9805709719657898,0.2114238739013672,1.5976344347000122,7.835893154144287,0.9800000190734863,2.0299999713897705,t,1.0,1833.0,1.5440000295639038,0.16500000655651093
ZTF24aayaidp,16,1181,60522.44211809989,60538.42054399988,True,False,7,,,,,60527.44118059985,60538.42054399988,10.97936340002343,5.451150549999951,-2.4281894000000745,0.0460032480272693,0.0459619388480289,SN,stamp_classifier,0.8963951,24.5.2a6,SN,2.773441184615015e+18,F:\ZTF_Adjusted_Dataset\stamps\SN\ZTF24aayaidp,,1.0,g,19.96658706665039,0.1456141173839569,0.0062500000931322575,0.008541669696569443,0.0,1.6668930053710938,11.101478576660156,25.194658279418945,0.949999988079071,2.1700000762939453,t,5.0,1162.0,5.322999954223633,0.4099999964237213
ZTF24abkmdbu,2,1474,60533.37877310021,60585.2915277998,True,False,1,,,,,60585.2915277998,60585.2915277998,0.0,10.9732834,7.3139858,0.0856972858309745,0.0850000008940696,SN,stamp_classifier,0.89638466,24.5.2a6,SN,2.831291525815015e+18,F:\ZTF_Adjusted_Dataset\stamps\SN\ZTF24abkmdbu,,2.0,r,21.495269775390625,0.2080615907907486,0.0,0.0041666701436042786,0.0016666699666529894,0.10618775337934494,3.3635637760162354,19.75831413269043,0.9879999756813049,1.2699999809265137,t,2.0,1474.0,1.4320000410079956,0.11699999868869781
ZTF23aaxlewy,1,1305,60169.5,60169.5,True,False,1,,,,,60169.446261600126,60169.446261600126,0.0,34.9970487,11.6147918,,,SN,stamp_classifier,0.89637536,1.2.0,SN,2.415446262515015e+18,F:\ZTF_Adjusted_Dataset\stamps\SN\ZTF23aaxlewy,,2.0,r,19.713151931762695,0.1120767593383789,0.0006249999860301614,0.5,0.8473749756813049,0.2117731273174286,0.9372224807739258,8.88169002532959,0.9580000042915344,1.1773988008499146,t,1.0,1305.0,2.6630001068115234,0.2680000066757202
ZTF19abzmpvb,11,1289,58745.13649309985,58782.11083329981,True,False,11,-0.080114365,0.3791537,0.41918755,0.64822173,58745.13649309985,58782.11083329981,36.97434019995853,235.3661332454545,46.48514327272727,9.182535993434638e-05,3.112529810063685e-05,SN,stamp_classifier,0.8962407,corr_bulk_0.0.1,SN,1.028110832215015e+18,F:\ZTF_Adjusted_Dataset\stamps\SN\ZTF19abzmpvb,,2.0,r,19.09050750732422,0.16317027807235718,0.018958300352096558,0.9908329844474792,0.8292440176010132,0.27908363938331604,14.181657791137695,19.237201690673828,0.9950000047683716,2.299999952316284,t,11.0,1289.0,3.01200008392334,0.27000001072883606
ZTF25abnqwkl,25,2056,60917.33256939985,60949.29510420002,True,False,13,,,,,60917.33256939985,60949.29510420002,31.96253480017185,11.244742890811876,9.399010892920462,0.0203240281279002,0.0200511771049948,SN,stamp_classifier,0.8961911,27.5.6,SN,3.165331740115015e+18,F:\ZTF_Adjusted_Dataset\stamps\SN\ZTF25abnqwkl,,1.0,g,20.289772033691406,0.1799076348543167,0.010625000111758709,0.0,0.0,0.21170048415660858,7.373895168304443,16.347009658813477,0.9110000133514404,2.5999999046325684,t,6.0,2004.0,1.1619999408721924,0.04600000008940697
ZTF18abqkcta,1,2411,59812.25,59812.25,True,False,1,,,,,59812.18228009995,59812.18228009995,0.0,233.7600215,53.1531673,,,SN,stamp_classifier,0.89614654,dev,SN,2.058182282615015e+18,F:\ZTF_Adjusted_Dataset\stamps\SN\ZTF18abqkcta,,2.0,r,19.801321029663086,0.15468640625476837,0.0,0.5,0.1002499982714653,0.2998119592666626,5.354380130767822,5.365429878234863,0.9399999976158142,1.0542962551116943,t,1.0,2411.0,3.736999988555908,0.2720000147819519
ZTF24abktjoa,1,1173,60586.17797450023,60586.17797450023,True,False,1,,,,,60586.17797450023,60586.17797450023,0.0,13.6941266,-12.5644683,0.0870855376124382,0.0850000008940696,SN,stamp_classifier,0.89612055,24.5.2a6,SN,2.832177970415015e+18,F:\ZTF_Adjusted_Dataset\stamps\SN\ZTF24abktjoa,,2.0,r,18.9639835357666,0.11310408264398575,0.0,0.9987499713897705,0.017261900007724762,0.11372404545545578,16.55022621154785,16.8067684173584,0.9929999709129333,1.231152892112732,t,1.0,1173.0,4.369999885559082,0.5759999752044678
ZTF19aaahoap,63,1827,58288.47166670021,60992.28962960001,True,False,52,,,,,58487.16115739988,60992.28962960001,2505.128472200129,336.88838749727654,66.95181499798214,0.0262646392704397,0.0102827406728447,SN,stamp_classifier,0.8961066,27.5.7a32.dev1,SN,7.40140460415015e+17,F:\ZTF_Adjusted_Dataset\stamps\SN\ZTF19aaahoap,,1.0,g,19.981508255004883,0.16155311465263367,0.013583299703896046,0.9651610255241394,0.9837080240249634,7.574197292327881,14.771515846252441,15.956446647644043,0.9169999957084656,3.0299999713897705,t,2.0,51.0,1.1540000438690186,-0.1379999965429306
