oid,ndethist,ncovhist,mjdstarthist,mjdendhist,corrected,stellar,ndet,g_r_max,g_r_max_corr,g_r_mean,g_r_mean_corr,firstmjd,lastmjd,deltajd,meanra,meandec,sigmara,sigmadec,class,classifier,probability,step_id_corr,target_class,candid_used,stamp_dir,stamp_error,fid,fid_band,magpsf,sigmapsf,sgscore1,sgscore2,sgscore3,distpsnr1,distpsnr2,distpsnr3,classtar,fwhm,isdiffpos,alert_ndethist,alert_ncovhist,chinr,sharpnr
ZTF24abiyjwi,1,1502,60577.433252300136,60577.433252300136,False,False,1,,,,,60577.433252300136,60577.433252300136,0.0,37.6540933,-20.6594152,0.0694671422243118,0.0649999976158142,bogus,stamp_classifier,0.97727555,24.5.2a6,bogus,2.823433255615015e+18,F:\ZTF_Adjusted_Dataset\stamps\bogus\ZTF24abiyjwi,,1.0,g,18.85637664794922,0.20448991656303406,0.0008333330042660236,-999.0,-999.0,26.031179428100586,-999.0,-999.0,0.9890000224113464,1.6299999952316284,t,1.0,1502.0,1.2769999504089355,1.3289999961853027
ZTF19aabrghe,21,2084,58491.26675930014,60392.1478587999,False,False,1,,,,,60392.1478587999,60392.1478587999,0.0,111.77896590000002,-13.560802,0.0874376147985458,0.0850000008940696,bogus,stamp_classifier,0.9764421,23.12.25,bogus,2.638147856115015e+18,F:\ZTF_Adjusted_Dataset\stamps\bogus\ZTF19aabrghe,,2.0,r,17.319414138793945,0.1274566948413849,0.9152380228042603,0.9300000071525574,0.984749972820282,3.3967251777648926,4.700074672698975,5.498142242431641,0.48899999260902405,2.2400271892547607,t,21.0,2084.0,0.9480000138282776,0.0
ZTF24abzpdnt,1,964,60672.18768520001,60672.18768520001,False,False,1,,,,,60672.18768520001,60672.18768520001,0.0,85.4722737,-8.0490622,0.0656467154622078,0.0649999976158142,bogus,stamp_classifier,0.97346884,26.0.1,bogus,2.91818768331501e+18,F:\ZTF_Adjusted_Dataset\stamps\bogus\ZTF24abzpdnt,,1.0,g,19.61779022216797,0.20986847579479218,0.9484999775886536,-999.0,-999.0,2.937100887298584,-999.0,-999.0,0.5540000200271606,6.809999942779541,f,1.0,964.0,1.1859999895095825,-0.42800000309944153
ZTF26aaodqkw,1,1559,61120.393101899885,61120.393101899885,False,False,1,,,,,61120.393101899885,61120.393101899885,0.0,169.7389339,-20.5551424,0.0694196224212646,0.0649999976158142,bogus,stamp_classifier,0.97287154,27.5.7a32.dev1,bogus,3.366393105615015e+18,F:\ZTF_Adjusted_Dataset\stamps\bogus\ZTF26aaodqkw,,1.0,g,17.55008316040039,0.1264687031507492,0.006666670087724924,0.006833329796791077,0.00708332983776927,10.214653015136719,16.093141555786133,24.12080955505371,0.9829999804496765,2.369999885559082,t,1.0,1559.0,0.6579999923706055,1.496000051498413
ZTF26aamcfpm,1,1186,61115.55028939992,61115.55028939992,False,False,1,,,,,61115.55028939992,61115.55028939992,0.0,233.0476536,-3.1519632,0.0851287841796875,0.0850000008940696,bogus,stamp_classifier,0.9716609,27.5.7a32.dev1,bogus,3.36155028251501e+18,F:\ZTF_Adjusted_Dataset\stamps\bogus\ZTF26aamcfpm,,2.0,r,9.900222778320312,0.21624289453029633,0.9780830144882202,0.0,-999.0,22.901676177978516,26.4429874420166,-999.0,1.0,4.769999980926514,f,1.0,1186.0,0.6460000276565552,-0.3919999897480011
ZTF23abjfcgr,1,1300,60228.25,60228.25,False,False,1,,,,,60228.23121530004,60228.23121530004,0.0,351.1756844,-20.0642508,,,bogus,stamp_classifier,0.9710646,1.2.1,bogus,2.474231210315015e+18,F:\ZTF_Adjusted_Dataset\stamps\bogus\ZTF23abjfcgr,,1.0,g,18.548002243041992,0.13233675062656403,0.0584167018532753,0.9589580297470093,0.2753959894180298,24.94266128540039,26.239084243774414,28.886476516723633,0.04500000178813934,6.949999809265137,t,1.0,1300.0,0.8320000171661377,0.06300000101327896
ZTF22absuknq,1,634,59888.25,59888.25,False,False,1,,,,,59888.18600689992,59888.18600689992,0.0,344.9294722,-8.028559,,,bogus,stamp_classifier,0.9700019,1.1.6,bogus,2.13418600371501e+18,F:\ZTF_Adjusted_Dataset\stamps\bogus\ZTF22absuknq,,1.0,g,18.623382568359375,0.20447677373886108,0.0012499999720603228,0.01488099992275238,0.15549400448799133,13.871603012084961,14.695924758911133,16.041194915771484,1.0,6.75,f,1.0,634.0,1.0509999990463257,0.07100000232458115
ZTF26aaabfcp,1,1838,61049.20804399997,61049.20804399997,False,False,1,,,,,61049.20804399997,61049.20804399997,0.0,68.1822303,-7.3420277,0.0655373409390449,0.0649999976158142,bogus,stamp_classifier,0.9694476,27.5.7a32.dev1,bogus,3.295208045915015e+18,F:\ZTF_Adjusted_Dataset\stamps\bogus\ZTF26aaabfcp,,1.0,g,17.50212860107422,0.10498499870300293,0.5,1.0,0.010833299718797207,11.311140060424805,20.545082092285156,27.332883834838867,0.039000000804662704,6.75,t,1.0,1838.0,1.0140000581741333,-0.5429999828338623
ZTF24aaialfy,3,2096,58314.30158559978,60398.50149310008,False,False,1,,,,,60398.50149310008,60398.50149310008,0.0,273.439342,-19.0763049,0.0687769427895546,0.0649999976158142,bogus,stamp_classifier,0.96942073,23.12.25,bogus,2.644501491315015e+18,F:\ZTF_Adjusted_Dataset\stamps\bogus\ZTF24aaialfy,,1.0,g,15.966736793518066,0.11586593091487885,0.7537500262260437,0.5,0.47717899084091187,4.026523590087891,5.072190761566162,5.085038185119629,0.9950000047683716,1.8165589570999146,t,3.0,2096.0,6.820000171661377,0.26499998569488525
ZTF22abiaehs,25,1006,58350.5,59847.25,False,False,4,1.8076439,,1.9297428,,59822.334560200106,59847.26421299996,24.929652799852192,358.038884875,-19.654158275,0.0001872674802709,3.831904443822102e-05,bogus,stamp_classifier,0.9689211,dev,bogus,2.09326421131501e+18,F:\ZTF_Adjusted_Dataset\stamps\bogus\ZTF22abiaehs,,2.0,r,18.683856964111328,0.10884165018796921,0.23443500697612762,0.5,0.47474899888038635,8.58630084991455,9.186310768127441,11.462779998779297,0.4830000102519989,3.369999885559082,f,25.0,1006.0,21.469999313354492,1.9149999618530273
ZTF21aaqnitt,3,1256,59281.22854170017,60287.41908559995,False,False,2,,,,,59296.18900460005,60287.41908559995,991.2300809998997,121.71514420000052,-20.69455949999945,0.0694832278597549,0.0649999974782266,bogus,stamp_classifier,0.9688572,correction_0.0.1,bogus,1.542189004915015e+18,F:\ZTF_Adjusted_Dataset\stamps\bogus\ZTF21aaqnitt,,1.0,g,17.176359176635742,0.1517268270254135,1.0,0.5,0.8929169774055481,5.432666301727295,11.89141845703125,12.191685676574707,0.4440000057220459,2.6369385719299316,t,1.0,497.0,0.41499999165534973,0.0010000000474974513
ZTF26aabubfj,1,1286,61057.21002310002,61057.21002310002,False,False,1,,,,,61057.21002310002,61057.21002310002,0.0,92.6138421,-24.386293,0.0713672041893005,0.0649999976158142,bogus,stamp_classifier,0.9684101,27.5.7a32.dev1,bogus,3.30321002171501e+18,F:\ZTF_Adjusted_Dataset\stamps\bogus\ZTF26aabubfj,,1.0,g,18.27992057800293,0.17016199231147766,1.0,0.8905060291290283,0.9966670274734497,2.813666582107544,6.41591739654541,11.908368110656738,0.34700000286102295,3.25,f,1.0,1286.0,0.4580000042915344,-0.008999999612569809
ZTF22abxbolv,1,661,59908.5,59908.5,False,False,1,,,,,59908.48173609981,59908.48173609981,0.0,127.4487239,-26.3071939,,,bogus,stamp_classifier,0.96823376,1.1.6,bogus,2.154481730515015e+18,F:\ZTF_Adjusted_Dataset\stamps\bogus\ZTF22abxbolv,,2.0,r,18.172245025634766,0.1684616357088089,0.9922919869422913,0.369735985994339,0.5,5.06696891784668,5.489234924316406,8.621079444885254,0.01899999938905239,3.0927226543426514,t,1.0,661.0,0.6389999985694885,-0.0010000000474974513
ZTF22abudshx,1,799,59899.25,59899.25,True,True,1,,,,,59899.34530089982,59899.34530089982,0.0,83.8741425,-5.2536545,,,bogus,stamp_classifier,0.9677912,1.1.6,bogus,2.145345301215015e+18,F:\ZTF_Adjusted_Dataset\stamps\bogus\ZTF22abudshx,,2.0,r,18.65846061706543,0.2041238248348236,0.5,0.5,0.5,0.2797296345233917,1.184399127960205,1.3704193830490112,0.3659999966621399,3.141350269317627,t,1.0,799.0,5.5289998054504395,0.4180000126361847
ZTF19aclbzlq,2,415,58787.25,59899.25,False,False,2,,,,,58787.3473727,59899.33533560019,1111.9879629001953,54.509781,-24.9695862,3.0405591589619243e-05,1.598061325315588e-05,bogus,stamp_classifier,0.96762174,1.1.6,bogus,1.033347372015015e+18,F:\ZTF_Adjusted_Dataset\stamps\bogus\ZTF19aclbzlq,,2.0,r,16.79729461669922,0.11763987690210342,0.7394430041313171,0.9931250214576721,0.5,4.419071197509766,11.957415580749512,12.275500297546387,0.6629999876022339,3.25,t,1.0,62.0,0.4959999918937683,-0.02199999988079071
ZTF21acmwtrz,1,821,59525.31576390006,59525.31576390006,False,False,1,,,,,59525.31576390006,59525.31576390006,0.0,37.3226139,-20.5803512,,,bogus,stamp_classifier,0.96715856,correction_1.0.6,bogus,1.771315765615015e+18,F:\ZTF_Adjusted_Dataset\stamps\bogus\ZTF21acmwtrz,,1.0,g,19.25213623046875,0.18480974435806274,0.008333330042660236,0.5,0.5,17.37873077392578,26.38765525817871,27.860225677490234,0.9819999933242798,2.9600000381469727,t,1.0,821.0,0.847000002861023,1.3639999628067017
ZTF25acfwveu,1,1740,61014.25186339999,61014.25186339999,False,False,1,,,,,61014.25186339999,61014.25186339999,0.0,28.8667801,-20.5268437,0.0907627046108245,0.0850000008940696,bogus,stamp_classifier,0.96715206,27.5.7a32.dev1,bogus,3.26025186571501e+18,F:\ZTF_Adjusted_Dataset\stamps\bogus\ZTF25acfwveu,,2.0,r,17.14383316040039,0.19516432285308838,1.0,0.2368129938840866,0.5,14.613763809204102,15.04654312133789,20.703140258789062,1.0,5.869999885559082,f,1.0,1740.0,1.1970000267028809,-0.2460000067949295
ZTF24aaejibf,1,1382,60351.33843749994,60351.33843749994,False,False,1,,,,,60351.33843749994,60351.33843749994,0.0,123.39532560000002,-27.2403511,0.0731081143021583,0.0649999976158142,bogus,stamp_classifier,0.96707726,0.0.0,bogus,2.59733843031501e+18,F:\ZTF_Adjusted_Dataset\stamps\bogus\ZTF24aaejibf,,1.0,g,17.894609451293945,0.16451320052146912,0.5,0.9347500205039978,0.5,4.358107089996338,5.459062099456787,10.472795486450195,0.01899999938905239,2.4417002201080322,f,1.0,1382.0,0.5899999737739563,-0.006000000052154064
ZTF23aakurle,4,1598,58693.25,60084.5,False,False,1,,,,,60084.43052079994,60084.43052079994,0.0,315.7877131,-14.5248801,,,bogus,stamp_classifier,0.9667467,1.2.0,bogus,2.33043052511501e+18,F:\ZTF_Adjusted_Dataset\stamps\bogus\ZTF23aakurle,,1.0,g,18.883514404296875,0.1556922197341919,0.22602400183677673,0.289887011051178,0.5,1.6528335809707642,1.8712263107299805,2.426889181137085,0.42899999022483826,1.7483526468276978,f,4.0,1598.0,7.408999919891357,0.3310000002384186
ZTF26aaacfmz,1,1270,61049.27215280011,61049.27215280011,False,False,1,,,,,61049.27215280011,61049.27215280011,0.0,90.8842776,-27.2172738,0.0730929598212242,0.0649999976158142,bogus,stamp_classifier,0.9667184,27.5.7a32.dev1,bogus,3.29527215061501e+18,F:\ZTF_Adjusted_Dataset\stamps\bogus\ZTF26aaacfmz,,1.0,g,17.89493179321289,0.1615583747625351,0.9117980003356934,0.9956250190734863,0.5,3.321929931640625,4.3027520179748535,6.438455104827881,0.01899999938905239,2.5739142894744873,f,1.0,1270.0,0.5130000114440918,-0.00800000037997961
ZTF18acwrmry,1,176,58467.40854169987,58467.40854169987,False,False,1,,,,,58467.40854169987,58467.40854169987,0.0,99.1311997,10.1990974,,,bogus,stamp_classifier,0.96642315,corr_bulk_0.0.1,bogus,7.13408542715015e+17,F:\ZTF_Adjusted_Dataset\stamps\bogus\ZTF18acwrmry,,1.0,g,15.01932144165039,0.2074650377035141,0.9305419921875,1.0,0.8996670246124268,4.161561965942383,4.772984027862549,9.180166244506836,0.03099999949336052,4.599999904632568,t,1.0,176.0,1.2769999504089355,-0.01600000075995922
ZTF24aawpdxo,4,1680,59759.25230319984,60511.29280090006,False,False,1,,,,,60511.29280090006,60511.29280090006,0.0,254.1654171,-26.9815899,0.0953821167349815,0.0850000008940696,bogus,stamp_classifier,0.9663535,24.5.2a6,bogus,2.75729280131501e+18,F:\ZTF_Adjusted_Dataset\stamps\bogus\ZTF24aawpdxo,,2.0,r,17.358226776123047,0.21054404973983765,0.9733330011367798,0.9622079730033875,0.9127920269966125,3.5826785564422607,3.922562837600708,4.960856914520264,0.9810000061988831,1.49839448928833,f,4.0,1680.0,0.5040000081062317,-0.007000000216066837
ZTF26aajusfl,1,2090,61106.54809030006,61106.54809030006,False,False,1,,,,,61106.54809030006,61106.54809030006,0.0,311.1876645,2.337668,0.0850707963109016,0.0850000008940696,bogus,stamp_classifier,0.9659542,27.5.7a32.dev1,bogus,3.35254809011501e+18,F:\ZTF_Adjusted_Dataset\stamps\bogus\ZTF26aajusfl,,2.0,r,17.033506393432617,0.1727166473865509,0.5,0.5,0.971875011920929,5.31601095199585,6.579892158508301,10.955118179321289,0.3610000014305115,3.1292641162872314,f,1.0,2090.0,0.3310000002384186,0.007000000216066837
ZTF25acgdbwd,1,1705,61016.08583329991,61016.08583329991,False,False,1,,,,,61016.08583329991,61016.08583329991,0.0,342.6433188,-7.1965607,0.0655161216855049,0.0649999976158142,bogus,stamp_classifier,0.96593475,27.5.7a32.dev1,bogus,3.262085835815015e+18,F:\ZTF_Adjusted_Dataset\stamps\bogus\ZTF25acgdbwd,,1.0,g,16.46034812927246,0.0782129094004631,0.0020000000949949026,-999.0,-999.0,12.458185195922852,-999.0,-999.0,0.01600000075995922,5.300000190734863,t,1.0,1705.0,0.7279999852180481,0.07699999958276749
ZTF22abriatt,1,1122,59881.25,59881.25,False,False,1,,,,,59881.25406249985,59881.25406249985,0.0,354.3638507,4.1457168,,,bogus,stamp_classifier,0.96578735,1.1.6,bogus,2.12725406161501e+18,F:\ZTF_Adjusted_Dataset\stamps\bogus\ZTF22abriatt,,2.0,r,19.899982452392578,0.16858141124248505,0.0024999999441206455,0.9789379835128784,0.0,12.885019302368164,17.213647842407227,25.65018081665039,0.14900000393390656,3.740000009536743,f,1.0,1122.0,0.5289999842643738,0.09700000286102295
ZTF21accwpje,3,1250,59474.5,59935.25,False,False,2,,,,,59474.44249999989,59935.31547449995,460.8729745000601,86.46379845,-11.9439602,0.0001564827306713,0.0002245771137053,bogus,stamp_classifier,0.9656146,1.1.6,bogus,1.72044249001501e+18,F:\ZTF_Adjusted_Dataset\stamps\bogus\ZTF21accwpje,,1.0,g,20.09910011291504,0.1863454431295395,0.9776250123977661,1.0,0.9927080273628235,13.404932975769043,14.949277877807617,17.69746971130371,0.0010000000474974513,6.309999942779541,f,2.0,730.0,0.4090000092983246,-0.19699999690055847
ZTF26aaaivty,1,1312,61051.31101850001,61051.31101850001,False,False,1,,,,,61051.31101850001,61051.31101850001,0.0,102.6869762,-6.0671225,0.0854787901043891,0.0850000008940696,bogus,stamp_classifier,0.96561086,27.5.7a32.dev1,bogus,3.297311010215015e+18,F:\ZTF_Adjusted_Dataset\stamps\bogus\ZTF26aaaivty,,2.0,r,17.333358764648438,0.11181506514549255,0.9723330140113831,0.9755420088768005,0.9870830178260803,4.796367168426514,11.231199264526367,13.820878028869629,0.48399999737739563,2.524989128112793,t,1.0,1312.0,0.43799999356269836,-0.017999999225139618
ZTF20acpensh,4,1449,58733.482476899866,61052.23543980019,False,False,2,,,,,59158.37965280004,61052.23543980019,1893.8557870001528,85.57262799996947,-14.02380665,0.061950504124517,0.0601040770330592,bogus,stamp_classifier,0.9654624,27.5.7a32.dev1,bogus,,F:\ZTF_Adjusted_Dataset\stamps\bogus\ZTF20acpensh,,,,,,,,,,,,,,,,,,
ZTF25aacnewf,1,699,60695.14732640004,60695.14732640004,False,False,1,,,,,60695.14732640004,60695.14732640004,0.0,31.3494883,-26.4176476,0.0725790858268737,0.0649999976158142,bogus,stamp_classifier,0.9654178,26.0.1,bogus,2.941147320515015e+18,F:\ZTF_Adjusted_Dataset\stamps\bogus\ZTF25aacnewf,,1.0,g,17.77671241760254,0.11985510587692261,0.4697979986667633,0.0037499999161809683,0.5,14.918437004089355,15.201345443725586,15.278520584106445,0.03799999877810478,6.440000057220459,t,1.0,699.0,1.5399999618530273,-0.4410000145435333
ZTF22aalmwdw,1,206,59726.25,59726.25,False,False,1,,,,,59726.21027779998,59726.21027779998,0.0,179.2723363,-21.8642586,,,bogus,stamp_classifier,0.96525526,1.1.2,bogus,1.972210275515015e+18,F:\ZTF_Adjusted_Dataset\stamps\bogus\ZTF22aalmwdw,,1.0,g,18.89624786376953,0.1987377107143402,0.02116670086979866,0.05370829999446869,0.0,13.14468765258789,20.6156005859375,22.781330108642578,0.968999981880188,2.6500000953674316,t,1.0,206.0,0.9539999961853027,1.9800000190734863
ZTF23abprapt,2,1758,59967.25,60257.25,False,False,1,,,,,60257.287118100096,60257.287118100096,0.0,57.5041829,-6.1438512,,,bogus,stamp_classifier,0.96517396,1.2.1,bogus,2.503287111115015e+18,F:\ZTF_Adjusted_Dataset\stamps\bogus\ZTF23abprapt,,2.0,r,18.424156188964844,0.18450546264648438,0.5,0.08074410259723663,0.9820830225944519,2.2619593143463135,3.7304539680480957,12.508735656738281,0.01899999938905239,3.0778820514678955,t,2.0,1758.0,3.8910000324249268,0.3610000014305115
ZTF24aabqsoj,20,518,58434.14084490016,60965.272986100055,True,False,4,,,,,60622.121423599776,60965.272986100055,343.1515625002794,349.5937991750853,-4.416617307313224,0.036618967558818,0.0365102269718167,bogus,stamp_classifier,0.96514165,27.5.6,bogus,2.86812142181501e+18,F:\ZTF_Adjusted_Dataset\stamps\bogus\ZTF24aabqsoj,,1.0,g,19.435596466064453,0.20514903962612152,0.16223199665546417,0.1500539928674698,0.4543150067329407,0.6765903830528259,1.4943095445632935,4.675738334655762,0.7009999752044678,1.9336025714874268,f,10.0,346.0,6.377999782562256,0.6209999918937683
ZTF26aacxmtz,1,1552,61060.15984949982,61060.15984949982,False,False,1,,,,,61060.15984949982,61060.15984949982,0.0,52.39238319999999,-16.2094914,0.088518850505352,0.0850000008940696,bogus,stamp_classifier,0.96485746,27.5.7a32.dev1,bogus,3.306159843915015e+18,F:\ZTF_Adjusted_Dataset\stamps\bogus\ZTF26aacxmtz,,2.0,r,18.473094940185547,0.1091100201010704,0.5,-999.0,-999.0,17.29895782470703,-999.0,-999.0,0.18799999356269836,6.559999942779541,t,1.0,1552.0,0.6299999952316284,-0.010999999940395355
ZTF22abuvvmt,1,423,59901.5,59901.5,False,False,1,,,,,59901.39797449997,59901.39797449997,0.0,79.2674776,-26.2645867,,,bogus,stamp_classifier,0.9648067,1.1.6,bogus,2.14739797131501e+18,F:\ZTF_Adjusted_Dataset\stamps\bogus\ZTF22abuvvmt,,2.0,r,19.523361206054688,0.21213313937187195,0.15037499368190765,0.4002619981765747,0.988457977771759,16.805131912231445,17.585538864135742,17.850719451904297,0.6269999742507935,6.610000133514404,f,1.0,423.0,0.8560000061988831,-0.06800000369548798
ZTF26aaaskmh,1,1620,61053.29425929999,61053.29425929999,False,False,1,,,,,61053.29425929999,61053.29425929999,0.0,115.2913413,-25.3441583,0.0719223096966743,0.0649999976158142,bogus,stamp_classifier,0.9646235,27.5.7a32.dev1,bogus,3.299294251915015e+18,F:\ZTF_Adjusted_Dataset\stamps\bogus\ZTF26aaaskmh,,1.0,g,17.32420539855957,0.19340237975120544,0.5,1.0,0.9927080273628235,4.491103172302246,4.72127103805542,10.575488090515137,0.34700000286102295,2.9323456287384033,t,1.0,1620.0,0.6830000281333923,-0.009999999776482582
ZTF24abcwljn,1,1133,60547.45861109998,60547.45861109998,False,False,1,,,,,60547.45861109998,60547.45861109998,0.0,52.8858079,-19.6166972,0.090237408876419,0.0850000008940696,bogus,stamp_classifier,0.964314,24.5.2a6,bogus,2.793458610415015e+18,F:\ZTF_Adjusted_Dataset\stamps\bogus\ZTF24abcwljn,,2.0,r,19.435876846313477,0.2133912295103073,-999.0,-999.0,-999.0,-999.0,-999.0,-999.0,0.9470000267028809,2.490000009536743,t,1.0,1133.0,0.7039999961853027,0.23600000143051147
ZTF23abnlekt,1,1601,60244.25,60244.25,False,False,1,,,,,60244.19300930016,60244.19300930016,0.0,358.6866331,-13.2985043,,,bogus,stamp_classifier,0.96427053,1.2.1,bogus,2.49019300611501e+18,F:\ZTF_Adjusted_Dataset\stamps\bogus\ZTF23abnlekt,,1.0,g,18.568313598632812,0.2143201380968094,-999.0,-999.0,-999.0,-999.0,-999.0,-999.0,1.0,6.269999980926514,f,1.0,1601.0,0.9139999747276306,-0.12399999797344208
ZTF25acfwpeq,1,1178,61014.12642360013,61014.12642360013,False,False,1,,,,,61014.12642360013,61014.12642360013,0.0,351.8054368,-14.9822369,0.0672873631119728,0.0649999976158142,bogus,stamp_classifier,0.9639386,27.5.7a32.dev1,bogus,3.260126426315015e+18,F:\ZTF_Adjusted_Dataset\stamps\bogus\ZTF25acfwpeq,,1.0,g,16.13526725769043,0.11528132110834122,0.9915000200271606,0.006354169920086861,0.9952679872512817,15.777694702148438,20.383577346801758,29.537097930908203,0.19099999964237213,6.909999847412109,t,1.0,1178.0,0.7649999856948853,-0.4090000092983246
ZTF25abchchw,1,1484,60876.39807870006,60876.39807870006,False,False,1,,,,,60876.39807870006,60876.39807870006,0.0,351.5250377,-6.510912600000001,0.0855517834424972,0.0850000008940696,bogus,stamp_classifier,0.96392936,27.5.6,bogus,3.122398075315015e+18,F:\ZTF_Adjusted_Dataset\stamps\bogus\ZTF25abchchw,,2.0,r,17.52375602722168,0.1249990165233612,0.008154760114848614,0.011250000447034836,0.013791699893772602,1.6889935731887817,14.327844619750977,23.940465927124023,0.06700000166893005,3.809999942779541,t,1.0,1484.0,0.5220000147819519,0.06700000166893005
ZTF19aburhfr,1,84,58725.459039399866,58725.459039399866,False,False,1,,,,,58725.459039399866,58725.459039399866,0.0,42.0802399,-23.1118404,,,bogus,stamp_classifier,0.96387357,corr_bulk_0.0.1,bogus,9.7145903321501e+17,F:\ZTF_Adjusted_Dataset\stamps\bogus\ZTF19aburhfr,,1.0,g,19.56930923461914,0.19391511380672455,0.5,0.9977499842643738,0.04433330148458481,19.79357147216797,19.818265914916992,21.428953170776367,0.06700000166893005,6.730000019073486,f,1.0,84.0,0.6520000100135803,-0.20100000500679016
ZTF18absplba,44,1953,58364.32730320003,61028.14739579987,True,False,19,,,,,58435.16847220017,61028.14739579987,2592.9789235997014,351.1308794372273,-19.05926352915579,0.017368012324243,0.0164159203831442,bogus,stamp_classifier,0.96366453,27.5.7a32.dev1,bogus,6.8421170131501e+17,F:\ZTF_Adjusted_Dataset\stamps\bogus\ZTF18absplba,,1.0,g,18.541290283203125,0.14583687484264374,0.1740649938583374,0.5,0.5,0.5738673806190491,4.985391616821289,16.410512924194336,0.9300000071525574,1.5430394411087036,f,11.0,95.0,4.473999977111816,0.3700000047683716
ZTF24aatspzt,1,1695,60489.368784700055,60489.368784700055,False,False,1,,,,,60489.368784700055,60489.368784700055,0.0,261.3395778,-26.428358000000003,0.0949199348688125,0.0850000008940696,bogus,stamp_classifier,0.9636179,24.5.2a6,bogus,2.735368781315015e+18,F:\ZTF_Adjusted_Dataset\stamps\bogus\ZTF24aatspzt,,2.0,r,18.050527572631836,0.20099908113479614,0.9244580268859863,0.5,0.5,3.0806119441986084,4.393001556396484,7.032894611358643,0.6430000066757202,2.237205982208252,t,1.0,1695.0,0.6100000143051147,-0.041999999433755875
ZTF26aaodpnr,1,1392,61120.39262730023,61120.39262730023,False,False,1,,,,,61120.39262730023,61120.39262730023,0.0,179.3450957,-20.5924366,0.0694365799427032,0.0649999976158142,bogus,stamp_classifier,0.9634615,27.5.7a32.dev1,bogus,3.366392625215015e+18,F:\ZTF_Adjusted_Dataset\stamps\bogus\ZTF26aaodpnr,,1.0,g,18.947477340698242,0.20519769191741943,0.0,0.008666669949889183,0.3896009922027588,2.328061103820801,12.613219261169434,13.326118469238281,0.972000002861023,2.380000114440918,t,1.0,1392.0,0.48100000619888306,1.4639999866485596
ZTF23abkkcrg,75,1775,58781.21158559993,60951.27262730012,True,False,22,-0.7288513,,-0.33408293,,60204.33684029989,60951.27262730012,746.9357870002277,354.0552023759516,-0.3044036822655505,0.0086079492090808,0.008607827371475,bogus,stamp_classifier,0.96340245,27.5.6,bogus,2.479214175915015e+18,F:\ZTF_Adjusted_Dataset\stamps\bogus\ZTF23abkkcrg,,1.0,g,19.541547775268555,0.20470242202281952,0.03416670113801956,0.13154199719429016,0.7935829758644104,1.0665693283081055,16.795419692993164,23.85918426513672,0.4749999940395355,1.8595095872879028,t,32.0,1037.0,9.604000091552734,0.7730000019073486
ZTF24abqytog,1,2288,60620.3379861,60620.3379861,False,False,1,,,,,60620.3379861,60620.3379861,0.0,40.8802488,-7.550274900000001,0.0655684843659401,0.0649999976158142,bogus,stamp_classifier,0.96295565,25.0.0,bogus,2.866337985415015e+18,F:\ZTF_Adjusted_Dataset\stamps\bogus\ZTF24abqytog,,1.0,g,16.105207443237305,0.10659870505332947,0.5,-999.0,-999.0,27.71349334716797,-999.0,-999.0,0.026000000536441803,5.590000152587891,t,1.0,2288.0,0.40799999237060547,-0.5419999957084656
ZTF18abottlk,27,766,58352.5,60268.25,True,False,5,,,,,58704.45999999996,60268.14704860002,1563.6870486000553,17.21126048,-15.409243320000002,0.00013409793809,6.394909694474674e-05,bogus,stamp_classifier,0.9628955,1.2.1,bogus,9.5045999361501e+17,F:\ZTF_Adjusted_Dataset\stamps\bogus\ZTF18abottlk,,2.0,r,19.19287872314453,0.17075778543949127,0.24633300304412842,0.3045949935913086,0.5,1.0131818056106567,1.027590036392212,1.810294508934021,0.9890000224113464,2.3499999046325684,f,22.0,153.0,6.184999942779541,0.5889999866485596
ZTF22aaqaccd,1,625,59758.5,59758.5,True,True,1,,,,,59758.41559030023,59758.41559030023,0.0,343.1062418,-6.909208,,,bogus,stamp_classifier,0.9628703,1.1.2,bogus,2.0044155957150103e+18,F:\ZTF_Adjusted_Dataset\stamps\bogus\ZTF22aaqaccd,,2.0,r,19.512826919555664,0.16805912554264069,1.0,0.04083330184221268,0.6320800185203552,0.4600876271724701,18.193132400512695,23.511924743652344,0.00800000037997961,4.610000133514404,f,1.0,625.0,1.0130000114440918,-0.04699999839067459
ZTF26aabcgxo,1,1894,61054.41877309978,61054.41877309978,False,False,1,,,,,61054.41877309978,61054.41877309978,0.0,122.9053301,-21.9981211,0.0701038315892219,0.0649999976158142,bogus,stamp_classifier,0.962333,27.5.7a32.dev1,bogus,3.300418775115015e+18,F:\ZTF_Adjusted_Dataset\stamps\bogus\ZTF26aabcgxo,,1.0,g,17.363834381103516,0.21606528759002686,0.9712499976158142,0.9012140035629272,0.5959699749946594,4.974714756011963,14.136046409606934,17.80695915222168,0.35100001096725464,3.7300000190734863,t,1.0,1894.0,2.8589999675750732,-0.017999999225139618
ZTF20acxfkav,2,892,59196.25,59902.25,False,False,1,,,,,59902.35670140013,59902.35670140013,0.0,63.8895955,-22.1358037,,,bogus,stamp_classifier,0.96229506,1.1.6,bogus,2.148356705115015e+18,F:\ZTF_Adjusted_Dataset\stamps\bogus\ZTF20acxfkav,,2.0,r,16.26554298400879,0.1131545826792717,0.9775000214576721,0.5396609902381897,0.5,4.735531330108643,6.030935764312744,7.890987396240234,0.46799999475479126,2.742598533630371,t,2.0,892.0,0.8019999861717224,0.007000000216066837
ZTF19acoypji,22,544,58487.5,59968.25,False,False,3,,,,,58792.543530100025,59968.31480319984,1175.771273099817,118.48016343333332,-27.433470100000005,0.0001594328176148,7.291687047536065e-05,bogus,stamp_classifier,0.96221703,1.1.6,bogus,1.03854353111501e+18,F:\ZTF_Adjusted_Dataset\stamps\bogus\ZTF19acoypji,,1.0,g,19.534059524536133,0.19933930039405823,0.9860829710960388,0.5,0.4653930068016052,3.683166265487671,6.879262447357178,9.435762405395508,0.7289999723434448,3.75,f,2.0,192.0,0.9079999923706055,-0.01899999938905239
ZTF22abulqjd,1,774,59900.5,59900.5,False,False,1,,,,,59900.41539350012,59900.41539350012,0.0,106.0693975,-15.2788932,,,bogus,stamp_classifier,0.9621607,1.1.6,bogus,2.146415394115015e+18,F:\ZTF_Adjusted_Dataset\stamps\bogus\ZTF22abulqjd,,2.0,r,17.812347412109375,0.14884932339191437,0.9674999713897705,0.9987499713897705,0.9922919869422913,2.5959978103637695,5.05368709564209,11.921396255493164,0.34599998593330383,2.9398741722106934,t,1.0,774.0,0.4909999966621399,0.026000000536441803
ZTF22ablmbim,1,325,59858.5,59858.5,False,False,1,,,,,59858.41832179995,59858.41832179995,0.0,35.9717192,-20.9354858,,,bogus,stamp_classifier,0.9621302,dev,bogus,2.104418326015015e+18,F:\ZTF_Adjusted_Dataset\stamps\bogus\ZTF22ablmbim,,1.0,g,19.333776473999023,0.2151014506816864,-999.0,-999.0,-999.0,-999.0,-999.0,-999.0,0.9769999980926514,2.0199999809265137,t,1.0,325.0,1.4170000553131104,0.6420000195503235
ZTF25aayiebq,1,2017,60854.45290509984,60854.45290509984,False,False,1,,,,,60854.45290509984,60854.45290509984,0.0,344.3072526,-3.2370431000000006,0.0651038736104965,0.0649999976158142,bogus,stamp_classifier,0.96204907,27.5.6,bogus,3.100452902915015e+18,F:\ZTF_Adjusted_Dataset\stamps\bogus\ZTF25aayiebq,,1.0,g,19.855642318725586,0.20987962186336517,0.028208300471305847,0.5,0.028791699558496475,14.247183799743652,14.489455223083496,23.103944778442383,0.02199999988079071,4.46999979019165,t,1.0,2017.0,1.0959999561309814,0.20800000429153442
ZTF24abtdvwa,1,1903,60635.107789400034,60635.107789400034,False,False,1,,,,,60635.107789400034,60635.107789400034,0.0,350.8395727,-14.5879629,0.067165270447731,0.0649999976158142,bogus,stamp_classifier,0.9620198,25.0.0,bogus,2.881107785115015e+18,F:\ZTF_Adjusted_Dataset\stamps\bogus\ZTF24abtdvwa,,1.0,g,15.899049758911133,0.14962278306484222,0.4446850121021271,-999.0,-999.0,26.149080276489258,-999.0,-999.0,0.039000000804662704,6.869999885559082,t,1.0,1903.0,0.9229999780654907,-0.574999988079071
ZTF26aacxhxg,1,1554,61060.1296759001,61060.1296759001,False,False,1,,,,,61060.1296759001,61060.1296759001,0.0,27.1934562,-22.7045361,0.0704601258039474,0.0649999976158142,bogus,stamp_classifier,0.96197647,27.5.7a32.dev1,bogus,3.306129674515015e+18,F:\ZTF_Adjusted_Dataset\stamps\bogus\ZTF26aacxhxg,,1.0,g,16.935089111328125,0.0926876962184906,0.0035000001080334187,1.0,0.002916669938713312,13.885283470153809,14.145744323730469,14.97734546661377,0.09700000286102295,5.239999771118164,t,1.0,1554.0,1.1549999713897705,-0.6430000066757202
ZTF24abymiqb,40,1678,58435.25612269994,60665.106655099895,True,False,2,,,,,60639.20631940011,60665.106655099895,25.9003356997855,348.9895366414713,6.687305169655441,0.0519869517272799,0.0516332581488631,bogus,stamp_classifier,0.96181786,26.0.1,bogus,2.91110665631501e+18,F:\ZTF_Adjusted_Dataset\stamps\bogus\ZTF24abymiqb,,2.0,r,17.072996139526367,0.1455787718296051,0.26763099431991577,0.5,0.5,1.4494115114212036,5.054786682128906,5.286733627319336,0.9940000176429749,1.2677985429763794,f,40.0,1678.0,7.409999847412109,0.49300000071525574
ZTF23aaatwyr,2,844,59967.25,59967.25,False,False,1,,,,,59967.25265049981,59967.25265049981,0.0,91.5695206,-24.3321616,,,bogus,stamp_classifier,0.96177036,1.1.6,bogus,2.213252652015015e+18,F:\ZTF_Adjusted_Dataset\stamps\bogus\ZTF23aaatwyr,,1.0,g,17.217954635620117,0.07375503331422806,0.5,0.5,1.0,3.2006051540374756,4.880695343017578,5.030218601226807,0.3880000114440918,3.1458704471588135,t,2.0,844.0,0.8100000023841858,-0.017999999225139618
ZTF25aabnywf,6,754,58860.105127300136,61016.25071759988,False,False,2,,,,,60685.16046300018,61016.25071759988,331.09025459969416,44.87673804970749,-24.3820513,0.065989478764065,0.0601040770330592,bogus,stamp_classifier,0.9617208,27.5.7a32.dev1,bogus,2.93116046241501e+18,F:\ZTF_Adjusted_Dataset\stamps\bogus\ZTF25aabnywf,,2.0,r,18.15130043029785,0.1368255615234375,0.22217300534248352,0.7733150124549866,-999.0,1.964280366897583,11.325384140014648,-999.0,0.6710000038146973,2.777493715286255,f,19.0,717.0,3.618000030517578,0.14499999582767487
ZTF21aanqogd,1,820,59274.18999999994,59274.18999999994,False,False,1,,,,,59274.18999999994,59274.18999999994,0.0,91.3562308,-23.8875499,,,bogus,stamp_classifier,0.9616193,correction_0.0.1,bogus,1.520190003915015e+18,F:\ZTF_Adjusted_Dataset\stamps\bogus\ZTF21aanqogd,,1.0,g,17.334152221679688,0.12903544306755066,0.5,0.5,0.5,5.241827487945557,5.5050153732299805,6.257941246032715,0.6610000133514404,3.25,t,1.0,820.0,0.3569999933242798,-0.006000000052154064
ZTF25aadbkzg,1,984,60699.22997689992,60699.22997689992,False,False,1,,,,,60699.22997689992,60699.22997689992,0.0,104.5689057,-26.8950758,0.0953089594841003,0.0850000008940696,bogus,stamp_classifier,0.96158135,26.0.1,bogus,2.945229970815015e+18,F:\ZTF_Adjusted_Dataset\stamps\bogus\ZTF25aadbkzg,,2.0,r,17.65849494934082,0.13664764165878296,0.9827079772949219,0.7134289741516113,0.9720420241355896,3.202066421508789,9.58573055267334,9.658610343933105,0.01899999938905239,3.25,t,1.0,984.0,0.4699999988079071,-0.007000000216066837
ZTF25aahkiqy,1,1096,60731.35523150023,60731.35523150023,False,False,1,,,,,60731.35523150023,60731.35523150023,0.0,170.2376381,-20.6781049,0.0694756880402565,0.0649999976158142,bogus,stamp_classifier,0.9615176,26.0.1,bogus,2.977355235615015e+18,F:\ZTF_Adjusted_Dataset\stamps\bogus\ZTF25aahkiqy,,1.0,g,18.741880416870117,0.1609550416469574,0.9928330183029175,0.9931250214576721,0.00708332983776927,14.888741493225098,16.413238525390625,19.01646614074707,0.9819999933242798,2.7200000286102295,t,1.0,1096.0,1.0570000410079956,1.5369999408721924
ZTF20acmsqjq,12,1780,58431.25,59871.5,False,False,1,,,,,59871.41975690005,59871.41975690005,0.0,72.1364629,-6.5702776,,,bogus,stamp_classifier,0.9615075,1.1.6,bogus,2.11741975481501e+18,F:\ZTF_Adjusted_Dataset\stamps\bogus\ZTF20acmsqjq,,2.0,r,18.311513900756836,0.12150502949953079,0.12405399978160858,0.5,0.5,1.7045390605926514,10.982030868530273,11.812007904052734,0.7910000085830688,1.8450185060501099,f,12.0,1780.0,6.186999797821045,0.49000000953674316
ZTF21aaylskw,82,376,58601.50167819997,59337.41984950006,False,False,5,-0.17429924,,0.01886177,,59325.48119209986,59337.41984950006,11.93865740019828,313.7295955,-1.3761554,0.0001772489774355,6.186820669777235e-05,bogus,stamp_classifier,0.9614338,correction_0.0.1,bogus,1.58341984361501e+18,F:\ZTF_Adjusted_Dataset\stamps\bogus\ZTF21aaylskw,,1.0,g,17.690034866333008,0.11711730808019638,0.5,0.5,0.5,11.817483901977539,13.251338958740234,13.367910385131836,0.6110000014305115,2.518101453781128,f,82.0,376.0,15.17300033569336,1.7350000143051147
ZTF25abmxrej,1,1240,60916.41315970011,60916.41315970011,False,False,1,,,,,60916.41315970011,60916.41315970011,0.0,25.315578400000003,-19.4549385,0.0901470631361007,0.0850000008940696,bogus,stamp_classifier,0.9613771,27.5.6,bogus,3.162413150115015e+18,F:\ZTF_Adjusted_Dataset\stamps\bogus\ZTF25abmxrej,,2.0,r,19.54788589477539,0.21465438604354858,-999.0,-999.0,-999.0,-999.0,-999.0,-999.0,0.8679999709129333,2.5299999713897705,t,1.0,1240.0,0.7680000066757202,0.33799999952316284
ZTF23aabguyc,1,882,59970.25,59970.25,False,False,1,,,,,59970.25722219981,59970.25722219981,0.0,93.1729441,-26.2809174,,,bogus,stamp_classifier,0.96126544,1.1.6,bogus,2.216257220015015e+18,F:\ZTF_Adjusted_Dataset\stamps\bogus\ZTF23aabguyc,,1.0,g,18.071325302124023,0.13686107099056244,0.9297919869422913,0.9939579963684082,0.49958300590515137,5.352159023284912,7.472876071929932,11.995773315429688,0.3569999933242798,3.0814709663391113,t,1.0,882.0,0.5799999833106995,-0.006000000052154064
ZTF22abywynr,1,1636,59930.25,59930.25,False,False,1,,,,,59930.1901273001,59930.1901273001,0.0,5.690227,-6.165106,,,bogus,stamp_classifier,0.9610773,1.1.6,bogus,2.176190125315015e+18,F:\ZTF_Adjusted_Dataset\stamps\bogus\ZTF22abywynr,,1.0,g,16.10555648803711,0.08722759783267975,0.0024999999441206455,0.5952079892158508,0.587145984172821,18.259748458862305,20.79922103881836,25.258365631103516,0.01899999938905239,6.510000228881836,t,1.0,1636.0,1.0750000476837158,-0.37400001287460327
ZTF25acguwdf,1,1059,61021.141620399896,61021.141620399896,False,False,1,,,,,61021.141620399896,61021.141620399896,0.0,28.5479726,-18.7581495,0.0686461851000785,0.0649999976158142,bogus,stamp_classifier,0.9610322,27.5.7a32.dev1,bogus,3.267141622615015e+18,F:\ZTF_Adjusted_Dataset\stamps\bogus\ZTF25acguwdf,,1.0,g,19.01443862915039,0.21673741936683655,-999.0,-999.0,-999.0,-999.0,-999.0,-999.0,0.9729999899864197,2.25,t,1.0,1059.0,0.8119999766349792,0.17599999904632568
ZTF25aabvkpe,1,880,60689.22936340002,60689.22936340002,False,False,1,,,,,60689.22936340002,60689.22936340002,0.0,69.0942178,-20.8612106,0.0695599466562271,0.0649999976158142,bogus,stamp_classifier,0.96098936,26.0.1,bogus,2.935229365215015e+18,F:\ZTF_Adjusted_Dataset\stamps\bogus\ZTF25aabvkpe,,1.0,g,16.61678123474121,0.10376147925853729,0.5,0.5,0.5,5.277091979980469,5.434388160705566,6.316437244415283,0.6399999856948853,3.0768558979034424,t,1.0,880.0,0.41200000047683716,-0.004000000189989805
ZTF25acdenai,1,2203,60987.25365740014,60987.25365740014,False,False,1,,,,,60987.25365740014,60987.25365740014,0.0,357.9191896,-17.5958007,0.0891721099615097,0.0850000008940696,bogus,stamp_classifier,0.9609585,27.5.7a32.dev1,bogus,3.233253651615015e+18,F:\ZTF_Adjusted_Dataset\stamps\bogus\ZTF25acdenai,,2.0,r,18.64665985107422,0.1687784641981125,0.013744000345468521,-999.0,-999.0,20.304424285888672,-999.0,-999.0,0.13500000536441803,5.960000038146973,t,1.0,2203.0,0.5950000286102295,-0.026000000536441803
ZTF23aaurnls,1,1648,60151.25,60151.25,False,False,1,,,,,60151.35611109994,60151.35611109994,0.0,283.3213871,-27.6477418,,,bogus,stamp_classifier,0.96086544,1.2.0,bogus,2.3973561114150103e+18,F:\ZTF_Adjusted_Dataset\stamps\bogus\ZTF23aaurnls,,2.0,r,18.127727508544922,0.20249614119529724,0.9679999947547913,0.9587500095367432,0.9714580178260803,3.0542709827423096,4.226253986358643,4.36971378326416,0.781000018119812,1.2875704765319824,f,1.0,1648.0,0.27900001406669617,-0.017999999225139618
ZTF22abnzycr,1,826,59871.5,59871.5,False,False,1,,,,,59871.41787040001,59871.41787040001,0.0,78.8261468,-24.8804738,,,bogus,stamp_classifier,0.96079093,1.1.6,bogus,2.117417871615015e+18,F:\ZTF_Adjusted_Dataset\stamps\bogus\ZTF22abnzycr,,2.0,r,18.05002784729004,0.1919597089290619,0.9987499713897705,0.9577500224113464,0.9557499885559082,4.37410306930542,7.990133762359619,17.452560424804688,0.3499999940395355,2.084493637084961,t,1.0,826.0,0.5289999842643738,-0.00800000037997961
ZTF22abvfcwg,1,425,59902.5,59902.5,False,False,1,,,,,59902.39806709997,59902.39806709997,0.0,83.0498805,-27.2122721,,,bogus,stamp_classifier,0.9607644,1.1.6,bogus,2.148398060615015e+18,F:\ZTF_Adjusted_Dataset\stamps\bogus\ZTF22abvfcwg,,1.0,g,17.269773483276367,0.10470829904079437,0.5,0.5,0.8299700021743774,5.377899169921875,10.351919174194336,11.370593070983887,0.6700000166893005,3.25,t,1.0,425.0,0.20399999618530273,0.004000000189989805
ZTF18aazflom,1,15,58278.45206019981,58278.45206019981,False,False,1,,,,,58278.45206019981,58278.45206019981,0.0,299.2244556,61.7693868,,,bogus,stamp_classifier,0.9607323,corr_bulk_0.0.1,bogus,5.24452062415015e+17,F:\ZTF_Adjusted_Dataset\stamps\bogus\ZTF18aazflom,,2.0,r,19.395212173461914,0.07925446331501007,0.5,0.96909499168396,0.9390479922294617,2.7803757190704346,5.609008312225342,18.29384994506836,0.5460000038146973,1.2065402269363403,t,1.0,15.0,0.5809999704360962,-0.03099999949336052
ZTF25ababijb,2,1372,58874.09568289993,60862.463935200125,False,False,1,,,,,60862.463935200125,60862.463935200125,0.0,348.2355552,-11.8637709,0.086855299770832,0.0850000008940696,bogus,stamp_classifier,0.96073043,27.5.6,bogus,3.108463931315015e+18,F:\ZTF_Adjusted_Dataset\stamps\bogus\ZTF25ababijb,,2.0,r,20.361600875854492,0.2162693589925766,0.9763749837875366,0.0012499999720603228,0.9874169826507568,7.027533531188965,12.093982696533203,15.72944450378418,0.10700000077486038,4.849999904632568,t,2.0,1372.0,0.5099999904632568,-0.11100000143051147
ZTF26aaajdzn,1,2196,61051.32699069986,61051.32699069986,False,False,1,,,,,61051.32699069986,61051.32699069986,0.0,98.9640289,-20.6654687,0.0908452644944191,0.0850000008940696,bogus,stamp_classifier,0.9606035,27.5.7a32.dev1,bogus,3.297326991015015e+18,F:\ZTF_Adjusted_Dataset\stamps\bogus\ZTF26aaajdzn,,2.0,r,17.74180793762207,0.11558368802070618,0.9925000071525574,0.2079939991235733,0.9958329796791077,4.214096546173096,4.983129024505615,8.187402725219727,0.5929999947547913,3.0010008811950684,t,1.0,2196.0,0.34200000762939453,0.02500000037252903
ZTF21acnrjmb,195,1840,58366.43111110013,61026.207025500014,True,False,2,,,,,61016.13651619991,61026.207025500014,10.070509300101548,26.627867950007044,-5.362035800000001,0.0461639515703421,0.0459619390912516,bogus,stamp_classifier,0.9605879,27.5.7a32.dev1,bogus,3.27220702131501e+18,F:\ZTF_Adjusted_Dataset\stamps\bogus\ZTF21acnrjmb,,1.0,g,20.116796493530273,0.19979527592658997,0.5,0.04625000059604645,0.5,9.418438911437988,12.891522407531738,13.346960067749023,0.968999981880188,6.150000095367432,f,195.0,1840.0,6.952000141143799,0.38199999928474426
ZTF25aabvumm,4,2198,58750.45609949995,61051.25021990016,False,False,3,,,,,60689.29563659988,61051.25021990016,361.9545833002776,88.23356197532584,-6.151480494104814,0.0406639757161679,0.0404298347116235,bogus,stamp_classifier,0.9604717,27.5.7a32.dev1,bogus,2.935295630215015e+18,F:\ZTF_Adjusted_Dataset\stamps\bogus\ZTF25aabvumm,,2.0,r,17.147418975830078,0.11901117861270905,0.8166220188140869,0.5,0.17619599401950836,3.4461562633514404,5.451392650604248,7.375734806060791,0.6639999747276306,3.087101936340332,t,1.0,1926.0,0.2709999978542328,0.008999999612569809
ZTF22aabammf,1,711,59627.31548610004,59627.31548610004,False,False,1,,,,,59627.31548610004,59627.31548610004,0.0,106.118071,-20.252549,,,bogus,stamp_classifier,0.96043706,correction_1.0.6,bogus,1.8733154810150152e+18,F:\ZTF_Adjusted_Dataset\stamps\bogus\ZTF22aabammf,,2.0,r,16.2695369720459,0.1276722550392151,0.9716669917106628,0.5,0.9927080273628235,4.123747825622559,5.223727703094482,13.00357437133789,0.01899999938905239,3.0696635246276855,t,1.0,711.0,0.21699999272823334,-0.006000000052154064
ZTF25acdysxw,1,956,60991.39793979982,60991.39793979982,False,False,1,,,,,60991.39793979982,60991.39793979982,0.0,82.6681572,-24.3429536,0.0713427662849426,0.0649999976158142,bogus,stamp_classifier,0.9603781,27.5.7a32.dev1,bogus,3.23739793211501e+18,F:\ZTF_Adjusted_Dataset\stamps\bogus\ZTF25acdysxw,,1.0,g,14.495640754699707,0.1874597668647766,0.8067079782485962,0.7168390154838562,0.9876790046691895,11.872797012329102,13.33721923828125,18.475643157958984,0.6990000009536743,4.889999866485596,f,1.0,956.0,3.796999931335449,0.25999999046325684
ZTF25aabgshk,1,988,60683.2115162001,60683.2115162001,False,False,1,,,,,60683.2115162001,60683.2115162001,0.0,54.2293824,-25.2626845,0.0939890444278717,0.0850000008940696,bogus,stamp_classifier,0.960317,26.0.1,bogus,2.929211512315015e+18,F:\ZTF_Adjusted_Dataset\stamps\bogus\ZTF25aabgshk,,2.0,r,17.91167449951172,0.2120574712753296,0.9870830178260803,0.022083299234509468,0.9917290210723877,4.046238422393799,7.5970258712768555,11.027668952941895,0.019999999552965164,2.843780994415283,t,1.0,988.0,0.26600000262260437,0.004999999888241291
ZTF23abhxxze,1,1400,60221.25,60221.25,False,False,1,,,,,60221.33921300015,60221.33921300015,0.0,33.3995345,-17.3071573,,,bogus,stamp_classifier,0.96024984,1.2.1,bogus,2.46733921291501e+18,F:\ZTF_Adjusted_Dataset\stamps\bogus\ZTF23abhxxze,,2.0,r,18.708345413208008,0.1952005922794342,0.016249999403953552,0.0062500000931322575,0.6372799873352051,2.482747793197632,11.034109115600586,14.141956329345703,0.5870000123977661,2.6696672439575195,f,1.0,1400.0,5.447999954223633,0.29499998688697815
ZTF22abrhygn,1,1442,59881.25,59881.25,False,False,1,,,,,59881.25263890019,59881.25263890019,0.0,354.6780347,-10.4607597,,,bogus,stamp_classifier,0.9602182,1.1.6,bogus,2.12725263161501e+18,F:\ZTF_Adjusted_Dataset\stamps\bogus\ZTF22abrhygn,,2.0,r,19.592710494995117,0.20173534750938416,0.0012499999720603228,-999.0,-999.0,26.56312370300293,-999.0,-999.0,0.13099999725818634,6.130000114440918,f,1.0,1442.0,0.5770000219345093,0.07999999821186066
ZTF23abrrjae,1,2424,60268.25,60268.25,False,False,1,,,,,60268.16146990005,60268.16146990005,0.0,309.044386,-5.5845765,,,bogus,stamp_classifier,0.9601643,1.2.1,bogus,2.514161461415015e+18,F:\ZTF_Adjusted_Dataset\stamps\bogus\ZTF23abrrjae,,2.0,r,17.91411781311035,0.17796741425991058,0.9904580116271973,0.906000018119812,0.9801669716835022,5.035943031311035,6.968925476074219,12.41447925567627,0.5960000157356262,2.7894058227539062,t,1.0,2424.0,3.6500000953674316,0.5299999713897705
ZTF19acexsxd,1,191,58772.36158559984,58772.36158559984,False,False,1,,,,,58772.36158559984,58772.36158559984,0.0,19.6656748,-25.8993483,,,bogus,stamp_classifier,0.9601275,corr_bulk_0.0.1,bogus,1.0183615830150102e+18,F:\ZTF_Adjusted_Dataset\stamps\bogus\ZTF19acexsxd,,2.0,r,17.86363983154297,0.1888783723115921,0.5,0.5,0.5,8.809748649597168,14.216045379638672,16.633289337158203,0.6629999876022339,4.849999904632568,f,1.0,191.0,12.218000411987305,1.475000023841858
ZTF25absvhoe,1,1159,60941.29313659994,60941.29313659994,False,False,1,,,,,60941.29313659994,60941.29313659994,0.0,359.8279212,-14.3745241,0.0671006813645362,0.0649999976158142,bogus,stamp_classifier,0.9598263,27.5.6,bogus,3.18729313581501e+18,F:\ZTF_Adjusted_Dataset\stamps\bogus\ZTF25absvhoe,,1.0,g,18.883129119873047,0.09847661852836609,0.0,1.0,0.0041666701436042786,2.822204113006592,24.063751220703125,28.2708797454834,0.9330000281333923,5.739999771118164,f,1.0,1159.0,0.6830000281333923,0.10899999737739563
ZTF26aabcgtf,1,978,61054.4192476999,61054.4192476999,False,False,1,,,,,61054.4192476999,61054.4192476999,0.0,125.9856843,-21.8499444,0.0700308978557586,0.0649999976158142,bogus,stamp_classifier,0.95977104,27.5.7a32.dev1,bogus,3.300419245915015e+18,F:\ZTF_Adjusted_Dataset\stamps\bogus\ZTF26aabcgtf,,1.0,g,17.349653244018555,0.1149325892329216,0.9869580268859863,0.7372080087661743,0.8042920231819153,5.8103861808776855,7.519128322601318,8.574930191040039,0.5550000071525574,3.1598923206329346,t,1.0,978.0,0.29600000381469727,-0.003000000026077032
ZTF24aafpwbr,1,264,60355.39803239983,60355.39803239983,False,False,1,,,,,60355.39803239983,60355.39803239983,0.0,179.5824871,-21.1167041,0.0696790516376495,0.0649999976158142,bogus,stamp_classifier,0.9597403,23.12.25,bogus,2.60139803521501e+18,F:\ZTF_Adjusted_Dataset\stamps\bogus\ZTF24aafpwbr,,1.0,g,18.390810012817383,0.13556034862995148,0.1201459988951683,0.9977080225944519,0.1025179997086525,15.720755577087402,28.824445724487305,29.917924880981445,0.8700000047683716,6.380000114440918,f,1.0,264.0,1.0110000371932983,1.8700000047683716
ZTF25aahvsli,22,1527,59932.39226849983,61039.26196759986,False,False,1,,,,,61039.26196759986,61039.26196759986,0.0,114.5054252,-14.8741213,0.0672535225749015,0.0649999976158142,bogus,stamp_classifier,0.9597399,27.5.7a32.dev1,bogus,3.285261965915015e+18,F:\ZTF_Adjusted_Dataset\stamps\bogus\ZTF25aahvsli,,1.0,g,17.850080490112305,0.1959693431854248,0.882332980632782,0.7775059938430786,0.9773749709129333,5.157425880432129,5.226803302764893,5.575714588165283,0.5830000042915344,2.8175652027130127,t,22.0,1527.0,0.25600001215934753,-0.007000000216066837
ZTF23aazofky,1,539,60179.5,60179.5,False,False,1,,,,,60179.4609375,60179.4609375,0.0,359.6451835,-21.9931022,,,bogus,stamp_classifier,0.9596808,1.2.0,bogus,2.425460935815015e+18,F:\ZTF_Adjusted_Dataset\stamps\bogus\ZTF23aazofky,,1.0,g,18.967592239379883,0.13857769966125488,0.980292022228241,0.0,0.009916669689118862,9.335044860839844,15.434138298034668,15.54488754272461,0.050999999046325684,6.699999809265137,t,1.0,539.0,0.9129999876022339,-0.04399999976158142
ZTF25aagvdyh,1,1074,60729.398206000216,60729.398206000216,False,False,1,,,,,60729.398206000216,60729.398206000216,0.0,179.2559751,-20.6934774,0.0694827288389206,0.0649999976158142,bogus,stamp_classifier,0.95961624,26.0.1,bogus,2.975398205215015e+18,F:\ZTF_Adjusted_Dataset\stamps\bogus\ZTF25aagvdyh,,1.0,g,18.115751266479492,0.20769228041172028,-999.0,-999.0,-999.0,-999.0,-999.0,-999.0,0.9810000061988831,3.3299999237060547,t,1.0,1074.0,0.43700000643730164,2.055000066757202
ZTF19abmhegq,1,560,58698.303738399874,58698.303738399874,False,False,1,,,,,58698.303738399874,58698.303738399874,0.0,318.3028659,36.7331748,,,bogus,stamp_classifier,0.9595712,corr_bulk_0.0.1,bogus,9.44303734815015e+17,F:\ZTF_Adjusted_Dataset\stamps\bogus\ZTF19abmhegq,,2.0,r,15.240459442138672,0.18860730528831482,0.9716730117797852,0.5,0.6871669888496399,2.5452616214752197,8.430928230285645,9.003387451171875,0.6890000104904175,5.260000228881836,t,1.0,560.0,0.5509999990463257,0.03500000014901161
ZTF23aabhfdx,1,1691,59970.25,59970.25,False,False,1,,,,,59970.33033559984,59970.33033559984,0.0,115.4836447,-27.1007614,,,bogus,stamp_classifier,0.9595105,1.1.6,bogus,2.216330331415015e+18,F:\ZTF_Adjusted_Dataset\stamps\bogus\ZTF23aabhfdx,,2.0,r,15.901314735412598,0.1347309648990631,0.5,0.5,0.8816459774971008,4.719812870025635,5.370406150817871,9.069872856140137,0.6869999766349792,2.726431369781494,t,1.0,1691.0,0.24699999392032623,-0.0010000000474974513
ZTF24abltbrj,14,1540,58728.49562499998,60966.35533560021,True,False,1,,,,,60966.35533560021,60966.35533560021,0.0,67.6826553,0.6644938,0.0650043711066246,0.0649999976158142,bogus,stamp_classifier,0.95949525,27.5.6,bogus,3.21235533491501e+18,F:\ZTF_Adjusted_Dataset\stamps\bogus\ZTF24abltbrj,,1.0,g,18.434085845947266,0.13485166430473328,0.5,0.1459289938211441,0.5309169888496399,0.9438266754150391,1.2114722728729248,2.0213189125061035,0.921999990940094,1.6402541399002075,f,14.0,1540.0,6.136000156402588,0.4350000023841858
ZTF26aafmski,1,2226,61078.57593750022,61078.57593750022,False,False,1,,,,,61078.57593750022,61078.57593750022,0.0,292.0627161,-3.5060415,0.0851593911647796,0.0850000008940696,bogus,stamp_classifier,0.9594891,27.5.7a32.dev1,bogus,3.324575932115015e+18,F:\ZTF_Adjusted_Dataset\stamps\bogus\ZTF26aafmski,,2.0,r,17.415220260620117,0.18185798823833466,1.0,0.09250599890947342,0.22308899462223053,3.726874589920044,4.5268754959106445,8.067468643188477,1.0,5.739999771118164,t,1.0,2226.0,0.22499999403953552,0.014000000432133675
ZTF22abujjyd,1,709,59900.25,59900.25,False,False,1,,,,,59900.31766200019,59900.31766200019,0.0,89.2305853,-18.7945212,,,bogus,stamp_classifier,0.95939296,1.1.6,bogus,2.146317661815015e+18,F:\ZTF_Adjusted_Dataset\stamps\bogus\ZTF22abujjyd,,1.0,g,17.461978912353516,0.14026589691638947,1.0,0.7311099767684937,0.059791699051856995,3.7711663246154785,11.119425773620605,11.46412181854248,0.01899999938905239,3.079420566558838,t,1.0,709.0,0.39399999380111694,-0.013000000268220901
ZTF25aacnewi,1,699,60695.14732640004,60695.14732640004,False,False,1,,,,,60695.14732640004,60695.14732640004,0.0,31.197056499999995,-26.3125992,0.0725131630897522,0.0649999976158142,bogus,stamp_classifier,0.9593841,26.0.1,bogus,2.941147320515015e+18,F:\ZTF_Adjusted_Dataset\stamps\bogus\ZTF25aacnewi,,1.0,g,18.4597110748291,0.12825822830200195,0.008666669949889183,-999.0,-999.0,21.108272552490234,-999.0,-999.0,0.8740000128746033,6.699999809265137,t,1.0,699.0,0.593999981880188,-0.2669999897480011
ZTF23aabhghd,1,547,59970.25,59970.25,False,False,1,,,,,59970.33033559984,59970.33033559984,0.0,117.5619729,-21.5329169,,,bogus,stamp_classifier,0.95918137,1.1.6,bogus,2.216330335815015e+18,F:\ZTF_Adjusted_Dataset\stamps\bogus\ZTF23aabhghd,,2.0,r,17.400049209594727,0.14310282468795776,0.989916980266571,0.5,0.9891669750213623,4.5011467933654785,5.835391521453857,8.442306518554688,0.01899999938905239,2.853203773498535,t,1.0,547.0,0.9319999814033508,0.0020000000949949026
ZTF23abnldlo,1,590,60244.25,60244.25,False,False,1,,,,,60244.19025459979,60244.19025459979,0.0,356.7500904,-22.4147818,,,bogus,stamp_classifier,0.95915824,1.2.1,bogus,2.490190253315015e+18,F:\ZTF_Adjusted_Dataset\stamps\bogus\ZTF23abnldlo,,2.0,r,18.520366668701172,0.20037783682346344,0.2407499998807907,0.0,0.09207340329885483,14.63740348815918,19.295120239257812,28.214872360229492,0.9959999918937683,6.869999885559082,t,1.0,590.0,0.33899998664855957,-0.1770000010728836
ZTF25achxyaw,1,2260,61025.15651619993,61025.15651619993,False,False,1,,,,,61025.15651619993,61025.15651619993,0.0,357.3571801,-13.4305036,0.0668275728821754,0.0649999976158142,bogus,stamp_classifier,0.9591308,27.5.7a32.dev1,bogus,3.271156514915015e+18,F:\ZTF_Adjusted_Dataset\stamps\bogus\ZTF25achxyaw,,1.0,g,17.648296356201172,0.11919529736042023,0.45228299498558044,0.9336879849433899,-999.0,23.25542640686035,23.400165557861328,-999.0,0.07000000029802322,4.710000038146973,t,1.0,2260.0,1.0110000371932983,-0.3499999940395355
ZTF21acbllro,1,899,59469.39797449997,59469.39797449997,False,False,1,,,,,59469.39797449997,59469.39797449997,0.0,29.72039,-9.2051908,,,bogus,stamp_classifier,0.9591004,correction_1.0.6,bogus,1.715397973515015e+18,F:\ZTF_Adjusted_Dataset\stamps\bogus\ZTF21acbllro,,2.0,r,19.689884185791016,0.21406243741512299,-999.0,-999.0,-999.0,-999.0,-999.0,-999.0,0.9750000238418579,1.809999942779541,t,1.0,899.0,0.45899999141693115,0.0430000014603138
ZTF26aamhzzp,19,2170,58461.55285880016,61116.420520800166,False,False,1,,,,,61116.420520800166,61116.420520800166,0.0,213.4807294,-8.4769619,0.0101104546338319,0.0099999997764825,bogus,stamp_classifier,0.9590624,27.5.7a32.dev1,bogus,3.36242052321501e+18,F:\ZTF_Adjusted_Dataset\stamps\bogus\ZTF26aamhzzp,,3.0,i,18.334026336669922,0.14316529035568237,0.1430239975452423,0.6165000200271606,0.5,1.715788722038269,17.309932708740234,18.3415584564209,0.7839999794960022,1.7627426385879517,f,19.0,2170.0,4.960000038146973,0.7450000047683716
ZTF24abznmsz,3,1024,60671.29490739992,61027.41878469987,False,False,1,,,,,61027.41878469987,61027.41878469987,0.0,94.9499261,-27.1297561,0.0730356723070144,0.0649999976158142,bogus,stamp_classifier,0.95903915,27.5.7a32.dev1,bogus,3.273418781515015e+18,F:\ZTF_Adjusted_Dataset\stamps\bogus\ZTF24abznmsz,,1.0,g,18.078136444091797,0.15198276937007904,0.9885830283164978,0.9909170269966125,0.9351670145988464,3.867711067199707,8.879541397094727,10.346389770507812,0.5519999861717224,2.1025936603546143,t,3.0,1024.0,0.8569999933242798,-0.013000000268220901
ZTF24aaamuvh,12,2377,58736.41798610008,61049.10618059989,False,False,2,,,,,60315.1911227,61049.10618059989,733.915057899896,8.603298150032169,5.7537597,0.0604084167919768,0.0601040770330592,bogus,stamp_classifier,0.9590318,27.5.7a32.dev1,bogus,2.56119112451501e+18,F:\ZTF_Adjusted_Dataset\stamps\bogus\ZTF24aaamuvh,,2.0,r,18.97844123840332,0.13932760059833527,0.11217900365591049,0.10607100278139114,0.5,1.9442371129989624,12.962067604064941,14.063519477844238,0.7419999837875366,1.959558129310608,f,3.0,1540.0,4.703000068664551,0.4020000100135803
ZTF25aabgynx,1,1511,60683.23048610008,60683.23048610008,False,False,1,,,,,60683.23048610008,60683.23048610008,0.0,64.0507909,-22.4383749,0.091962419450283,0.0850000008940696,bogus,stamp_classifier,0.95901215,26.0.1,bogus,2.929230484515015e+18,F:\ZTF_Adjusted_Dataset\stamps\bogus\ZTF25aabgynx,,2.0,r,12.57371997833252,0.010545829311013222,0.9958329796791077,0.5,0.0,20.525270462036133,25.854507446289062,28.27617073059082,0.9909999966621399,6.690000057220459,t,1.0,1511.0,0.5950000286102295,-0.2280000001192093
ZTF23abhyplq,1,1549,60221.5,60221.5,False,False,1,,,,,60221.40247689979,60221.40247689979,0.0,47.38365,-19.8100551,,,bogus,stamp_classifier,0.95898366,1.2.1,bogus,2.46740247001501e+18,F:\ZTF_Adjusted_Dataset\stamps\bogus\ZTF23abhyplq,,1.0,g,18.25343894958496,0.2077067792415619,0.738332986831665,1.0,0.0012499999720603228,4.5527024269104,10.918861389160156,27.02753448486328,0.3869999945163727,2.7339494228363037,f,1.0,1549.0,0.4429999887943268,-0.003000000026077032
ZTF19abyiaeb,1,186,58736.43921299977,58736.43921299977,False,False,1,,,,,58736.43921299977,58736.43921299977,0.0,12.6292545,-26.9134528,,,bogus,stamp_classifier,0.95890707,corr_bulk_0.0.1,bogus,9.8243921001501e+17,F:\ZTF_Adjusted_Dataset\stamps\bogus\ZTF19abyiaeb,,1.0,g,19.95279884338379,0.21522560715675354,0.0,-999.0,-999.0,21.363574981689453,-999.0,-999.0,0.39899998903274536,4.28000020980835,f,1.0,186.0,1.4900000095367432,-0.1770000010728836
ZTF22aabahvo,2,527,59198.37668980006,59627.30674770009,False,False,1,,,,,59627.30674770009,59627.30674770009,0.0,120.4840086,-16.2502609,,,bogus,stamp_classifier,0.9588882,correction_1.0.6,bogus,1.873306744215015e+18,F:\ZTF_Adjusted_Dataset\stamps\bogus\ZTF22aabahvo,,1.0,g,17.472909927368164,0.1449013352394104,0.5,0.5,0.5,5.61605978012085,5.736316680908203,5.849695205688477,0.6759999990463257,3.0712060928344727,t,2.0,527.0,0.13199999928474426,0.0020000000949949026
ZTF19aakptnu,14,941,58429.37667819997,61074.19743059995,True,False,2,,,,,61058.2725463002,61074.19743059995,15.924884299747646,68.6225190000137,-24.9217189,0.0662753476664839,0.0601040770330592,bogus,stamp_classifier,0.9588154,27.5.7a32.dev1,bogus,3.32019743211501e+18,F:\ZTF_Adjusted_Dataset\stamps\bogus\ZTF19aakptnu,,2.0,r,18.707107543945312,0.16187433898448944,0.14764900505542755,0.5,0.5,1.1748310327529907,3.824096918106079,5.358304977416992,0.9810000061988831,1.357993721961975,f,14.0,941.0,6.385000228881836,0.6320000290870667
ZTF25aawwzik,3,859,59400.41841439996,61121.52369209984,False,False,1,,,,,61121.52369209984,61121.52369209984,0.0,292.7668105,-24.0540399,0.0930832102894783,0.0850000008940696,bogus,stamp_classifier,0.9587933,27.5.7a32.dev1,bogus,3.36752369111501e+18,F:\ZTF_Adjusted_Dataset\stamps\bogus\ZTF25aawwzik,,2.0,r,19.11119270324707,0.18973873555660248,0.2473600059747696,0.6630570292472839,0.5,1.5250844955444336,5.873854637145996,7.504534721374512,0.6869999766349792,2.0501251220703125,f,3.0,859.0,6.033999919891357,0.6399999856948853
ZTF23aaawvmx,2,715,59230.25,59968.25,False,False,1,,,,,59968.23114580009,59968.23114580009,0.0,103.0986675,-20.2891584,,,bogus,stamp_classifier,0.95865786,1.1.6,bogus,2.214231140215015e+18,F:\ZTF_Adjusted_Dataset\stamps\bogus\ZTF23aaawvmx,,2.0,r,19.540193557739258,0.20014159381389618,0.9979169964790344,0.5,0.8513990044593811,2.844263792037964,4.586327075958252,4.689099311828613,0.6399999856948853,1.6450600624084473,t,2.0,715.0,0.8259999752044678,-0.04699999839067459
ZTF19abuvxky,642,3129,58334.32820599992,59676.51980319992,False,False,9,0.5472992,,0.1926899,,58705.41664349986,59676.51980319992,971.1031597000548,336.8155105888889,15.310742144444443,9.473030724139728e-05,4.692747359252582e-05,bogus,stamp_classifier,0.9586241,correction_1.0.6,bogus,,F:\ZTF_Adjusted_Dataset\stamps\bogus\ZTF19abuvxky,,,,,,,,,,,,,,,,,,
ZTF24abkvtzc,40,1218,58694.46062499983,60586.24791669985,False,False,1,,,,,60586.24791669985,60586.24791669985,0.0,11.4148567,-10.8492564,0.0661829710006713,0.0649999976158142,bogus,stamp_classifier,0.95858794,24.5.2a6,bogus,2.83224791271501e+18,F:\ZTF_Adjusted_Dataset\stamps\bogus\ZTF24abkvtzc,,1.0,g,21.092714309692383,0.19222941994667053,0.005208330228924751,0.5,1.0,8.138547897338867,8.985005378723145,13.837528228759766,0.9700000286102295,4.590000152587891,f,40.0,1218.0,3.736999988555908,0.2370000034570694
ZTF25acfwpen,1,1183,61014.12642360013,61014.12642360013,False,False,1,,,,,61014.12642360013,61014.12642360013,0.0,351.8544256,-14.976953800000002,0.0672857016324997,0.0649999976158142,bogus,stamp_classifier,0.95858467,27.5.7a32.dev1,bogus,3.260126426315015e+18,F:\ZTF_Adjusted_Dataset\stamps\bogus\ZTF25acfwpen,,1.0,g,16.079267501831055,0.09035563468933105,0.9521899819374084,0.4812859892845154,-999.0,11.237049102783203,25.48733901977539,-999.0,0.10100000351667404,5.980000019073486,t,1.0,1183.0,0.781000018119812,-0.3319999873638153
ZTF22abugedh,1,1139,59899.5,59899.5,False,False,1,,,,,59899.4815508998,59899.4815508998,0.0,112.7269755,-21.8312993,,,bogus,stamp_classifier,0.9585537,1.1.6,bogus,2.145481555415015e+18,F:\ZTF_Adjusted_Dataset\stamps\bogus\ZTF22abugedh,,1.0,g,17.146387100219727,0.1059582456946373,0.5,0.7742260098457336,0.6989579796791077,4.452481269836426,10.666887283325195,11.799598693847656,0.6570000052452087,3.25,t,1.0,1139.0,0.4390000104904175,0.004999999888241291
ZTF26aannryo,16,2185,60650.50549770007,61119.28042820003,False,False,1,,,,,61119.28042820003,61119.28042820003,0.0,146.9111709,0.2482893,0.0650006085634231,0.0649999976158142,bogus,stamp_classifier,0.95849663,27.5.7a32.dev1,bogus,3.365280426115015e+18,F:\ZTF_Adjusted_Dataset\stamps\bogus\ZTF26aannryo,,1.0,g,19.83478355407715,0.21659967303276062,0.4646280109882355,0.5,0.5,14.139018058776855,16.68896484375,21.122589111328125,0.11599999666213989,5.400000095367432,t,16.0,2185.0,0.46000000834465027,-0.050999999046325684
ZTF19abrcmiz,1,93,58717.39724540012,58717.39724540012,False,False,1,,,,,58717.39724540012,58717.39724540012,0.0,355.7651351,-27.1998746,,,bogus,stamp_classifier,0.95841897,corr_bulk_0.0.1,bogus,9.6339724071501e+17,F:\ZTF_Adjusted_Dataset\stamps\bogus\ZTF19abrcmiz,,1.0,g,18.7663516998291,0.16067512333393097,0.0020000000949949026,0.5,0.5,19.667118072509766,19.766944885253906,20.105241775512695,0.023000000044703484,6.769999980926514,f,1.0,93.0,0.7310000061988831,-0.3930000066757202
ZTF23abfwlhz,1,510,60207.5,60207.5,False,False,1,,,,,60207.41837960016,60207.41837960016,0.0,36.6906645,-20.9981561,,,bogus,stamp_classifier,0.95841557,1.2.1,bogus,2.453418375715015e+18,F:\ZTF_Adjusted_Dataset\stamps\bogus\ZTF23abfwlhz,,1.0,g,19.15579605102539,0.20794880390167236,-999.0,-999.0,-999.0,-999.0,-999.0,-999.0,0.9760000109672546,2.809999942779541,t,1.0,510.0,1.0269999504089355,0.2540000081062317
ZTF20acxujmg,24,1226,59076.35553239984,60888.41877309978,True,False,6,,,,,59192.10619209986,60888.41877309978,1696.3125809999185,330.3993113067968,-19.39471132847963,0.0102527734012482,0.009670961912218,bogus,stamp_classifier,0.95833665,27.5.6,bogus,1.445124641215015e+18,F:\ZTF_Adjusted_Dataset\stamps\bogus\ZTF20acxujmg,,2.0,r,18.057886123657227,0.1460823118686676,0.14660699665546417,0.5,1.0,0.37826818227767944,1.1437245607376099,17.773056030273438,0.3540000021457672,2.484647274017334,t,3.0,244.0,6.236999988555908,0.527999997138977
ZTF26aaaspzk,1,809,61053.31395829981,61053.31395829981,False,False,1,,,,,61053.31395829981,61053.31395829981,0.0,120.84908769999998,-25.9204031,0.0722702294588089,0.0649999976158142,bogus,stamp_classifier,0.9583178,27.5.7a32.dev1,bogus,3.299313952315015e+18,F:\ZTF_Adjusted_Dataset\stamps\bogus\ZTF26aaaspzk,,1.0,g,18.15434455871582,0.19847407937049866,0.9825000166893005,0.9174169898033142,1.0,3.9936954975128174,7.890273571014404,9.993942260742188,0.34700000286102295,2.7603871822357178,t,1.0,809.0,0.5220000147819519,-0.009999999776482582
ZTF22abxbqnw,1,1662,59908.5,59908.5,False,False,1,,,,,59908.48126159981,59908.48126159981,0.0,116.1246681,-27.5713002,,,bogus,stamp_classifier,0.9582913,1.1.6,bogus,2.1544812614150152e+18,F:\ZTF_Adjusted_Dataset\stamps\bogus\ZTF22abxbqnw,,2.0,r,17.095430374145508,0.10474276542663574,1.0,0.7197440266609192,0.9232439994812012,2.6289844512939453,5.1673150062561035,6.9870991706848145,0.6759999990463257,3.166879892349243,t,1.0,1662.0,1.7020000219345093,-0.008999999612569809
ZTF24aarsflb,1,1974,60473.22922449978,60473.22922449978,False,False,1,,,,,60473.22922449978,60473.22922449978,0.0,220.9011956,-6.0944794,0.0653694570064544,0.0649999976158142,bogus,stamp_classifier,0.9582599,24.5.1,bogus,2.719229220615015e+18,F:\ZTF_Adjusted_Dataset\stamps\bogus\ZTF24aarsflb,,1.0,g,19.276348114013672,0.14153577387332916,0.0037499999161809683,0.0031250000465661287,0.0012499999720603228,8.781588554382324,15.381980895996094,16.90695571899414,0.08399999886751175,5.679999828338623,t,1.0,1974.0,0.7039999961853027,-0.5820000171661377
ZTF26aaajetm,1,1593,61051.32747690007,61051.32747690007,False,False,1,,,,,61051.32747690007,61051.32747690007,0.0,111.0889769,-26.7799919,0.0952121466398239,0.0850000008940696,bogus,stamp_classifier,0.9582401,27.5.7a32.dev1,bogus,3.297327470815015e+18,F:\ZTF_Adjusted_Dataset\stamps\bogus\ZTF26aaajetm,,2.0,r,16.87371253967285,0.10957548022270203,0.9937919974327087,0.8994230031967163,0.9912499785423279,4.500488758087158,11.316080093383789,12.77384090423584,0.01899999938905239,2.9264168739318848,t,1.0,1593.0,0.6430000066757202,0.027000000700354576
ZTF26aabmpdc,1,1098,61056.19197920011,61056.19197920011,True,False,1,,,,,61056.19197920011,61056.19197920011,0.0,52.62442759999999,-25.6343211,0.0942796096205711,0.0850000008940696,bogus,stamp_classifier,0.9582266,27.5.7a32.dev1,bogus,3.302191972715015e+18,F:\ZTF_Adjusted_Dataset\stamps\bogus\ZTF26aabmpdc,,2.0,r,19.215038299560547,0.1899569183588028,-999.0,-999.0,-999.0,-999.0,-999.0,-999.0,0.9929999709129333,4.159999847412109,t,1.0,1098.0,0.7979999780654907,0.17499999701976776
ZTF23aaaotbx,2,1107,59291.25,59965.25,False,False,1,,,,,59965.32966439985,59965.32966439985,0.0,125.2096284,-18.090576,,,bogus,stamp_classifier,0.9581967,1.1.6,bogus,2.211329663015015e+18,F:\ZTF_Adjusted_Dataset\stamps\bogus\ZTF23aaaotbx,,1.0,g,18.04109764099121,0.1521788239479065,1.0,0.5,0.841804027557373,4.035854816436768,6.453672885894775,12.546504020690918,0.020999999716877937,2.6231307983398438,t,2.0,1107.0,0.5899999737739563,-0.017999999225139618
ZTF26aaehkyy,3,842,60674.35163189983,61070.3754745,False,False,1,,,,,61070.3754745,61070.3754745,0.0,117.1134326,-25.3000287,0.0940179824829101,0.0850000008940696,bogus,stamp_classifier,0.95819616,27.5.7a32.dev1,bogus,3.316375473115015e+18,F:\ZTF_Adjusted_Dataset\stamps\bogus\ZTF26aaehkyy,,2.0,r,17.47540855407715,0.1680576652288437,1.0,0.5,0.5,3.3288912773132324,3.763339042663574,4.869157791137695,0.9570000171661377,2.0493547916412354,t,3.0,842.0,0.4819999933242798,-0.0010000000474974513
ZTF26aaancji,1,1557,61052.23450230016,61052.23450230016,False,False,1,,,,,61052.23450230016,61052.23450230016,0.0,81.3373912,-19.6765416,0.0902710631489753,0.0850000008940696,bogus,stamp_classifier,0.9581723,27.5.7a32.dev1,bogus,3.298234500415015e+18,F:\ZTF_Adjusted_Dataset\stamps\bogus\ZTF26aaancji,,2.0,r,17.88103485107422,0.10526901483535767,0.9975000023841858,0.5,0.988332986831665,5.0428643226623535,5.987305164337158,8.310967445373535,0.01899999938905239,2.8971357345581055,t,1.0,1557.0,0.4129999876022339,0.00800000037997961
ZTF26aaomksv,1,1865,61121.27402780019,61121.27402780019,False,False,1,,,,,61121.27402780019,61121.27402780019,0.0,146.8197593,-19.1525736,0.0105859506875276,0.0099999997764825,bogus,stamp_classifier,0.95817035,27.5.7a32.dev1,bogus,3.367274021315015e+18,F:\ZTF_Adjusted_Dataset\stamps\bogus\ZTF26aaomksv,,3.0,i,16.218229293823242,0.17574761807918549,0.029416700825095177,0.002083329949527979,0.4370650053024292,2.093928337097168,13.626901626586914,14.96236515045166,0.925000011920929,6.679999828338623,t,1.0,1865.0,5.644999980926514,0.4690000116825104
ZTF25acbcygh,1,1894,60977.37872690009,60977.37872690009,False,False,1,,,,,60977.37872690009,60977.37872690009,0.0,54.2233286,-5.8533322,0.0653406754136085,0.0649999976158142,bogus,stamp_classifier,0.9581121,27.5.7a32.dev1,bogus,3.223378720315015e+18,F:\ZTF_Adjusted_Dataset\stamps\bogus\ZTF25acbcygh,,1.0,g,18.31705665588379,0.10681820660829544,0.024791700765490532,0.0,0.5,18.9802188873291,28.451797485351562,29.149993896484375,0.07800000160932541,5.010000228881836,t,1.0,1894.0,0.8240000009536743,-0.4000000059604645
ZTF24abnnfjg,1,1853,60602.2510532001,60602.2510532001,False,False,1,,,,,60602.2510532001,60602.2510532001,0.0,350.8411765,-14.7227202,0.0672065913677215,0.0649999976158142,bogus,stamp_classifier,0.95810896,24.5.2a6,bogus,2.848251056215015e+18,F:\ZTF_Adjusted_Dataset\stamps\bogus\ZTF24abnnfjg,,1.0,g,17.240257263183594,0.056995075196027756,0.2469169944524765,1.0,0.5,17.80994415283203,22.94488525390625,24.348445892333984,0.04899999871850014,6.409999847412109,t,1.0,1853.0,0.6790000200271606,-0.2409999966621399
ZTF18actxlvw,1,43,58457.153483800124,58457.153483800124,False,False,1,,,,,58457.153483800124,58457.153483800124,0.0,347.1461619,9.1079551,,,bogus,stamp_classifier,0.9580828,corr_bulk_0.0.1,bogus,7.0315348081501e+17,F:\ZTF_Adjusted_Dataset\stamps\bogus\ZTF18actxlvw,,2.0,r,19.083335876464844,0.15783660113811493,0.5,0.5,0.5,6.620526313781738,15.666644096374512,15.738642692565918,0.3479999899864197,2.2393221855163574,f,1.0,43.0,16.780000686645508,1.440000057220459
ZTF25acfpvoa,3,2031,59203.29503470007,61010.33438660018,False,False,1,,,,,61010.33438660018,61010.33438660018,0.0,86.495682,-26.5443942,0.0950157642364502,0.0850000008940696,bogus,stamp_classifier,0.9580446,27.5.7a32.dev1,bogus,3.25633438001501e+18,F:\ZTF_Adjusted_Dataset\stamps\bogus\ZTF25acfpvoa,,2.0,r,17.63628387451172,0.11374595761299133,0.984375,0.5,0.8906670212745667,4.9989824295043945,6.773061275482178,8.897602081298828,0.6589999794960022,2.5399999618530273,f,3.0,2031.0,0.3409999907016754,-0.00800000037997961
ZTF24aaejcnf,1,612,60351.33843749994,60351.33843749994,False,False,1,,,,,60351.33843749994,60351.33843749994,0.0,119.203693,-27.8137419,0.0734904110431671,0.0649999976158142,bogus,stamp_classifier,0.95796597,23.12.25,bogus,2.597338431115015e+18,F:\ZTF_Adjusted_Dataset\stamps\bogus\ZTF24aaejcnf,,1.0,g,16.412996292114258,0.11749088019132614,0.5,0.8949459791183472,0.5,5.3963727951049805,6.68378210067749,6.835623264312744,0.5730000138282776,3.2699999809265137,t,1.0,612.0,0.24300000071525574,0.0
ZTF25abwzyuo,1,843,60961.3790972,60961.3790972,False,False,1,,,,,60961.3790972,60961.3790972,0.0,21.8858906,-21.6316904,0.0914398580789566,0.0850000008940696,bogus,stamp_classifier,0.95796365,27.5.6,bogus,3.207379095815015e+18,F:\ZTF_Adjusted_Dataset\stamps\bogus\ZTF25abwzyuo,,2.0,r,19.212844848632812,0.2009616494178772,-999.0,-999.0,-999.0,-999.0,-999.0,-999.0,0.9810000061988831,2.0199999809265137,t,1.0,843.0,0.7720000147819519,0.14100000262260437
ZTF23aboynjz,1,1014,60253.25,60253.25,False,False,1,,,,,60253.30579859996,60253.30579859996,0.0,55.5205638,-18.2938556,,,bogus,stamp_classifier,0.9579154,1.2.1,bogus,2.499305793115015e+18,F:\ZTF_Adjusted_Dataset\stamps\bogus\ZTF23aboynjz,,2.0,r,19.574859619140625,0.19666777551174164,-999.0,-999.0,-999.0,-999.0,-999.0,-999.0,0.9670000076293945,2.0,t,1.0,1014.0,0.6320000290870667,0.2750000059604645
ZTF25acjvlpq,1,1305,61030.31293979986,61030.31293979986,False,False,1,,,,,61030.31293979986,61030.31293979986,0.0,66.7634098,-18.6787005,0.0897259190678596,0.0850000008940696,bogus,stamp_classifier,0.95778155,27.5.7a32.dev1,bogus,3.276312932315015e+18,F:\ZTF_Adjusted_Dataset\stamps\bogus\ZTF25acjvlpq,,2.0,r,19.636049270629883,0.20770013332366943,-999.0,-999.0,-999.0,-999.0,-999.0,-999.0,0.9769999980926514,1.5,t,1.0,1305.0,0.6909999847412109,0.17100000381469727
ZTF22abrzfii,1,384,59882.5,59882.5,False,False,1,,,,,59882.46045139991,59882.46045139991,0.0,70.6551048,-25.1743298,,,bogus,stamp_classifier,0.95777124,1.1.6,bogus,2.12846045181501e+18,F:\ZTF_Adjusted_Dataset\stamps\bogus\ZTF22abrzfii,,2.0,r,19.0382022857666,0.2121773511171341,0.6368039846420288,0.0262083001434803,0.991457998752594,7.3302388191223145,26.499496459960938,29.052898406982422,0.9990000128746033,4.789999961853027,f,1.0,384.0,0.42500001192092896,-0.1340000033378601
ZTF24abqzuye,1,2031,60621.106030100025,60621.106030100025,False,False,1,,,,,60621.106030100025,60621.106030100025,0.0,327.6158583,-27.8086383,0.0960983335971832,0.0850000008940696,bogus,stamp_classifier,0.95774007,25.0.0,bogus,2.867106031415015e+18,F:\ZTF_Adjusted_Dataset\stamps\bogus\ZTF24abqzuye,,2.0,r,16.287918090820312,0.07414541393518448,0.9851040244102478,0.5,0.5,20.895166397094727,26.06608772277832,28.315486907958984,0.5830000042915344,6.210000038146973,t,1.0,2031.0,1.0329999923706055,-0.04399999976158142
ZTF22abudmwt,4,1507,58466.25,59899.25,False,False,1,,,,,59899.337233799975,59899.337233799975,0.0,70.3678996,-2.8574589,,,bogus,stamp_classifier,0.95773625,1.1.6,bogus,2.145337232515015e+18,F:\ZTF_Adjusted_Dataset\stamps\bogus\ZTF22abudmwt,,2.0,r,18.440088272094727,0.19085213541984558,0.5,0.24670200049877167,0.30099400877952576,2.029705286026001,2.4177932739257812,3.4871931076049805,0.01899999938905239,3.25,t,4.0,1507.0,5.605000019073486,0.40799999237060547
ZTF24aaezppl,1,267,60353.39586810023,60353.39586810023,False,False,1,,,,,60353.39586810023,60353.39586810023,0.0,179.0730999,-21.5326602,0.069876804947853,0.0649999976158142,bogus,stamp_classifier,0.9576407,23.12.25,bogus,2.599395865515015e+18,F:\ZTF_Adjusted_Dataset\stamps\bogus\ZTF24aaezppl,,1.0,g,18.569461822509766,0.2115543633699417,0.0,0.01199399959295988,0.07954169809818268,9.561355590820312,16.26607894897461,22.290176391601562,0.9810000061988831,2.3499999046325684,t,1.0,267.0,0.4790000021457672,1.4769999980926514
ZTF20aajioxo,20,1226,58439.3815394002,61052.23591439985,True,False,5,-0.8540038,,-0.33578476,,58876.18883100012,61052.23591439985,2176.047083399724,87.73347394346762,-25.07008003925973,0.0370356346535465,0.0335465144341046,bogus,stamp_classifier,0.95763785,27.5.7a32.dev1,bogus,1.122188832815015e+18,F:\ZTF_Adjusted_Dataset\stamps\bogus\ZTF20aajioxo,,1.0,g,18.21434783935547,0.1530335247516632,1.0,0.5,0.8472499847412109,0.7220167517662048,2.093524932861328,11.348873138427734,0.9760000109672546,1.3935704231262207,t,2.0,441.0,0.289000004529953,-0.0020000000949949026
ZTF19adbkclf,1,158,58840.09339120006,58840.09339120006,False,False,1,,,,,58840.09339120006,58840.09339120006,0.0,355.9480525,-26.4450852,,,bogus,stamp_classifier,0.95761734,corr_bulk_0.0.1,bogus,1.08609339011501e+18,F:\ZTF_Adjusted_Dataset\stamps\bogus\ZTF19adbkclf,,2.0,r,14.863061904907227,0.20691515505313873,0.8863660097122192,0.0037499999161809683,1.0,11.98529052734375,15.767105102539062,20.461803436279297,1.0,1.5099999904632568,f,1.0,158.0,1.194000005722046,0.15399999916553497
ZTF25abydous,1,953,60968.334351900034,60968.334351900034,True,False,1,,,,,60968.334351900034,60968.334351900034,0.0,48.53977199999999,-23.616873,0.0927699655294418,0.0850000008940696,bogus,stamp_classifier,0.95761347,27.5.6,bogus,3.214334353415015e+18,F:\ZTF_Adjusted_Dataset\stamps\bogus\ZTF25abydous,,2.0,r,19.503698348999023,0.21013332903385162,-999.0,-999.0,-999.0,-999.0,-999.0,-999.0,0.9810000061988831,2.5199999809265137,t,1.0,953.0,0.6439999938011169,-0.03400000184774399
ZTF26aajwjwb,1,1552,61107.23157409998,61107.23157409998,False,False,1,,,,,61107.23157409998,61107.23157409998,0.0,130.6163501,-24.6685901,0.0935363993048667,0.0850000008940696,bogus,stamp_classifier,0.9575036,27.5.7a32.dev1,bogus,3.353231572915015e+18,F:\ZTF_Adjusted_Dataset\stamps\bogus\ZTF26aajwjwb,,2.0,r,17.389928817749023,0.1152065172791481,0.9966670274734497,0.9878749847412109,0.5,4.658017635345459,13.3742036819458,13.727935791015625,0.01899999938905239,2.9543392658233643,t,1.0,1552.0,1.1990000009536743,-0.061000000685453415
ZTF22acaxvpz,2,938,59937.25,59937.25,False,False,1,,,,,59937.27303239983,59937.27303239983,0.0,85.7710996,-27.6127227,,,bogus,stamp_classifier,0.9574538,1.1.6,bogus,2.183273030315015e+18,F:\ZTF_Adjusted_Dataset\stamps\bogus\ZTF22acaxvpz,,2.0,r,17.85696792602539,0.1088659018278122,0.9799519777297974,0.5,0.9983329772949219,3.937419891357422,8.166402816772461,12.612065315246582,0.45100000500679016,2.3162639141082764,t,2.0,938.0,0.6159999966621399,-0.019999999552965164
ZTF19adbgmbk,32,149,58367.336111099925,58839.106053200085,False,False,3,0.41800117,,0.53258514,,58812.14118060004,58839.106053200085,26.96487260004505,354.333959,-13.338752,3.5044543074637566e-05,0.0002503593217757,bogus,stamp_classifier,0.9573554,corr_bulk_0.0.1,bogus,1.08510605561501e+18,F:\ZTF_Adjusted_Dataset\stamps\bogus\ZTF19adbgmbk,,1.0,g,17.82286834716797,0.19802211225032806,0.5,0.5,0.5,13.482735633850098,14.228262901306152,14.287238121032715,0.4830000102519989,1.6421781778335571,f,32.0,149.0,10.505000114440918,1.1239999532699585
ZTF25abtglsl,1,792,60942.37444439996,60942.37444439996,False,False,1,,,,,60942.37444439996,60942.37444439996,0.0,25.8355178,-25.2795777,0.0718839839100837,0.0649999976158142,bogus,stamp_classifier,0.9573403,27.5.6,bogus,3.188374441815015e+18,F:\ZTF_Adjusted_Dataset\stamps\bogus\ZTF25abtglsl,,1.0,g,18.697853088378906,0.2055458128452301,-999.0,-999.0,-999.0,-999.0,-999.0,-999.0,0.972000002861023,1.7899999618530273,t,1.0,792.0,0.9150000214576721,0.27000001072883606
ZTF19abouoma,61,1247,58350.42215280002,60585.272685199976,False,False,4,,,,,58699.47957180021,60585.272685199976,1885.793113399763,14.02704949999825,-12.135664499999097,0.0664857845061525,0.0649999972030516,bogus,stamp_classifier,0.9572886,24.5.2a6,bogus,9.5046136041501e+17,F:\ZTF_Adjusted_Dataset\stamps\bogus\ZTF19abouoma,,2.0,r,20.516836166381836,0.20697210729122162,0.0,0.002749999985098839,0.5,4.624941349029541,8.795632362365723,13.29762077331543,0.6880000233650208,2.619999885559082,f,8.0,191.0,0.6729999780654907,0.054999999701976776
ZTF23aaaudis,1,2074,59967.25,59967.25,False,False,1,,,,,59967.27437500004,59967.27437500004,0.0,110.6393645,-5.8191558,,,bogus,stamp_classifier,0.95725244,1.1.6,bogus,2.213274370315015e+18,F:\ZTF_Adjusted_Dataset\stamps\bogus\ZTF23aaaudis,,2.0,r,17.039398193359375,0.11162224411964417,0.9981250166893005,0.8924580216407776,0.9925000071525574,4.766499042510986,8.987166404724121,13.631672859191895,0.6850000023841858,2.8708572387695312,t,1.0,2074.0,0.27000001072883606,-0.013000000268220901
ZTF26aabsylz,1,1674,61057.12620369997,61057.12620369997,False,False,1,,,,,61057.12620369997,61057.12620369997,0.0,60.1350064,-11.3460697,0.0866942852735519,0.0850000008940696,bogus,stamp_classifier,0.9572216,27.5.7a32.dev1,bogus,3.303126202615015e+18,F:\ZTF_Adjusted_Dataset\stamps\bogus\ZTF26aabsylz,,2.0,r,15.974987030029297,0.056467462331056595,0.0,0.0016666699666529894,0.5,22.571725845336914,28.561370849609375,28.88843536376953,0.027000000700354576,6.369999885559082,t,1.0,1674.0,0.9279999732971191,-0.27900001406669617
ZTF24aaaekxi,16,1924,58740.171122699976,60848.45631940011,True,False,3,,,,,60314.15879630018,60848.45631940011,534.2975230999291,347.6910789666185,10.253182733333333,0.0498711749441114,0.0490747733973095,bogus,stamp_classifier,0.9571645,27.5.6,bogus,2.56015879271501e+18,F:\ZTF_Adjusted_Dataset\stamps\bogus\ZTF24aaaekxi,,2.0,r,19.319278717041016,0.15713685750961304,0.1520649939775467,0.32803601026535034,0.5353689789772034,1.3358036279678345,9.44383716583252,16.213342666625977,0.7609999775886536,1.5461061000823975,f,17.0,1458.0,5.598999977111816,0.45399999618530273
ZTF26aajwzyk,1,1902,61107.27172450023,61107.27172450023,False,False,1,,,,,61107.27172450023,61107.27172450023,0.0,123.0028938,-25.2296507,0.0718544423580169,0.0649999976158142,bogus,stamp_classifier,0.95714736,27.5.7a32.dev1,bogus,3.353271723015015e+18,F:\ZTF_Adjusted_Dataset\stamps\bogus\ZTF26aajwzyk,,1.0,g,16.645233154296875,0.19013148546218872,0.8092380166053772,0.9136250019073486,0.9688540101051331,1.406927227973938,3.5048794746398926,5.766061305999756,0.7049999833106995,2.731060266494751,t,1.0,1902.0,0.48500001430511475,-0.0020000000949949026
ZTF24abplkca,1,1253,60611.31891199993,60611.31891199993,False,False,1,,,,,60611.31891199993,60611.31891199993,0.0,49.1227237,-16.1076317,0.08847326785326,0.0850000008940696,bogus,stamp_classifier,0.95711154,24.5.2a6,bogus,2.857318914715015e+18,F:\ZTF_Adjusted_Dataset\stamps\bogus\ZTF24abplkca,,2.0,r,19.116130828857422,0.18010860681533813,-999.0,-999.0,-999.0,-999.0,-999.0,-999.0,0.9430000185966492,5.690000057220459,t,1.0,1253.0,0.6769999861717224,-0.1340000033378601
ZTF22aacjqhy,1,2009,59639.535138899926,59639.535138899926,False,False,1,,,,,59639.535138899926,59639.535138899926,0.0,302.4846773,15.0737625,,,bogus,stamp_classifier,0.95710945,correction_1.0.6,bogus,1.8855351348150152e+18,F:\ZTF_Adjusted_Dataset\stamps\bogus\ZTF22aacjqhy,,2.0,r,17.849477767944336,0.15099848806858063,0.5,0.7284349799156189,0.912958025932312,2.484990119934082,3.8974618911743164,4.516084671020508,0.6169999837875366,2.9339606761932373,t,1.0,2009.0,3.052000045776367,0.06700000166893005
ZTF24aairzhx,1,279,60408.293807900045,60408.293807900045,False,False,1,,,,,60408.293807900045,60408.293807900045,0.0,179.5835392,-21.1162831,0.0696788504719734,0.0649999976158142,bogus,stamp_classifier,0.95709735,0.0.0,bogus,2.65429380521501e+18,F:\ZTF_Adjusted_Dataset\stamps\bogus\ZTF24aairzhx,,1.0,g,18.660030364990234,0.11752337217330933,0.1201459988951683,0.9977080225944519,-999.0,16.64023780822754,28.666492462158203,-999.0,0.9810000061988831,3.630000114440918,f,1.0,279.0,1.0110000371932983,1.8700000047683716
ZTF22abprlak,1,795,59874.25,59874.25,False,False,1,,,,,59874.35701389983,59874.35701389983,0.0,55.5960353,-16.8699552,,,bogus,stamp_classifier,0.9570826,1.1.6,bogus,2.120357014715015e+18,F:\ZTF_Adjusted_Dataset\stamps\bogus\ZTF22abprlak,,2.0,r,19.44978141784668,0.1869928538799286,-999.0,-999.0,-999.0,-999.0,-999.0,-999.0,0.9950000047683716,1.3899999856948853,t,1.0,795.0,0.503000020980835,0.14000000059604645
ZTF24aavlmgr,1,1900,60503.40037039993,60503.40037039993,False,False,1,,,,,60503.40037039993,60503.40037039993,0.0,325.4065813,-13.4771957,0.0874069482088089,0.0850000008940696,bogus,stamp_classifier,0.9570267,24.5.2a6,bogus,2.749400375615015e+18,F:\ZTF_Adjusted_Dataset\stamps\bogus\ZTF24aavlmgr,,2.0,r,17.492168426513672,0.08965272456407547,0.5,0.9881250262260437,-999.0,13.552889823913574,18.106582641601562,-999.0,0.20800000429153442,5.960000038146973,t,1.0,1900.0,1.215999960899353,-0.08100000023841858
ZTF25aauwgxm,1,1496,60839.38127310015,60839.38127310015,False,False,1,,,,,60839.38127310015,60839.38127310015,0.0,329.3964846,-13.1205102,0.0872784256935119,0.0850000008940696,bogus,stamp_classifier,0.9570254,27.5.6,bogus,3.085381271115015e+18,F:\ZTF_Adjusted_Dataset\stamps\bogus\ZTF25aauwgxm,,2.0,r,16.7772216796875,0.21072782576084137,0.005416669882833958,0.5,0.5,2.5044240951538086,3.3638527393341064,3.948211431503296,0.9110000133514404,1.1814149618148804,t,1.0,1496.0,5.771999835968018,0.44200000166893005
ZTF25acipzhr,1,889,61027.14697920019,61027.14697920019,False,False,1,,,,,61027.14697920019,61027.14697920019,0.0,13.821986300000004,-21.1140504,0.0911171287298202,0.0850000008940696,bogus,stamp_classifier,0.95702386,27.5.7a32.dev1,bogus,3.273146976015015e+18,F:\ZTF_Adjusted_Dataset\stamps\bogus\ZTF25acipzhr,,2.0,r,19.049211502075195,0.2155291736125946,-999.0,-999.0,-999.0,-999.0,-999.0,-999.0,0.9739999771118164,2.630000114440918,t,1.0,889.0,0.5400000214576721,0.08699999749660492
ZTF18adaujya,42,1610,58480.32831020001,59627.33692129981,False,False,1,,,,,59627.33692129981,59627.33692129981,0.0,115.6844482,-26.9095884,,,bogus,stamp_classifier,0.9570215,correction_1.0.6,bogus,1.87333692131501e+18,F:\ZTF_Adjusted_Dataset\stamps\bogus\ZTF18adaujya,,2.0,r,16.859939575195312,0.1297520399093628,0.5,0.5,0.6861960291862488,2.6055052280426025,2.7220346927642822,3.070274829864502,0.01899999938905239,2.8708572387695312,f,42.0,1610.0,0.42800000309944153,0.0
ZTF22aabmjzu,1,643,59630.191365700215,59630.191365700215,False,False,1,,,,,59630.191365700215,59630.191365700215,0.0,107.621298,-24.3556073,,,bogus,stamp_classifier,0.9570018,correction_1.0.6,bogus,1.876191361715015e+18,F:\ZTF_Adjusted_Dataset\stamps\bogus\ZTF22aabmjzu,,1.0,g,15.598941802978516,0.21629242599010468,0.5,0.9990000128746033,0.8072289824485779,1.5771092176437378,2.2345223426818848,5.274864673614502,0.6209999918937683,4.71999979019165,t,1.0,643.0,0.777999997138977,-0.014000000432133675
ZTF22aabamwe,1,767,59627.31548610004,59627.31548610004,False,False,1,,,,,59627.31548610004,59627.31548610004,0.0,111.0590947,-13.9709709,,,bogus,stamp_classifier,0.95700157,correction_1.0.6,bogus,1.8733154848150152e+18,F:\ZTF_Adjusted_Dataset\stamps\bogus\ZTF22aabamwe,,2.0,r,17.11206817626953,0.1701251119375229,0.9657289981842041,0.29485100507736206,0.9742079973220825,4.064917087554932,5.379472732543945,6.431466579437256,0.7200000286102295,2.3940303325653076,t,1.0,767.0,0.703000009059906,-0.019999999552965164
ZTF24abtdxlr,1,1394,60635.10873840004,60635.10873840004,False,False,1,,,,,60635.10873840004,60635.10873840004,0.0,347.7570669,0.7877345,0.0650061443448066,0.0649999976158142,bogus,stamp_classifier,0.9569209,25.0.0,bogus,2.881108735315015e+18,F:\ZTF_Adjusted_Dataset\stamps\bogus\ZTF24abtdxlr,,1.0,g,17.154428482055664,0.08211726695299149,0.0043750000186264515,0.5,0.05783329904079437,6.549063205718994,7.18510627746582,19.539281845092773,0.3009999990463257,6.610000133514404,t,1.0,1394.0,1.3339999914169312,0.08299999684095383
ZTF26aaasjqg,1,1611,61053.29425929999,61053.29425929999,False,False,1,,,,,61053.29425929999,61053.29425929999,0.0,114.5058746,-27.4068798,0.0732179805636406,0.0649999976158142,bogus,stamp_classifier,0.9568746,27.5.7a32.dev1,bogus,3.299294250215015e+18,F:\ZTF_Adjusted_Dataset\stamps\bogus\ZTF26aaasjqg,,1.0,g,17.462705612182617,0.200768381357193,1.0,0.6998540163040161,0.9013329744338989,4.440463542938232,5.581339359283447,7.300325870513916,0.01899999938905239,2.8922266960144043,t,1.0,1611.0,0.5950000286102295,-0.008999999612569809
ZTF24abstgdg,1,770,60629.19040510012,60629.19040510012,False,False,1,,,,,60629.19040510012,60629.19040510012,0.0,350.9902133,-22.8084165,0.0705137327313423,0.0649999976158142,bogus,stamp_classifier,0.95686156,25.0.0,bogus,2.87519040441501e+18,F:\ZTF_Adjusted_Dataset\stamps\bogus\ZTF24abstgdg,,1.0,g,18.530418395996094,0.12844319641590118,0.0012499999720603228,0.08969639986753464,0.0,2.104712963104248,14.337063789367676,14.418134689331055,0.9819999933242798,5.769999980926514,f,1.0,770.0,1.2669999599456787,0.03099999949336052
ZTF22aaggbhu,39,3716,58333.36284720013,60583.1837847,True,False,2,,,,,59684.51383099984,60583.1837847,898.669953700155,346.7455985999972,22.936322899999315,0.0922971438402642,0.0850000005863921,bogus,stamp_classifier,0.95684725,24.5.2a6,bogus,1.93051383061501e+18,F:\ZTF_Adjusted_Dataset\stamps\bogus\ZTF22aaggbhu,,2.0,r,18.358299255371094,0.17933423817157745,0.1457200050354004,0.5,0.5,1.3615044355392456,1.3788824081420898,1.973293662071228,0.9760000109672546,1.4545503854751587,f,17.0,1992.0,7.13700008392334,0.5559999942779541
ZTF25abebwip,56,675,58642.39697920019,60882.33560189977,False,False,9,,,,,60854.43940970022,60882.33560189977,27.89619219955057,295.02223480000634,-24.537265666666663,0.0238176018551372,0.021666665871938,bogus,stamp_classifier,0.95681065,27.5.6,bogus,3.12833560211501e+18,F:\ZTF_Adjusted_Dataset\stamps\bogus\ZTF25abebwip,,1.0,g,20.11162567138672,0.20837146043777466,0.5,0.9667569994926453,0.04479169845581055,2.88688063621521,4.923019886016846,7.231210231781006,0.6439999938011169,4.75,f,56.0,675.0,4.747000217437744,0.23999999463558197
ZTF22abxbpqh,1,504,59908.5,59908.5,False,False,1,,,,,59908.48126159981,59908.48126159981,0.0,119.8576734,-27.1280523,,,bogus,stamp_classifier,0.95673376,1.1.6,bogus,2.154481260615015e+18,F:\ZTF_Adjusted_Dataset\stamps\bogus\ZTF22abxbpqh,,2.0,r,16.794153213500977,0.12412432581186295,0.816208004951477,0.9839580059051514,0.9975000023841858,2.0003042221069336,4.808513164520264,10.237838745117188,0.6620000004768372,3.029799222946167,t,1.0,504.0,1.0800000429153442,0.0020000000949949026
ZTF25aacnzsr,1,1553,60695.18959489977,60695.18959489977,False,False,1,,,,,60695.18959489977,60695.18959489977,0.0,78.682774,-25.0672793,0.0717589035630226,0.0649999976158142,bogus,stamp_classifier,0.95673245,26.0.1,bogus,2.941189592915015e+18,F:\ZTF_Adjusted_Dataset\stamps\bogus\ZTF25aacnzsr,,1.0,g,19.33890724182129,0.1657491773366928,0.9811670184135437,0.54271399974823,-999.0,14.819130897521973,23.2569580078125,-999.0,0.04899999871850014,6.610000133514404,t,1.0,1553.0,0.9589999914169312,-0.40400001406669617
ZTF18acqjcms,1,93,58442.47299769986,58442.47299769986,False,False,1,,,,,58442.47299769986,58442.47299769986,0.0,50.7749179,48.6516154,,,bogus,stamp_classifier,0.9566999,corr_bulk_0.0.1,bogus,6.8847299421501e+17,F:\ZTF_Adjusted_Dataset\stamps\bogus\ZTF18acqjcms,,1.0,g,12.734858512878418,0.17233911156654358,0.9770830273628235,0.925000011920929,0.9664790034294128,6.174258708953857,15.013374328613281,20.048978805541992,0.8669999837875366,2.190000057220459,f,1.0,93.0,1.5679999589920044,-0.3330000042915344
ZTF23aacbqpc,1,1076,59984.25,59984.25,False,False,1,,,,,59984.17017359985,59984.17017359985,0.0,60.2474515,-7.1898711,,,bogus,stamp_classifier,0.9566803,1.1.6,bogus,2.230170175815015e+18,F:\ZTF_Adjusted_Dataset\stamps\bogus\ZTF23aacbqpc,,1.0,g,17.764280319213867,0.16820043325424194,1.0,0.5,0.5,4.110126495361328,5.640100479125977,5.721554279327393,0.45500001311302185,1.8629027605056763,t,1.0,1076.0,0.5529999732971191,-0.027000000700354576
ZTF19acjntkn,2,442,58784.52318290016,58784.52318290016,False,False,1,,,,,58784.52318290016,58784.52318290016,0.0,110.2446665,-15.6954909,,,bogus,stamp_classifier,0.95666444,corr_bulk_0.0.1,bogus,1.030523183315015e+18,F:\ZTF_Adjusted_Dataset\stamps\bogus\ZTF19acjntkn,,2.0,r,18.085378646850586,0.19241534173488617,0.9975000023841858,0.9747920036315918,0.9900000095367432,4.816020965576172,5.0839457511901855,11.899150848388672,0.01899999938905239,3.096804141998291,t,2.0,442.0,0.777999997138977,-0.03799999877810478
ZTF26aacxhxj,1,1553,61060.1296759001,61060.1296759001,False,False,1,,,,,61060.1296759001,61060.1296759001,0.0,27.2549338,-22.6915738,0.0704534649848938,0.0649999976158142,bogus,stamp_classifier,0.95665586,27.5.7a32.dev1,bogus,3.306129674515015e+18,F:\ZTF_Adjusted_Dataset\stamps\bogus\ZTF26aacxhxj,,1.0,g,17.06308937072754,0.08644910156726837,0.5,0.05608329921960831,0.13104799389839172,15.70936393737793,20.375320434570312,26.646696090698242,0.029999999329447746,5.070000171661377,t,1.0,1553.0,0.8619999885559082,-0.1080000028014183
ZTF20abijuxt,1,221,59026.24196759984,59026.24196759984,False,False,1,,,,,59026.24196759984,59026.24196759984,0.0,260.8174202,82.4922249,,,bogus,stamp_classifier,0.9566108,corr_bulk_0.0.1,bogus,1.27224196221501e+18,F:\ZTF_Adjusted_Dataset\stamps\bogus\ZTF20abijuxt,,1.0,g,14.518263816833496,0.2157529890537262,0.9702919721603394,0.03453569859266281,0.5,2.870048761367798,8.748549461364746,15.780330657958984,0.9980000257492065,1.2863435745239258,f,1.0,221.0,0.8190000057220459,-0.2619999945163727
ZTF22abwvjhv,49,1526,58365.317187500186,60933.226435199846,True,False,8,,,,,59879.12731479993,60933.226435199846,1054.099120399915,328.27348555496064,-16.894175427649717,0.0301000786924746,0.0288010534776912,bogus,stamp_classifier,0.9565845,27.5.6,bogus,2.15316688341501e+18,F:\ZTF_Adjusted_Dataset\stamps\bogus\ZTF22abwvjhv,,2.0,r,18.178251266479492,0.08054174482822418,0.17335699498653412,0.5,0.32026201486587524,1.7449959516525269,2.8261101245880127,4.617098808288574,0.6460000276565552,2.3499999046325684,f,22.0,686.0,4.198999881744385,0.503000020980835
ZTF21aclzost,1,1059,59523.52373840008,59523.52373840008,False,False,1,,,,,59523.52373840008,59523.52373840008,0.0,113.8355108,-26.2409655,,,bogus,stamp_classifier,0.95655406,correction_1.0.6,bogus,1.769523730415015e+18,F:\ZTF_Adjusted_Dataset\stamps\bogus\ZTF21aclzost,,1.0,g,17.598201751708984,0.11838193982839584,0.5,0.9142079949378967,0.7884399890899658,1.7666655778884888,7.725942611694336,10.994790077209473,0.05000000074505806,5.75,t,1.0,1059.0,0.49300000071525574,-0.035999998450279236
ZTF22abvqstd,1,1049,59904.25,59904.25,False,False,1,,,,,59904.29396989988,59904.29396989988,0.0,63.0456075,-9.7067774,,,bogus,stamp_classifier,0.956538,1.1.6,bogus,2.15029396391501e+18,F:\ZTF_Adjusted_Dataset\stamps\bogus\ZTF22abvqstd,,1.0,g,19.836393356323242,0.16340169310569763,0.7836670279502869,-999.0,-999.0,13.836430549621582,-999.0,-999.0,0.26499998569488525,4.21999979019165,f,1.0,1049.0,1.2269999980926514,-0.5090000033378601
ZTF18acvgbdu,8,2199,58464.35188659979,60688.31447920017,False,False,1,,,,,60688.31447920017,60688.31447920017,0.0,111.5418712,-18.6357785,0.0685965865850448,0.0649999976158142,bogus,stamp_classifier,0.9564197,26.0.1,bogus,2.934314473015015e+18,F:\ZTF_Adjusted_Dataset\stamps\bogus\ZTF18acvgbdu,,1.0,g,17.664133071899414,0.15923351049423218,0.9449049830436707,1.0,0.8485710024833679,3.2072558403015137,3.87805438041687,6.2160820960998535,0.9850000143051147,1.688632845878601,t,8.0,2199.0,0.4180000126361847,-0.017999999225139618
ZTF21acqolgn,13,795,58721.31603009999,59543.17440970009,False,False,1,,,,,59543.17440970009,59543.17440970009,0.0,351.8303031,12.4671828,,,bogus,stamp_classifier,0.9564051,correction_1.0.6,bogus,1.78917440461501e+18,F:\ZTF_Adjusted_Dataset\stamps\bogus\ZTF21acqolgn,,1.0,g,18.91704559326172,0.14959454536437988,0.15916100144386292,0.5,0.5,1.3107739686965942,2.594907522201538,4.018520355224609,0.722000002861023,2.150115966796875,f,13.0,795.0,6.182000160217285,0.5080000162124634
ZTF22aajlqps,2,2160,59399.31568290014,59708.36329860008,False,False,1,,,,,59708.36329860008,59708.36329860008,0.0,276.8889258,-6.2489078,,,bogus,stamp_classifier,0.95640355,correction_1.0.6,bogus,1.954363294815015e+18,F:\ZTF_Adjusted_Dataset\stamps\bogus\ZTF22aajlqps,,2.0,r,17.84844207763672,0.1968662291765213,0.9756669998168945,0.9172620177268982,0.5,3.9216041564941406,4.672091960906982,4.971024036407471,0.47099998593330383,4.860000133514404,t,2.0,2160.0,0.6669999957084656,-0.004999999888241291
ZTF20acntyaj,153,1647,58670.45784719987,60341.14473380009,False,False,7,,,,,59120.34440970002,60341.14473380009,1220.8003241000697,22.217027949941517,-13.49197754999994,0.0472663679830677,0.0459619388480289,bogus,stamp_classifier,0.95639944,corr_bulk_0.0.1,bogus,1.39541106031501e+18,F:\ZTF_Adjusted_Dataset\stamps\bogus\ZTF20acntyaj,,1.0,g,18.98120880126953,0.1769416183233261,0.9566429853439331,0.1723099946975708,0.5,8.375420570373535,10.513668060302734,13.626465797424316,0.6499999761581421,1.918025255203247,f,40.0,320.0,3.196000099182129,0.2240000069141388
ZTF22aackaug,22,2151,58585.44182869978,59708.383807899896,False,False,7,,,,,59625.55790509982,59708.383807899896,82.82590280007571,298.55609197142854,1.9420863714285712,0.0001216852458076,9.513687883402924e-05,bogus,stamp_classifier,0.9563946,correction_1.0.6,bogus,1.88554245001501e+18,F:\ZTF_Adjusted_Dataset\stamps\bogus\ZTF22aackaug,,2.0,r,17.10310173034668,0.08462993055582047,0.8647860288619995,0.23751500248908997,0.9792919754981995,3.4338111877441406,6.143674373626709,7.999587535858154,0.5860000252723694,3.25,f,17.0,2097.0,2.696000099182129,0.45500001311302185
ZTF24abklndo,1,1678,60585.264872699976,60585.264872699976,False,False,1,,,,,60585.264872699976,60585.264872699976,0.0,357.41367790000004,0.8091474,0.0850084796547889,0.0850000008940696,bogus,stamp_classifier,0.95637393,24.5.2a6,bogus,2.831264874915015e+18,F:\ZTF_Adjusted_Dataset\stamps\bogus\ZTF24abklndo,,2.0,r,20.547443389892578,0.20851798355579376,0.0,0.048428598791360855,0.04791669920086861,20.27983856201172,22.35399627685547,24.624324798583984,0.9810000061988831,1.5800000429153442,t,1.0,1678.0,1.4900000095367432,0.21400000154972076
ZTF25acgogil,1,1160,61020.20163189992,61020.20163189992,True,False,1,,,,,61020.20163189992,61020.20163189992,0.0,352.747117,-14.3875525,0.0877521559596061,0.0850000008940696,bogus,stamp_classifier,0.95634097,27.5.7a32.dev1,bogus,3.26620163581501e+18,F:\ZTF_Adjusted_Dataset\stamps\bogus\ZTF25acgogil,,2.0,r,18.59975242614746,0.1006227657198906,0.0012499999720603228,0.5,0.5,0.8810479640960693,9.838064193725586,19.448293685913086,0.9779999852180481,3.380000114440918,f,1.0,1160.0,0.6100000143051147,-0.07599999755620956
ZTF22abvfqfb,2,1016,59902.43972219992,60690.358356500044,False,False,2,,,,,59902.43972219992,60690.358356500044,787.9186343001202,114.08717709998896,-15.27512065,0.0476451525118742,0.0459619390912516,bogus,stamp_classifier,0.9563277,26.0.1,bogus,2.148439724015015e+18,F:\ZTF_Adjusted_Dataset\stamps\bogus\ZTF22abvfqfb,,1.0,g,17.930883407592773,0.17712152004241943,0.5526189804077148,1.0,0.9892920255661011,2.879058837890625,5.025631904602051,8.357651710510254,0.01899999938905239,2.611064910888672,t,1.0,765.0,0.32600000500679016,0.003000000026077032
ZTF22absuknp,1,638,59888.25,59888.25,False,False,1,,,,,59888.18600689992,59888.18600689992,0.0,344.2998414,-8.0305186,,,bogus,stamp_classifier,0.95632607,1.1.6,bogus,2.13418600371501e+18,F:\ZTF_Adjusted_Dataset\stamps\bogus\ZTF22absuknp,,1.0,g,18.608383178710938,0.19956737756729126,0.06758330017328262,0.0037499999161809683,0.2964169979095459,22.461200714111328,25.809389114379883,26.16203498840332,1.0,6.829999923706055,f,1.0,638.0,0.7350000143051147,-0.2590000033378601
ZTF23abjfcgx,1,1300,60228.25,60228.25,False,False,1,,,,,60228.23121530004,60228.23121530004,0.0,351.2037907,-20.0605875,,,bogus,stamp_classifier,0.9563228,1.2.1,bogus,2.474231210315015e+18,F:\ZTF_Adjusted_Dataset\stamps\bogus\ZTF23abjfcgx,,1.0,g,18.546003341674805,0.15726318955421448,0.4428269863128662,0.6558539867401123,-999.0,18.057964324951172,22.873973846435547,-999.0,0.023000000044703484,6.409999847412109,t,1.0,1300.0,0.7279999852180481,0.15399999916553497
ZTF22abxbovs,1,528,59908.5,59908.5,False,False,1,,,,,59908.48126159981,59908.48126159981,0.0,119.2300454,-27.2787657,,,bogus,stamp_classifier,0.95632124,1.1.6,bogus,2.154481261115015e+18,F:\ZTF_Adjusted_Dataset\stamps\bogus\ZTF22abxbovs,,2.0,r,16.24358558654785,0.09817209094762802,1.0,1.0,0.5,1.6584283113479614,5.210299015045166,10.107189178466797,0.7179999947547913,2.9101860523223877,t,1.0,528.0,0.5889999866485596,0.0020000000949949026
ZTF22abtqldp,1,1494,59897.25,59897.25,False,False,1,,,,,59897.22864580015,59897.22864580015,0.0,358.3321123,-1.5050618,,,bogus,stamp_classifier,0.9563035,1.1.6,bogus,2.1432286445150152e+18,F:\ZTF_Adjusted_Dataset\stamps\bogus\ZTF22abtqldp,,2.0,r,19.26230812072754,0.19752255082130432,-999.0,-999.0,-999.0,-999.0,-999.0,-999.0,0.9679999947547913,1.6100000143051147,t,1.0,1494.0,0.328000009059906,0.328000009059906
ZTF22abxbpcp,1,515,59908.5,59908.5,False,False,1,,,,,59908.48126159981,59908.48126159981,0.0,120.8963704,-26.9681067,,,bogus,stamp_classifier,0.9562882,1.1.6,bogus,2.1544812604150152e+18,F:\ZTF_Adjusted_Dataset\stamps\bogus\ZTF22abxbpcp,,2.0,r,17.90424919128418,0.19591473042964935,0.8498330116271973,1.0,0.8952919840812683,2.3076488971710205,5.527233123779297,7.396606922149658,0.3529999852180481,2.969797372817993,t,1.0,515.0,0.2709999978542328,0.004999999888241291
ZTF25aafwcbo,1,336,60724.43961809995,60724.43961809995,False,False,1,,,,,60724.43961809995,60724.43961809995,0.0,179.5656789,-20.9315612,0.0695925652980804,0.0649999976158142,bogus,stamp_classifier,0.9562748,26.0.1,bogus,2.9704396152150103e+18,F:\ZTF_Adjusted_Dataset\stamps\bogus\ZTF25aafwcbo,,1.0,g,16.039987564086914,0.08284054696559906,0.0012499999720603228,0.029416700825095177,-999.0,25.388715744018555,26.272815704345703,-999.0,0.9779999852180481,3.6600000858306885,f,1.0,336.0,1.0479999780654907,1.6419999599456787
ZTF23abbxjqb,1,705,60196.25,60196.25,False,False,1,,,,,60196.27260420006,60196.27260420006,0.0,354.7595699,-17.7713373,,,bogus,stamp_classifier,0.95624167,1.2.1,bogus,2.44227260211501e+18,F:\ZTF_Adjusted_Dataset\stamps\bogus\ZTF23abbxjqb,,1.0,g,15.65475845336914,0.16372022032737732,0.5399580001831055,0.01809520088136196,0.34595799446105957,12.520444869995117,18.027809143066406,23.320323944091797,0.9829999804496765,2.119999885559082,f,1.0,705.0,4.61899995803833,0.6570000052452087
ZTF26aabecgb,4,1501,58488.14770830004,61055.09912039992,True,False,1,,,,,61055.09912039992,61055.09912039992,0.0,21.3206083,-10.6977992,0.0865034386515617,0.0850000008940696,bogus,stamp_classifier,0.956233,27.5.7a32.dev1,bogus,3.30109912171501e+18,F:\ZTF_Adjusted_Dataset\stamps\bogus\ZTF26aabecgb,,2.0,r,19.70258140563965,0.1530759632587433,0.04159519821405411,0.5,0.5,1.2589563131332397,2.0541441440582275,19.08316421508789,0.7409999966621399,1.5983269214630127,f,4.0,1501.0,6.136000156402588,0.8920000195503235
ZTF23abocrtb,4,2605,60249.35763890017,60734.14907409996,False,False,3,,,,,60249.35763890017,60734.14907409996,484.7914351997897,58.18658399995725,-11.8743876,0.0383483827780878,0.0375277661208153,bogus,stamp_classifier,0.95622915,26.0.1,bogus,2.495357631315015e+18,F:\ZTF_Adjusted_Dataset\stamps\bogus\ZTF23abocrtb,,1.0,g,16.1434268951416,0.1798681765794754,0.5,0.5,0.9987499713897705,2.247775077819824,4.890994071960449,8.847155570983887,0.5910000205039978,1.630599856376648,t,1.0,2041.0,0.5950000286102295,0.023000000044703484
ZTF25aabilkg,1,1267,60683.31274309987,60683.31274309987,False,False,1,,,,,60683.31274309987,60683.31274309987,0.0,110.631303,-14.4894996,0.0671353414654731,0.0649999976158142,bogus,stamp_classifier,0.95622665,26.0.1,bogus,2.929312745015015e+18,F:\ZTF_Adjusted_Dataset\stamps\bogus\ZTF25aabilkg,,1.0,g,16.998119354248047,0.11794685572385788,1.0,0.9775829911231995,0.9261069893836975,4.549485206604004,7.263969421386719,10.794230461120605,0.37700000405311584,3.217331647872925,t,1.0,1267.0,0.4650000035762787,-0.0020000000949949026
ZTF23aabgicl,2,1520,59181.5,59970.25,False,False,1,,,,,59970.23030090006,59970.23030090006,0.0,104.5427799,-17.621237,,,bogus,stamp_classifier,0.95619166,1.1.6,bogus,2.216230302915015e+18,F:\ZTF_Adjusted_Dataset\stamps\bogus\ZTF23aabgicl,,2.0,r,17.051485061645508,0.1787118911743164,0.8031100034713745,0.9608929753303528,0.8540830016136169,4.1394147872924805,5.2897725105285645,7.923528671264648,0.39100000262260437,3.2050395011901855,t,2.0,1520.0,0.828000009059906,-0.027000000700354576
ZTF21acktesm,1,703,59521.35666669998,59521.35666669998,False,False,1,,,,,59521.35666669998,59521.35666669998,0.0,51.5993358,-16.8261879,,,bogus,stamp_classifier,0.9561777,correction_1.0.6,bogus,1.767356663815015e+18,F:\ZTF_Adjusted_Dataset\stamps\bogus\ZTF21acktesm,,2.0,r,19.63250160217285,0.21249517798423767,-999.0,-999.0,-999.0,-999.0,-999.0,-999.0,0.9800000190734863,2.5999999046325684,t,1.0,703.0,0.8199999928474426,0.1889999955892563
ZTF23aazhpty,2,701,60175.17818289995,60820.334618099965,True,True,3,,,,,60175.17818289995,60820.334618099965,645.1564352000132,247.38734883335337,-25.188424166666664,0.0414711311956703,0.0375277661208153,bogus,stamp_classifier,0.9561472,27.5.6,bogus,2.42117818301501e+18,F:\ZTF_Adjusted_Dataset\stamps\bogus\ZTF23aazhpty,,1.0,g,16.934375762939453,0.1337001770734787,0.9756249785423279,0.6856039762496948,0.006500000134110451,0.38260945677757263,4.9539361000061035,10.83725357055664,0.210999995470047,5.070000171661377,f,1.0,525.0,0.4000000059604645,0.00800000037997961
ZTF21aaogqbm,338,997,58372.256504599936,59278.53899310017,False,False,1,,,,,59278.53899310017,59278.53899310017,0.0,298.3668898,-7.4292988,,,bogus,stamp_classifier,0.95613986,correction_0.0.1,bogus,1.52453899511501e+18,F:\ZTF_Adjusted_Dataset\stamps\bogus\ZTF21aaogqbm,,2.0,r,17.872100830078125,0.11201360076665878,0.7718750238418579,0.6092740297317505,0.5,8.522660255432129,8.564885139465332,12.048218727111816,0.3540000021457672,2.17203426361084,f,338.0,997.0,13.321000099182129,1.9179999828338623
ZTF23aaauaed,1,681,59967.25,59967.25,False,False,1,,,,,59967.27342589991,59967.27342589991,0.0,104.3521839,-21.7789299,,,bogus,stamp_classifier,0.9561388,1.1.6,bogus,2.2132734259150152e+18,F:\ZTF_Adjusted_Dataset\stamps\bogus\ZTF23aaauaed,,2.0,r,16.914554595947266,0.09274820238351822,0.9841669797897339,0.9098330140113831,0.9916669726371765,5.072301387786865,8.587159156799316,9.454648971557617,0.6600000262260437,3.25,t,1.0,681.0,0.2619999945163727,-0.007000000216066837
ZTF26aaaiugq,2,2334,61051.312905100174,61051.312905100174,False,False,1,,,,,61051.312905100174,61051.312905100174,0.0,93.3560936,-20.482768,0.0907365977764129,0.0850000008940696,bogus,stamp_classifier,0.95609117,27.5.7a32.dev1,bogus,3.297312901115015e+18,F:\ZTF_Adjusted_Dataset\stamps\bogus\ZTF26aaaiugq,,2.0,r,17.79181671142578,0.10508154332637787,0.5,1.0,0.5,4.464697360992432,4.6927714347839355,4.893933296203613,0.5740000009536743,3.2100000381469727,t,2.0,2334.0,0.5249999761581421,-0.024000000208616257
ZTF23abpnliy,3,2491,58480.407349499874,61097.275590300094,False,False,2,,,,,60256.481307900045,61097.275590300094,840.7942824000493,115.98434215872052,-27.857981012662066,0.0584014916670452,0.0516332581488631,bogus,stamp_classifier,0.95609003,27.5.7a32.dev1,bogus,2.502481301415015e+18,F:\ZTF_Adjusted_Dataset\stamps\bogus\ZTF23abpnliy,,2.0,r,16.563678741455078,0.20724418759346008,1.0,1.0,0.8974170088768005,4.7547383308410645,7.0569539070129395,8.806413650512695,0.7020000219345093,2.7200000286102295,t,2.0,1740.0,0.33799999952316284,0.0010000000474974513
ZTF25aafoqud,1,1501,60721.55754629988,60721.55754629988,False,False,1,,,,,60721.55754629988,60721.55754629988,0.0,290.0119455,-12.1612902,0.0869513228535652,0.0850000008940696,bogus,stamp_classifier,0.95606726,26.0.1,bogus,2.967557540115015e+18,F:\ZTF_Adjusted_Dataset\stamps\bogus\ZTF25aafoqud,,2.0,r,17.060861587524414,0.11426271498203278,0.5135599970817566,0.9950000047683716,0.5,3.853548765182495,3.949601888656616,5.8295063972473145,0.34700000286102295,3.036046266555786,t,1.0,1501.0,2.066999912261963,0.10499999672174454
ZTF24abqxxqq,1,993,60620.19078700012,60620.19078700012,False,False,1,,,,,60620.19078700012,60620.19078700012,0.0,348.6622636,-14.7396819,0.0672118216753006,0.0649999976158142,bogus,stamp_classifier,0.9560154,25.0.0,bogus,2.866190785515015e+18,F:\ZTF_Adjusted_Dataset\stamps\bogus\ZTF24abqxxqq,,1.0,g,15.972517013549805,0.1134493499994278,0.9140300154685974,0.5864999890327454,0.012833300046622753,10.91849136352539,12.168726921081543,25.878089904785156,0.2240000069141388,6.110000133514404,t,1.0,993.0,0.6710000038146973,-0.03999999910593033
ZTF19aaequvx,197,1097,58509.23074069992,60388.16986110015,True,False,19,1.3835,1.23451,0.83013517,1.1888795,58504.25994209992,60388.16986110015,1883.9099190002307,104.3414573778012,-8.38887398531359,0.0296095297612681,0.0292927282051455,bogus,stamp_classifier,0.9560051,correction_1.0.6,bogus,7.85195523715015e+17,F:\ZTF_Adjusted_Dataset\stamps\bogus\ZTF19aaequvx,,2.0,r,18.79696273803711,0.1951359063386917,0.12295199930667877,0.5,0.5,0.6459829807281494,4.022881507873535,4.341288089752197,0.8460000157356262,1.368417739868164,t,9.0,73.0,8.163000106811523,0.42800000309944153
ZTF26aabllnv,1,891,61056.09896990005,61056.09896990005,False,False,1,,,,,61056.09896990005,61056.09896990005,0.0,25.0882126,-21.1361061,0.091130681335926,0.0850000008940696,bogus,stamp_classifier,0.9559518,27.5.7a32.dev1,bogus,3.302098965215015e+18,F:\ZTF_Adjusted_Dataset\stamps\bogus\ZTF26aabllnv,,2.0,r,18.89703941345215,0.19581441581249237,-999.0,-999.0,-999.0,-999.0,-999.0,-999.0,0.9990000128746033,2.569999933242798,t,1.0,891.0,0.8190000057220459,0.07999999821186066
ZTF24abnplub,1,1977,60603.16936339997,60603.16936339997,False,False,1,,,,,60603.16936339997,60603.16936339997,0.0,322.8866528,-19.7486013,0.0903117507696151,0.0850000008940696,bogus,stamp_classifier,0.95592797,24.5.2a6,bogus,2.84916936131501e+18,F:\ZTF_Adjusted_Dataset\stamps\bogus\ZTF24abnplub,,2.0,r,18.105703353881836,0.17401152849197388,0.5,0.9916669726371765,0.2345000058412552,3.6808652877807617,3.9977400302886963,11.663202285766602,0.7070000171661377,1.4685938358306885,f,1.0,1977.0,2.437000036239624,0.13500000536441803
ZTF26aaaicek,1,1604,61051.29321759986,61051.29321759986,False,False,1,,,,,61051.29321759986,61051.29321759986,0.0,87.8751041,-17.6708312,0.0892092362046241,0.0850000008940696,bogus,stamp_classifier,0.95592654,27.5.7a32.dev1,bogus,3.29729321201501e+18,F:\ZTF_Adjusted_Dataset\stamps\bogus\ZTF26aaaicek,,2.0,r,19.151987075805664,0.1976422518491745,0.9943749904632568,0.9987499713897705,0.9987499713897705,2.081467866897583,7.340084552764893,12.38527774810791,0.4869999885559082,2.190852642059326,f,1.0,1604.0,0.5360000133514404,-0.00800000037997961
ZTF19achaial,36,2807,58778.50210649986,61037.33503470011,False,False,2,,,,,58778.50210649986,61037.33503470011,2258.8329282002524,75.88737465003696,-20.4754814,0.0490615526738205,0.0459619390912516,bogus,stamp_classifier,0.9559102,27.5.7a32.dev1,bogus,1.02450210031501e+18,F:\ZTF_Adjusted_Dataset\stamps\bogus\ZTF19achaial,,1.0,g,18.17428970336914,0.15485307574272156,1.0,0.5,0.3850240111351013,2.809870719909668,8.382366180419922,10.060785293579102,0.8659999966621399,2.366168737411499,f,1.0,164.0,0.289000004529953,-0.004000000189989805
ZTF25aaykuit,4,1644,58941.483356500044,60855.30390049983,False,False,1,,,,,60855.30390049983,60855.30390049983,0.0,277.7919299,-19.5407541,0.0689725577831268,0.0649999976158142,bogus,stamp_classifier,0.9558702,27.5.6,bogus,3.101303900415015e+18,F:\ZTF_Adjusted_Dataset\stamps\bogus\ZTF25aaykuit,,1.0,g,16.826662063598633,0.06748534739017487,1.0,0.5,0.6835479736328125,2.8805558681488037,2.902165412902832,2.9266347885131836,0.9629999995231628,1.7492554187774658,t,4.0,1644.0,0.3440000116825104,-0.014999999664723873
ZTF23abpnkeu,9,584,59176.5230556,60322.314641200006,False,False,2,,,,,60256.481307900045,60322.314641200006,65.83333329996094,118.22468020000058,-24.05592660000097,0.0711823253016695,0.0649999974782266,bogus,stamp_classifier,0.95586914,1.2.1,bogus,2.502481304215015e+18,F:\ZTF_Adjusted_Dataset\stamps\bogus\ZTF23abpnkeu,,2.0,r,16.733976364135742,0.07009755820035934,0.9616249799728394,0.5,1.0,2.9036073684692383,3.7900125980377197,9.21792984008789,0.828000009059906,2.0761449337005615,t,3.0,566.0,0.7099999785423279,0.004999999888241291
ZTF18abunpmi,1,46,58370.395590300206,58370.395590300206,False,False,1,,,,,58370.395590300206,58370.395590300206,0.0,15.3398319,-5.3207586,,,bogus,stamp_classifier,0.95586234,corr_bulk_0.0.1,bogus,6.1639559081501e+17,F:\ZTF_Adjusted_Dataset\stamps\bogus\ZTF18abunpmi,,1.0,g,18.82784080505371,0.17483144998550415,0.5,0.5,0.5,6.88048791885376,8.06308650970459,11.228949546813965,0.9350000023841858,5.079999923706055,f,1.0,46.0,20.562999725341797,1.753999948501587
ZTF22abiylzz,1,551,59850.5,59850.5,False,False,1,,,,,59850.37763890019,59850.37763890019,0.0,16.7092028,-15.7662556,,,bogus,stamp_classifier,0.955861,dev,bogus,2.096377633715015e+18,F:\ZTF_Adjusted_Dataset\stamps\bogus\ZTF22abiylzz,,1.0,g,19.16639518737793,0.20697668194770813,-999.0,-999.0,-999.0,-999.0,-999.0,-999.0,0.9909999966621399,1.690000057220459,t,1.0,551.0,0.9430000185966492,0.27900001406669617
ZTF26aadfawx,1,420,61060.52270830004,61060.52270830004,False,False,1,,,,,61060.52270830004,61060.52270830004,0.0,177.239597,-20.9513721,0.0696017742156982,0.0649999976158142,bogus,stamp_classifier,0.9558606,27.5.7a32.dev1,bogus,3.306522705615015e+18,F:\ZTF_Adjusted_Dataset\stamps\bogus\ZTF26aadfawx,,1.0,g,18.677305221557617,0.18896281719207764,0.5,0.0012499999720603228,0.0,17.46834373474121,17.90271759033203,21.954835891723633,0.9829999804496765,5.480000019073486,t,1.0,420.0,1.1349999904632568,1.781000018119812
ZTF21aamhbdy,1,1237,59265.54450230021,59265.54450230021,False,False,1,,,,,59265.54450230021,59265.54450230021,0.0,285.3974838,0.7159707,,,bogus,stamp_classifier,0.95581466,correction_0.0.1,bogus,1.511544505215015e+18,F:\ZTF_Adjusted_Dataset\stamps\bogus\ZTF21aamhbdy,,2.0,r,17.627220153808594,0.21281427145004272,0.9162560105323792,0.9175000190734863,0.58884197473526,3.5150890350341797,4.10789680480957,7.077510833740234,0.3499999940395355,2.0151705741882324,t,1.0,1237.0,9.494999885559082,0.5389999747276306
ZTF25aaufggi,1,1347,60834.461087999865,60834.461087999865,False,False,1,,,,,60834.461087999865,60834.461087999865,0.0,328.743279,-10.0966434,0.0863370597362518,0.0850000008940696,bogus,stamp_classifier,0.9558056,27.5.6,bogus,3.08046108251501e+18,F:\ZTF_Adjusted_Dataset\stamps\bogus\ZTF25aaufggi,,2.0,r,20.242019653320312,0.17221152782440186,0.0,0.5,0.5,13.092599868774414,14.663532257080078,15.851433753967285,0.8190000057220459,4.730000019073486,f,1.0,1347.0,1.274999976158142,0.20000000298023224
ZTF25aatpydi,1,1816,60829.39490740001,60829.39490740001,False,False,1,,,,,60829.39490740001,60829.39490740001,0.0,324.8454181,-2.8896453,0.0650827512145042,0.0649999976158142,bogus,stamp_classifier,0.9557949,27.5.6,bogus,3.07539490251501e+18,F:\ZTF_Adjusted_Dataset\stamps\bogus\ZTF25aatpydi,,1.0,g,20.27195930480957,0.19350090622901917,0.00708332983776927,0.007708330173045397,0.5701249837875366,22.195762634277344,23.91567611694336,29.162538528442383,0.8119999766349792,1.8600000143051147,f,1.0,1816.0,1.1549999713897705,0.15199999511241913
ZTF22abujhib,1,720,59900.25,59900.25,False,False,1,,,,,59900.31428240007,59900.31428240007,0.0,65.9961279,-18.7147337,,,bogus,stamp_classifier,0.95579475,1.1.6,bogus,2.146314282215015e+18,F:\ZTF_Adjusted_Dataset\stamps\bogus\ZTF22abujhib,,1.0,g,18.049785614013672,0.12151296436786652,1.0,1.0,0.975832998752594,3.989859104156494,12.796476364135742,12.938803672790527,0.675000011920929,4.349999904632568,t,1.0,720.0,0.8420000076293945,-0.019999999552965164
ZTF25acfyrxz,1,1202,61015.185011600144,61015.185011600144,False,False,1,,,,,61015.185011600144,61015.185011600144,0.0,341.42298760000006,-14.3600024,0.08774134516716,0.0850000008940696,bogus,stamp_classifier,0.95577896,27.5.7a32.dev1,bogus,3.261185015515015e+18,F:\ZTF_Adjusted_Dataset\stamps\bogus\ZTF25acfyrxz,,2.0,r,17.745378494262695,0.1329428255558014,0.04012500122189522,0.5,-999.0,6.496774196624756,8.426569938659668,-999.0,0.15800000727176666,4.920000076293945,t,1.0,1202.0,1.2730000019073486,0.3479999899864197
ZTF20aaeiodo,199,1988,58296.31071759993,60698.52519680001,False,False,2,,,,,58854.56971060019,60698.52519680001,1843.9554861998183,258.43184629993146,18.1646358,0.0632564848117418,0.0601040770330592,bogus,stamp_classifier,0.9556817,26.0.1,bogus,1.10056971251501e+18,F:\ZTF_Adjusted_Dataset\stamps\bogus\ZTF20aaeiodo,,2.0,r,18.203994750976562,0.19176550209522247,0.9864580035209656,0.9993749856948853,0.9759860038757324,6.192948818206787,7.022361755371094,9.64586353302002,0.718999981880188,6.489999771118164,f,18.0,397.0,5.696000099182129,0.32899999618530273
ZTF25acdgyyk,1,745,60987.40983799985,60987.40983799985,False,False,1,,,,,60987.40983799985,60987.40983799985,0.0,61.05710379999999,-25.3021759,0.071897380053997,0.0649999976158142,bogus,stamp_classifier,0.95564914,27.5.7a32.dev1,bogus,3.233409832215015e+18,F:\ZTF_Adjusted_Dataset\stamps\bogus\ZTF25acdgyyk,,1.0,g,18.56258773803711,0.19733141362667084,-999.0,-999.0,-999.0,-999.0,-999.0,-999.0,0.9769999980926514,2.359999895095825,t,1.0,745.0,0.7039999961853027,0.3240000009536743
ZTF25achxyau,1,2260,61025.15651619993,61025.15651619993,False,False,1,,,,,61025.15651619993,61025.15651619993,0.0,357.363415,-13.4294286,0.0668272748589515,0.0649999976158142,bogus,stamp_classifier,0.9556189,27.5.7a32.dev1,bogus,3.271156514915015e+18,F:\ZTF_Adjusted_Dataset\stamps\bogus\ZTF25achxyau,,1.0,g,17.14629554748535,0.08235311508178711,0.0,1.0,-999.0,14.310543060302734,20.89063262939453,-999.0,0.05400000140070915,4.909999847412109,t,1.0,2260.0,0.6840000152587891,-0.35600000619888306
ZTF20aabrbfq,1,159,58851.07662039995,58851.07662039995,False,False,1,,,,,58851.07662039995,58851.07662039995,0.0,355.6378092,-26.4399924,,,bogus,stamp_classifier,0.9555922,corr_bulk_0.0.1,bogus,1.09707662041501e+18,F:\ZTF_Adjusted_Dataset\stamps\bogus\ZTF20aabrbfq,,2.0,r,14.614812850952148,0.12766684591770172,0.5,0.5,0.5,1.797766089439392,6.382566452026367,10.254678726196289,1.0,2.25,f,1.0,159.0,0.47699999809265137,0.15700000524520874
ZTF25abwzyao,1,1362,60961.37721059984,60961.37721059984,False,False,1,,,,,60961.37721059984,60961.37721059984,0.0,38.6505038,-17.4827511,0.089116521179676,0.0850000008940696,bogus,stamp_classifier,0.9555743,27.5.6,bogus,3.207377212015015e+18,F:\ZTF_Adjusted_Dataset\stamps\bogus\ZTF25abwzyao,,2.0,r,19.243074417114258,0.21667182445526123,-999.0,-999.0,-999.0,-999.0,-999.0,-999.0,0.9800000190734863,2.359999895095825,t,1.0,1362.0,0.492000013589859,0.10000000149011612
ZTF25aahxzit,1,1125,60733.5244907001,60733.5244907001,False,False,1,,,,,60733.5244907001,60733.5244907001,0.0,232.0691552,-26.3424724,0.0948493704199791,0.0850000008940696,bogus,stamp_classifier,0.95554245,26.0.1,bogus,2.97952449001501e+18,F:\ZTF_Adjusted_Dataset\stamps\bogus\ZTF25aahxzit,,2.0,r,17.952207565307617,0.20241671800613403,0.9975000023841858,1.0,1.0,2.7366058826446533,7.0602946281433105,11.045193672180176,0.421999990940094,2.4222235679626465,f,1.0,1125.0,0.8880000114440918,-0.05000000074505806
ZTF26aaaqzkk,1,1231,61053.12502310006,61053.12502310006,False,False,1,,,,,61053.12502310006,61053.12502310006,0.0,26.9355267,-15.8038277,0.0675535351037979,0.0649999976158142,bogus,stamp_classifier,0.9555329,27.5.7a32.dev1,bogus,3.299125024515015e+18,F:\ZTF_Adjusted_Dataset\stamps\bogus\ZTF26aaaqzkk,,1.0,g,16.921131134033203,0.08200083673000336,0.5,0.0,0.01658329926431179,10.517354011535645,11.103668212890625,14.388326644897461,0.03200000151991844,6.820000171661377,t,1.0,1231.0,0.9610000252723694,-0.02800000086426735
ZTF18acciyly,17,2046,58316.41950230021,60814.48467590008,True,False,6,,,,,58425.22678240016,60814.48467590008,2389.2578934999183,11.1072630889897,16.813385535167075,0.0325977215181382,0.0312042324829281,bogus,stamp_classifier,0.95551986,27.5.6,bogus,6.71226780115015e+17,F:\ZTF_Adjusted_Dataset\stamps\bogus\ZTF18acciyly,,2.0,r,18.565452575683594,0.15102729201316833,0.22900600731372833,0.5,0.5,0.6462566256523132,2.0706405639648438,4.1935529708862305,0.9919999837875366,1.1461409330368042,t,2.0,99.0,5.276000022888184,0.4880000054836273
ZTF23abajpak,25,1957,58475.08469909988,60897.37878469983,True,False,3,,,,,60185.23945599981,60897.37878469983,712.1393287000246,311.89198073333336,0.4113754333333333,0.0490760380661552,0.0490747733973095,bogus,stamp_classifier,0.95551515,27.5.6,bogus,2.43123945561501e+18,F:\ZTF_Adjusted_Dataset\stamps\bogus\ZTF23abajpak,,2.0,r,18.768936157226562,0.1838928759098053,0.14401200413703918,0.5,0.5,1.2671921253204346,1.4504671096801758,1.4982699155807495,0.9900000095367432,1.232434630393982,f,17.0,1272.0,6.52400016784668,0.7720000147819519
ZTF19aacbrfi,1,293,58492.11648150021,58492.11648150021,False,False,1,,,,,58492.11648150021,58492.11648150021,0.0,308.5595779,58.3857195,,,bogus,stamp_classifier,0.9554518,corr_bulk_0.0.1,bogus,7.38116481515015e+17,F:\ZTF_Adjusted_Dataset\stamps\bogus\ZTF19aacbrfi,,2.0,r,14.695036888122559,0.20543447136878967,0.9919170141220093,0.9877499938011169,0.8139520287513733,3.4420197010040283,3.585528612136841,6.022733211517334,1.0,6.690000057220459,t,1.0,293.0,0.7200000286102295,-0.014999999664723873
ZTF23abgmdnp,1,582,60211.5,60211.5,False,False,1,,,,,60211.48142360011,60211.48142360011,0.0,54.5939201,-21.8249833,,,bogus,stamp_classifier,0.9554404,1.2.1,bogus,2.457481425515015e+18,F:\ZTF_Adjusted_Dataset\stamps\bogus\ZTF23abgmdnp,,1.0,g,17.36212158203125,0.12663713097572327,0.6908749938011169,0.9925000071525574,-999.0,16.646026611328125,20.127914428710938,-999.0,0.054999999701976776,5.320000171661377,t,1.0,582.0,0.7820000052452087,-0.17399999499320984
ZTF25achxyax,1,2257,61025.15651619993,61025.15651619993,False,False,1,,,,,61025.15651619993,61025.15651619993,0.0,357.38182,-13.4266175,0.0668264925479888,0.0649999976158142,bogus,stamp_classifier,0.9554346,27.5.7a32.dev1,bogus,3.271156514915015e+18,F:\ZTF_Adjusted_Dataset\stamps\bogus\ZTF25achxyax,,1.0,g,17.750295639038086,0.08798780292272568,0.0,0.0,0.0,7.383214473724365,16.202482223510742,23.33678436279297,0.09300000220537186,5.28000020980835,t,1.0,2257.0,0.6449999809265137,-0.16500000655651093
ZTF19aacbpkm,1,659,58492.11556709977,58492.11556709977,False,False,1,,,,,58492.11556709977,58492.11556709977,0.0,307.6742023,47.8303092,,,bogus,stamp_classifier,0.95537454,corr_bulk_0.0.1,bogus,7.381155646150152e+17,F:\ZTF_Adjusted_Dataset\stamps\bogus\ZTF19aacbpkm,,2.0,r,14.641119003295898,0.20319864153862,0.9109439849853516,0.9181249737739563,0.8115000128746033,3.5636818408966064,3.956068277359009,4.099368095397949,1.0,5.400000095367432,t,1.0,659.0,1.1829999685287476,-0.0989999994635582
ZTF26aacxmra,1,1412,61060.16031249985,61060.16031249985,False,False,1,,,,,61060.16031249985,61060.16031249985,0.0,58.052269,-17.755967,0.089251585304737,0.0850000008940696,bogus,stamp_classifier,0.9553426,27.5.7a32.dev1,bogus,3.306160312415015e+18,F:\ZTF_Adjusted_Dataset\stamps\bogus\ZTF26aacxmra,,2.0,r,16.783588409423828,0.08737488836050034,0.0,1.0,-999.0,26.613094329833984,29.08916473388672,-999.0,0.4320000112056732,5.650000095367432,t,1.0,1412.0,0.7250000238418579,-0.1940000057220459
ZTF22abulgna,1,713,59900.5,59900.5,False,False,1,,,,,59900.3976619998,59900.3976619998,0.0,100.6006961,-17.1681054,,,bogus,stamp_classifier,0.95533407,1.1.6,bogus,2.146397662415015e+18,F:\ZTF_Adjusted_Dataset\stamps\bogus\ZTF22abulgna,,2.0,r,18.321701049804688,0.20858047902584076,0.9781789779663086,0.9793750047683716,0.3042919933795929,3.7415478229522705,10.700750350952148,10.806512832641602,0.01899999938905239,3.25,t,1.0,713.0,0.26100000739097595,-0.009999999776482582
ZTF26aaanvoy,1,1056,61052.27192129986,61052.27192129986,False,False,1,,,,,61052.27192129986,61052.27192129986,0.0,102.0042177,-25.8023016,0.0944128409028053,0.0850000008940696,bogus,stamp_classifier,0.955328,27.5.7a32.dev1,bogus,3.298271923115015e+18,F:\ZTF_Adjusted_Dataset\stamps\bogus\ZTF26aaanvoy,,2.0,r,17.694063186645508,0.13109704852104187,0.9667080044746399,0.8255000114440918,0.9831249713897705,3.684079647064209,13.268123626708984,13.664587020874023,0.01899999938905239,2.81868577003479,t,1.0,1056.0,0.2460000067949295,-0.007000000216066837
ZTF21acjtpeh,1,671,59518.31950230012,59518.31950230012,False,False,1,,,,,59518.31950230012,59518.31950230012,0.0,52.4360301,-20.3917687,,,bogus,stamp_classifier,0.95532143,correction_1.0.6,bogus,1.764319500715015e+18,F:\ZTF_Adjusted_Dataset\stamps\bogus\ZTF21acjtpeh,,2.0,r,19.757314682006836,0.19358454644680023,-999.0,-999.0,-999.0,-999.0,-999.0,-999.0,0.984000027179718,1.8700000047683716,t,1.0,671.0,1.059999942779541,0.13899999856948853
ZTF18adbizla,42,1273,58428.31789349997,60388.17975689983,False,False,2,,,,,60208.49702550005,60388.17975689983,179.68273139977828,65.50372970000173,26.95922040000097,0.0953631694740322,0.0850000005863921,bogus,stamp_classifier,0.95532006,1.2.1,bogus,2.45449702461501e+18,F:\ZTF_Adjusted_Dataset\stamps\bogus\ZTF18adbizla,,2.0,r,19.273168563842773,0.21039317548274994,0.5,0.10027699917554855,0.19719600677490234,1.0898699760437012,2.3499345779418945,3.133234739303589,0.11400000005960464,6.059999942779541,f,75.0,1168.0,8.343000411987305,0.9340000152587891
ZTF26aacxhxh,1,1554,61060.1296759001,61060.1296759001,False,False,1,,,,,61060.1296759001,61060.1296759001,0.0,27.2241737,-22.697957,0.0704567432403564,0.0649999976158142,bogus,stamp_classifier,0.95531267,27.5.7a32.dev1,bogus,3.306129674515015e+18,F:\ZTF_Adjusted_Dataset\stamps\bogus\ZTF26aacxhxh,,1.0,g,17.034088134765625,0.08021050691604614,0.7999669909477234,0.049083299934864044,0.03593749925494194,5.325688362121582,6.804399013519287,20.792879104614258,0.02800000086426735,5.480000019073486,t,1.0,1554.0,0.7289999723434448,-0.4169999957084656
ZTF26aaaacea,1,1152,61049.08387729991,61049.08387729991,False,False,1,,,,,61049.08387729991,61049.08387729991,0.0,359.824087,-14.367498599999998,0.0877442806959152,0.0850000008940696,bogus,stamp_classifier,0.9552937,27.5.7a32.dev1,bogus,,F:\ZTF_Adjusted_Dataset\stamps\bogus\ZTF26aaaacea,,,,,,,,,,,,,,,,,,
ZTF18adnaqit,239,1908,58360.37991899997,60965.3490394,True,False,12,,,,,59907.14972219989,60965.3490394,1058.1993172001094,352.1944026128403,3.511325729671529,0.0206722989891956,0.0206334901327347,bogus,stamp_classifier,0.95527685,27.5.6,bogus,2.18220310231501e+18,F:\ZTF_Adjusted_Dataset\stamps\bogus\ZTF18adnaqit,,2.0,r,17.978137969970703,0.19102931022644043,0.25905999541282654,0.6696959733963013,0.2795419991016388,1.4719326496124268,17.15351104736328,19.463895797729492,0.9929999709129333,1.3878939151763916,f,50.0,1087.0,5.715000152587891,0.5799999833106995
ZTF25abteuhe,1,843,60942.312349500135,60942.312349500135,False,False,1,,,,,60942.312349500135,60942.312349500135,0.0,351.8976909,-21.5688866,0.0914001837372779,0.0850000008940696,bogus,stamp_classifier,0.9552001,27.5.6,bogus,3.18831234581501e+18,F:\ZTF_Adjusted_Dataset\stamps\bogus\ZTF25abteuhe,,2.0,r,18.52220344543457,0.08859043568372726,0.0,0.9862920045852661,0.011458300054073334,6.9195756912231445,27.60383415222168,27.836864471435547,0.7670000195503235,5.380000114440918,f,1.0,843.0,1.4049999713897705,0.029999999329447746
ZTF24abkzdcn,20,1280,59052.45939810015,60586.338784699794,True,False,5,,,,,60585.27048610011,60586.338784699794,1.0682985996827483,16.321654579997055,-1.79048646,0.0290830829628515,0.0290688826412569,bogus,stamp_classifier,0.9551624,24.5.2a6,bogus,2.83233878381501e+18,F:\ZTF_Adjusted_Dataset\stamps\bogus\ZTF24abkzdcn,,1.0,g,21.338226318359375,0.21683093905448914,0.0012499999720603228,0.9954169988632202,0.0033333299215883017,11.008553504943848,13.654764175415039,18.88226890563965,0.9120000004768372,1.7400000095367432,f,20.0,1280.0,2.312000036239624,0.375
ZTF26aaogfyx,1,1581,61120.461388899945,61120.461388899945,False,False,1,,,,,61120.461388899945,61120.461388899945,0.0,211.6400273,5.7318815,0.0854271203279495,0.0850000008940696,bogus,stamp_classifier,0.9551608,27.5.7a32.dev1,bogus,3.366461384115015e+18,F:\ZTF_Adjusted_Dataset\stamps\bogus\ZTF26aaogfyx,,2.0,r,20.085247039794922,0.20563852787017822,0.017583299428224564,0.015833299607038498,0.0,3.752584218978882,20.828649520874023,27.396970748901367,0.9800000190734863,1.1294890642166138,t,1.0,1581.0,6.2270002365112305,0.7450000047683716
ZTF25aafexgx,1,1903,60711.1421991,60711.1421991,False,False,1,,,,,60711.1421991,60711.1421991,0.0,61.1739142,-20.6155032,0.090815432369709,0.0850000008940696,bogus,stamp_classifier,0.95515525,26.0.1,bogus,2.957142190215015e+18,F:\ZTF_Adjusted_Dataset\stamps\bogus\ZTF25aafexgx,,2.0,r,16.712339401245117,0.12318005412817001,0.4773100018501282,0.9975000023841858,0.9377080202102661,13.877090454101562,18.68710708618164,19.15706443786621,0.027000000700354576,6.340000152587891,t,1.0,1903.0,0.9710000157356262,-0.28700000047683716
ZTF18adozvew,2,2193,58431.254536999855,61038.21005789982,False,False,1,,,,,61038.21005789982,61038.21005789982,0.0,45.2457997,-20.7141722,0.0694922134280204,0.0649999976158142,bogus,stamp_classifier,0.9551232,27.5.7a32.dev1,bogus,3.28421005071501e+18,F:\ZTF_Adjusted_Dataset\stamps\bogus\ZTF18adozvew,,1.0,g,17.456872940063477,0.1778620481491089,0.5,1.0,0.5,2.150988817214966,2.9675185680389404,4.151051998138428,0.34700000286102295,2.6116695404052734,f,2.0,2193.0,0.4950000047683716,-0.024000000208616257
ZTF22abkqbbo,1,1441,59855.5,59855.5,False,False,1,,,,,59855.42047449993,59855.42047449993,0.0,61.6819224,-18.0289571,,,bogus,stamp_classifier,0.9550905,dev,bogus,2.101420473015015e+18,F:\ZTF_Adjusted_Dataset\stamps\bogus\ZTF22abkqbbo,,2.0,r,19.42340660095215,0.16002468764781952,0.35643500089645386,0.0012499999720603228,0.2048330008983612,21.780019760131836,28.66672706604004,28.89861297607422,0.03999999910593033,3.569999933242798,t,1.0,1441.0,0.24899999797344208,-0.052000001072883606
ZTF23aacjhqg,1,696,59991.25,59991.25,False,False,1,,,,,59991.19020830002,59991.19020830002,0.0,97.9454738,-19.6149583,,,bogus,stamp_classifier,0.9550753,1.1.6,bogus,2.237190201215015e+18,F:\ZTF_Adjusted_Dataset\stamps\bogus\ZTF23aacjhqg,,1.0,g,17.554447174072266,0.13617752492427826,0.8962979912757874,0.8412079811096191,0.9760419726371765,3.8330514430999756,7.820410251617432,18.452913284301758,0.07400000095367432,6.599999904632568,t,1.0,696.0,0.9959999918937683,-0.029999999329447746
ZTF18aazdyep,1,173,58278.392766200006,58278.392766200006,True,False,1,,,,,58278.392766200006,58278.392766200006,0.0,264.5295659,27.5588534,,,bogus,stamp_classifier,0.95506966,corr_bulk_0.0.1,bogus,5.2439276361501e+17,F:\ZTF_Adjusted_Dataset\stamps\bogus\ZTF18aazdyep,,1.0,g,19.932336807250977,0.08852533251047134,0.11676499992609024,0.9987499713897705,0.008541669696569443,15.712787628173828,17.100496292114258,28.158151626586914,0.004999999888241291,6.829999923706055,f,1.0,173.0,2.2060000896453857,0.4300000071525574
ZTF22aabarpd,6,843,59525.48061340023,61070.3754745,False,False,3,0.38413996,,0.38413996,,59627.33692129981,61070.3754745,1443.0385532001965,120.80593273975283,-27.51420708915527,0.0497571681671438,0.0441294487808,bogus,stamp_classifier,0.95506805,27.5.7a32.dev1,bogus,1.873336920715015e+18,F:\ZTF_Adjusted_Dataset\stamps\bogus\ZTF22aabarpd,,2.0,r,16.029624938964844,0.09478364884853363,0.8986009955406189,0.5,0.9664580225944519,2.667396068572998,10.158836364746094,11.075358390808105,0.6809999942779541,3.1049509048461914,t,2.0,493.0,0.7329999804496765,0.008999999612569809
ZTF25aabvuvz,1,1972,60689.3032176001,60689.3032176001,False,False,1,,,,,60689.3032176001,60689.3032176001,0.0,101.1783044,-24.7357852,0.0715664327144622,0.0649999976158142,bogus,stamp_classifier,0.9550521,26.0.1,bogus,2.935303212915015e+18,F:\ZTF_Adjusted_Dataset\stamps\bogus\ZTF25aabvuvz,,1.0,g,16.98184585571289,0.12785544991493225,0.5,0.9987499713897705,0.9933329820632935,1.9474025964736938,2.582038164138794,9.206188201904297,0.01899999938905239,3.25,t,1.0,1972.0,0.5860000252723694,-0.01899999938905239
ZTF20acqtmwq,5,819,58895.145671300124,61039.25064809993,False,False,2,,,,,59168.39432869991,61039.25064809993,1870.856319400016,81.05967199999056,-24.5130492,0.0505150209890276,0.0459619390912516,bogus,stamp_classifier,0.9550132,27.5.7a32.dev1,bogus,,F:\ZTF_Adjusted_Dataset\stamps\bogus\ZTF20acqtmwq,,,,,,,,,,,,,,,,,,
ZTF23aacjhqh,1,696,59991.25,59991.25,False,False,1,,,,,59991.19020830002,59991.19020830002,0.0,97.9671432,-19.6196263,,,bogus,stamp_classifier,0.9549988,1.1.6,bogus,2.237190201215015e+18,F:\ZTF_Adjusted_Dataset\stamps\bogus\ZTF23aacjhqh,,1.0,g,17.632448196411133,0.1334078162908554,0.9316840171813965,0.9987499713897705,0.41634801030158997,11.295026779174805,14.614213943481445,15.957279205322266,0.02800000086426735,6.590000152587891,t,1.0,696.0,1.055999994277954,-0.008999999612569809
ZTF24acabqtz,2,844,59296.18900460005,60674.444213000126,False,False,1,,,,,60674.444213000126,60674.444213000126,0.0,118.78051790000002,-21.2486606,0.0697412639856338,0.0649999976158142,bogus,stamp_classifier,0.9549569,26.0.1,bogus,2.920444215615015e+18,F:\ZTF_Adjusted_Dataset\stamps\bogus\ZTF24acabqtz,,1.0,g,18.424789428710938,0.2112521082162857,0.9226250052452087,0.5,0.9990000128746033,3.753995180130005,3.942993402481079,4.715629577636719,0.3580000102519989,2.605010986328125,t,2.0,844.0,0.375,-0.003000000026077032
ZTF25achqihy,1,1695,61024.10651620012,61024.10651620012,True,False,1,,,,,61024.10651620012,61024.10651620012,0.0,337.1300968,-12.2604953,0.0665171071887016,0.0649999976158142,bogus,stamp_classifier,0.9549343,27.5.7a32.dev1,bogus,3.270106510515015e+18,F:\ZTF_Adjusted_Dataset\stamps\bogus\ZTF25achqihy,,1.0,g,18.97743034362793,0.17372503876686096,0.06252080202102661,0.0,0.011041699908673763,23.17624855041504,26.292701721191406,26.309053421020508,0.07699999958276749,6.840000152587891,t,1.0,1695.0,0.734000027179718,-0.35499998927116394
ZTF21acjtmhx,1,683,59518.31950230012,59518.31950230012,False,False,1,,,,,59518.31950230012,59518.31950230012,0.0,48.8587282,-20.0468827,,,bogus,stamp_classifier,0.95491004,correction_1.0.6,bogus,1.764319501515015e+18,F:\ZTF_Adjusted_Dataset\stamps\bogus\ZTF21acjtmhx,,2.0,r,19.818513870239258,0.2138291895389557,-999.0,-999.0,-999.0,-999.0,-999.0,-999.0,0.996999979019165,1.3799999952316284,t,1.0,683.0,0.7950000166893005,0.15600000321865082
ZTF24abttzfy,11,1328,59435.34597219992,60639.09982640017,False,False,1,,,,,60639.09982640017,60639.09982640017,0.0,324.7346911,-22.5544609,0.0920396149158477,0.0850000008940696,bogus,stamp_classifier,0.9548971,25.0.0,bogus,2.885099823715015e+18,F:\ZTF_Adjusted_Dataset\stamps\bogus\ZTF24abttzfy,,2.0,r,16.937959671020508,0.17392127215862274,0.5,1.0,0.5,3.6407623291015625,5.032703399658203,5.185031890869141,0.6439999938011169,2.3499999046325684,t,11.0,1328.0,1.1390000581741333,0.03700000047683716
ZTF24abztsli,1,1497,60673.316620400175,60673.316620400175,False,False,1,,,,,60673.316620400175,60673.316620400175,0.0,76.7127303,-13.5929361,0.0668731182813644,0.0649999976158142,bogus,stamp_classifier,0.95486265,26.0.1,bogus,2.919316626015015e+18,F:\ZTF_Adjusted_Dataset\stamps\bogus\ZTF24abztsli,,1.0,g,18.384624481201172,0.14578558504581451,0.28562799096107483,0.5,0.0012499999720603228,18.24884033203125,20.03191375732422,20.5267391204834,0.04699999839067459,6.46999979019165,t,1.0,1497.0,0.8650000095367432,-0.22100000083446503
ZTF22aavidzy,1,829,59783.5,59783.5,False,False,1,,,,,59783.42333329981,59783.42333329981,0.0,16.1761084,-20.5314333,,,bogus,stamp_classifier,0.95483094,dev,bogus,2.029423330615015e+18,F:\ZTF_Adjusted_Dataset\stamps\bogus\ZTF22aavidzy,,1.0,g,19.251693725585938,0.21694059669971466,-999.0,-999.0,-999.0,-999.0,-999.0,-999.0,0.9629999995231628,3.180000066757202,t,1.0,829.0,0.7129999995231628,0.014999999664723873
ZTF24abtdvwe,1,1903,60635.107789400034,60635.107789400034,False,False,1,,,,,60635.107789400034,60635.107789400034,0.0,350.9145225,-14.576985,0.0671619176864624,0.0649999976158142,bogus,stamp_classifier,0.9548303,25.0.0,bogus,2.881107785115015e+18,F:\ZTF_Adjusted_Dataset\stamps\bogus\ZTF24abtdvwe,,1.0,g,15.970049858093262,0.15845297276973724,0.9962499737739563,-999.0,-999.0,29.824485778808594,-999.0,-999.0,0.026000000536441803,5.360000133514404,t,1.0,1903.0,0.9259999990463257,-0.42500001192092896
ZTF19aciadia,24,1019,58435.3132985998,60341.18333330005,True,False,2,,,,,58781.32628470007,60341.18333330005,1559.8570485999808,41.55358550000109,-26.307527600000935,0.094820752312787,0.0850000005863921,bogus,stamp_classifier,0.9548005,corr_bulk_0.0.1,bogus,,F:\ZTF_Adjusted_Dataset\stamps\bogus\ZTF19aciadia,,,,,,,,,,,,,,,,,,
ZTF20aabrraq,1,157,58851.10648149997,58851.10648149997,False,False,1,,,,,58851.10648149997,58851.10648149997,0.0,356.8207747,-22.8040036,,,bogus,stamp_classifier,0.954798,corr_bulk_0.0.1,bogus,1.09710648321501e+18,F:\ZTF_Adjusted_Dataset\stamps\bogus\ZTF20aabrraq,,1.0,g,15.470908164978027,0.18967492878437042,0.5,0.8679109811782837,0.03597019985318184,2.674567937850952,2.69034743309021,11.966816902160645,0.9900000095367432,2.2200000286102295,f,1.0,157.0,0.8119999766349792,-0.19900000095367432
ZTF22abnzoii,1,376,59871.5,59871.5,False,False,1,,,,,59871.39809030015,59871.39809030015,0.0,60.4450676,-25.4428134,,,bogus,stamp_classifier,0.9547817,1.1.6,bogus,2.117398092215015e+18,F:\ZTF_Adjusted_Dataset\stamps\bogus\ZTF22abnzoii,,2.0,r,18.775497436523438,0.1678495556116104,0.9820830225944519,0.18549999594688416,0.007708330173045397,5.617930889129639,13.807960510253906,20.58766746520996,0.12700000405311584,6.980000019073486,t,1.0,376.0,1.2009999752044678,-0.09600000083446503
ZTF26aaavqzb,1,1251,61053.53799769981,61053.53799769981,True,False,1,,,,,61053.53799769981,61053.53799769981,0.0,228.3942737,-0.5805174,0.0850043594837188,0.0850000008940696,bogus,stamp_classifier,0.9546822,27.5.7a32.dev1,bogus,3.29953799541501e+18,F:\ZTF_Adjusted_Dataset\stamps\bogus\ZTF26aaavqzb,,2.0,r,19.355356216430664,0.19810104370117188,0.10210999846458435,0.9724090099334717,0.12675000727176666,1.0741171836853027,16.582820892333984,18.6694393157959,0.7200000286102295,2.091299533843994,f,1.0,1251.0,7.849999904632568,1.1749999523162842
ZTF21aagvgql,2,1264,59249.21065969998,60683.29339119978,False,False,2,,,,,59249.21065969998,60683.29339119978,1434.0827314998023,91.60184644991226,-21.996657599999995,0.0495703810391569,0.0459619390912516,bogus,stamp_classifier,0.95465577,26.0.1,bogus,1.49521065551501e+18,F:\ZTF_Adjusted_Dataset\stamps\bogus\ZTF21aagvgql,,1.0,g,18.750812530517578,0.1866164207458496,1.0,0.987375020980835,0.8904169797897339,2.407224655151367,2.7268309593200684,8.760322570800781,0.5580000281333923,2.869999885559082,f,1.0,797.0,0.5070000290870667,-0.014999999664723873
ZTF25aajwjgl,1,1134,60756.33600689983,60756.33600689983,False,False,1,,,,,60756.33600689983,60756.33600689983,0.0,178.0440484,-20.5567779,0.0694203600287437,0.0649999976158142,bogus,stamp_classifier,0.95464456,26.0.1,bogus,3.002336005315015e+18,F:\ZTF_Adjusted_Dataset\stamps\bogus\ZTF25aajwjgl,,1.0,g,18.102571487426758,0.19510219991207123,0.0,0.7390000224113464,0.002708330051973462,13.929985046386719,20.952333450317383,22.433616638183594,0.9800000190734863,2.440000057220459,t,1.0,1134.0,0.7080000042915344,1.2589999437332153
ZTF20aavjvfh,1,1942,58956.391076399945,58956.391076399945,False,False,1,,,,,58956.391076399945,58956.391076399945,0.0,257.4018848,40.6730465,,,bogus,stamp_classifier,0.9546361,corr_bulk_0.0.1,bogus,1.202391074615015e+18,F:\ZTF_Adjusted_Dataset\stamps\bogus\ZTF20aavjvfh,,1.0,g,19.307872772216797,0.20598910748958588,0.031666699796915054,0.5,0.0,5.385566234588623,14.199254989624023,19.637685775756836,0.0430000014603138,5.619999885559082,t,1.0,1942.0,1.003999948501587,-0.11699999868869781
ZTF26aaodqzq,1,454,61120.39262730023,61120.39262730023,False,False,1,,,,,61120.39262730023,61120.39262730023,0.0,176.9873011,-21.2467881,0.0697403773665428,0.0649999976158142,bogus,stamp_classifier,0.95463294,27.5.7a32.dev1,bogus,3.366392625615015e+18,F:\ZTF_Adjusted_Dataset\stamps\bogus\ZTF26aaodqzq,,1.0,g,19.000764846801758,0.21229006350040436,0.019270800054073334,0.00916667003184557,0.11400000005960464,1.578334927558899,18.61290740966797,21.36723518371582,0.9789999723434448,2.069999933242798,t,1.0,454.0,0.6710000038146973,2.0409998893737793
ZTF19aaexhdo,2,394,58471.323032400105,58510.22983800015,True,True,1,,,,,58510.22983800015,58510.22983800015,0.0,93.0400968,-21.8062981,,,bogus,stamp_classifier,0.95459235,corr_bulk_0.0.1,bogus,7.56229835115015e+17,F:\ZTF_Adjusted_Dataset\stamps\bogus\ZTF19aaexhdo,,2.0,r,17.376649856567383,0.19279542565345764,0.5,0.5,0.5,0.7218278646469116,1.1187688112258911,2.1783230304718018,0.675000011920929,3.174349546432495,t,2.0,394.0,7.166999816894531,0.9359999895095825
ZTF19aanjdmm,11,881,58568.19293980021,61053.31395829981,True,True,5,,,,,58568.19293980021,61053.31395829981,2485.1210184996016,121.74750889480624,-24.386389540603545,0.0333303601450124,0.030356683701931,bogus,stamp_classifier,0.95459133,27.5.7a32.dev1,bogus,8.1419293171501e+17,F:\ZTF_Adjusted_Dataset\stamps\bogus\ZTF19aanjdmm,,1.0,g,17.42730712890625,0.05473988503217697,0.977292001247406,0.5,0.07018750160932541,0.19258494675159454,3.7980754375457764,4.196435451507568,0.9829999804496765,3.2699999809265137,f,1.0,182.0,0.45500001311302185,-0.00800000037997961
ZTF22abundvu,1,1132,59900.5,59900.5,False,False,1,,,,,59900.4527431,59900.4527431,0.0,114.9840208,-22.0923782,,,bogus,stamp_classifier,0.95458996,1.1.6,bogus,2.14645274501501e+18,F:\ZTF_Adjusted_Dataset\stamps\bogus\ZTF22abundvu,,1.0,g,16.994958877563477,0.21079598367214203,0.953125,0.5,0.06412500143051147,5.5037312507629395,5.893838882446289,7.541861534118652,0.01899999938905239,2.150115966796875,f,1.0,1132.0,0.8989999890327454,0.01899999938905239
ZTF19aacbljx,1,70,58492.11451390013,58492.11451390013,False,False,1,,,,,58492.11451390013,58492.11451390013,0.0,318.5215585,29.327867,,,bogus,stamp_classifier,0.9545142,corr_bulk_0.0.1,bogus,7.381145149150102e+17,F:\ZTF_Adjusted_Dataset\stamps\bogus\ZTF19aacbljx,,2.0,r,14.453436851501465,0.20255248248577118,0.7871670126914978,0.5,0.9349759817123413,5.793076515197754,5.921419620513916,7.372493743896484,0.9980000257492065,1.7609503269195557,f,1.0,70.0,0.14300000667572021,-0.02199999988079071
ZTF21acjrrgf,1,647,59518.28464120021,59518.28464120021,False,False,1,,,,,59518.28464120021,59518.28464120021,0.0,34.2215557,-15.5162049,,,bogus,stamp_classifier,0.9544764,correction_1.0.6,bogus,1.764284644415015e+18,F:\ZTF_Adjusted_Dataset\stamps\bogus\ZTF21acjrrgf,,1.0,g,19.59368133544922,0.2053653597831726,-999.0,-999.0,-999.0,-999.0,-999.0,-999.0,0.9639999866485596,2.75,t,1.0,647.0,0.7799999713897705,0.17800000309944153
ZTF25aayldum,1,2247,60855.33577550016,60855.33577550016,False,False,1,,,,,60855.33577550016,60855.33577550016,0.0,318.3922004,-20.5927624,0.0908018797636032,0.0850000008940696,bogus,stamp_classifier,0.9544609,27.5.6,bogus,3.101335771115015e+18,F:\ZTF_Adjusted_Dataset\stamps\bogus\ZTF25aayldum,,2.0,r,17.383501052856445,0.19085435569286346,0.9706249833106995,0.5,0.5,4.038827419281006,4.445559501647949,4.755775451660156,0.5130000114440918,5.889999866485596,t,1.0,2247.0,0.8669999837875366,0.052000001072883606
ZTF25aahsheq,1,1055,60732.33452549996,60732.33452549996,False,False,1,,,,,60732.33452549996,60732.33452549996,0.0,168.8925567,-20.5610018,0.0694222822785377,0.0649999976158142,bogus,stamp_classifier,0.9544579,26.0.1,bogus,2.978334525715015e+18,F:\ZTF_Adjusted_Dataset\stamps\bogus\ZTF25aahsheq,,1.0,g,19.012487411499023,0.21123938262462616,0.002083329949527979,0.9773929715156555,0.9959999918937683,9.485773086547852,22.926427841186523,23.176755905151367,0.9750000238418579,2.299999952316284,t,1.0,1055.0,0.5090000033378601,1.1480000019073486
ZTF26aadfbbq,1,1290,61060.52270830004,61060.52270830004,False,False,1,,,,,61060.52270830004,61060.52270830004,0.0,179.2805143,-20.569067,0.0694259479641914,0.0649999976158142,bogus,stamp_classifier,0.9544562,27.5.7a32.dev1,bogus,3.306522705215015e+18,F:\ZTF_Adjusted_Dataset\stamps\bogus\ZTF26aadfbbq,,1.0,g,18.337270736694336,0.1642124354839325,0.0,-999.0,-999.0,20.080991744995117,-999.0,-999.0,0.9829999804496765,2.380000114440918,t,1.0,1290.0,0.777999997138977,1.1430000066757202
ZTF25aaqbjat,1,1626,60807.21057870006,60807.21057870006,False,False,1,,,,,60807.21057870006,60807.21057870006,0.0,188.5606138,-14.0032436,0.0669908300042152,0.0649999976158142,bogus,stamp_classifier,0.95444876,27.5.6,bogus,3.053210576115015e+18,F:\ZTF_Adjusted_Dataset\stamps\bogus\ZTF25aaqbjat,,1.0,g,18.435527801513672,0.21697987616062164,0.0018749999580904841,0.0018749999580904841,0.0033333299215883017,22.190187454223633,27.973583221435547,29.742755889892578,0.9810000061988831,1.9199999570846558,t,1.0,1626.0,1.1030000448226929,0.7900000214576721
ZTF19aarcaqh,1,44,58592.391296300106,58592.391296300106,False,False,1,,,,,58592.391296300106,58592.391296300106,0.0,317.6892621,62.8884042,,,bogus,stamp_classifier,0.95443964,corr_bulk_0.0.1,bogus,8.3839129341501e+17,F:\ZTF_Adjusted_Dataset\stamps\bogus\ZTF19aarcaqh,,2.0,r,14.996912956237793,0.17709827423095703,0.7533749938011169,0.9242709875106812,0.9172620177268982,7.530703067779541,7.74226188659668,10.758429527282715,1.0,5.53000020980835,f,1.0,44.0,1.0290000438690186,-0.5019999742507935
ZTF25abdfvak,2,2091,60148.3504745001,60879.36304400023,False,False,1,,,,,60879.36304400023,60879.36304400023,0.0,301.3631666,-16.8835481,0.0888287872076034,0.0850000008940696,bogus,stamp_classifier,0.95440423,27.5.6,bogus,3.12536304461501e+18,F:\ZTF_Adjusted_Dataset\stamps\bogus\ZTF25abdfvak,,2.0,r,18.857152938842773,0.207881897687912,0.5,0.5,1.0,3.3927805423736572,3.8411476612091064,4.574179172515869,0.01899999938905239,2.4248294830322266,f,2.0,2091.0,0.4090000092983246,-0.03200000151991844
ZTF26aajupup,1,1960,61106.54332179995,61106.54332179995,False,False,1,,,,,61106.54332179995,61106.54332179995,0.0,307.9372134,-4.2939912,0.0852392688393592,0.0850000008940696,bogus,stamp_classifier,0.95435077,27.5.7a32.dev1,bogus,3.352543321815015e+18,F:\ZTF_Adjusted_Dataset\stamps\bogus\ZTF26aajupup,,2.0,r,17.09707260131836,0.1489570140838623,0.5,0.9935420155525208,0.053154800087213516,1.360813021659851,3.7685747146606445,6.0491862297058105,0.6539999842643738,3.25,t,1.0,1960.0,0.6819999814033508,-0.026000000536441803
ZTF24abuypiu,1,974,60645.34935190016,60645.34935190016,False,False,1,,,,,60645.34935190016,60645.34935190016,0.0,53.93210539999999,-26.2744602,0.0947937220335006,0.0850000008940696,bogus,stamp_classifier,0.95432097,25.0.0,bogus,2.89134935051501e+18,F:\ZTF_Adjusted_Dataset\stamps\bogus\ZTF24abuypiu,,2.0,r,18.792387008666992,0.19895051419734955,0.989916980266571,0.0,-999.0,24.445404052734375,27.5950870513916,-999.0,0.9229999780654907,5.880000114440918,f,1.0,974.0,0.7039999961853027,-0.3059999942779541
ZTF23aaxtscu,1,835,60170.5,60170.5,False,False,1,,,,,60170.44756940007,60170.44756940007,0.0,38.5243848,-18.4375767,,,bogus,stamp_classifier,0.9543194,1.2.0,bogus,2.416447562315015e+18,F:\ZTF_Adjusted_Dataset\stamps\bogus\ZTF23aaxtscu,,1.0,g,18.587337493896484,0.21305091679096222,-999.0,-999.0,-999.0,-999.0,-999.0,-999.0,0.9929999709129333,1.3833359479904175,t,1.0,835.0,0.8880000114440918,0.19499999284744263
ZTF21aammoqb,1,1157,59266.56195600005,59266.56195600005,False,False,1,,,,,59266.56195600005,59266.56195600005,0.0,308.3020318,21.3960595,,,bogus,stamp_classifier,0.95430475,correction_0.0.1,bogus,1.512561956315015e+18,F:\ZTF_Adjusted_Dataset\stamps\bogus\ZTF21aammoqb,,2.0,r,16.52063751220703,0.14335156977176666,0.9950000047683716,0.9934170246124268,0.5,3.1886205673217773,9.040746688842773,9.100668907165527,0.6949999928474426,3.25,t,1.0,1157.0,0.6389999985694885,-0.02199999988079071
ZTF24aburktf,3,1620,60644.14228009991,60680.151180599816,False,False,2,,,,,60655.16814809991,60680.151180599816,24.98303249990568,14.515344599994396,-20.52001455,0.0490758114795084,0.0459619390912516,bogus,stamp_classifier,0.95429736,26.0.1,bogus,2.9011681410150154e+18,F:\ZTF_Adjusted_Dataset\stamps\bogus\ZTF24aburktf,,1.0,g,17.466508865356445,0.16312244534492493,0.9991670250892639,-999.0,-999.0,2.310117244720459,-999.0,-999.0,0.968999981880188,1.9139049053192139,t,2.0,1577.0,1.0399999618530273,-0.041999999433755875
ZTF26aaaizyx,1,1319,61051.3255671002,61051.3255671002,False,False,1,,,,,61051.3255671002,61051.3255671002,0.0,109.6965723,-18.0057076,0.0893771797418594,0.0850000008940696,bogus,stamp_classifier,0.95428133,27.5.7a32.dev1,bogus,3.297325562315015e+18,F:\ZTF_Adjusted_Dataset\stamps\bogus\ZTF26aaaizyx,,2.0,r,17.546737670898438,0.1414681375026703,0.9533330202102661,0.9533510208129883,0.996874988079071,4.279282569885254,11.422767639160156,12.24124813079834,0.01899999938905239,2.78090238571167,t,1.0,1319.0,1.590000033378601,0.0020000000949949026
ZTF24abtvtrh,1,2125,60639.28913189983,60639.28913189983,False,False,1,,,,,60639.28913189983,60639.28913189983,0.0,334.05337000000003,57.9773258,0.1603002846240997,0.0850000008940696,bogus,stamp_classifier,0.95427537,25.0.0,bogus,2.885289135615015e+18,F:\ZTF_Adjusted_Dataset\stamps\bogus\ZTF24abtvtrh,,2.0,r,14.803075790405273,0.20553171634674072,0.7198129892349243,0.6949170231819153,0.5,1.0714564323425293,2.6011407375335693,7.650529384613037,0.9599999785423279,6.079999923706055,t,1.0,2125.0,10.039999961853027,0.3700000047683716
ZTF26aaantrc,1,1300,61052.27239579987,61052.27239579987,False,False,1,,,,,61052.27239579987,61052.27239579987,0.0,102.5221235,-18.0412953,0.0893952473998069,0.0850000008940696,bogus,stamp_classifier,0.9542379,27.5.7a32.dev1,bogus,3.298272392315015e+18,F:\ZTF_Adjusted_Dataset\stamps\bogus\ZTF26aaantrc,,2.0,r,18.16651725769043,0.15194016695022583,0.9983329772949219,0.2560420036315918,0.12118799984455109,4.472318172454834,8.59889030456543,10.504435539245605,0.35199999809265137,2.953270196914673,t,1.0,1300.0,0.1720000058412552,0.0020000000949949026
ZTF25acdtkgz,1,843,60990.31421299977,60990.31421299977,False,False,1,,,,,60990.31421299977,60990.31421299977,0.0,61.6895217,-25.6491883,0.0942913517355918,0.0850000008940696,bogus,stamp_classifier,0.9542377,27.5.7a32.dev1,bogus,3.236314212315015e+18,F:\ZTF_Adjusted_Dataset\stamps\bogus\ZTF25acdtkgz,,2.0,r,19.4716796875,0.20178356766700745,-999.0,-999.0,-999.0,-999.0,-999.0,-999.0,0.9869999885559082,1.3300000429153442,t,1.0,843.0,0.6700000166893005,0.11100000143051147
ZTF25aadaxxk,1,2066,60699.16127309995,60699.16127309995,False,False,1,,,,,60699.16127309995,60699.16127309995,0.0,347.085419,58.165644,0.1232308521866798,0.0649999976158142,bogus,stamp_classifier,0.95422876,26.0.1,bogus,2.945161275315015e+18,F:\ZTF_Adjusted_Dataset\stamps\bogus\ZTF25aadaxxk,,1.0,g,18.490966796875,0.19456472992897034,1.0,0.9364579916000366,0.7835000157356262,4.484285831451416,8.366743087768555,9.45362663269043,0.3449999988079071,2.6938064098358154,t,1.0,2066.0,0.39399999380111694,-0.017000000923871994
ZTF20aabrasj,1,158,58851.07662039995,58851.07662039995,False,False,1,,,,,58851.07662039995,58851.07662039995,0.0,356.0130816,-27.0493262,,,bogus,stamp_classifier,0.95422846,corr_bulk_0.0.1,bogus,1.0970766201150102e+18,F:\ZTF_Adjusted_Dataset\stamps\bogus\ZTF20aabrasj,,2.0,r,14.475312232971191,0.1376771479845047,0.0031666699796915054,0.7530890107154846,-999.0,7.816710472106934,11.2611722946167,-999.0,1.0,2.2899999618530273,f,1.0,158.0,0.5630000233650208,0.035999998450279236
ZTF23absifob,1,1318,60287.35569440015,60287.35569440015,False,False,1,,,,,60287.35569440015,60287.35569440015,0.0,100.8404232,-26.2462601,0.0947707071900367,0.0850000008940696,bogus,stamp_classifier,0.95421827,23.12.18,bogus,2.533355691315015e+18,F:\ZTF_Adjusted_Dataset\stamps\bogus\ZTF23absifob,,2.0,r,17.022586822509766,0.2120366096496582,0.8935829997062683,0.5,0.9887499809265137,4.7752461433410645,4.863121032714844,5.091525077819824,0.01899999938905239,2.4455769062042236,t,1.0,1318.0,0.7049999833106995,0.035999998450279236
ZTF26aaaptlu,1,1966,61052.41854170011,61052.41854170011,False,False,1,,,,,61052.41854170011,61052.41854170011,0.0,118.8590169,-20.6033578,0.0908081904053688,0.0850000008940696,bogus,stamp_classifier,0.954205,27.5.7a32.dev1,bogus,3.298418545615015e+18,F:\ZTF_Adjusted_Dataset\stamps\bogus\ZTF26aaaptlu,,2.0,r,18.21642303466797,0.16872043907642365,0.5,1.0,0.9200059771537781,2.356760263442993,3.3800485134124756,7.147049427032471,0.48399999737739563,2.22304630279541,t,1.0,1966.0,1.0490000247955322,0.006000000052154064
ZTF22aboatmv,1,1382,59871.5,59871.5,False,False,1,,,,,59871.502476899885,59871.502476899885,0.0,93.8376007,-23.8774464,,,bogus,stamp_classifier,0.9541887,1.1.6,bogus,2.117502473515015e+18,F:\ZTF_Adjusted_Dataset\stamps\bogus\ZTF22aboatmv,,2.0,r,18.276369094848633,0.131588414311409,0.5,0.5,0.5,1.8496665954589844,3.6258294582366943,3.7724688053131104,0.35100001096725464,2.4429931640625,t,1.0,1382.0,1.0729999542236328,0.05400000140070915
ZTF19aaeowsu,2,1991,58508.5599769,59263.549305600114,False,False,1,,,,,59263.549305600114,59263.549305600114,0.0,281.2571373,8.8279965,,,bogus,stamp_classifier,0.95418787,correction_0.0.1,bogus,1.509549301415015e+18,F:\ZTF_Adjusted_Dataset\stamps\bogus\ZTF19aaeowsu,,2.0,r,17.93603515625,0.17975938320159912,0.5,0.5255060195922852,0.5,3.253150463104248,3.406212329864502,4.316169261932373,0.01899999938905239,2.2322604656219482,t,2.0,1991.0,3.632999897003174,0.17399999499320984
ZTF26aabxmao,9,1053,59195.52329860022,61057.40518519981,False,False,5,,,,,61052.39687500009,61057.40518519981,5.008310199715197,144.9804129195341,-21.803634,0.0313086316800453,0.0290688826412569,bogus,stamp_classifier,0.95416504,27.5.7a32.dev1,bogus,3.303401936215015e+18,F:\ZTF_Adjusted_Dataset\stamps\bogus\ZTF26aabxmao,,1.0,g,17.523773193359375,0.12044826149940491,0.9975000023841858,0.9937499761581421,1.0,4.524060249328613,12.704495429992676,13.444113731384277,0.44999998807907104,2.945240020751953,t,1.0,1052.0,0.5360000133514404,-0.008999999612569809
ZTF25acgxnty,1,1990,61021.25291670021,61021.25291670021,False,False,1,,,,,61021.25291670021,61021.25291670021,0.0,50.3075861,-14.7972312,0.0879156589508056,0.0850000008940696,bogus,stamp_classifier,0.95413554,27.5.7a32.dev1,bogus,3.267252915915015e+18,F:\ZTF_Adjusted_Dataset\stamps\bogus\ZTF25acgxnty,,2.0,r,19.35268783569336,0.20024161040782928,-999.0,-999.0,-999.0,-999.0,-999.0,-999.0,0.9039999842643738,1.6100000143051147,t,1.0,1990.0,0.7829999923706055,0.24699999392032623
ZTF22abuluva,1,1312,59900.5,59900.5,False,False,1,,,,,59900.41491900012,59900.41491900012,0.0,118.5787483,-20.6350104,,,bogus,stamp_classifier,0.95413285,1.1.6,bogus,2.1464149103150152e+18,F:\ZTF_Adjusted_Dataset\stamps\bogus\ZTF22abuluva,,2.0,r,17.425018310546875,0.12369391322135925,0.9879170060157776,0.7553750276565552,0.9490000009536743,5.070569038391113,7.518552303314209,8.635461807250977,0.35100001096725464,2.925877332687378,t,1.0,1312.0,0.44600000977516174,-0.00800000037997961
ZTF25abtfryc,1,1048,60942.34571760008,60942.34571760008,False,False,1,,,,,60942.34571760008,60942.34571760008,0.0,28.5129001,-15.340666,0.0881404504179954,0.0850000008940696,bogus,stamp_classifier,0.9541273,27.5.6,bogus,3.188345714115015e+18,F:\ZTF_Adjusted_Dataset\stamps\bogus\ZTF25abtfryc,,2.0,r,19.419742584228516,0.20158874988555908,-999.0,-999.0,-999.0,-999.0,-999.0,-999.0,0.9829999804496765,1.5800000429153442,t,1.0,1048.0,0.17399999499320984,0.027000000700354576
ZTF25aaxktxr,1,1965,60851.3958796002,60851.3958796002,False,False,1,,,,,60851.3958796002,60851.3958796002,0.0,325.4060413,7.8146812,0.0857967883348465,0.0850000008940696,bogus,stamp_classifier,0.95412654,27.5.6,bogus,3.09739587491501e+18,F:\ZTF_Adjusted_Dataset\stamps\bogus\ZTF25aaxktxr,,2.0,r,19.14641571044922,0.11764777451753616,0.0,0.938755989074707,0.011250000447034836,15.714956283569336,16.3415584564209,20.38661766052246,0.05400000140070915,6.909999847412109,f,1.0,1965.0,1.1059999465942383,-0.18799999356269836
ZTF24abmqivj,1,1922,60596.38729170011,60596.38729170011,False,False,1,,,,,60596.38729170011,60596.38729170011,0.0,61.7112642,-15.4275998,0.0881772562861442,0.0850000008940696,bogus,stamp_classifier,0.9540645,24.5.2a6,bogus,2.842387293215015e+18,F:\ZTF_Adjusted_Dataset\stamps\bogus\ZTF24abmqivj,,2.0,r,20.154449462890625,0.2148246318101883,-999.0,-999.0,-999.0,-999.0,-999.0,-999.0,0.9330000281333923,1.7899999618530273,t,1.0,1922.0,1.5470000505447388,0.23499999940395355
ZTF20aazcity,1,85,58979.25114580011,58979.25114580011,False,False,1,,,,,58979.25114580011,58979.25114580011,0.0,178.8665062,-21.7706763,,,bogus,stamp_classifier,0.9540563,corr_bulk_0.0.1,bogus,1.225251145515015e+18,F:\ZTF_Adjusted_Dataset\stamps\bogus\ZTF20aazcity,,1.0,g,18.320465087890625,0.1867051124572754,0.015833299607038498,0.4440299868583679,0.0,11.93519115447998,18.203699111938477,29.5987606048584,0.9819999933242798,2.4200000762939453,t,1.0,85.0,1.527999997138977,1.8739999532699585
ZTF22abulqvl,1,794,59900.5,59900.5,False,False,1,,,,,59900.41539350012,59900.41539350012,0.0,109.089667,-18.0751995,,,bogus,stamp_classifier,0.95404786,1.1.6,bogus,2.146415392315015e+18,F:\ZTF_Adjusted_Dataset\stamps\bogus\ZTF22abulqvl,,2.0,r,17.679655075073242,0.13600865006446838,1.0,0.3614110052585602,0.5,4.076818466186523,5.790515422821045,6.8873796463012695,0.01899999938905239,2.788273572921753,t,1.0,794.0,0.4169999957084656,-0.017000000923871994
ZTF22aanjyym,8,3592,58676.31812500022,60629.10695599997,False,False,2,,,,,59737.30909720017,60629.10695599997,891.7978587998077,287.8872982499684,-5.256029750000001,0.060357861647188,0.0601040770330592,bogus,stamp_classifier,0.9540332,25.0.0,bogus,1.98330909131501e+18,F:\ZTF_Adjusted_Dataset\stamps\bogus\ZTF22aanjyym,,2.0,r,17.749658584594727,0.18189270794391632,1.0,1.0,0.9661250114440918,2.923720121383667,4.770732402801514,7.213508129119873,0.5379999876022339,1.8831340074539185,f,3.0,2351.0,0.37700000405311584,-0.014999999664723873
ZTF22aboaeam,1,1493,59871.5,59871.5,False,False,1,,,,,59871.437349500135,59871.437349500135,0.0,111.6686001,-17.7552182,,,bogus,stamp_classifier,0.9540213,1.1.6,bogus,2.1174373416150152e+18,F:\ZTF_Adjusted_Dataset\stamps\bogus\ZTF22aboaeam,,2.0,r,18.803876876831055,0.1837804913520813,0.8136370182037354,1.0,0.9966670274734497,3.311809778213501,4.6242265701293945,7.593292236328125,0.34700000286102295,2.6158978939056396,t,1.0,1493.0,0.4659999907016754,-0.010999999940395355
ZTF24abqyigr,2,1017,58380.354606499895,60620.28579859994,False,False,1,,,,,60620.28579859994,60620.28579859994,0.0,352.353746,-13.826468999999998,0.0669396445155143,0.0649999976158142,bogus,stamp_classifier,0.95400393,25.0.0,bogus,2.866285796015015e+18,F:\ZTF_Adjusted_Dataset\stamps\bogus\ZTF24abqyigr,,1.0,g,16.052080154418945,0.10232441872358322,0.8593329787254333,0.8348039984703064,0.0024999999441206455,10.218620300292969,15.670567512512207,25.58225440979004,0.08399999886751175,6.539999961853027,t,2.0,1017.0,0.7639999985694885,-0.1979999989271164
ZTF25abpdtbm,1,816,60924.43811339978,60924.43811339978,False,False,1,,,,,60924.43811339978,60924.43811339978,0.0,36.5664117,-20.9494695,0.0910165458917617,0.0850000008940696,bogus,stamp_classifier,0.95398426,27.5.6,bogus,3.170438115715015e+18,F:\ZTF_Adjusted_Dataset\stamps\bogus\ZTF25abpdtbm,,2.0,r,18.936269760131836,0.2069736272096634,-999.0,-999.0,-999.0,-999.0,-999.0,-999.0,1.0,1.4900000095367432,t,1.0,816.0,1.0980000495910645,0.1679999977350235
ZTF23abjjvsy,1,500,60229.5,60229.5,False,False,1,,,,,60229.4831019002,60229.4831019002,0.0,78.1365429,-24.6943838,,,bogus,stamp_classifier,0.953935,1.2.1,bogus,2.475483101715015e+18,F:\ZTF_Adjusted_Dataset\stamps\bogus\ZTF23abjjvsy,,2.0,r,18.06106948852539,0.166192889213562,0.9748749732971191,0.5,1.0,4.598104476928711,8.062655448913574,11.165006637573242,0.4569999873638153,2.8125174045562744,t,1.0,500.0,0.2849999964237213,-0.0020000000949949026
ZTF18acrtgwm,1,37,58450.32459490001,58450.32459490001,False,False,1,,,,,58450.32459490001,58450.32459490001,0.0,342.2782756,46.5055821,,,bogus,stamp_classifier,0.95392853,corr_bulk_0.0.1,bogus,6.9632459221501e+17,F:\ZTF_Adjusted_Dataset\stamps\bogus\ZTF18acrtgwm,,2.0,r,14.772351264953613,0.20279492437839508,0.883916974067688,0.5,0.0,5.587390422821045,7.665236473083496,9.844429969787598,0.9990000128746033,1.529679536819458,f,1.0,37.0,0.75,-0.017999999225139618
ZTF22aabaixx,1,1424,59627.30818289984,59627.30818289984,False,False,1,,,,,59627.30818289984,59627.30818289984,0.0,111.1104398,-20.4903256,,,bogus,stamp_classifier,0.95388395,correction_1.0.6,bogus,1.8733081803150152e+18,F:\ZTF_Adjusted_Dataset\stamps\bogus\ZTF22aabaixx,,1.0,g,17.021902084350586,0.16224291920661926,1.0,0.36835700273513794,0.9916189908981323,5.436143398284912,8.563163757324219,10.19709300994873,0.34700000286102295,2.8681061267852783,t,1.0,1424.0,1.5360000133514404,-0.020999999716877937
ZTF25aaufmlu,1,1721,60834.46504630009,60834.46504630009,False,False,1,,,,,60834.46504630009,60834.46504630009,0.0,342.7054262,4.317305,0.0852418765425682,0.0850000008940696,bogus,stamp_classifier,0.9538633,27.5.6,bogus,3.08046504251501e+18,F:\ZTF_Adjusted_Dataset\stamps\bogus\ZTF25aaufmlu,,2.0,r,20.66626739501953,0.1827295571565628,0.0016666699666529894,0.86114901304245,-999.0,16.568992614746094,19.3674259185791,-999.0,0.8560000061988831,1.7699999809265137,f,1.0,1721.0,1.2610000371932983,0.026000000536441803
ZTF25aburzwj,1,2133,60949.28803239996,60949.28803239996,False,False,1,,,,,60949.28803239996,60949.28803239996,0.0,343.88532,-15.827255100000002,0.0883494764566421,0.0850000008940696,bogus,stamp_classifier,0.95385045,27.5.6,bogus,3.195288034515015e+18,F:\ZTF_Adjusted_Dataset\stamps\bogus\ZTF25aburzwj,,2.0,r,18.76593780517578,0.1129431277513504,0.00791667029261589,0.5663989782333374,0.0,22.169404983520508,23.25992202758789,24.277202606201172,0.26600000262260437,4.099999904632568,t,1.0,2133.0,1.3220000267028809,-0.2240000069141388
ZTF23aavxwjt,2,824,59218.0,60160.5,False,False,1,,,,,60160.43899310008,60160.43899310008,0.0,335.1071145,-17.1570633,,,bogus,stamp_classifier,0.9538335,1.2.0,bogus,2.40643899201501e+18,F:\ZTF_Adjusted_Dataset\stamps\bogus\ZTF23aavxwjt,,2.0,r,18.645483016967773,0.15536849200725555,0.02104170061647892,0.9878330230712891,-999.0,22.801441192626953,28.157814025878906,-999.0,0.12200000137090683,6.25,f,2.0,824.0,1.3079999685287476,0.02800000086426735
ZTF26aafbinp,1,1890,61076.15762729989,61076.15762729989,False,False,1,,,,,61076.15762729989,61076.15762729989,0.0,17.4049983,-3.8618911,0.0651479288935661,0.0649999976158142,bogus,stamp_classifier,0.95377004,27.5.7a32.dev1,bogus,3.322157622315015e+18,F:\ZTF_Adjusted_Dataset\stamps\bogus\ZTF26aafbinp,,1.0,g,15.920536041259766,0.058161474764347076,0.5,0.0028333300724625587,0.19329200685024261,15.25013256072998,19.983659744262695,23.05584144592285,0.3659999966621399,5.920000076293945,t,1.0,1890.0,1.1080000400543213,-0.5789999961853027
ZTF24absfuab,1,2056,60626.09009259986,60626.09009259986,False,False,1,,,,,60626.09009259986,60626.09009259986,0.0,328.052834,-23.904997,0.07109896838665,0.0649999976158142,bogus,stamp_classifier,0.95374715,25.0.0,bogus,2.872090093515015e+18,F:\ZTF_Adjusted_Dataset\stamps\bogus\ZTF24absfuab,,1.0,g,17.785329818725586,0.15780304372310638,0.0,0.9975000023841858,0.9743750095367432,17.312406539916992,24.014528274536133,24.775470733642578,0.34299999475479126,6.260000228881836,t,1.0,2056.0,1.0700000524520874,-0.07500000298023224
ZTF22abgyvwm,84,3541,58284.47836809978,60805.477534700185,True,False,8,,,,,59813.35010420019,60805.477534700185,992.127430499997,351.1080821958657,13.972071680907456,0.0285386812270147,0.0276943223849495,bogus,stamp_classifier,0.95374656,27.5.6,bogus,,F:\ZTF_Adjusted_Dataset\stamps\bogus\ZTF22abgyvwm,,,,,,,,,,,,,,,,,,
ZTF23abslpaa,1,1799,60288.16424770001,60288.16424770001,False,False,1,,,,,60288.16424770001,60288.16424770001,0.0,315.9208485,11.9510811,0.0868832170963287,0.0850000008940696,bogus,stamp_classifier,0.95373785,23.12.20,bogus,2.534164243515015e+18,F:\ZTF_Adjusted_Dataset\stamps\bogus\ZTF23abslpaa,,2.0,r,18.138898849487305,0.19454365968704224,0.9855769872665405,0.9716669917106628,0.4132710099220276,4.565360069274902,12.807476043701172,13.519083023071289,0.6019999980926514,4.849999904632568,t,1.0,1799.0,0.8090000152587891,-0.01600000075995922
ZTF26aaeliwj,3,2022,60810.42193289986,61071.57001159992,False,False,1,,,,,61071.57001159992,61071.57001159992,0.0,272.7863878,-19.6481799,0.0902550965547561,0.0850000008940696,bogus,stamp_classifier,0.953734,27.5.7a32.dev1,bogus,3.317570010015015e+18,F:\ZTF_Adjusted_Dataset\stamps\bogus\ZTF26aaeliwj,,2.0,r,16.868183135986328,0.18158669769763947,0.5,1.0,0.9708330035209656,2.941188097000122,3.874394655227661,7.557315826416016,0.6990000009536743,2.2998459339141846,t,3.0,2022.0,0.1940000057220459,0.006000000052154064
ZTF22aaewkki,1,2010,59676.479050899856,59676.479050899856,False,False,1,,,,,59676.479050899856,59676.479050899856,0.0,280.3426733,-17.7512935,,,bogus,stamp_classifier,0.9537336,correction_1.0.6,bogus,1.9224790529150152e+18,F:\ZTF_Adjusted_Dataset\stamps\bogus\ZTF22aaewkki,,1.0,g,17.066251754760742,0.13601349294185638,0.5,0.5,0.5,2.8020739555358887,3.8644776344299316,4.224647045135498,0.6179999709129333,2.608644962310791,t,1.0,2010.0,1.1299999952316284,0.03799999877810478
ZTF18acifjmw,5,751,59440.25,60084.5,True,False,3,,,,,58435.07248840016,60084.40248840023,1649.3300000000745,315.96599626666665,-12.465487233333333,0.00021234993134,6.813202868917556e-05,bogus,stamp_classifier,0.95373017,1.2.0,bogus,6.810724805150158e+17,F:\ZTF_Adjusted_Dataset\stamps\bogus\ZTF18acifjmw,,2.0,r,18.0537109375,0.14948439598083496,0.22110700607299805,0.5,0.5,0.4935895502567291,2.3598594665527344,4.4916863441467285,0.6660000085830688,4.0,t,1.0,39.0,7.629000186920166,0.5509999990463257
ZTF24aazszhm,1,966,60530.39579859981,60530.39579859981,False,False,1,,,,,60530.39579859981,60530.39579859981,0.0,354.7783101,-16.378892,0.067749410867691,0.0649999976158142,bogus,stamp_classifier,0.9536973,24.5.2a6,bogus,2.776395793815015e+18,F:\ZTF_Adjusted_Dataset\stamps\bogus\ZTF24aazszhm,,1.0,g,19.10070037841797,0.21328115463256836,-999.0,-999.0,-999.0,-999.0,-999.0,-999.0,0.9980000257492065,2.1700000762939453,t,1.0,966.0,0.4970000088214874,0.1899999976158142
ZTF25aacxyot,1,2211,60698.21359949978,60698.21359949978,False,False,1,,,,,60698.21359949978,60698.21359949978,0.0,111.2862238,-19.8350646,0.0690994411706924,0.0649999976158142,bogus,stamp_classifier,0.95366955,26.0.1,bogus,2.944213591315015e+18,F:\ZTF_Adjusted_Dataset\stamps\bogus\ZTF25aacxyot,,1.0,g,18.7368106842041,0.1724727749824524,0.9954169988632202,0.7855240106582642,0.9602739810943604,4.120811462402344,5.666512489318848,6.3551483154296875,0.5609999895095825,2.484011650085449,t,1.0,2211.0,0.734000027179718,-0.035999998450279236
ZTF21aalmfyq,2,660,59263.23100689985,59263.23100689985,False,False,1,,,,,59263.23100689985,59263.23100689985,0.0,114.4228643,-19.6350265,,,bogus,stamp_classifier,0.95366055,correction_0.0.1,bogus,1.5092310008150152e+18,F:\ZTF_Adjusted_Dataset\stamps\bogus\ZTF21aalmfyq,,2.0,r,16.56520652770996,0.08552283048629761,0.25024399161338806,0.994583010673523,1.0,3.0769619941711426,3.467836856842041,8.079120635986328,0.7229999899864197,2.9682018756866455,t,2.0,660.0,0.5569999814033508,0.01899999938905239
ZTF25acavqnk,1,1338,60976.25240739994,60976.25240739994,False,False,1,,,,,60976.25240739994,60976.25240739994,0.0,354.6607015,-13.935391299999996,0.0875775888562202,0.0850000008940696,bogus,stamp_classifier,0.9536453,27.5.7a32.dev1,bogus,3.22225240531501e+18,F:\ZTF_Adjusted_Dataset\stamps\bogus\ZTF25acavqnk,,2.0,r,19.186992645263672,0.1697324812412262,0.009791670367121696,0.9387500286102295,0.09219639748334885,17.772417068481445,22.563615798950195,23.63568878173828,0.968999981880188,6.960000038146973,f,1.0,1338.0,0.859000027179718,0.125
ZTF24abazciv,61,1866,58397.31851849984,60534.46809029998,True,False,1,,,,,60534.46809029998,60534.46809029998,0.0,37.5851718,32.2987364,0.100559152662754,0.0850000008940696,bogus,stamp_classifier,0.95362663,24.5.2a6,bogus,2.78046809261501e+18,F:\ZTF_Adjusted_Dataset\stamps\bogus\ZTF24abazciv,,2.0,r,20.740230560302734,0.18207697570323944,0.025791700929403305,0.5,0.9740279912948608,6.532454967498779,12.506958961486816,12.595479965209961,0.8679999709129333,3.7899999618530273,f,61.0,1866.0,4.631999969482422,0.5189999938011169
ZTF26aanokuu,1,1674,61119.29883099999,61119.29883099999,False,False,1,,,,,61119.29883099999,61119.29883099999,0.0,142.2761818,9.3269822,0.0101339761167764,0.0099999997764825,bogus,stamp_classifier,0.95361936,27.5.7a32.dev1,bogus,3.365298830815015e+18,F:\ZTF_Adjusted_Dataset\stamps\bogus\ZTF26aanokuu,,3.0,i,18.591625213623047,0.1508990079164505,0.08550000190734863,0.5,0.0024999999441206455,25.988605499267578,28.72182273864746,28.857011795043945,0.7889999747276306,3.1700000762939453,t,1.0,1674.0,1.1150000095367432,1.4040000438690186
ZTF21aalmehd,1,667,59263.23053239984,59263.23053239984,False,False,1,,,,,59263.23053239984,59263.23053239984,0.0,107.4716866,-17.5267998,,,bogus,stamp_classifier,0.95359325,correction_0.0.1,bogus,1.509230532415015e+18,F:\ZTF_Adjusted_Dataset\stamps\bogus\ZTF21aalmehd,,2.0,r,18.32242774963379,0.19238832592964172,0.9189789891242981,0.9898329973220825,0.8442980051040649,4.1311163902282715,4.583765029907227,5.624676704406738,0.5299999713897705,3.134305715560913,t,1.0,667.0,0.6420000195503235,-0.020999999716877937
ZTF25abdgzha,25,687,58350.35682869982,60892.40019680001,True,False,9,,,,,60850.43729169993,60892.40019680001,41.96290510008112,321.1078972526552,-11.52010559056668,0.0096409950706078,0.0094467736307156,bogus,stamp_classifier,0.9535918,27.5.6,bogus,3.12540075261501e+18,F:\ZTF_Adjusted_Dataset\stamps\bogus\ZTF25abdgzha,,3.0,i,18.829988479614258,0.1827930361032486,0.10117900371551514,0.5,0.2415419965982437,1.393439769744873,1.5635266304016113,10.232955932617188,0.7099999785423279,1.6012877225875854,f,19.0,626.0,4.51800012588501,0.37700000405311584
ZTF19abesvez,1,223,58671.44967589993,58671.44967589993,False,False,1,,,,,58671.44967589993,58671.44967589993,0.0,303.3007446,46.6678293,,,bogus,stamp_classifier,0.9535757,corr_bulk_0.0.1,bogus,9.17449672215015e+17,F:\ZTF_Adjusted_Dataset\stamps\bogus\ZTF19abesvez,,1.0,g,14.910435676574707,0.1969943642616272,0.9691669940948486,0.9935830235481262,0.5,4.495474815368652,6.783647060394287,8.258788108825684,0.06300000101327896,6.150000095367432,t,1.0,223.0,0.6919999718666077,-0.05700000002980232
ZTF25abdfppk,1,1793,60879.35785879986,60879.35785879986,False,False,1,,,,,60879.35785879986,60879.35785879986,0.0,311.4899955,-8.3424907,0.0859090462327003,0.0850000008940696,bogus,stamp_classifier,0.95354867,27.5.6,bogus,3.125357853315015e+18,F:\ZTF_Adjusted_Dataset\stamps\bogus\ZTF25abdfppk,,2.0,r,17.15252113342285,0.18781916797161102,0.9691669940948486,0.5,0.5,3.409621000289917,6.585367202758789,8.240972518920898,0.4259999990463257,2.3399999141693115,t,1.0,1793.0,0.4880000054836273,0.017000000923871994
ZTF26aajuqvv,1,2281,61106.54332179995,61106.54332179995,False,False,1,,,,,61106.54332179995,61106.54332179995,0.0,304.7146033,-0.345239,0.0850015431642532,0.0850000008940696,bogus,stamp_classifier,0.95352864,27.5.7a32.dev1,bogus,3.352543325915015e+18,F:\ZTF_Adjusted_Dataset\stamps\bogus\ZTF26aajuqvv,,2.0,r,17.175737380981445,0.1675347089767456,0.9711250066757202,0.04679169878363609,0.42818400263786316,4.458641052246094,8.554583549499512,10.24906063079834,0.5879999995231628,2.8845739364624023,t,1.0,2281.0,0.5600000023841858,-0.03200000151991844
ZTF20achvnlq,80,1728,58464.38112269994,61108.18984950008,True,False,39,,,,,59130.500694400165,61108.18984950008,1977.6891550999133,105.69466897676152,-13.70994752181996,0.0111366079497502,0.0108193032021957,bogus,stamp_classifier,0.9535034,27.5.7a32.dev1,bogus,1.37650069601501e+18,F:\ZTF_Adjusted_Dataset\stamps\bogus\ZTF20achvnlq,,1.0,g,18.773935317993164,0.2089463770389557,0.26608899235725403,0.47694000601768494,0.9810420274734497,0.971320629119873,2.932004928588867,9.840933799743652,0.9200000166893005,1.4182770252227783,f,3.0,542.0,8.069000244140625,0.20999999344348907
ZTF20aabrasm,1,159,58851.07662039995,58851.07662039995,False,False,1,,,,,58851.07662039995,58851.07662039995,0.0,355.9491009,-26.4442284,,,bogus,stamp_classifier,0.9534435,corr_bulk_0.0.1,bogus,1.09707662011501e+18,F:\ZTF_Adjusted_Dataset\stamps\bogus\ZTF20aabrasm,,2.0,r,15.196311950683594,0.14326809346675873,0.8863660097122192,1.0,0.0037499999161809683,7.784903049468994,16.815168380737305,19.242027282714844,1.0,1.4227230548858643,f,1.0,159.0,0.8709999918937683,-0.008999999612569809
ZTF24ableuar,1,1445,60586.52562499978,60586.52562499978,False,False,1,,,,,60586.52562499978,60586.52562499978,0.0,151.6849686,4.3240692,0.085242636501789,0.0850000008940696,bogus,stamp_classifier,0.95342827,24.5.2a6,bogus,2.832525625215015e+18,F:\ZTF_Adjusted_Dataset\stamps\bogus\ZTF24ableuar,,2.0,r,18.593137741088867,0.18917541205883026,0.6272500157356262,0.9938750267028809,0.05541070178151131,6.542966365814209,13.327213287353516,17.791057586669922,0.9819999933242798,2.190000057220459,t,1.0,1445.0,1.156999945640564,1.7510000467300415
ZTF19abyqwpy,1,38,58739.13482639985,58739.13482639985,False,False,1,,,,,58739.13482639985,58739.13482639985,0.0,305.0848041,80.5132447,,,bogus,stamp_classifier,0.9534105,corr_bulk_0.0.1,bogus,9.8513482061501e+17,F:\ZTF_Adjusted_Dataset\stamps\bogus\ZTF19abyqwpy,,1.0,g,18.280277252197266,0.15016742050647736,0.5843070149421692,0.9970830082893372,0.9662079811096191,11.102919578552246,18.90983772277832,23.339157104492188,0.9829999804496765,4.269999980926514,f,1.0,38.0,3.9769999980926514,0.6309999823570251
ZTF25aafziha,1,370,60725.29215280013,60725.29215280013,True,False,1,,,,,60725.29215280013,60725.29215280013,0.0,149.7274757,-27.3588318,0.0731861814856529,0.0649999976158142,bogus,stamp_classifier,0.9534077,26.0.1,bogus,2.971292150715015e+18,F:\ZTF_Adjusted_Dataset\stamps\bogus\ZTF25aafziha,,1.0,g,17.02440643310547,0.20319807529449463,0.8421369791030884,0.8920649886131287,-999.0,6.241245269775391,29.44240951538086,-999.0,0.9990000128746033,4.610000133514404,t,1.0,370.0,-999.0,-999.0
ZTF24aahsqjp,1,286,60396.33609949984,60396.33609949984,False,False,1,,,,,60396.33609949984,60396.33609949984,0.0,177.5220617,-20.9337944,0.0695936009287834,0.0649999976158142,bogus,stamp_classifier,0.9534,0.0.0,bogus,2.642336095615015e+18,F:\ZTF_Adjusted_Dataset\stamps\bogus\ZTF24aahsqjp,,1.0,g,17.171775817871094,0.16894187033176422,0.0,0.01291669998317957,0.5,15.434547424316406,22.73723793029785,23.09751319885254,0.9829999804496765,2.3399999141693115,t,1.0,286.0,1.2389999628067017,1.5019999742507935
ZTF23abvylxm,2,553,60306.25873839995,60308.210787000135,False,False,2,,,,,60306.25873839995,60308.210787000135,1.9520486001856625,62.20649329330588,-21.115305994326786,0.0553495760715837,0.0516332581488631,bogus,stamp_classifier,0.95337194,0.0.0,bogus,2.55421078521501e+18,F:\ZTF_Adjusted_Dataset\stamps\bogus\ZTF23abvylxm,,1.0,g,18.342729568481445,0.13154275715351105,0.05020830035209656,0.014999999664723873,-999.0,20.086681365966797,26.642976760864258,-999.0,0.8889999985694885,6.739999771118164,f,2.0,553.0,0.8259999752044678,-0.05299999937415123
ZTF24ablctev,60,1193,58350.42215280002,60586.43450229988,False,False,5,,,,,60578.315219900105,60586.43450229988,8.119282399769872,10.9076339000148,-10.218757800000002,0.0295374179506418,0.0290688826412569,bogus,stamp_classifier,0.9533525,24.5.2a6,bogus,2.83243450251501e+18,F:\ZTF_Adjusted_Dataset\stamps\bogus\ZTF24ablctev,,1.0,g,20.774539947509766,0.2047087401151657,0.00645832996815443,0.5,0.5,11.590039253234863,12.646407127380371,12.7172212600708,0.9729999899864197,3.4100000858306885,f,60.0,1193.0,7.085000038146973,0.4020000100135803
ZTF24aaszdoj,1,1914,60485.27122690016,60485.27122690016,False,False,1,,,,,60485.27122690016,60485.27122690016,0.0,276.0431055,26.3675329,0.0725475922226905,0.0649999976158142,bogus,stamp_classifier,0.9533522,24.5.1,bogus,2.731271224715015e+18,F:\ZTF_Adjusted_Dataset\stamps\bogus\ZTF24aaszdoj,,1.0,g,15.007246017456055,0.20735301077365875,0.9914169907569885,0.6738330125808716,0.9651899933815002,3.1714730262756348,7.378159999847412,11.144498825073242,0.968999981880188,6.650000095367432,t,1.0,1914.0,0.5220000147819519,-0.0020000000949949026
ZTF23abiddnv,1,1630,60222.5,60222.5,False,False,1,,,,,60222.41305560013,60222.41305560013,0.0,61.7009059,-19.9554621,,,bogus,stamp_classifier,0.95331794,1.2.1,bogus,2.468413051415015e+18,F:\ZTF_Adjusted_Dataset\stamps\bogus\ZTF23abiddnv,,2.0,r,17.069211959838867,0.18254564702510834,1.0,0.7609459757804871,1.0,4.274456977844238,17.767393112182617,19.312374114990234,0.01899999938905239,1.97560715675354,t,1.0,1630.0,0.718999981880188,0.04699999839067459
ZTF24abkrhsv,1,1626,60585.50557869999,60585.50557869999,False,False,1,,,,,60585.50557869999,60585.50557869999,0.0,5.3909718,-0.5593832,0.0850040540099144,0.0850000008940696,bogus,stamp_classifier,0.953315,24.5.2a6,bogus,2.8315055762150103e+18,F:\ZTF_Adjusted_Dataset\stamps\bogus\ZTF24abkrhsv,,2.0,r,18.102136611938477,0.07152760028839111,0.03437500074505806,0.9902080297470093,0.029303599148988724,3.765171527862549,7.411899566650391,14.814075469970703,0.7009999752044678,6.949999809265137,f,1.0,1626.0,3.671999931335449,0.24300000071525574
ZTF25acbmjnm,1,1204,60978.4599421001,60978.4599421001,False,False,1,,,,,60978.4599421001,60978.4599421001,0.0,100.2223513,-17.2995221,0.0890273004770279,0.0850000008940696,bogus,stamp_classifier,0.9533032,27.5.7a32.dev1,bogus,3.22445994241501e+18,F:\ZTF_Adjusted_Dataset\stamps\bogus\ZTF25acbmjnm,,2.0,r,14.176277160644531,0.14480696618556976,0.9793750047683716,0.884548008441925,0.9487919807434082,9.725824356079102,9.780681610107422,14.393759727478027,0.47200000286102295,3.240000009536743,f,1.0,1204.0,7.673999786376953,0.49799999594688416
ZTF19aacbntp,1,253,58492.11601850018,58492.11601850018,False,False,1,,,,,58492.11601850018,58492.11601850018,0.0,310.79691,56.9941834,,,bogus,stamp_classifier,0.953282,corr_bulk_0.0.1,bogus,7.3811601581501e+17,F:\ZTF_Adjusted_Dataset\stamps\bogus\ZTF19aacbntp,,2.0,r,14.99183464050293,0.21073433756828308,0.9926789999008179,0.989791989326477,0.8735060095787048,3.7076773643493652,6.377950191497803,7.692264080047607,1.0,6.730000019073486,f,1.0,253.0,0.9359999895095825,-0.032999999821186066
ZTF25acdnctl,1,1689,60989.23846059991,60989.23846059991,False,False,1,,,,,60989.23846059991,60989.23846059991,0.0,359.9758337,0.0098854,0.0649999976158142,0.0649999976158142,bogus,stamp_classifier,0.95327604,27.5.7a32.dev1,bogus,3.23523846581501e+18,F:\ZTF_Adjusted_Dataset\stamps\bogus\ZTF25acdnctl,,1.0,g,18.660661697387695,0.10666591674089432,0.5,1.0,0.5,15.772684097290039,16.75129508972168,27.462732315063477,0.3610000014305115,5.059999942779541,f,1.0,1689.0,0.6119999885559082,-0.23100000619888306
ZTF25abwguoy,1,1204,60957.2920022998,60957.2920022998,False,False,1,,,,,60957.2920022998,60957.2920022998,0.0,359.8307747,-14.3744738,0.0671006590127945,0.0649999976158142,bogus,stamp_classifier,0.95325124,27.5.6,bogus,3.20329200581501e+18,F:\ZTF_Adjusted_Dataset\stamps\bogus\ZTF25abwguoy,,1.0,g,18.849620819091797,0.13686974346637726,0.0,0.0,-999.0,11.046056747436523,29.224136352539062,-999.0,0.9829999804496765,4.070000171661377,f,1.0,1204.0,0.6830000281333923,0.10899999737739563
ZTF25achxyav,1,2260,61025.15651619993,61025.15651619993,False,False,1,,,,,61025.15651619993,61025.15651619993,0.0,357.3695665,-13.4286069,0.0668270513415336,0.0649999976158142,bogus,stamp_classifier,0.9532302,27.5.7a32.dev1,bogus,3.271156514915015e+18,F:\ZTF_Adjusted_Dataset\stamps\bogus\ZTF25achxyav,,1.0,g,17.55129623413086,0.12309623509645462,0.0,1.0,0.0,7.984734535217285,24.281152725219727,25.56502914428711,0.03099999949336052,5.300000190734863,t,1.0,2260.0,1.871000051498413,0.3799999952316284
ZTF25aabgzsm,4,968,58835.40283560008,60683.25210649986,False,False,1,,,,,60683.25210649986,60683.25210649986,0.0,94.1770408,-16.1328632,0.0884845256805419,0.0850000008940696,bogus,stamp_classifier,0.9532298,26.0.1,bogus,2.92925210381501e+18,F:\ZTF_Adjusted_Dataset\stamps\bogus\ZTF25aabgzsm,,2.0,r,18.323396682739258,0.18911783397197723,0.994583010673523,0.07806749641895294,0.992917001247406,3.204240322113037,5.034773349761963,6.396317481994629,0.6470000147819519,4.139999866485596,f,4.0,968.0,0.9129999876022339,0.032999999821186066
ZTF22aabarct,1,493,59627.33692129981,59627.33692129981,False,False,1,,,,,59627.33692129981,59627.33692129981,0.0,121.2207882,-25.6969266,,,bogus,stamp_classifier,0.953221,correction_1.0.6,bogus,1.8733369223150152e+18,F:\ZTF_Adjusted_Dataset\stamps\bogus\ZTF22aabarct,,2.0,r,16.860342025756836,0.16332870721817017,0.9317920207977295,0.4776670038700104,0.10904199630022049,4.578765869140625,9.035334587097168,10.7111234664917,0.3499999940395355,2.896045446395874,t,1.0,493.0,0.8220000267028809,0.003000000026077032
ZTF24acabrni,1,1620,60674.443738400005,60674.443738400005,False,False,1,,,,,60674.443738400005,60674.443738400005,0.0,122.7868133,-26.2186649,0.0724545195698738,0.0649999976158142,bogus,stamp_classifier,0.9532206,26.0.1,bogus,2.920443731315015e+18,F:\ZTF_Adjusted_Dataset\stamps\bogus\ZTF24acabrni,,1.0,g,17.382314682006836,0.16277235746383667,0.9574170112609863,0.8574939966201782,0.5,4.683028221130371,7.536081314086914,7.62317419052124,0.01899999938905239,2.5702311992645264,t,1.0,1620.0,0.597000002861023,0.003000000026077032
ZTF19abrmeox,6,2201,58330.25,60260.0,False,False,2,,,,,59319.47488430003,60260.11951390002,940.6446295999922,304.68043465,34.43995775,6.102331523114633e-05,0.0001980606094087,bogus,stamp_classifier,0.9531989,1.2.1,bogus,1.565474884115015e+18,F:\ZTF_Adjusted_Dataset\stamps\bogus\ZTF19abrmeox,,2.0,r,18.079309463500977,0.10122409462928772,0.24470800161361694,0.8098899722099304,0.013249999843537807,2.3935418128967285,3.7789947986602783,8.043811798095703,0.01899999938905239,1.6988868713378906,t,5.0,1504.0,0.6389999985694885,0.010999999940395355
ZTF23absizjj,1,712,60287.43990739994,60287.43990739994,False,False,1,,,,,60287.43990739994,60287.43990739994,0.0,128.9290682,-25.9589626,0.0945381671190261,0.0850000008940696,bogus,stamp_classifier,0.953174,23.12.18,bogus,2.533439901815015e+18,F:\ZTF_Adjusted_Dataset\stamps\bogus\ZTF23absizjj,,2.0,r,17.996122360229492,0.14992666244506836,0.9966670274734497,0.9987499713897705,0.9122920036315918,4.991000652313232,8.091148376464844,9.815460205078125,0.5400000214576721,2.194453001022339,t,1.0,712.0,0.48899999260902405,0.008999999612569809
ZTF18abolvwr,28,2554,58351.40468750009,60671.11145830015,True,False,12,,,,,58491.104409699794,60671.11145830015,2180.0070486003533,351.7673710156536,17.814598844101766,0.0226406643420417,0.0215550776092861,bogus,stamp_classifier,0.9531736,26.0.1,bogus,7.3710440311501e+17,F:\ZTF_Adjusted_Dataset\stamps\bogus\ZTF18abolvwr,,2.0,r,19.194669723510742,0.18513795733451843,0.13052399456501007,0.30670198798179626,0.5,0.45882895588874817,18.0783748626709,18.193613052368164,0.9319999814033508,1.4193898439407349,f,4.0,131.0,7.297999858856201,0.9010000228881836
ZTF22abzdnhf,1,1281,59932.25,59932.25,False,False,1,,,,,59932.21045139991,59932.21045139991,0.0,33.7333387,-18.1605533,,,bogus,stamp_classifier,0.9531627,1.1.6,bogus,2.178210451915015e+18,F:\ZTF_Adjusted_Dataset\stamps\bogus\ZTF22abzdnhf,,2.0,r,18.2772216796875,0.13103482127189636,0.07612500339746475,0.5,-999.0,22.601228713989258,24.568912506103516,-999.0,0.6069999933242798,6.429999828338623,t,1.0,1281.0,1.0499999523162842,0.03200000151991844
ZTF25aafpopa,1,1415,60722.14986110013,60722.14986110013,False,False,1,,,,,60722.14986110013,60722.14986110013,0.0,75.2985172,-16.0144077,0.0676243379712104,0.0649999976158142,bogus,stamp_classifier,0.9531593,26.0.1,bogus,2.968149863315015e+18,F:\ZTF_Adjusted_Dataset\stamps\bogus\ZTF25aafpopa,,1.0,g,16.348915100097656,0.13835527002811432,0.0,0.0022499999031424522,0.5,21.528661727905273,22.000106811523438,22.630252838134766,0.03799999877810478,6.809999942779541,t,1.0,1415.0,0.4650000035762787,-0.14399999380111694
ZTF24abhbblc,1,929,60564.34922449989,60564.34922449989,False,False,1,,,,,60564.34922449989,60564.34922449989,0.0,325.6141144,-17.8941476,0.0893208235502243,0.0850000008940696,bogus,stamp_classifier,0.9531451,24.5.2a6,bogus,2.810349222415015e+18,F:\ZTF_Adjusted_Dataset\stamps\bogus\ZTF24abhbblc,,2.0,r,19.977083206176758,0.1847710758447647,0.6942499876022339,-999.0,-999.0,13.364171981811523,-999.0,-999.0,0.09700000286102295,4.449999809265137,t,1.0,929.0,0.8370000123977661,0.11999999731779099
ZTF25aawtuap,1,2391,60848.45820599981,60848.45820599981,False,False,1,,,,,60848.45820599981,60848.45820599981,0.0,353.6869116,-6.2390453,0.0855064466595649,0.0850000008940696,bogus,stamp_classifier,0.9531129,27.5.6,bogus,3.094458204915015e+18,F:\ZTF_Adjusted_Dataset\stamps\bogus\ZTF25aawtuap,,2.0,r,17.184898376464844,0.09137500077486038,0.05691070109605789,0.9979169964790344,0.0012499999720603228,12.920891761779785,14.09257984161377,14.588337898254395,0.0820000022649765,6.71999979019165,t,1.0,2391.0,0.5809999704360962,-0.36399999260902405
ZTF22abfhsec,37,2443,58431.23702549981,61054.18876159983,True,False,15,,,,,59826.43982640002,61054.18876159983,1227.7489351998083,40.35740103394564,-19.087517243134357,0.0221967658295103,0.020976391720554,bogus,stamp_classifier,0.95309514,27.5.7a32.dev1,bogus,2.07243982131501e+18,F:\ZTF_Adjusted_Dataset\stamps\bogus\ZTF22abfhsec,,2.0,r,19.35389518737793,0.19363079965114594,0.08730950206518173,0.002083329949527979,0.5,0.48618602752685547,19.360980987548828,20.174640655517578,0.746999979019165,1.9900000095367432,f,5.0,1246.0,7.150000095367432,0.7409999966621399
ZTF26aaajfbg,1,2193,61051.32699069986,61051.32699069986,False,False,1,,,,,61051.32699069986,61051.32699069986,0.0,100.1224039,-20.6590954,0.090841457247734,0.0850000008940696,bogus,stamp_classifier,0.9530943,27.5.7a32.dev1,bogus,3.297326991115015e+18,F:\ZTF_Adjusted_Dataset\stamps\bogus\ZTF26aaajfbg,,2.0,r,18.17707061767578,0.15408620238304138,0.5898870229721069,0.09149999916553497,0.9292439818382263,4.407646656036377,6.029807090759277,6.570243835449219,0.6179999709129333,2.942021608352661,t,1.0,2193.0,5.71999979019165,0.25699999928474426
ZTF24ablkvdt,1,946,60591.41788189998,60591.41788189998,False,False,1,,,,,60591.41788189998,60591.41788189998,0.0,79.4210376,-18.6784585,0.0686138421297073,0.0649999976158142,bogus,stamp_classifier,0.95308757,24.5.2a6,bogus,2.837417882715015e+18,F:\ZTF_Adjusted_Dataset\stamps\bogus\ZTF24ablkvdt,,1.0,g,19.39145851135254,0.20008094608783722,0.9439169764518738,0.7061870098114014,0.5,24.528825759887695,26.96068572998047,27.876794815063477,0.10199999809265137,4.510000228881836,t,1.0,946.0,0.6389999985694885,-0.1809999942779541
ZTF25acfcows,1,825,61007.25265049981,61007.25265049981,False,False,1,,,,,61007.25265049981,61007.25265049981,0.0,23.8766866,-26.646895,0.0951009094715118,0.0850000008940696,bogus,stamp_classifier,0.9530759,27.5.7a32.dev1,bogus,3.253252650515015e+18,F:\ZTF_Adjusted_Dataset\stamps\bogus\ZTF25acfcows,,2.0,r,18.7607364654541,0.21487675607204437,-999.0,-999.0,-999.0,-999.0,-999.0,-999.0,0.9490000009536743,5.340000152587891,t,1.0,825.0,0.8460000157356262,0.05299999937415123
ZTF25abmxvdd,1,1402,60916.41760420008,60916.41760420008,False,False,1,,,,,60916.41760420008,60916.41760420008,0.0,19.6276065,-22.668145,0.0921157076954841,0.0850000008940696,bogus,stamp_classifier,0.95305854,27.5.6,bogus,3.162417604515015e+18,F:\ZTF_Adjusted_Dataset\stamps\bogus\ZTF25abmxvdd,,2.0,r,18.909374237060547,0.21204636991024017,-999.0,-999.0,-999.0,-999.0,-999.0,-999.0,0.9700000286102295,1.3166717290878296,t,1.0,1402.0,0.8029999732971191,0.017000000923871994
ZTF24aadoxwr,1,744,60338.30140049989,60338.30140049989,False,False,1,,,,,60338.30140049989,60338.30140049989,0.0,126.610418,-27.1981224,0.0955666750669479,0.0850000008940696,bogus,stamp_classifier,0.95304435,23.12.25,bogus,2.58430140111501e+18,F:\ZTF_Adjusted_Dataset\stamps\bogus\ZTF24aadoxwr,,2.0,r,17.993316650390625,0.21385830640792847,0.7915300130844116,0.8914639949798584,0.9712079763412476,11.80500602722168,14.101317405700684,14.842674255371094,0.9990000128746033,5.110000133514404,f,1.0,744.0,0.4490000009536743,-0.5429999828338623
ZTF22aajlufu,16,2047,58801.10335650016,59708.383807899896,False,False,2,,,,,59689.44370369986,59708.383807899896,18.94010420003906,298.7230425,3.19421825,0.0001463711036978,5.868986283977858e-06,bogus,stamp_classifier,0.9530419,correction_1.0.6,bogus,1.95438380191501e+18,F:\ZTF_Adjusted_Dataset\stamps\bogus\ZTF22aajlufu,,2.0,r,18.673095703125,0.12802520394325256,0.9488450288772583,0.9090420007705688,0.9695829749107361,3.601844072341919,7.878694534301758,9.076395034790039,0.6930000185966492,6.119999885559082,f,16.0,2047.0,0.9269999861717224,0.05400000140070915
ZTF24abybyrv,3,1293,59205.37502310006,60661.27734949999,False,False,1,,,,,60661.27734949999,60661.27734949999,0.0,108.6433214,-9.5444459,0.0659124106168747,0.0649999976158142,bogus,stamp_classifier,0.9530345,26.0.1,bogus,2.907277344715015e+18,F:\ZTF_Adjusted_Dataset\stamps\bogus\ZTF24abybyrv,,1.0,g,16.19884490966797,0.10108587890863419,0.801181972026825,1.0,0.9932140111923218,3.827139377593994,5.0104217529296875,5.120602130889893,0.7160000205039978,2.4960591793060303,t,3.0,1293.0,0.11100000143051147,0.0020000000949949026
ZTF22abhvfmv,1,812,59846.5,59846.5,False,False,1,,,,,59846.45993060013,59846.45993060013,0.0,64.1390625,-20.8868685,,,bogus,stamp_classifier,0.953028,dev,bogus,2.092459936115015e+18,F:\ZTF_Adjusted_Dataset\stamps\bogus\ZTF22abhvfmv,,2.0,r,19.563655853271484,0.20676621794700623,-999.0,-999.0,-999.0,-999.0,-999.0,-999.0,0.9750000238418579,1.75,t,1.0,812.0,0.38100001215934753,0.18000000715255737
ZTF22abuhdcz,65,2606,58699.37189809978,60879.37643520022,False,False,12,0.7050133,,0.52745295,,59871.18481480004,60879.37643520022,1008.1916204001756,315.4200872568822,-19.516069411813643,0.0246171259025739,0.0232028190024743,bogus,stamp_classifier,0.9530272,27.5.6,bogus,2.14611060131501e+18,F:\ZTF_Adjusted_Dataset\stamps\bogus\ZTF22abuhdcz,,2.0,r,19.0325870513916,0.21144874393939972,0.9987499713897705,0.9629579782485962,0.9950000047683716,3.8703818321228027,19.692646026611328,21.087739944458008,0.5519999861717224,6.320000171661377,f,24.0,1423.0,1.9240000247955322,0.21699999272823334
ZTF18accpbtx,1,457,58426.12356479978,58426.12356479978,True,False,1,,,,,58426.12356479978,58426.12356479978,0.0,319.3987083,58.3563021,,,bogus,stamp_classifier,0.95302004,corr_bulk_0.0.1,bogus,6.7212356031501e+17,F:\ZTF_Adjusted_Dataset\stamps\bogus\ZTF18accpbtx,,2.0,r,14.976881980895996,0.20795990526676178,0.7908329963684082,0.5300899744033813,0.9757500290870667,1.6389477252960205,3.957791566848755,7.196745872497559,0.9990000128746033,3.930000066757202,f,1.0,457.0,7.038000106811523,0.8669999837875366
ZTF25acdbeyg,1,1126,60986.33451389987,60986.33451389987,False,False,1,,,,,60986.33451389987,60986.33451389987,0.0,41.69911549999999,-15.3494887,0.0881441757082939,0.0850000008940696,bogus,stamp_classifier,0.9530185,27.5.7a32.dev1,bogus,3.232334514415015e+18,F:\ZTF_Adjusted_Dataset\stamps\bogus\ZTF25acdbeyg,,2.0,r,18.891420364379883,0.20611953735351562,-999.0,-999.0,-999.0,-999.0,-999.0,-999.0,0.9990000128746033,1.75,t,1.0,1126.0,0.8100000023841858,0.057999998331069946
ZTF24abrcupv,1,1113,60621.48158559995,60621.48158559995,False,False,1,,,,,60621.48158559995,60621.48158559995,0.0,88.8628942,-21.3325393,0.0912521630525589,0.0850000008940696,bogus,stamp_classifier,0.9529995,25.0.0,bogus,2.867481585715015e+18,F:\ZTF_Adjusted_Dataset\stamps\bogus\ZTF24abrcupv,,2.0,r,18.156780242919922,0.15946415066719055,0.9665769934654236,0.9515420198440552,0.9161490201950073,4.861903190612793,9.11501693725586,10.165365219116211,0.01899999938905239,2.7449002265930176,t,1.0,1113.0,0.7300000190734863,0.007000000216066837
ZTF23abslovo,2,1519,59088.3609491,60288.16660880018,False,False,1,,,,,60288.16660880018,60288.16660880018,0.0,326.8129167,-3.3528346,0.0851457417011261,0.0850000008940696,bogus,stamp_classifier,0.9529995,23.12.20,bogus,2.534166602115015e+18,F:\ZTF_Adjusted_Dataset\stamps\bogus\ZTF23abslovo,,2.0,r,17.831945419311523,0.1732071191072464,0.9504579901695251,0.9892860054969788,0.5,2.9819343090057373,3.459625005722046,9.461087226867676,0.3959999978542328,3.2158589363098145,t,2.0,1519.0,0.3889999985694885,-0.02199999988079071
ZTF22abxbrcx,1,519,59908.5,59908.5,False,False,1,,,,,59908.48126159981,59908.48126159981,0.0,121.7775299,-27.373174,,,bogus,stamp_classifier,0.9529913,1.1.6,bogus,2.154481260215015e+18,F:\ZTF_Adjusted_Dataset\stamps\bogus\ZTF22abxbrcx,,2.0,r,17.371004104614258,0.15712665021419525,0.9231550097465515,0.9460830092430115,0.9418330192565918,5.308079242706299,8.224976539611816,9.347869873046875,0.39800000190734863,3.154391288757324,t,1.0,519.0,1.1759999990463257,-0.004000000189989805
ZTF23aapmyhb,70,2250,58372.27619209979,60905.31065970007,False,False,14,,,,,60113.43223380018,60905.31065970007,791.878425899893,318.8443219072953,38.02923214285714,0.0220541534977107,0.0173719800871071,bogus,stamp_classifier,0.9529817,27.5.6,bogus,2.3654364112150103e+18,F:\ZTF_Adjusted_Dataset\stamps\bogus\ZTF23aapmyhb,,1.0,g,19.98378562927246,0.20134301483631134,0.9895830154418945,0.9834579825401306,0.9108390212059021,3.327921152114868,3.6379826068878174,8.17962646484375,0.6819999814033508,1.3969651460647583,f,26.0,1828.0,0.5600000023841858,-0.017000000923871994
ZTF18adnuphl,3,922,58380.25,59793.5,False,False,2,,,,,59789.44309030008,59793.376921299845,3.9338309997692704,351.20630635,-14.0968118,0.0001221173411161,0.0003733523804671,bogus,stamp_classifier,0.9529344,dev,bogus,2.035443094815015e+18,F:\ZTF_Adjusted_Dataset\stamps\bogus\ZTF18adnuphl,,2.0,r,19.986928939819336,0.20943456888198853,0.0,0.5,0.02595829963684082,5.986423492431641,6.5263590812683105,7.355016231536865,0.04800000041723251,5.730000019073486,t,3.0,921.0,2.2709999084472656,0.13300000131130219
ZTF23abktiyc,1,843,60234.25,60234.25,False,False,1,,,,,60234.168831000105,60234.168831000105,0.0,335.7873086,-15.989423,,,bogus,stamp_classifier,0.95288795,1.2.1,bogus,2.480168833315015e+18,F:\ZTF_Adjusted_Dataset\stamps\bogus\ZTF23abktiyc,,1.0,g,16.681819915771484,0.14045193791389465,0.9779379963874817,0.9962499737739563,0.9675769805908203,15.138707160949707,18.975358963012695,20.94228172302246,0.03700000047683716,4.889999866485596,t,1.0,843.0,0.9169999957084656,-0.36399999260902405
ZTF18adawock,15,1661,58480.25,59908.5,False,False,1,,,,,59908.48126159981,59908.48126159981,0.0,115.9811988,-27.8600382,,,bogus,stamp_classifier,0.95286435,1.1.6,bogus,2.1544812614150152e+18,F:\ZTF_Adjusted_Dataset\stamps\bogus\ZTF18adawock,,2.0,r,17.23242950439453,0.17351964116096497,0.9508870244026184,0.8982499837875366,0.8808689713478088,3.337146759033203,3.5238845348358154,5.999448776245117,0.46399998664855957,3.166879892349243,t,15.0,1661.0,1.2319999933242798,0.004999999888241291
ZTF19adbgikd,1,693,58839.10008100001,58839.10008100001,False,False,1,,,,,58839.10008100001,58839.10008100001,0.0,351.3562388,58.8490174,,,bogus,stamp_classifier,0.9528605,corr_bulk_0.0.1,bogus,1.08510008101501e+18,F:\ZTF_Adjusted_Dataset\stamps\bogus\ZTF19adbgikd,,2.0,r,13.47070598602295,0.15647542476654053,0.8023750185966492,0.8911250233650208,0.9952499866485596,12.484601974487305,15.690814018249512,16.53192710876465,0.9789999723434448,1.399223804473877,f,1.0,693.0,1.0529999732971191,-0.12300000339746475
ZTF23abdqqmh,5,1426,59760.44625000004,60586.32434030017,True,False,1,,,,,60586.32434030017,60586.32434030017,0.0,7.2105165,-7.5943595,0.0857521668076515,0.0850000008940696,bogus,stamp_classifier,0.9528141,24.5.2a6,bogus,2.83232434501501e+18,F:\ZTF_Adjusted_Dataset\stamps\bogus\ZTF23abdqqmh,,2.0,r,20.98304557800293,0.18263214826583862,0.03870829939842224,0.0041666701436042786,0.5,1.1371392011642456,14.65538215637207,14.979248046875,0.9679999947547913,1.2208501100540161,f,5.0,1426.0,7.789999961853027,0.4569999873638153
ZTF22ablmojf,1,492,59858.5,59858.5,False,False,1,,,,,59858.43918980006,59858.43918980006,0.0,56.1047577,-23.5051167,,,bogus,stamp_classifier,0.95279706,dev,bogus,2.104439183515015e+18,F:\ZTF_Adjusted_Dataset\stamps\bogus\ZTF22ablmojf,,1.0,g,19.31458854675293,0.20820990204811096,0.0,0.0,0.18695800006389618,14.126845359802246,16.867908477783203,18.560325622558594,0.03400000184774399,6.090000152587891,t,1.0,492.0,1.4869999885559082,-0.05000000074505806
ZTF23aaaueco,1,1242,59967.25,59967.25,False,False,1,,,,,59967.27437500004,59967.27437500004,0.0,105.0424344,-3.7135389,,,bogus,stamp_classifier,0.95279455,1.1.6,bogus,2.213274373115015e+18,F:\ZTF_Adjusted_Dataset\stamps\bogus\ZTF23aaaueco,,2.0,r,17.333141326904297,0.11024404317140579,0.9800000190734863,0.890923023223877,0.7349349856376648,4.670795917510986,7.835564136505127,9.048656463623047,0.5789999961853027,3.029799222946167,t,1.0,1242.0,0.30300000309944153,-0.008999999612569809
ZTF22abygipn,1,970,59914.5,59914.5,False,False,1,,,,,59914.46297449991,59914.46297449991,0.0,130.4881511,-24.6010183,,,bogus,stamp_classifier,0.95277095,1.1.6,bogus,2.160462971615015e+18,F:\ZTF_Adjusted_Dataset\stamps\bogus\ZTF22abygipn,,1.0,g,19.379436492919922,0.18813775479793549,1.0,0.5,0.7361760139465332,11.761931419372559,14.12786865234375,21.501651763916016,0.01600000075995922,6.349999904632568,t,1.0,970.0,0.8180000185966492,-0.01600000075995922
ZTF25accsvsn,1,868,60983.293854199816,60983.293854199816,False,False,1,,,,,60983.293854199816,60983.293854199816,0.0,36.5025572,-24.0523173,0.0930819660425186,0.0850000008940696,bogus,stamp_classifier,0.9527599,27.5.7a32.dev1,bogus,3.229293854215015e+18,F:\ZTF_Adjusted_Dataset\stamps\bogus\ZTF25accsvsn,,2.0,r,18.69976234436035,0.20068670809268951,-999.0,-999.0,-999.0,-999.0,-999.0,-999.0,1.0,1.1639115810394287,t,1.0,868.0,0.7229999899864197,0.08299999684095383
ZTF26aaagcja,1,1571,61051.18927079998,61051.18927079998,False,False,1,,,,,61051.18927079998,61051.18927079998,0.0,64.9473766,-16.2262107,0.0676966309547424,0.0649999976158142,bogus,stamp_classifier,0.9527477,27.5.7a32.dev1,bogus,3.297189274315015e+18,F:\ZTF_Adjusted_Dataset\stamps\bogus\ZTF26aaagcja,,1.0,g,16.651304244995117,0.07082732766866684,0.5,-999.0,-999.0,7.689212799072266,-999.0,-999.0,0.08900000154972076,5.929999828338623,t,1.0,1571.0,1.3049999475479126,-0.28600001335144043
ZTF21acnocow,1,914,59526.25373840006,59526.25373840006,False,False,1,,,,,59526.25373840006,59526.25373840006,0.0,19.3791453,-20.3719134,,,bogus,stamp_classifier,0.9527449,correction_1.0.6,bogus,1.772253731415015e+18,F:\ZTF_Adjusted_Dataset\stamps\bogus\ZTF21acnocow,,2.0,r,19.647350311279297,0.21203429996967316,-999.0,-999.0,-999.0,-999.0,-999.0,-999.0,0.9509999752044678,2.240000009536743,t,1.0,914.0,0.3440000116825104,0.08100000023841858
ZTF25accffhk,1,1599,60980.43814809993,60980.43814809993,False,False,1,,,,,60980.43814809993,60980.43814809993,0.0,78.6634022,-27.5099131,0.0732864290475845,0.0649999976158142,bogus,stamp_classifier,0.952722,27.5.7a32.dev1,bogus,3.226438140315015e+18,F:\ZTF_Adjusted_Dataset\stamps\bogus\ZTF25accffhk,,1.0,g,18.58100700378418,0.18963073194026947,-999.0,-999.0,-999.0,-999.0,-999.0,-999.0,0.9789999723434448,2.2300000190734863,t,1.0,1599.0,0.4050000011920929,0.3400000035762787
ZTF23abhyivu,8,1444,58380.35562499985,61053.12502310006,False,False,1,,,,,61053.12502310006,61053.12502310006,0.0,28.2525508,-13.7383138,0.0669143870472908,0.0649999976158142,bogus,stamp_classifier,0.9527176,27.5.7a32.dev1,bogus,3.29912502571501e+18,F:\ZTF_Adjusted_Dataset\stamps\bogus\ZTF23abhyivu,,1.0,g,17.5259952545166,0.12926225364208221,0.5,0.5,0.5,2.0385546684265137,3.0135464668273926,4.860307693481445,0.796999990940094,2.100339651107788,f,8.0,1444.0,9.529999732971191,1.0570000410079956
ZTF22abserhq,1,825,59883.25,59883.25,False,False,1,,,,,59883.29574069986,59883.29574069986,0.0,359.5693694,-12.054295,,,bogus,stamp_classifier,0.952695,1.1.6,bogus,2.129295740415015e+18,F:\ZTF_Adjusted_Dataset\stamps\bogus\ZTF22abserhq,,2.0,r,17.462556838989258,0.11449338495731354,0.9835829734802246,0.9518629908561707,0.7635830044746399,14.62057113647461,14.796278953552246,25.134897232055664,0.07699999958276749,3.6700000762939453,t,1.0,825.0,0.800000011920929,-0.09200000017881393
ZTF26aabkucn,1,1434,61055.57116900012,61055.57116900012,False,False,1,,,,,61055.57116900012,61055.57116900012,0.0,260.0686999,-12.823063299999998,0.087174117565155,0.0850000008940696,bogus,stamp_classifier,0.9526792,27.5.7a32.dev1,bogus,3.301571160615015e+18,F:\ZTF_Adjusted_Dataset\stamps\bogus\ZTF26aabkucn,,2.0,r,16.206417083740234,0.08602266758680344,0.027648799121379852,0.9991670250892639,0.5154460072517395,4.291554927825928,4.707306861877441,8.134742736816406,0.01899999938905239,3.042280435562134,t,1.0,1434.0,2.9660000801086426,0.3619999885559082
ZTF21acewyuo,1,940,59488.33509259997,59488.33509259997,False,False,1,,,,,59488.33509259997,59488.33509259997,0.0,26.2713661,-17.5375575,,,bogus,stamp_classifier,0.95267844,correction_1.0.6,bogus,1.734335091615015e+18,F:\ZTF_Adjusted_Dataset\stamps\bogus\ZTF21acewyuo,,2.0,r,19.135616302490234,0.2006906419992447,-999.0,-999.0,-999.0,-999.0,-999.0,-999.0,1.0,1.7899999618530273,t,1.0,940.0,0.3799999952316284,-0.012000000104308128
ZTF25acjuecx,1,951,61030.207870400045,61030.207870400045,False,False,1,,,,,61030.207870400045,61030.207870400045,0.0,55.6845343,-23.6794988,0.0709757059812545,0.0649999976158142,bogus,stamp_classifier,0.9526418,27.5.7a32.dev1,bogus,3.276207873415015e+18,F:\ZTF_Adjusted_Dataset\stamps\bogus\ZTF25acjuecx,,1.0,g,19.693449020385742,0.2062777876853943,-999.0,-999.0,-999.0,-999.0,-999.0,-999.0,0.9700000286102295,2.0199999809265137,t,1.0,951.0,0.6019999980926514,-0.08699999749660492
ZTF22abukahm,1,868,59900.25,59900.25,False,False,1,,,,,59900.36687499983,59900.36687499983,0.0,64.1279625,-24.6504013,,,bogus,stamp_classifier,0.95263374,1.1.6,bogus,2.146366872915015e+18,F:\ZTF_Adjusted_Dataset\stamps\bogus\ZTF22abukahm,,2.0,r,17.263883590698242,0.12373682111501694,0.993166983127594,0.5,0.01933329924941063,4.827826976776123,6.989607810974121,9.050691604614258,0.578000009059906,2.9538047313690186,t,1.0,868.0,0.5920000076293945,-0.010999999940395355
ZTF23aaqyhes,1,665,60135.5,60135.5,False,False,1,,,,,60135.40060190018,60135.40060190018,0.0,350.5798021,-14.5275548,,,bogus,stamp_classifier,0.95263344,1.2.0,bogus,2.381400605115015e+18,F:\ZTF_Adjusted_Dataset\stamps\bogus\ZTF23aaqyhes,,1.0,g,16.108165740966797,0.12096652388572693,0.8533120155334473,0.8918750286102295,1.0,15.848066329956055,18.66080093383789,21.961225509643555,0.2759999930858612,6.150000095367432,t,1.0,665.0,0.6650000214576721,-0.10899999737739563
ZTF24aahrimw,1,1909,60392.14739579987,60392.14739579987,False,False,1,,,,,60392.14739579987,60392.14739579987,0.0,115.71892219999998,-24.8888238,0.0937025174498558,0.0850000008940696,bogus,stamp_classifier,0.9526198,23.12.25,bogus,2.63814739291501e+18,F:\ZTF_Adjusted_Dataset\stamps\bogus\ZTF24aahrimw,,2.0,r,17.382991790771484,0.13266946375370026,0.8426309823989868,0.9975000023841858,0.9772499799728394,1.7173473834991455,2.5010623931884766,3.0698325634002686,0.722000002861023,2.4558849334716797,f,1.0,1909.0,0.9269999861717224,0.0
ZTF25aabnwra,1,1277,60685.11646990013,60685.11646990013,False,False,1,,,,,60685.11646990013,60685.11646990013,0.0,353.6815631,-8.605842,0.0859678983688354,0.0850000008940696,bogus,stamp_classifier,0.95260453,26.0.1,bogus,2.931116463315015e+18,F:\ZTF_Adjusted_Dataset\stamps\bogus\ZTF25aabnwra,,2.0,r,16.693336486816406,0.06494878232479095,0.5,0.9966670274734497,0.0,21.515884399414062,21.773303985595703,26.649381637573242,0.07699999958276749,6.880000114440918,t,1.0,1277.0,1.4500000476837158,-0.1599999964237213
ZTF25abpzxci,1,1116,60929.313472200185,60929.313472200185,False,False,1,,,,,60929.313472200185,60929.313472200185,0.0,357.3052022,-19.1334849,0.0688007250428199,0.0649999976158142,bogus,stamp_classifier,0.95259494,27.5.6,bogus,3.175313470115015e+18,F:\ZTF_Adjusted_Dataset\stamps\bogus\ZTF25abpzxci,,1.0,g,16.949161529541016,0.21521064639091492,0.008333330042660236,0.0,0.06012500077486038,7.781240940093994,16.9366397857666,21.029897689819336,0.9710000157356262,1.4199999570846558,t,1.0,1116.0,1.3200000524520874,0.5410000085830688
ZTF24aaektcc,1,1866,60351.559456000105,60351.559456000105,False,False,1,,,,,60351.559456000105,60351.559456000105,0.0,285.8130433,3.0315685,0.0851191207766532,0.0850000008940696,bogus,stamp_classifier,0.9525721,23.12.25,bogus,2.597559455115015e+18,F:\ZTF_Adjusted_Dataset\stamps\bogus\ZTF24aaektcc,,2.0,r,17.819547653198242,0.17055170238018036,0.757207989692688,0.5,0.5,1.4480640888214111,2.121429920196533,3.902280330657959,0.5350000262260437,1.6179630756378174,t,1.0,1866.0,3.490999937057495,0.09799999743700027
ZTF24acabqnh,1,886,60674.443738400005,60674.443738400005,False,False,1,,,,,60674.443738400005,60674.443738400005,0.0,124.0543008,-27.687586300000003,0.0734053254127502,0.0649999976158142,bogus,stamp_classifier,0.95256776,26.0.1,bogus,2.920443731515015e+18,F:\ZTF_Adjusted_Dataset\stamps\bogus\ZTF24acabqnh,,1.0,g,18.296979904174805,0.14685824513435364,0.9642500281333923,0.8588330149650574,0.8034170269966125,3.0447118282318115,5.99933385848999,7.910745143890381,0.5609999895095825,2.4507365226745605,t,1.0,886.0,0.7839999794960022,-0.02199999988079071
ZTF25acaojqm,1,1117,60975.190497700125,60975.190497700125,False,False,1,,,,,60975.190497700125,60975.190497700125,0.0,26.1287395,-15.5774721,0.0882412567734718,0.0850000008940696,bogus,stamp_classifier,0.9525524,27.5.7a32.dev1,bogus,3.221190493215015e+18,F:\ZTF_Adjusted_Dataset\stamps\bogus\ZTF25acaojqm,,2.0,r,19.030200958251953,0.20957261323928833,-999.0,-999.0,-999.0,-999.0,-999.0,-999.0,0.9769999980926514,2.140000104904175,t,1.0,1117.0,0.6700000166893005,-0.07400000095367432
ZTF23aaanowg,1,568,59965.25,59965.25,False,False,1,,,,,59965.16891200002,59965.16891200002,0.0,56.2861015,-23.5348692,,,bogus,stamp_classifier,0.9525408,1.1.6,bogus,2.211168913515015e+18,F:\ZTF_Adjusted_Dataset\stamps\bogus\ZTF23aaanowg,,2.0,r,18.781082153320312,0.17027361690998077,0.9589170217514038,0.09630949795246124,0.04445140063762665,9.717860221862793,13.199444770812988,20.331146240234375,0.057999998331069946,6.809999942779541,t,1.0,568.0,0.6620000004768372,-0.09600000083446503
ZTF26aablzcn,1,716,61056.14185190015,61056.14185190015,False,False,1,,,,,61056.14185190015,61056.14185190015,0.0,37.0250669,-22.4883121,0.0703495517373085,0.0649999976158142,bogus,stamp_classifier,0.9525257,27.5.7a32.dev1,bogus,3.302141854115015e+18,F:\ZTF_Adjusted_Dataset\stamps\bogus\ZTF26aablzcn,,1.0,g,19.02638053894043,0.1992444097995758,-999.0,-999.0,-999.0,-999.0,-999.0,-999.0,0.9810000061988831,2.990000009536743,t,1.0,716.0,0.9309999942779541,0.08799999952316284
ZTF18abthaqw,32,1441,58359.48171300022,60358.13041670015,True,False,11,,,,,58397.39969909983,60358.13041670015,1960.7307176003235,39.4240624893334,1.9752815106803443,0.039188973214447,0.0391656861068334,bogus,stamp_classifier,0.9524954,1.1.6,bogus,6.433996908150106e+17,F:\ZTF_Adjusted_Dataset\stamps\bogus\ZTF18abthaqw,,2.0,r,16.058286666870117,0.014108703471720219,0.13991700112819672,0.2757979929447174,0.5,0.24562884867191315,0.847888171672821,1.1154948472976685,0.996999979019165,1.5572988986968994,f,3.0,106.0,6.455999851226807,0.6140000224113464
ZTF25aabihca,5,2410,58450.39598379983,61051.32651619986,False,False,2,,,,,60683.31467590016,61051.32651619986,368.0118402997032,103.53803604988816,-13.290793949999998,0.0617582196648792,0.0601040770330592,bogus,stamp_classifier,0.95247054,27.5.7a32.dev1,bogus,2.929314671115015e+18,F:\ZTF_Adjusted_Dataset\stamps\bogus\ZTF25aabihca,,2.0,r,16.860984802246094,0.13300266861915588,0.9886670112609863,0.7727919816970825,0.9668750166893005,4.4235663414001465,12.785581588745117,12.823203086853027,0.6740000247955322,3.14837908744812,t,2.0,2205.0,0.33000001311302185,-0.007000000216066837
ZTF25aciwtpv,1,1891,61027.57553240005,61027.57553240005,False,False,1,,,,,61027.57553240005,61027.57553240005,0.0,224.1801331,-18.8081919,0.0897947549819946,0.0850000008940696,bogus,stamp_classifier,0.95245516,27.5.7a32.dev1,bogus,3.273575533015015e+18,F:\ZTF_Adjusted_Dataset\stamps\bogus\ZTF25aciwtpv,,2.0,r,18.053068161010742,0.1890466809272766,0.5182920098304749,0.17079199850559235,-999.0,28.0716609954834,28.77887535095215,-999.0,1.0,6.599999904632568,t,1.0,1891.0,1.2130000591278076,-0.26600000262260437
ZTF25aalknej,2,373,60759.29038190004,60761.309652800206,False,False,2,,,,,60759.29038190004,60761.309652800206,2.01927090017125,168.28571484992125,-24.006283100000005,0.0503140621811469,0.0459619390912516,bogus,stamp_classifier,0.9524514,26.0.1,bogus,3.00730965471501e+18,F:\ZTF_Adjusted_Dataset\stamps\bogus\ZTF25aalknej,,1.0,g,19.218278884887695,0.17801836133003235,0.7488899827003479,0.03812500089406967,0.9765300154685974,5.997135162353516,20.712024688720703,22.32973289489746,0.019999999552965164,6.639999866485596,f,2.0,373.0,0.6539999842643738,-0.13899999856948853
ZTF25abbgjbs,4,1911,59731.35682869982,60870.25347220013,False,False,1,,,,,60870.25347220013,60870.25347220013,0.0,254.5651347,-26.646718799999995,0.0951007604598999,0.0850000008940696,bogus,stamp_classifier,0.9524242,27.5.6,bogus,3.11625347131501e+18,F:\ZTF_Adjusted_Dataset\stamps\bogus\ZTF25abbgjbs,,2.0,r,18.211002349853516,0.20017972588539124,0.5,0.9290000200271606,0.9904760122299194,2.418201446533203,3.236191749572754,3.4337565898895264,0.9039999842643738,1.6179630756378174,f,4.0,1911.0,0.3869999945163727,0.010999999940395355
ZTF23aavhhla,1,1625,60154.25,60154.25,False,False,1,,,,,60154.35204860009,60154.35204860009,0.0,354.5953145,-7.0730374,,,bogus,stamp_classifier,0.9524141,1.2.0,bogus,2.400352045115015e+18,F:\ZTF_Adjusted_Dataset\stamps\bogus\ZTF23aavhhla,,1.0,g,16.646074295043945,0.13310924172401428,0.17308300733566284,-999.0,-999.0,28.692123413085938,-999.0,-999.0,0.08500000089406967,4.619999885559082,t,1.0,1625.0,0.5849999785423279,-0.3140000104904175
ZTF24aadsuqi,1,770,60340.12667819997,60340.12667819997,False,False,1,,,,,60340.12667819997,60340.12667819997,0.0,53.7303588,-27.8944311,0.0735451281070709,0.0649999976158142,bogus,stamp_classifier,0.95240843,0.0.0,bogus,2.586126670615015e+18,F:\ZTF_Adjusted_Dataset\stamps\bogus\ZTF24aadsuqi,,1.0,g,18.97258186340332,0.17109175026416779,0.0,0.5,0.0041666701436042786,13.790179252624512,21.890031814575195,21.912818908691406,0.15700000524520874,6.079999923706055,t,1.0,770.0,0.7979999780654907,-0.1340000033378601
ZTF25acjfnfj,1,1108,61029.1270486,61029.1270486,False,False,1,,,,,61029.1270486,61029.1270486,0.0,358.3891796,-13.8288443,0.0875373482704162,0.0850000008940696,bogus,stamp_classifier,0.9524051,27.5.7a32.dev1,bogus,3.275127046115015e+18,F:\ZTF_Adjusted_Dataset\stamps\bogus\ZTF25acjfnfj,,2.0,r,18.717870712280273,0.1264394223690033,0.0,1.0,-999.0,14.959924697875977,22.670589447021484,-999.0,0.2549999952316284,5.940000057220459,t,1.0,1108.0,0.8349999785423279,-0.4059999883174896
ZTF23aaauhkc,2,1238,59967.25,59967.25,False,False,1,,,,,59967.27437500004,59967.27437500004,0.0,104.1213061,-5.5832795,,,bogus,stamp_classifier,0.9523905,1.1.6,bogus,2.213274371415015e+18,F:\ZTF_Adjusted_Dataset\stamps\bogus\ZTF23aaauhkc,,2.0,r,18.161962509155273,0.1571267545223236,0.9436730146408081,0.5,0.9800000190734863,4.744932174682617,5.749961853027344,10.01197338104248,0.4429999887943268,2.646501302719116,t,2.0,1238.0,0.48399999737739563,-0.007000000216066837
ZTF24abzqbkc,1,635,60672.37612270005,60672.37612270005,False,False,1,,,,,60672.37612270005,60672.37612270005,0.0,117.5707554,-25.5817969,0.0720645040273666,0.0649999976158142,bogus,stamp_classifier,0.95237625,26.0.1,bogus,2.918376122615015e+18,F:\ZTF_Adjusted_Dataset\stamps\bogus\ZTF24abzqbkc,,1.0,g,15.845804214477539,0.20824706554412842,0.9762499928474426,0.7398300170898438,0.8432919979095459,3.4832780361175537,4.809572696685791,7.025330066680908,0.9520000219345093,3.8499999046325684,t,1.0,635.0,0.7509999871253967,-0.014000000432133675
ZTF24abnkxfq,1,1298,60600.27355320007,60600.27355320007,False,False,1,,,,,60600.27355320007,60600.27355320007,0.0,355.5675178,-8.4357639,0.0657109320163726,0.0649999976158142,bogus,stamp_classifier,0.9523718,24.5.2a6,bogus,2.84627355441501e+18,F:\ZTF_Adjusted_Dataset\stamps\bogus\ZTF24abnkxfq,,1.0,g,18.06947898864746,0.13224118947982788,0.0,0.9023870229721069,0.0022916700690984726,5.440196514129639,6.788525581359863,12.356700897216797,0.9980000257492065,5.96999979019165,f,1.0,1298.0,1.1319999694824219,0.10899999737739563
ZTF25aampniy,1,401,60776.27351849992,60776.27351849992,False,False,1,,,,,60776.27351849992,60776.27351849992,0.0,169.9951908,-20.8125434,0.0695374682545661,0.0649999976158142,bogus,stamp_classifier,0.9523703,26.0.1,bogus,3.022273515615015e+18,F:\ZTF_Adjusted_Dataset\stamps\bogus\ZTF25aampniy,,1.0,g,18.270023345947266,0.21338900923728943,0.006562499795109034,-999.0,-999.0,27.964208602905273,-999.0,-999.0,0.9789999723434448,3.2799999713897705,t,1.0,401.0,1.159000039100647,2.0160000324249268
ZTF22abyghpk,1,654,59914.5,59914.5,False,False,1,,,,,59914.46061340021,59914.46061340021,0.0,106.622858,-24.849109,,,bogus,stamp_classifier,0.95235157,1.1.6,bogus,2.1604606120150152e+18,F:\ZTF_Adjusted_Dataset\stamps\bogus\ZTF22abyghpk,,1.0,g,19.482120513916016,0.1630251407623291,0.5,0.9830420017242432,0.9094340205192566,0.9697396159172058,12.047143936157227,13.230570793151855,0.07500000298023224,6.96999979019165,t,1.0,654.0,0.8899999856948853,-0.019999999552965164
ZTF23aahmvbh,1,239,60058.25,60058.25,False,False,1,,,,,60058.29460649984,60058.29460649984,0.0,179.0145932,-20.7103634,,,bogus,stamp_classifier,0.9523369,1.2.0,bogus,2.304294605215015e+18,F:\ZTF_Adjusted_Dataset\stamps\bogus\ZTF23aahmvbh,,1.0,g,18.101051330566406,0.20809444785118103,0.13942599296569824,0.1567080020904541,0.0,14.521151542663574,15.179652214050293,24.76575469970703,0.9779999852180481,2.509999990463257,t,1.0,239.0,1.2059999704360962,1.4950000047683716
ZTF24aaeizwh,2,638,59250.25195599999,60351.33843749994,False,False,1,,,,,60351.33843749994,60351.33843749994,0.0,119.1524017,-22.662531,0.0704385414719581,0.0649999976158142,bogus,stamp_classifier,0.95233005,23.12.25,bogus,2.597338434015015e+18,F:\ZTF_Adjusted_Dataset\stamps\bogus\ZTF24aaeizwh,,1.0,g,16.180667877197266,0.17724153399467468,1.0,0.9558330178260803,0.9482020139694214,4.0024824142456055,9.242165565490723,12.927864074707031,0.6650000214576721,2.437817335128784,t,2.0,638.0,0.36500000953674316,0.00800000037997961
ZTF22abspmyu,1,883,59887.25,59887.25,False,False,1,,,,,59887.29465280008,59887.29465280008,0.0,30.4512285,-20.5508351,,,bogus,stamp_classifier,0.95232284,1.1.6,bogus,2.133294650615015e+18,F:\ZTF_Adjusted_Dataset\stamps\bogus\ZTF22abspmyu,,2.0,r,16.580713272094727,0.21148277819156647,-999.0,-999.0,-999.0,-999.0,-999.0,-999.0,1.0,2.5299999713897705,t,1.0,883.0,0.6850000023841858,0.25600001215934753
ZTF22abwppji,1,891,59906.25,59906.25,False,False,1,,,,,59906.335486100055,59906.335486100055,0.0,87.8911064,-17.457456,,,bogus,stamp_classifier,0.9522757,1.1.6,bogus,2.152335482015015e+18,F:\ZTF_Adjusted_Dataset\stamps\bogus\ZTF22abwppji,,1.0,g,18.047439575195312,0.1398162692785263,0.516851007938385,0.0,0.0,16.12786102294922,22.737899780273438,25.774919509887695,0.0430000014603138,5.400000095367432,t,1.0,891.0,0.8709999918937683,-0.2800000011920929
ZTF19adbgbqe,1,454,58839.08185190009,58839.08185190009,False,False,1,,,,,58839.08185190009,58839.08185190009,0.0,332.4272926,65.8013815,,,bogus,stamp_classifier,0.95226747,corr_bulk_0.0.1,bogus,1.08508185111501e+18,F:\ZTF_Adjusted_Dataset\stamps\bogus\ZTF19adbgbqe,,2.0,r,14.13583755493164,0.20848019421100616,0.39054200053215027,0.9654369950294495,0.8806459903717041,3.7025930881500244,4.484557628631592,7.976316928863525,0.9549999833106995,1.6100000143051147,f,1.0,454.0,0.3499999940395355,-0.06499999761581421
ZTF23absidvs,1,1538,60287.35521990014,60287.35521990014,False,False,1,,,,,60287.35521990014,60287.35521990014,0.0,93.4716844,-22.5142404,0.0920128151774406,0.0850000008940696,bogus,stamp_classifier,0.95226324,23.12.18,bogus,2.533355214515015e+18,F:\ZTF_Adjusted_Dataset\stamps\bogus\ZTF23absidvs,,2.0,r,18.0607967376709,0.16430211067199707,0.9983329772949219,0.9991670250892639,0.9604169726371765,4.524922847747803,14.556998252868652,15.579620361328125,0.3840000033378601,2.9200000762939453,t,1.0,1538.0,0.24199999868869781,-0.0020000000949949026
ZTF22abtflgs,9,884,58431.25,59894.25,False,False,1,,,,,59894.33265049989,59894.33265049989,0.0,67.80602,-11.290732,,,bogus,stamp_classifier,0.95226014,1.1.6,bogus,2.14033265271501e+18,F:\ZTF_Adjusted_Dataset\stamps\bogus\ZTF22abtflgs,,2.0,r,18.709299087524414,0.14852888882160187,0.14288699626922607,0.5,0.5,1.461707353591919,3.520146131515503,4.74269962310791,0.7789999842643738,2.0867648124694824,f,9.0,884.0,5.441999912261963,0.5249999761581421
ZTF24aatsvtz,4,1260,59405.31604170008,60489.423472200055,False,False,2,,,,,60463.3372105998,60489.423472200055,26.08626160025597,291.7592706999543,-6.5844467,0.0462671217871389,0.0459619390912516,bogus,stamp_classifier,0.9522551,24.5.2a6,bogus,2.735423476115015e+18,F:\ZTF_Adjusted_Dataset\stamps\bogus\ZTF24aatsvtz,,1.0,g,18.461101531982422,0.17672394216060638,0.5,0.5,0.5887179970741272,4.199145793914795,4.367547988891602,4.721436977386475,0.3529999852180481,1.8484383821487427,t,4.0,1260.0,5.577000141143799,0.19900000095367432
ZTF24acalxgt,14,2319,58487.34488430014,61056.29254630022,False,False,1,,,,,61056.29254630022,61056.29254630022,0.0,115.5818404,-25.1426791,0.0938964486122131,0.0850000008940696,bogus,stamp_classifier,0.9522424,27.5.7a32.dev1,bogus,3.302292542915015e+18,F:\ZTF_Adjusted_Dataset\stamps\bogus\ZTF24acalxgt,,2.0,r,17.738727569580078,0.18068353831768036,1.0,0.5,0.996874988079071,2.3349664211273193,4.34592342376709,6.633262634277344,0.3659999966621399,1.8738884925842285,t,14.0,2319.0,0.8510000109672546,-0.006000000052154064
ZTF19aaewdxs,1,397,58510.19445599988,58510.19445599988,False,False,1,,,,,58510.19445599988,58510.19445599988,0.0,104.6925038,-14.1762165,,,bogus,stamp_classifier,0.95222694,corr_bulk_0.0.1,bogus,7.56194456215015e+17,F:\ZTF_Adjusted_Dataset\stamps\bogus\ZTF19aaewdxs,,1.0,g,18.369583129882812,0.16857151687145233,0.8404430150985718,0.9858329892158508,0.9506369829177856,6.006132125854492,12.238533973693848,17.152570724487305,0.08900000154972076,6.699999809265137,t,1.0,397.0,1.024999976158142,-0.02800000086426735
ZTF22abfspjy,1,678,59829.5,59829.5,False,False,1,,,,,59829.46034719981,59829.46034719981,0.0,50.4169834,-19.3632629,,,bogus,stamp_classifier,0.9522232,dev,bogus,2.075460340815015e+18,F:\ZTF_Adjusted_Dataset\stamps\bogus\ZTF22abfspjy,,2.0,r,19.8603515625,0.20927143096923828,-999.0,-999.0,-999.0,-999.0,-999.0,-999.0,0.984000027179718,1.5800000429153442,t,1.0,678.0,0.3529999852180481,-0.012000000104308128
ZTF18aazdlpk,1,109,58278.38531249994,58278.38531249994,False,False,1,,,,,58278.38531249994,58278.38531249994,0.0,269.9471087,45.9133224,,,bogus,stamp_classifier,0.95220816,corr_bulk_0.0.1,bogus,5.2438531311501504e+17,F:\ZTF_Adjusted_Dataset\stamps\bogus\ZTF18aazdlpk,,1.0,g,18.979087829589844,0.05672299116849899,0.9864580035209656,0.9843329787254333,0.9826459884643555,4.341944217681885,24.741361618041992,27.37944221496582,0.6100000143051147,1.3700000047683716,t,1.0,109.0,0.1469999998807907,0.0010000000474974513
ZTF25acfcpfu,1,807,61007.25265049981,61007.25265049981,False,False,1,,,,,61007.25265049981,61007.25265049981,0.0,19.9562537,-21.5277076,0.09137424826622,0.0850000008940696,bogus,stamp_classifier,0.9521892,27.5.7a32.dev1,bogus,3.253252656215015e+18,F:\ZTF_Adjusted_Dataset\stamps\bogus\ZTF25acfcpfu,,2.0,r,18.602136611938477,0.19486871361732483,-999.0,-999.0,-999.0,-999.0,-999.0,-999.0,0.9890000224113464,2.490000009536743,t,1.0,807.0,0.3269999921321869,0.04600000008940697
ZTF20aaicaaq,1,964,58873.337534700055,58873.337534700055,False,False,1,,,,,58873.337534700055,58873.337534700055,0.0,115.6508752,-23.975714,,,bogus,stamp_classifier,0.9521884,corr_bulk_0.0.1,bogus,1.119337533515015e+18,F:\ZTF_Adjusted_Dataset\stamps\bogus\ZTF20aaicaaq,,1.0,g,19.490026473999023,0.18050381541252136,0.5,0.9820830225944519,0.5747920274734497,1.375473141670227,5.094603061676025,9.162636756896973,0.06300000101327896,6.949999809265137,t,1.0,964.0,0.652999997138977,-0.00800000037997961
ZTF25aaufkos,1,1724,60834.46504630009,60834.46504630009,False,False,1,,,,,60834.46504630009,60834.46504630009,0.0,343.7182341,4.3030759,0.0852402821183204,0.0850000008940696,bogus,stamp_classifier,0.9521863,27.5.6,bogus,3.08046504241501e+18,F:\ZTF_Adjusted_Dataset\stamps\bogus\ZTF25aaufkos,,2.0,r,19.95356559753418,0.19767090678215027,0.010833299718797207,0.0024999999441206455,0.988457977771759,22.041128158569336,26.617450714111328,28.601808547973633,0.13500000536441803,4.480000019073486,f,1.0,1724.0,1.1369999647140503,0.01600000075995922
ZTF25aabwmce,2,1555,60502.216030099895,60689.564988399856,False,False,1,,,,,60689.564988399856,60689.564988399856,0.0,249.1681535,-20.6043355,0.0908087715506553,0.0850000008940696,bogus,stamp_classifier,0.95217514,26.0.1,bogus,2.935564980615015e+18,F:\ZTF_Adjusted_Dataset\stamps\bogus\ZTF25aabwmce,,2.0,r,17.293354034423828,0.1533685326576233,0.9625949859619141,0.5,0.7528330087661743,5.208992004394531,7.571471691131592,9.305523872375488,0.6679999828338623,3.2485876083374023,t,2.0,1555.0,0.4269999861717224,-0.02199999988079071
ZTF18acrtjxo,1,245,58450.32504629996,58450.32504629996,False,False,1,,,,,58450.32504629996,58450.32504629996,0.0,345.9004365,55.9966157,,,bogus,stamp_classifier,0.95213753,corr_bulk_0.0.1,bogus,6.9632504371501e+17,F:\ZTF_Adjusted_Dataset\stamps\bogus\ZTF18acrtjxo,,2.0,r,14.681877136230469,0.18213815987110138,0.9920830130577087,0.5,0.5,4.859707832336426,6.745331764221191,8.467130661010742,1.0,4.130000114440918,f,1.0,245.0,0.6119999885559082,-0.019999999552965164
ZTF26aaaeqby,1,1478,61050.45365739986,61050.45365739986,False,False,1,,,,,61050.45365739986,61050.45365739986,0.0,117.7619532,-16.1939313,0.0676855444908142,0.0649999976158142,bogus,stamp_classifier,0.95212543,27.5.7a32.dev1,bogus,3.296453653415015e+18,F:\ZTF_Adjusted_Dataset\stamps\bogus\ZTF26aaaeqby,,1.0,g,18.223228454589844,0.1562327742576599,0.5,0.46781298518180847,0.8585360050201416,1.520999550819397,1.5446428060531616,7.738017559051514,0.01899999938905239,2.8309824466705322,t,1.0,1478.0,1.027999997138977,0.00800000037997961
ZTF25accfsur,1,1024,60980.45883100014,60980.45883100014,False,False,1,,,,,60980.45883100014,60980.45883100014,0.0,103.6318438,-24.8175849,0.071613609790802,0.0649999976158142,bogus,stamp_classifier,0.95206124,27.5.7a32.dev1,bogus,3.226458832515015e+18,F:\ZTF_Adjusted_Dataset\stamps\bogus\ZTF25accfsur,,1.0,g,19.647987365722656,0.19556178152561188,0.8700420260429382,0.9966670274734497,0.8964580297470093,14.886914253234863,17.77740478515625,18.13442039489746,0.15600000321865082,5.400000095367432,t,1.0,1024.0,1.1269999742507935,-0.15399999916553497
ZTF19acblzkv,1,50,58756.41756939981,58756.41756939981,False,False,1,,,,,58756.41756939981,58756.41756939981,0.0,54.9099182,-26.8510152,,,bogus,stamp_classifier,0.95204043,corr_bulk_0.0.1,bogus,1.00241756041501e+18,F:\ZTF_Adjusted_Dataset\stamps\bogus\ZTF19acblzkv,,1.0,g,19.6065731048584,0.20685970783233643,0.0,0.5,-999.0,21.301908493041992,22.311132431030273,-999.0,0.38600000739097595,5.409999847412109,f,1.0,50.0,0.6679999828338623,-0.13500000536441803
ZTF25aaaquwd,1,601,60680.14835650008,60680.14835650008,False,False,1,,,,,60680.14835650008,60680.14835650008,0.0,28.5933595,-25.3167373,0.0719060227274894,0.0649999976158142,bogus,stamp_classifier,0.95203793,26.0.1,bogus,2.92614835311501e+18,F:\ZTF_Adjusted_Dataset\stamps\bogus\ZTF25aaaquwd,,1.0,g,18.364465713500977,0.20427705347537994,0.5,0.5,0.5,8.277950286865234,10.985579490661621,12.938331604003906,0.7620000243186951,5.019999980926514,f,1.0,601.0,0.9570000171661377,-0.3869999945163727
ZTF23aaofkhb,1,1644,60111.5,60111.5,False,False,1,,,,,60111.38804400014,60111.38804400014,0.0,287.7988361,52.0767658,,,bogus,stamp_classifier,0.9520308,1.2.0,bogus,2.357388041215015e+18,F:\ZTF_Adjusted_Dataset\stamps\bogus\ZTF23aaofkhb,,1.0,g,16.5156307220459,0.20241835713386536,0.8431670069694519,0.0,0.2610419988632202,4.73755407333374,17.122316360473633,18.178936004638672,0.052000001072883606,5.840000152587891,t,1.0,1644.0,0.9860000014305115,-0.33399999141693115
ZTF22abunauz,14,2277,58885.18878469989,61051.312905100174,False,False,8,,,,,59900.44337960007,61051.312905100174,1150.8695255001076,97.16915191890764,-16.37646315075206,0.0288653949443879,0.0276943223849495,bogus,stamp_classifier,0.951989,27.5.7a32.dev1,bogus,2.146443373515015e+18,F:\ZTF_Adjusted_Dataset\stamps\bogus\ZTF22abunauz,,1.0,g,17.524324417114258,0.19145779311656952,0.9347079992294312,0.9822260141372681,0.04845830053091049,2.9433531761169434,4.943236827850342,10.008370399475098,0.35100001096725464,2.5067896842956543,t,1.0,1233.0,0.6029999852180481,-0.017000000923871994
ZTF25aawmsck,1,1996,60847.35708330013,60847.35708330013,False,False,1,,,,,60847.35708330013,60847.35708330013,0.0,261.3686885,-27.7010255,0.0734143629670143,0.0649999976158142,bogus,stamp_classifier,0.95198625,27.5.6,bogus,3.093357081415015e+18,F:\ZTF_Adjusted_Dataset\stamps\bogus\ZTF25aawmsck,,1.0,g,16.532184600830078,0.07430858165025711,0.5,1.0,0.7014350295066833,2.0007734298706055,3.3227295875549316,3.7282655239105225,0.36899998784065247,2.7300000190734863,t,1.0,1996.0,1.968999981880188,0.06599999964237213
ZTF26aaodqzc,1,454,61120.39262730023,61120.39262730023,False,False,1,,,,,61120.39262730023,61120.39262730023,0.0,177.0793744,-20.9999488,0.0696244016289711,0.0649999976158142,bogus,stamp_classifier,0.9519862,27.5.7a32.dev1,bogus,3.366392625615015e+18,F:\ZTF_Adjusted_Dataset\stamps\bogus\ZTF26aaodqzc,,1.0,g,17.52076530456543,0.14876185357570648,0.027916699647903442,0.0043750000186264515,0.017291700467467308,19.479557037353516,21.831321716308594,24.90470314025879,0.9789999723434448,4.110000133514404,t,1.0,454.0,0.6060000061988831,1.4809999465942383
ZTF23abmmyzh,1,942,60238.5,60238.5,False,False,1,,,,,60238.37682869984,60238.37682869984,0.0,64.3275983,-20.4015467,,,bogus,stamp_classifier,0.9519834,1.2.1,bogus,2.484376821015015e+18,F:\ZTF_Adjusted_Dataset\stamps\bogus\ZTF23abmmyzh,,2.0,r,19.51775550842285,0.21046672761440277,-999.0,-999.0,-999.0,-999.0,-999.0,-999.0,0.9729999899864197,1.5299999713897705,t,1.0,942.0,0.5590000152587891,0.07900000363588333
ZTF23abahkox,244,988,58165.11870370014,60293.23712959979,False,False,16,-0.032276154,,0.020812035,,60182.42054399988,60293.23712959979,110.81658559991048,72.31376596686647,1.2131230529605563,0.0196708141896214,0.0196664049012835,bogus,stamp_classifier,0.9519703,1.2.0,bogus,2.43044907141501e+18,F:\ZTF_Adjusted_Dataset\stamps\bogus\ZTF23abahkox,,1.0,g,20.16452407836914,0.21627177298069,0.9420830011367798,0.18779200315475464,0.9635419845581055,4.569158554077148,4.954465389251709,14.039361000061035,0.527999997138977,4.610000133514404,f,210.0,833.0,0.375,-0.004999999888241291
ZTF18ackhxtl,6,1062,58431.21096060006,60682.08905090019,False,False,2,,,,,58435.25384260016,60682.08905090019,2246.8352083000354,351.85804638273936,-19.56564576178783,0.0547973461141992,0.0516332581488631,bogus,stamp_classifier,0.95196956,26.0.1,bogus,6.812538412150153e+17,F:\ZTF_Adjusted_Dataset\stamps\bogus\ZTF18ackhxtl,,2.0,r,17.990863800048828,0.13967174291610718,0.2001670002937317,0.5,0.09482140094041824,1.7464176416397095,3.4320268630981445,4.879809856414795,0.6340000033378601,3.25,t,2.0,77.0,3.989000082015991,0.2669999897480011
ZTF23abashoq,1,543,60187.5,60187.5,True,True,1,,,,,60187.47439809982,60187.47439809982,0.0,358.4083385,-22.8214202,,,bogus,stamp_classifier,0.9519591,1.2.0,bogus,2.43347439441501e+18,F:\ZTF_Adjusted_Dataset\stamps\bogus\ZTF23abashoq,,1.0,g,17.341747283935547,0.08225872367620468,0.0353332981467247,0.5,0.0012499999720603228,2.124371290206909,15.659887313842773,18.608320236206055,0.9829999804496765,5.340000152587891,f,1.0,543.0,0.7839999794960022,-0.06700000166893005
ZTF24acaegcf,1,1361,60675.23158559995,60675.23158559995,False,False,1,,,,,60675.23158559995,60675.23158559995,0.0,63.1157291,-19.3719822,0.0689008235931396,0.0649999976158142,bogus,stamp_classifier,0.95192665,26.0.1,bogus,2.921231581215015e+18,F:\ZTF_Adjusted_Dataset\stamps\bogus\ZTF24acaegcf,,1.0,g,18.05552864074707,0.1033761128783226,0.0041666701436042786,0.5,0.9730420112609863,18.020341873168945,22.12537956237793,26.894775390625,0.11400000005960464,3.950000047683716,t,1.0,1361.0,1.1690000295639038,-0.34599998593330383
ZTF23abpnkqr,1,560,60256.5,60256.5,False,False,1,,,,,60256.481307900045,60256.481307900045,0.0,122.0862805,-26.4732616,,,bogus,stamp_classifier,0.95192534,1.2.1,bogus,2.502481300115015e+18,F:\ZTF_Adjusted_Dataset\stamps\bogus\ZTF23abpnkqr,,2.0,r,17.13519859313965,0.1493363231420517,0.8707500100135803,0.5,0.8580629825592041,2.7778842449188232,4.142172813415527,7.914608001708984,0.6620000004768372,2.3359482288360596,t,1.0,560.0,0.7319999933242798,0.004000000189989805
ZTF25abhqgcc,1,2257,60894.42196760001,60894.42196760001,False,False,1,,,,,60894.42196760001,60894.42196760001,0.0,347.4159354,-11.3696472,0.0663011074066162,0.0649999976158142,bogus,stamp_classifier,0.951918,27.5.6,bogus,3.140421961915015e+18,F:\ZTF_Adjusted_Dataset\stamps\bogus\ZTF25abhqgcc,,1.0,g,16.83919334411621,0.13077780604362488,0.09822320193052292,0.994583010673523,-999.0,22.264137268066406,25.24286460876465,-999.0,0.367000013589859,5.619999885559082,t,1.0,2257.0,0.9679999947547913,0.09200000017881393
ZTF19adbgcis,1,283,58839.08278940013,58839.08278940013,False,False,1,,,,,58839.08278940013,58839.08278940013,0.0,346.8870593,79.2477797,,,bogus,stamp_classifier,0.9519098,corr_bulk_0.0.1,bogus,1.08508278591501e+18,F:\ZTF_Adjusted_Dataset\stamps\bogus\ZTF19adbgcis,,2.0,r,15.027589797973633,0.20729199051856995,0.6619700193405151,0.9442920088768005,0.9820420145988464,5.591642379760742,7.838316440582275,18.52362060546875,1.0,1.5162019729614258,f,1.0,283.0,0.9919999837875366,-0.10000000149011612
ZTF20aabrehk,1,137,58851.08239579992,58851.08239579992,False,False,1,,,,,58851.08239579992,58851.08239579992,0.0,359.7450499,-24.0121159,,,bogus,stamp_classifier,0.9518987,corr_bulk_0.0.1,bogus,1.0970823942150102e+18,F:\ZTF_Adjusted_Dataset\stamps\bogus\ZTF20aabrehk,,2.0,r,15.760665893554688,0.10144271701574326,0.996874988079071,0.9937499761581421,0.9948329925537109,4.318169593811035,5.941380977630615,6.407599449157715,0.968999981880188,1.4803727865219116,f,1.0,137.0,0.6740000247955322,-0.052000001072883606
ZTF26aaamqbd,1,1395,61052.18146990007,61052.18146990007,False,False,1,,,,,61052.18146990007,61052.18146990007,0.0,83.6016271,-17.5511089,0.0681735947728157,0.0649999976158142,bogus,stamp_classifier,0.9518688,27.5.7a32.dev1,bogus,3.29818146291501e+18,F:\ZTF_Adjusted_Dataset\stamps\bogus\ZTF26aaamqbd,,1.0,g,19.283321380615234,0.2145034521818161,0.9539170265197754,0.5,0.9869379997253418,3.126802682876587,7.231809616088867,8.107133865356445,0.6380000114440918,5.159999847412109,f,1.0,1395.0,0.6729999780654907,-0.0010000000474974513
ZTF19adbkgcd,1,314,58840.12043979997,58840.12043979997,False,False,1,,,,,58840.12043979997,58840.12043979997,0.0,339.9358418,73.054821,,,bogus,stamp_classifier,0.95184857,corr_bulk_0.0.1,bogus,1.08612043151501e+18,F:\ZTF_Adjusted_Dataset\stamps\bogus\ZTF19adbkgcd,,1.0,g,15.250521659851074,0.16991662979125977,0.9508209824562073,0.9737499952316284,0.02192859910428524,6.244505882263184,9.552587509155273,14.295787811279297,0.9369999766349792,1.6799999475479126,f,1.0,314.0,0.8230000138282776,-0.3970000147819519
ZTF19adbkcun,1,158,58840.09339120006,58840.09339120006,False,False,1,,,,,58840.09339120006,58840.09339120006,0.0,355.6367814,-26.4408367,,,bogus,stamp_classifier,0.9518361,corr_bulk_0.0.1,bogus,1.08609339041501e+18,F:\ZTF_Adjusted_Dataset\stamps\bogus\ZTF19adbkcun,,2.0,r,14.30081558227539,0.1072782576084137,0.5,0.5,0.5,2.7004482746124268,5.777129650115967,8.004068374633789,0.9779999852180481,1.850000023841858,f,1.0,158.0,0.47699999809265137,0.15700000524520874
ZTF25aabwqwz,4,1153,58838.12665509991,60690.1056597,False,False,1,,,,,60690.1056597,60690.1056597,0.0,16.9435876,-17.5066186,0.0681568756699562,0.0649999976158142,bogus,stamp_classifier,0.9518222,26.0.1,bogus,2.936105652015015e+18,F:\ZTF_Adjusted_Dataset\stamps\bogus\ZTF25aabwqwz,,1.0,g,18.71550941467285,0.17246413230895996,0.10670799762010574,0.5,0.27050599455833435,1.9028161764144897,5.084934234619141,5.720823764801025,0.4320000112056732,2.3426976203918457,t,4.0,1153.0,7.927000045776367,0.7329999804496765
ZTF25acfxvar,1,1081,61015.086458299775,61015.086458299775,False,False,1,,,,,61015.086458299775,61015.086458299775,0.0,359.8218127,-14.368829800000002,0.0670989677309989,0.0649999976158142,bogus,stamp_classifier,0.9518073,27.5.7a32.dev1,bogus,3.26108645581501e+18,F:\ZTF_Adjusted_Dataset\stamps\bogus\ZTF25acfxvar,,1.0,g,18.689350128173828,0.1584337055683136,0.0041666701436042786,0.9981250166893005,0.029999999329447746,1.5580614805221558,15.672261238098145,24.24736213684082,0.9819999933242798,4.570000171661377,f,1.0,1081.0,0.847000002861023,-0.21799999475479126
ZTF26aaauanw,2,1470,58876.31523150019,61053.37662040023,False,False,1,,,,,61053.37662040023,61053.37662040023,0.0,129.9904396,-27.7175335,0.0734254717826843,0.0649999976158142,bogus,stamp_classifier,0.9517913,27.5.7a32.dev1,bogus,3.29937662141501e+18,F:\ZTF_Adjusted_Dataset\stamps\bogus\ZTF26aaauanw,,1.0,g,18.126752853393555,0.16717199981212616,0.9777079820632935,0.9893929958343506,0.5978119969367981,2.9784181118011475,6.133049488067627,8.4263916015625,0.375,2.060112714767456,f,2.0,1470.0,0.3190000057220459,-0.004000000189989805
ZTF24abtrjga,1,1588,60637.299930599984,60637.299930599984,False,False,1,,,,,60637.299930599984,60637.299930599984,0.0,36.0075397,-20.5775314,0.0907928124070167,0.0850000008940696,bogus,stamp_classifier,0.95178443,25.0.0,bogus,2.883299936015015e+18,F:\ZTF_Adjusted_Dataset\stamps\bogus\ZTF24abtrjga,,2.0,r,18.861196517944336,0.14893604815006256,0.013124999590218067,-999.0,-999.0,29.727556228637695,-999.0,-999.0,0.03799999877810478,5.880000114440918,t,1.0,1588.0,0.8669999837875366,-0.23899999260902405
ZTF22abukgzi,1,425,59900.5,59900.5,False,False,1,,,,,59900.37619209988,59900.37619209988,0.0,82.9444927,-24.5563172,,,bogus,stamp_classifier,0.9517612,1.1.6,bogus,2.14637619211501e+18,F:\ZTF_Adjusted_Dataset\stamps\bogus\ZTF22abukgzi,,2.0,r,18.984760284423828,0.18843938410282135,0.9638209939002991,0.9407079815864563,0.0008333330042660236,3.068657875061035,10.1031494140625,12.621359825134277,0.9340000152587891,5.010000228881836,f,1.0,425.0,0.6209999918937683,0.004999999888241291
ZTF22abdubpl,1,449,59819.5,59819.5,True,False,1,,,,,59819.46116899978,59819.46116899978,0.0,3.6505575,-22.8901178,,,bogus,stamp_classifier,0.9517601,dev,bogus,2.06546116331501e+18,F:\ZTF_Adjusted_Dataset\stamps\bogus\ZTF22abdubpl,,2.0,r,20.093984603881836,0.1791197657585144,0.023958299309015274,0.5,0.002916669938713312,18.421289443969727,18.610952377319336,22.75129508972168,0.1080000028014183,6.21999979019165,f,1.0,449.0,3.5450000762939453,0.14300000667572021
ZTF24aaaleco,1,252,60314.5443519,60314.5443519,False,False,1,,,,,60314.5443519,60314.5443519,0.0,179.5833431,-21.1136024,0.0696775913238525,0.0649999976158142,bogus,stamp_classifier,0.95173496,0.0.0,bogus,2.56054435521501e+18,F:\ZTF_Adjusted_Dataset\stamps\bogus\ZTF24aaaleco,,1.0,g,18.366804122924805,0.15166638791561127,0.1201459988951683,-999.0,-999.0,26.312162399291992,-999.0,-999.0,0.9810000061988831,4.010000228881836,f,1.0,252.0,1.0110000371932983,1.8700000047683716
ZTF26aanaeeo,1,1695,61118.27815969987,61118.27815969987,False,False,1,,,,,61118.27815969987,61118.27815969987,0.0,146.0426544,9.6736238,0.0101442420855164,0.0099999997764825,bogus,stamp_classifier,0.9517053,27.5.7a32.dev1,bogus,3.364278150015015e+18,F:\ZTF_Adjusted_Dataset\stamps\bogus\ZTF26aanaeeo,,3.0,i,18.894275665283203,0.1623363494873047,0.010874999687075615,0.0024999999441206455,0.0,13.741823196411133,20.180559158325195,28.382694244384766,0.9670000076293945,2.7699999809265137,t,1.0,1695.0,0.6639999747276306,1.1050000190734863
ZTF26aaarwrp,3,2082,59076.42466440005,61053.18968749978,False,False,1,,,,,61053.18968749978,61053.18968749978,0.0,53.4158261,-5.0897079,0.0853364765644073,0.0850000008940696,bogus,stamp_classifier,0.95169944,27.5.7a32.dev1,bogus,3.299189680115015e+18,F:\ZTF_Adjusted_Dataset\stamps\bogus\ZTF26aaarwrp,,2.0,r,17.73578643798828,0.13731515407562256,0.2242259979248047,0.3116370141506195,-999.0,1.8820606470108032,14.849061965942383,-999.0,0.3479999899864197,2.4610228538513184,t,3.0,2082.0,5.85099983215332,0.4320000112056732
ZTF23abdfksx,15,1444,58670.45829859981,60585.272685199976,False,False,1,,,,,60585.272685199976,60585.272685199976,0.0,15.6032581,-11.4939639,0.0663302093744278,0.0649999976158142,bogus,stamp_classifier,0.9516935,24.5.2a6,bogus,2.83127268191501e+18,F:\ZTF_Adjusted_Dataset\stamps\bogus\ZTF23abdfksx,,1.0,g,21.26030158996582,0.19365334510803223,0.5,0.9991670250892639,0.5,10.468718528747559,13.902029037475586,17.25360107421875,0.9380000233650208,3.640000104904175,f,15.0,1444.0,0.7620000243186951,0.17800000309944153
ZTF25aaufgvh,1,1503,60834.461087999865,60834.461087999865,False,False,1,,,,,60834.461087999865,60834.461087999865,0.0,329.3989823,-10.3786172,0.0864138379693031,0.0850000008940696,bogus,stamp_classifier,0.9516703,27.5.6,bogus,3.08046108241501e+18,F:\ZTF_Adjusted_Dataset\stamps\bogus\ZTF25aaufgvh,,2.0,r,20.216026306152344,0.20918390154838562,0.1287499964237213,0.9910420179367065,0.01333330012857914,12.41528034210205,25.678325653076172,25.815378189086914,0.5529999732971191,4.909999847412109,f,1.0,1503.0,1.121000051498413,0.11999999731779099
ZTF18adoofub,59,1260,58278.41775459983,60887.340127300005,False,False,17,,,,,59815.27512730006,60887.340127300005,1072.064999999944,314.7146738581349,-10.699532057224202,0.0197777255237104,0.0194338758857987,bogus,stamp_classifier,0.9516682,27.5.6,bogus,2.07027418251501e+18,F:\ZTF_Adjusted_Dataset\stamps\bogus\ZTF18adoofub,,2.0,r,20.08012580871582,0.20429080724716187,0.5,0.12491700053215027,0.9695420265197754,1.3330979347229004,2.396501302719116,9.80626106262207,0.45899999141693115,1.3274202346801758,f,36.0,676.0,7.559000015258789,0.4259999990463257
ZTF26aaaizts,1,1989,61051.310069399886,61051.310069399886,False,False,1,,,,,61051.310069399886,61051.310069399886,0.0,96.6881932,9.0724091,0.086076833307743,0.0850000008940696,bogus,stamp_classifier,0.95166326,27.5.7a32.dev1,bogus,3.297310061315015e+18,F:\ZTF_Adjusted_Dataset\stamps\bogus\ZTF26aaaizts,,2.0,r,17.60009765625,0.10650067031383514,0.8569579720497131,0.9864169955253601,0.9787499904632568,2.6424853801727295,3.997612714767456,8.836760520935059,0.722000002861023,5.260000228881836,t,1.0,1989.0,6.189000129699707,0.10199999809265137
ZTF25abdhwkn,24,1155,58686.376307900064,60879.4193171002,True,False,1,,,,,60879.4193171002,60879.4193171002,0.0,334.3721553,-18.6291864,0.0685939267277717,0.0649999976158142,bogus,stamp_classifier,0.9516627,27.5.6,bogus,3.12541931231501e+18,F:\ZTF_Adjusted_Dataset\stamps\bogus\ZTF25abdhwkn,,1.0,g,19.74208641052246,0.18741567432880402,0.10537499934434891,0.34411001205444336,0.5,1.05441153049469,10.47046947479248,10.987051963806152,0.5889999866485596,1.8722026348114014,f,24.0,1155.0,4.97599983215332,0.35499998927116394
ZTF24abzqnif,1,2245,60673.0917014,60673.0917014,False,False,1,,,,,60673.0917014,60673.0917014,0.0,354.5924523,-11.4505233,0.06632000207901,0.0649999976158142,bogus,stamp_classifier,0.9516514,26.0.1,bogus,2.919091701915015e+18,F:\ZTF_Adjusted_Dataset\stamps\bogus\ZTF24abzqnif,,1.0,g,16.10569953918457,0.07079184055328369,0.014083299785852432,-999.0,-999.0,15.891063690185547,-999.0,-999.0,0.210999995470047,6.760000228881836,t,1.0,2245.0,0.34599998593330383,-0.27000001072883606
ZTF21acovfvp,1,556,59530.4400231,59530.4400231,False,False,1,,,,,59530.4400231,59530.4400231,0.0,96.9556335,-27.7331293,,,bogus,stamp_classifier,0.9516504,correction_1.0.6,bogus,1.7764400211150152e+18,F:\ZTF_Adjusted_Dataset\stamps\bogus\ZTF21acovfvp,,2.0,r,17.68975830078125,0.14099009335041046,0.9870830178260803,0.05033329874277115,0.5,4.080837249755859,7.000205993652344,10.91869068145752,0.6439999938011169,2.807460308074951,t,1.0,556.0,0.8320000171661377,-0.024000000208616257
ZTF26aaajgwx,1,1355,61051.3255671002,61051.3255671002,False,False,1,,,,,61051.3255671002,61051.3255671002,0.0,109.9504707,-19.1606008,0.0899849608540535,0.0850000008940696,bogus,stamp_classifier,0.951645,27.5.7a32.dev1,bogus,3.297325560115015e+18,F:\ZTF_Adjusted_Dataset\stamps\bogus\ZTF26aaajgwx,,2.0,r,17.998849868774414,0.1595868617296219,0.5,1.0,0.988457977771759,4.144230365753174,7.391899108886719,9.805253028869629,0.01899999938905239,2.6873512268066406,t,1.0,1355.0,0.23600000143051147,-0.003000000026077032
ZTF23abhahmz,361,1585,58430.35987270018,61025.21434029983,True,False,20,,,,,60198.48480319977,61025.21434029983,826.7295371000655,76.06056447891895,-12.007242784434034,0.0155178526722181,0.0151783418509655,bogus,stamp_classifier,0.95163053,27.5.7a32.dev1,bogus,2.45945406051501e+18,F:\ZTF_Adjusted_Dataset\stamps\bogus\ZTF23abhahmz,,1.0,g,20.20953369140625,0.21126079559326172,0.9760419726371765,0.5,0.9923329949378967,6.102874279022217,7.497657299041748,7.974050998687744,0.8830000162124634,6.989999771118164,f,198.0,1019.0,2.51200008392334,-0.029999999329447746
ZTF23abnnftp,1,1585,60244.5,60244.5,False,False,1,,,,,60244.39829860022,60244.39829860022,0.0,97.4507051,-20.7340156,,,bogus,stamp_classifier,0.95161563,1.2.1,bogus,2.490398291415015e+18,F:\ZTF_Adjusted_Dataset\stamps\bogus\ZTF23abnnftp,,1.0,g,16.659526824951172,0.14288906753063202,0.47481000423431396,0.9275000095367432,0.5,2.683310031890869,3.869861125946045,4.484617233276367,0.6729999780654907,1.7456413507461548,t,1.0,1585.0,1.659000039100647,0.019999999552965164
ZTF26aabuggu,1,1384,61057.2322338,61057.2322338,False,False,1,,,,,61057.2322338,61057.2322338,0.0,64.3750719,-27.776479700000003,0.0960699096322059,0.0850000008940696,bogus,stamp_classifier,0.95158863,27.5.7a32.dev1,bogus,3.303232230315015e+18,F:\ZTF_Adjusted_Dataset\stamps\bogus\ZTF26aabuggu,,2.0,r,17.75891876220703,0.15272876620292664,0.5,0.9987499713897705,0.5,1.5905091762542725,2.6732871532440186,13.910024642944336,0.6779999732971191,2.4922611713409424,t,1.0,1384.0,0.46000000834465027,-0.0020000000949949026
ZTF20aanwlfr,1,527,58895.145671300124,58895.145671300124,False,False,1,,,,,58895.145671300124,58895.145671300124,0.0,86.4416874,-23.9456624,,,bogus,stamp_classifier,0.95158756,corr_bulk_0.0.1,bogus,1.141145673515015e+18,F:\ZTF_Adjusted_Dataset\stamps\bogus\ZTF20aanwlfr,,1.0,g,19.5556697845459,0.2116369754076004,0.234265998005867,0.9923509955406189,0.0,10.1967134475708,10.838560104370117,15.227991104125977,0.18700000643730164,6.480000019073486,t,1.0,527.0,0.20000000298023224,-0.0010000000474974513
ZTF21aalmlcf,1,913,59263.25184029993,59263.25184029993,False,False,1,,,,,59263.25184029993,59263.25184029993,0.0,123.2934047,-23.8444247,,,bogus,stamp_classifier,0.95157915,correction_0.0.1,bogus,1.5092518435150152e+18,F:\ZTF_Adjusted_Dataset\stamps\bogus\ZTF21aalmlcf,,1.0,g,17.943763732910156,0.19808995723724365,1.0,0.5,0.7066460251808167,4.391165256500244,4.588113784790039,5.325078964233398,0.4909999966621399,3.25,t,1.0,913.0,0.3700000047683716,0.0
ZTF25acjytse,1,814,61030.39813659992,61030.39813659992,False,False,1,,,,,61030.39813659992,61030.39813659992,0.0,93.616847,-12.7797026,0.087159126996994,0.0850000008940696,bogus,stamp_classifier,0.9515756,27.5.7a32.dev1,bogus,3.276398131415015e+18,F:\ZTF_Adjusted_Dataset\stamps\bogus\ZTF25acjytse,,2.0,r,18.77460289001465,0.21445247530937195,0.9018329977989197,0.9810420274734497,0.9979169964790344,2.18404483795166,4.14294958114624,4.675659656524658,0.8090000152587891,1.2936872243881226,t,1.0,814.0,4.368000030517578,0.5460000038146973
ZTF23abpnkzs,3,1742,59982.25,60256.5,False,False,1,,,,,60256.481307900045,60256.481307900045,0.0,115.4259955,-26.928895,,,bogus,stamp_classifier,0.95157385,1.2.1,bogus,2.50248130131501e+18,F:\ZTF_Adjusted_Dataset\stamps\bogus\ZTF23abpnkzs,,2.0,r,17.225996017456055,0.15404371917247772,0.9905949831008911,0.9762499928474426,0.8307740092277527,3.732093334197998,11.219215393066406,11.479110717773438,0.01899999938905239,2.3237500190734863,f,3.0,1742.0,0.824999988079071,0.0010000000474974513
ZTF25acctxgi,1,906,60983.41349539999,60983.41349539999,False,False,1,,,,,60983.41349539999,60983.41349539999,0.0,61.7130835,-23.1176882,0.0924214050173759,0.0850000008940696,bogus,stamp_classifier,0.95155907,27.5.7a32.dev1,bogus,3.229413493615015e+18,F:\ZTF_Adjusted_Dataset\stamps\bogus\ZTF25acctxgi,,2.0,r,19.426700592041016,0.21684719622135162,-999.0,-999.0,-999.0,-999.0,-999.0,-999.0,0.9779999852180481,1.4199999570846558,t,1.0,906.0,0.4129999876022339,-0.02199999988079071
ZTF26aaajlin,1,835,61051.35599539988,61051.35599539988,False,False,1,,,,,61051.35599539988,61051.35599539988,0.0,120.7296616,-27.7793295,0.0734671503305435,0.0649999976158142,bogus,stamp_classifier,0.9515551,27.5.7a32.dev1,bogus,3.297355990715015e+18,F:\ZTF_Adjusted_Dataset\stamps\bogus\ZTF26aaajlin,,1.0,g,17.899747848510742,0.21675436198711395,0.9920830130577087,0.9868749976158142,0.9540830254554749,4.908661842346191,6.752180576324463,8.539626121520996,0.6439999938011169,2.8158836364746094,t,1.0,835.0,0.7049999833106995,-0.010999999940395355
ZTF24aaezpst,1,699,60353.39586810023,60353.39586810023,False,False,1,,,,,60353.39586810023,60353.39586810023,0.0,177.3133817,-20.6775819,0.0694754496216774,0.0649999976158142,bogus,stamp_classifier,0.951552,23.12.25,bogus,2.599395865615015e+18,F:\ZTF_Adjusted_Dataset\stamps\bogus\ZTF24aaezpst,,1.0,g,18.510616302490234,0.15830953419208527,0.9356610178947449,0.25174400210380554,0.5,15.632959365844727,23.078882217407227,23.86946678161621,0.9800000190734863,2.0999999046325684,t,1.0,699.0,0.6890000104904175,1.5859999656677246
ZTF25aauxllz,1,2118,60839.47405089997,60839.47405089997,False,False,1,,,,,60839.47405089997,60839.47405089997,0.0,32.2438726,19.3640485,0.0900966897606849,0.0850000008940696,bogus,stamp_classifier,0.9515218,27.5.6,bogus,3.085474050715015e+18,F:\ZTF_Adjusted_Dataset\stamps\bogus\ZTF25aauxllz,,2.0,r,14.65953540802002,0.21062497794628143,0.5,0.0035416700411587954,0.9715539813041687,15.516807556152344,16.401567459106445,19.654809951782227,0.9959999918937683,6.539999961853027,t,1.0,2118.0,5.163000106811523,0.6140000224113464
ZTF25aalgfpn,1,1577,60761.14745370019,60761.14745370019,False,False,1,,,,,60761.14745370019,60761.14745370019,0.0,111.8849956,-25.1115032,0.0717848464846611,0.0649999976158142,bogus,stamp_classifier,0.9515147,26.0.1,bogus,3.007147452415015e+18,F:\ZTF_Adjusted_Dataset\stamps\bogus\ZTF25aalgfpn,,1.0,g,19.475765228271484,0.17265689373016357,0.5517079830169678,0.9639580249786377,0.058797601610422134,4.87507438659668,5.443552017211914,9.791967391967773,0.09200000017881393,4.889999866485596,t,1.0,1577.0,0.7360000014305115,-0.10199999809265137
ZTF25aabvweu,1,1536,60689.31458330015,60689.31458330015,False,False,1,,,,,60689.31458330015,60689.31458330015,0.0,111.1731532,-24.5909213,0.0934782847762107,0.0850000008940696,bogus,stamp_classifier,0.95151395,26.0.1,bogus,2.935314582415015e+18,F:\ZTF_Adjusted_Dataset\stamps\bogus\ZTF25aabvweu,,2.0,r,16.779342651367188,0.1370004564523697,1.0,0.039017900824546814,0.9972919821739197,4.869699954986572,8.955333709716797,12.661270141601562,0.01899999938905239,3.2188034057617188,t,1.0,1536.0,0.3149999976158142,0.008999999612569809
ZTF22abxbjdi,1,1143,59908.5,59908.5,False,False,1,,,,,59908.43989579985,59908.43989579985,0.0,113.2908077,-22.1226972,,,bogus,stamp_classifier,0.95147717,1.1.6,bogus,2.1544398955150152e+18,F:\ZTF_Adjusted_Dataset\stamps\bogus\ZTF22abxbjdi,,1.0,g,18.265600204467773,0.14873021841049194,0.9964579939842224,0.9987499713897705,0.9261670112609863,3.4397740364074707,8.269216537475586,9.405753135681152,0.6439999938011169,2.7437496185302734,t,1.0,1143.0,0.8230000138282776,-0.013000000268220901
ZTF24aabpapc,1,1718,60321.28879630007,60321.28879630007,False,False,1,,,,,60321.28879630007,60321.28879630007,0.0,93.3936512,-23.3279776,0.0707865804433822,0.0649999976158142,bogus,stamp_classifier,0.9514671,23.12.25,bogus,2.567288794615015e+18,F:\ZTF_Adjusted_Dataset\stamps\bogus\ZTF24aabpapc,,1.0,g,18.216493606567383,0.1938171237707138,0.5,0.5,0.7907289862632751,3.9346446990966797,4.951718807220459,5.168057918548584,0.6579999923706055,2.3499999046325684,t,1.0,1718.0,0.367000013589859,0.0010000000474974513
ZTF26aaaujmj,1,832,61053.40277779987,61053.40277779987,False,False,1,,,,,61053.40277779987,61053.40277779987,0.0,168.1337383,-17.8831032,0.0682999119162559,0.0649999976158142,bogus,stamp_classifier,0.951445,27.5.7a32.dev1,bogus,3.29940277291501e+18,F:\ZTF_Adjusted_Dataset\stamps\bogus\ZTF26aaaujmj,,1.0,g,19.015823364257812,0.1705135703086853,-999.0,-999.0,-999.0,-999.0,-999.0,-999.0,0.5609999895095825,6.340000152587891,f,1.0,832.0,0.8700000047683716,-0.29100000858306885
ZTF25acjueaj,1,976,61030.20693290001,61030.20693290001,False,False,1,,,,,61030.20693290001,61030.20693290001,0.0,48.2088969,-27.713226200000005,0.0734225735068321,0.0649999976158142,bogus,stamp_classifier,0.9513655,27.5.7a32.dev1,bogus,3.276206930215015e+18,F:\ZTF_Adjusted_Dataset\stamps\bogus\ZTF25acjueaj,,1.0,g,18.895706176757812,0.16061441600322723,0.0,0.0016666699666529894,-999.0,19.646102905273438,27.316429138183594,-999.0,0.019999999552965164,6.809999942779541,t,1.0,976.0,0.6779999732971191,-0.15700000524520874
ZTF24abklquq,251,1307,58372.40327550005,60586.20135420002,False,False,11,,,,,60555.47206019983,60586.20135420002,30.72929400019348,14.691393121110758,-12.892032032231551,0.023329327704579,0.0227412467920995,bogus,stamp_classifier,0.95134735,24.5.2a6,bogus,2.83127268021501e+18,F:\ZTF_Adjusted_Dataset\stamps\bogus\ZTF24abklquq,,1.0,g,20.808618545532227,0.19824589788913727,0.5,0.7935180068016052,0.9572920203208923,12.76283073425293,14.012349128723145,25.732194900512695,0.9819999933242798,5.210000038146973,f,238.0,1295.0,3.812000036239624,0.20100000500679016
ZTF23aaauecs,6,1242,58456.5,59967.25,False,False,1,,,,,59967.27437500004,59967.27437500004,0.0,104.7453795,-4.1904844,,,bogus,stamp_classifier,0.9513452,1.1.6,bogus,2.21327437311501e+18,F:\ZTF_Adjusted_Dataset\stamps\bogus\ZTF23aaauecs,,2.0,r,17.988140106201172,0.10731396824121475,1.0,0.5,0.7948750257492065,4.435950756072998,6.171280384063721,6.201421737670898,0.4650000035762787,3.069999933242798,f,6.0,1242.0,3.243000030517578,0.46700000762939453
ZTF19aasgkam,8,2200,58599.25,60133.25,False,False,2,,,,,59639.52350689983,60133.1897454001,493.666238500271,259.18824895,-14.7993118,0.0001321582574157,4.440630585743698e-05,bogus,stamp_classifier,0.951281,1.2.0,bogus,1.885523505115015e+18,F:\ZTF_Adjusted_Dataset\stamps\bogus\ZTF19aasgkam,,2.0,r,17.788677215576172,0.1483001857995987,1.0,0.01816670037806034,0.9474790096282959,3.7067666053771973,7.882378101348877,11.024505615234375,0.41200000047683716,2.118304491043091,t,6.0,1895.0,0.6389999985694885,0.013000000268220901
ZTF23abhxlmr,19,1278,58320.5,60221.25,True,False,2,,,,,60207.3824306,60221.32844909979,13.946018499787897,35.1107795,-0.3130572,0.0001248750575598,6.774082963769582e-05,bogus,stamp_classifier,0.95127326,1.2.1,bogus,2.46732844581501e+18,F:\ZTF_Adjusted_Dataset\stamps\bogus\ZTF23abhxlmr,,2.0,r,18.760873794555664,0.15254855155944824,0.13344000279903412,0.18622000515460968,-999.0,1.3466719388961792,12.687002182006836,-999.0,0.7139999866485596,1.3890310525894165,f,19.0,1278.0,4.754000186920166,0.23800000548362732
ZTF19aainogz,1,396,58523.15004630014,58523.15004630014,False,False,1,,,,,58523.15004630014,58523.15004630014,0.0,49.5983153,-1.932055,,,bogus,stamp_classifier,0.9512645,corr_bulk_0.0.1,bogus,7.6915004421501e+17,F:\ZTF_Adjusted_Dataset\stamps\bogus\ZTF19aainogz,,2.0,r,19.491670608520508,0.20243868231773376,0.23796400427818298,0.9610059857368469,0.00937500037252903,1.935025930404663,13.225753784179688,25.01306915283203,0.9990000128746033,3.440000057220459,f,1.0,396.0,7.747000217437744,0.6179999709129333
ZTF25abnfqnz,1,1687,60917.349386599846,60917.349386599846,False,False,1,,,,,60917.349386599846,60917.349386599846,0.0,355.9109224,-4.8771053,0.0853088721632957,0.0850000008940696,bogus,stamp_classifier,0.9512204,27.5.6,bogus,3.163349380415015e+18,F:\ZTF_Adjusted_Dataset\stamps\bogus\ZTF25abnfqnz,,2.0,r,19.29936981201172,0.18396544456481934,0.008750000037252903,0.5,0.0016666699666529894,28.266908645629883,28.51569938659668,29.38640022277832,0.9959999918937683,1.6200000047683716,t,1.0,1687.0,1.4570000171661377,0.3709999918937683
ZTF26aaajejh,1,1306,61051.32651619986,61051.32651619986,False,False,1,,,,,61051.32651619986,61051.32651619986,0.0,103.0910391,-12.6458744,0.0871132090687751,0.0850000008940696,bogus,stamp_classifier,0.9511787,27.5.7a32.dev1,bogus,3.297326510815015e+18,F:\ZTF_Adjusted_Dataset\stamps\bogus\ZTF26aaajejh,,2.0,r,17.451885223388672,0.13384343683719635,1.0,0.5,0.9831550121307373,4.449216842651367,7.825258731842041,9.427081108093262,0.43700000643730164,2.8142011165618896,t,1.0,1306.0,0.43299999833106995,0.02800000086426735
ZTF24abyqyvr,4,1005,59171.39819440013,60665.33559030015,False,False,1,,,,,60665.33559030015,60665.33559030015,0.0,88.516825,-27.0766696,0.0954629033803939,0.0850000008940696,bogus,stamp_classifier,0.9511622,26.0.1,bogus,2.91133559091501e+18,F:\ZTF_Adjusted_Dataset\stamps\bogus\ZTF24abyqyvr,,2.0,r,20.10380744934082,0.1990107297897339,0.7578330039978027,0.9959999918937683,0.9983329772949219,2.3767900466918945,5.1752028465271,7.3718976974487305,0.7749999761581421,2.5399999618530273,f,4.0,1005.0,3.0160000324249268,0.503000020980835
ZTF25aapupcy,13,2774,58305.23241900001,60826.330601899885,False,False,2,,,,,60804.41870369995,60826.330601899885,21.911898199934512,265.79028925012415,-20.4419116,0.0490508315691847,0.0459619390912516,bogus,stamp_classifier,0.9511475,27.5.6,bogus,3.050418700315015e+18,F:\ZTF_Adjusted_Dataset\stamps\bogus\ZTF25aapupcy,,1.0,g,17.201993942260742,0.1563643366098404,1.0,0.5,0.6595889925956726,3.5282914638519287,4.427646636962891,4.598474025726318,0.6320000290870667,3.369999885559082,t,5.0,2742.0,0.5839999914169312,-0.014000000432133675
ZTF25aaczoyx,1,790,60698.32362269983,60698.32362269983,False,False,1,,,,,60698.32362269983,60698.32362269983,0.0,120.0190959,-25.5564145,0.0942182168364524,0.0850000008940696,bogus,stamp_classifier,0.95114684,26.0.1,bogus,2.944323622215015e+18,F:\ZTF_Adjusted_Dataset\stamps\bogus\ZTF25aaczoyx,,2.0,r,18.185453414916992,0.1147194430232048,0.9825000166893005,0.992917001247406,0.7729640007019043,3.875380754470825,4.974876403808594,5.075524806976318,0.6320000290870667,1.9708061218261719,t,1.0,790.0,0.828000009059906,0.00800000037997961
ZTF24abybwkd,1,1272,60661.27688660007,60661.27688660007,False,False,1,,,,,60661.27688660007,60661.27688660007,0.0,106.735781,-15.5953317,0.067484475672245,0.0649999976158142,bogus,stamp_classifier,0.9511453,26.0.1,bogus,2.90727688411501e+18,F:\ZTF_Adjusted_Dataset\stamps\bogus\ZTF24abybwkd,,1.0,g,17.419864654541016,0.15382514894008636,0.9933329820632935,0.27170801162719727,0.9538189768791199,4.508816242218018,5.382720947265625,9.95200252532959,0.656000018119812,2.9100000858306885,f,1.0,1272.0,0.21699999272823334,-0.006000000052154064
ZTF22aahuldi,1,1147,59695.4385879999,59695.4385879999,False,False,1,,,,,59695.4385879999,59695.4385879999,0.0,254.0521045,-27.2598448,,,bogus,stamp_classifier,0.9511423,correction_1.0.6,bogus,1.941438581415015e+18,F:\ZTF_Adjusted_Dataset\stamps\bogus\ZTF22aahuldi,,2.0,r,17.706344604492188,0.19235999882221222,0.792792022228241,0.5,0.9377080202102661,2.496037483215332,4.831747531890869,5.128702163696289,0.9990000128746033,3.8499999046325684,t,1.0,1147.0,1.1100000143051147,-0.0560000017285347
ZTF25aayluvg,1,2210,60855.368136600126,60855.368136600126,False,False,1,,,,,60855.368136600126,60855.368136600126,0.0,329.5518413,-19.7394565,0.0903065800666809,0.0850000008940696,bogus,stamp_classifier,0.9511287,27.5.6,bogus,3.10136813001501e+18,F:\ZTF_Adjusted_Dataset\stamps\bogus\ZTF25aayluvg,,2.0,r,17.291576385498047,0.06544646620750427,0.5,0.9645829796791077,0.2891730070114136,2.658233880996704,4.478567600250244,4.942605972290039,0.3799999952316284,2.9100000858306885,f,1.0,2210.0,0.6100000143051147,-0.03999999910593033
ZTF25aahdoca,1,349,60730.4410184999,60730.4410184999,False,False,1,,,,,60730.4410184999,60730.4410184999,0.0,176.793727,-21.1430541,0.0696914345026016,0.0649999976158142,bogus,stamp_classifier,0.9511218,26.0.1,bogus,2.976441015615015e+18,F:\ZTF_Adjusted_Dataset\stamps\bogus\ZTF25aahdoca,,1.0,g,18.274507522583008,0.18094314634799957,0.5,0.006220240145921707,0.5,8.113615036010742,13.033528327941895,16.598031997680664,0.9800000190734863,3.690000057220459,t,1.0,349.0,0.8999999761581421,1.565999984741211
ZTF18abaaekb,1,72,58281.343634299934,58281.343634299934,False,False,1,,,,,58281.343634299934,58281.343634299934,0.0,242.7159723,69.1441674,,,bogus,stamp_classifier,0.9511037,corr_bulk_0.0.1,bogus,5.27343632815015e+17,F:\ZTF_Adjusted_Dataset\stamps\bogus\ZTF18abaaekb,,2.0,r,19.02951431274414,0.07168858498334885,1.0,0.9966670274734497,0.453031986951828,4.598260402679443,11.481390953063965,15.216300010681152,0.9769999980926514,3.700000047683716,t,1.0,72.0,0.23100000619888306,-0.020999999716877937
ZTF26aaanuhr,2,1032,60672.30864580022,61052.27192129986,False,False,1,,,,,61052.27192129986,61052.27192129986,0.0,101.7990792,-26.2899228,0.094806358218193,0.0850000008940696,bogus,stamp_classifier,0.95109314,27.5.7a32.dev1,bogus,3.298271921215015e+18,F:\ZTF_Adjusted_Dataset\stamps\bogus\ZTF26aaanuhr,,2.0,r,18.01386070251465,0.16482271254062653,0.7079430222511292,0.9850000143051147,0.5815449953079224,3.73768949508667,5.321308612823486,7.577878475189209,0.37400001287460327,3.25,t,2.0,1032.0,1.3669999837875366,0.1770000010728836
ZTF25aabvwpl,1,1888,60689.31600689981,60689.31600689981,False,False,1,,,,,60689.31600689981,60689.31600689981,0.0,97.4191607,-15.3437477,0.0881417542695999,0.0850000008940696,bogus,stamp_classifier,0.9510873,26.0.1,bogus,2.935316003215015e+18,F:\ZTF_Adjusted_Dataset\stamps\bogus\ZTF25aabvwpl,,2.0,r,17.584016799926758,0.2007739543914795,0.9841669797897339,0.8583629727363586,1.0,3.9624950885772705,9.966925621032715,11.867640495300293,0.01899999938905239,2.868656635284424,t,1.0,1888.0,0.7279999852180481,-0.017999999225139618
ZTF23aaamacb,1,920,59958.25,59958.25,False,False,1,,,,,59958.146539399866,59958.146539399866,0.0,37.6293908,-19.7056934,,,bogus,stamp_classifier,0.9510848,1.1.6,bogus,2.204146530515015e+18,F:\ZTF_Adjusted_Dataset\stamps\bogus\ZTF23aaamacb,,2.0,r,18.261926651000977,0.21613596379756927,-999.0,-999.0,-999.0,-999.0,-999.0,-999.0,0.9549999833106995,1.9600000381469727,t,1.0,920.0,0.703000009059906,0.1720000058412552
ZTF25abzpjzv,1,1082,60972.22879630001,60972.22879630001,False,False,1,,,,,60972.22879630001,60972.22879630001,0.0,352.7454699,-14.376412300000002,0.0877477824687957,0.0850000008940696,bogus,stamp_classifier,0.95108193,27.5.7a32.dev1,bogus,3.21822879581501e+18,F:\ZTF_Adjusted_Dataset\stamps\bogus\ZTF25abzpjzv,,2.0,r,18.654443740844727,0.09163165092468262,0.0,0.5,0.0008333330042660236,8.42819595336914,15.49838638305664,15.626543998718262,0.9850000143051147,5.309999942779541,f,1.0,1082.0,2.0220000743865967,0.0820000022649765
