oid,ndethist,ncovhist,mjdstarthist,mjdendhist,corrected,stellar,ndet,g_r_max,g_r_max_corr,g_r_mean,g_r_mean_corr,firstmjd,lastmjd,deltajd,meanra,meandec,sigmara,sigmadec,class,classifier,probability,step_id_corr,target_class,candid_used,stamp_dir,stamp_error,fid,fid_band,magpsf,sigmapsf,sgscore1,sgscore2,sgscore3,distpsnr1,distpsnr2,distpsnr3,classtar,fwhm,isdiffpos,alert_ndethist,alert_ncovhist,chinr,sharpnr
ZTF26aapnqlu,1,1733,61124.20571759995,61124.20571759995,False,False,1,,,,,61124.20571759995,61124.20571759995,0.0,121.4807277,-6.0438722,0.0653633177280426,0.0649999976158142,asteroid,stamp_classifier,1.0,27.5.7a32.dev1,asteroid,3370205710615015028,F:\ZTF_Adjusted_Dataset\stamps\asteroid\ZTF26aapnqlu,,1.0,g,19.942516326904297,0.1650768369436264,0.852387011051178,0.9317499995231628,0.9636459946632385,5.251626491546631,11.337669372558594,14.467206954956055,0.9610000252723694,2.5199999809265137,t,1.0,1733.0,0.6790000200271606,-0.03999999910593033
ZTF26aapmzwj,1,1550,61124.18091440015,61124.18091440015,False,False,1,,,,,61124.18091440015,61124.18091440015,0.0,167.710828,11.0579025,0.0866079777479171,0.0850000008940696,asteroid,stamp_classifier,1.0,27.5.7a32.dev1,asteroid,3370180911715015030,F:\ZTF_Adjusted_Dataset\stamps\asteroid\ZTF26aapmzwj,,2.0,r,19.13827896118164,0.09723825752735138,0.002916669938713312,0.5,-999.0,14.40716552734375,24.48211097717285,-999.0,0.9829999804496765,1.9600000381469727,t,1.0,1550.0,1.1979999542236328,-0.3310000002384186
ZTF26aapmzzd,1,1403,61124.18280090019,61124.18280090019,False,False,1,,,,,61124.18280090019,61124.18280090019,0.0,165.5250004,-3.9962774,0.0852071717381477,0.0850000008940696,asteroid,stamp_classifier,1.0,27.5.7a32.dev1,asteroid,3370182802315015013,F:\ZTF_Adjusted_Dataset\stamps\asteroid\ZTF26aapmzzd,,2.0,r,17.03756332397461,0.03451823815703392,0.5,0.003958330024033785,0.00783332996070385,8.508185386657715,8.516714096069336,11.81967830657959,0.996999979019165,2.1700000762939453,t,1.0,1403.0,1.340999960899353,-0.13600000739097595
ZTF26aapmzwq,1,1551,61124.18091440015,61124.18091440015,False,False,1,,,,,61124.18091440015,61124.18091440015,0.0,167.09366299999996,10.8187228,0.086538128554821,0.0850000008940696,asteroid,stamp_classifier,1.0,27.5.7a32.dev1,asteroid,3370180911715015022,F:\ZTF_Adjusted_Dataset\stamps\asteroid\ZTF26aapmzwq,,2.0,r,20.01127815246582,0.2112722247838974,0.5,0.0,0.5,15.9058256149292,16.599807739257812,21.368200302124023,0.9649999737739563,1.600000023841858,t,1.0,1551.0,0.7829999923706055,-0.20600000023841858
ZTF26aapmzwl,1,1442,61124.18091440015,61124.18091440015,False,False,1,,,,,61124.18091440015,61124.18091440015,0.0,167.7695405,11.4428112,0.0867237895727157,0.0850000008940696,asteroid,stamp_classifier,1.0,27.5.7a32.dev1,asteroid,3370180911715015005,F:\ZTF_Adjusted_Dataset\stamps\asteroid\ZTF26aapmzwl,,2.0,r,19.34627914428711,0.1206638440489769,0.00774999987334013,0.00791667029261589,-999.0,20.968334197998047,27.509443283081055,-999.0,0.9980000257492065,2.049999952316284,t,1.0,1442.0,0.7020000219345093,-0.16099999845027924
ZTF26aapmzwr,1,1572,61124.18091440015,61124.18091440015,False,False,1,,,,,61124.18091440015,61124.18091440015,0.0,167.5856873,10.846952,0.0865462943911552,0.0850000008940696,asteroid,stamp_classifier,1.0,27.5.7a32.dev1,asteroid,3370180911715015023,F:\ZTF_Adjusted_Dataset\stamps\asteroid\ZTF26aapmzwr,,2.0,r,20.259279251098633,0.20685230195522308,0.08712500333786011,0.01291669998317957,-999.0,14.004074096679688,17.466386795043945,-999.0,0.8840000033378601,1.1280903816223145,t,1.0,1572.0,1.2660000324249268,-0.1589999943971634
ZTF26aapnadu,1,977,61124.18703699997,61124.18703699997,False,False,1,,,,,61124.18703699997,61124.18703699997,0.0,147.6756473,-16.009239,0.0884295403957367,0.0850000008940696,asteroid,stamp_classifier,1.0,27.5.7a32.dev1,asteroid,3370187034415015005,F:\ZTF_Adjusted_Dataset\stamps\asteroid\ZTF26aapnadu,,2.0,r,19.817258834838867,0.17343232035636902,0.8434169888496399,0.9751790165901184,-999.0,23.088085174560547,26.364055633544922,-999.0,0.968999981880188,2.9000000953674316,t,1.0,977.0,0.7289999723434448,-0.16300000250339508
ZTF26aapmzwp,1,1550,61124.18091440015,61124.18091440015,False,False,1,,,,,61124.18091440015,61124.18091440015,0.0,167.6818453,11.1880225,0.0866466537117958,0.0850000008940696,asteroid,stamp_classifier,1.0,27.5.7a32.dev1,asteroid,3370180911715015019,F:\ZTF_Adjusted_Dataset\stamps\asteroid\ZTF26aapmzwp,,2.0,r,20.02427864074707,0.1882886290550232,0.0,0.0,0.05504170060157776,15.150362968444824,22.28789710998535,29.20968246459961,0.9639999866485596,2.369999885559082,t,1.0,1550.0,0.8460000157356262,-0.30399999022483826
ZTF26aapmzwn,1,1507,61124.18091440015,61124.18091440015,False,False,1,,,,,61124.18091440015,61124.18091440015,0.0,166.95047760000003,11.2610331,0.0866685733199119,0.0850000008940696,asteroid,stamp_classifier,1.0,27.5.7a32.dev1,asteroid,3370180911715015016,F:\ZTF_Adjusted_Dataset\stamps\asteroid\ZTF26aapmzwn,,2.0,r,19.707279205322266,0.12110583484172821,1.0,0.0008333330042660236,0.9014170169830322,14.723528861999512,16.48246192932129,21.254714965820312,0.9769999980926514,1.9299999475479126,t,1.0,1507.0,0.6859999895095825,-0.03400000184774399
ZTF26aapmzwo,1,1688,61124.18091440015,61124.18091440015,False,False,1,,,,,61124.18091440015,61124.18091440015,0.0,167.4733386,11.5974163,0.0867715030908584,0.0850000008940696,asteroid,stamp_classifier,1.0,27.5.7a32.dev1,asteroid,3370180911715015001,F:\ZTF_Adjusted_Dataset\stamps\asteroid\ZTF26aapmzwo,,2.0,r,19.349279403686523,0.1091720461845398,1.0,1.0,0.0012499999720603228,19.15648078918457,27.754098892211914,29.89859390258789,0.9829999804496765,1.8200000524520874,t,1.0,1688.0,0.515999972820282,0.11500000208616257
ZTF26aapmzwk,1,1550,61124.18091440015,61124.18091440015,False,False,1,,,,,61124.18091440015,61124.18091440015,0.0,167.0768012,11.0803001,0.0866146013140678,0.0850000008940696,asteroid,stamp_classifier,1.0,27.5.7a32.dev1,asteroid,3370180911715015037,F:\ZTF_Adjusted_Dataset\stamps\asteroid\ZTF26aapmzwk,,2.0,r,19.485279083251953,0.12022185325622559,0.05225000157952309,0.03295829892158508,0.5,7.520506858825684,14.043338775634766,14.08250904083252,0.9819999933242798,1.9199999570846558,t,1.0,1550.0,0.6019999980926514,-0.21400000154972076
ZTF26aapmzwm,1,1550,61124.18091440015,61124.18091440015,False,False,1,,,,,61124.18091440015,61124.18091440015,0.0,167.3579676,11.3799725,0.086704596877098,0.0850000008940696,asteroid,stamp_classifier,1.0,27.5.7a32.dev1,asteroid,3370180911715015008,F:\ZTF_Adjusted_Dataset\stamps\asteroid\ZTF26aapmzwm,,2.0,r,19.75827980041504,0.1692829728126526,0.012708299793303013,0.9958329796791077,-999.0,12.200335502624512,12.932011604309082,-999.0,0.9739999771118164,1.7000000476837158,t,1.0,1550.0,0.6570000052452087,-0.07500000298023224
ZTF26aapmzvj,1,1265,61124.18137730006,61124.18137730006,False,False,1,,,,,61124.18137730006,61124.18137730006,0.0,174.6286866,1.5175061,0.0850298181176185,0.0850000008940696,asteroid,stamp_classifier,1.0,27.5.7a32.dev1,asteroid,3370181370315015004,F:\ZTF_Adjusted_Dataset\stamps\asteroid\ZTF26aapmzvj,,2.0,r,20.09862518310547,0.21059581637382507,0.9987499713897705,0.9834579825401306,-999.0,19.056150436401367,26.572099685668945,-999.0,0.968999981880188,2.5299999713897705,t,1.0,1265.0,0.8460000157356262,-0.5239999890327454
ZTF26aapmzvf,1,1265,61124.18137730006,61124.18137730006,False,False,1,,,,,61124.18137730006,61124.18137730006,0.0,174.586473,1.5949892,0.0850329473614692,0.0850000008940696,asteroid,stamp_classifier,1.0,27.5.7a32.dev1,asteroid,3370181370315015001,F:\ZTF_Adjusted_Dataset\stamps\asteroid\ZTF26aapmzvf,,2.0,r,19.41862678527832,0.1426488608121872,0.0008333330042660236,0.5,0.9805830121040344,11.748711585998535,12.353456497192383,21.74289894104004,0.9779999852180481,2.309999942779541,t,1.0,1265.0,0.8230000138282776,-0.010999999940395355
ZTF26aapmzwe,1,1550,61124.18091440015,61124.18091440015,False,False,1,,,,,61124.18091440015,61124.18091440015,0.0,167.1435992,11.0935518,0.0866185277700424,0.0850000008940696,asteroid,stamp_classifier,1.0,27.5.7a32.dev1,asteroid,3370180911715015021,F:\ZTF_Adjusted_Dataset\stamps\asteroid\ZTF26aapmzwe,,2.0,r,18.568279266357422,0.06585682183504105,0.00708332983776927,0.0012499999720603228,1.0,3.248457193374634,6.578751087188721,12.17443561553955,0.9829999804496765,1.8300000429153442,t,1.0,1550.0,1.5010000467300415,0.10300000011920929
ZTF26aapmzwb,1,1552,61124.18091440015,61124.18091440015,False,False,1,,,,,61124.18091440015,61124.18091440015,0.0,167.5271082,11.039729,0.0866026133298873,0.0850000008940696,asteroid,stamp_classifier,1.0,27.5.7a32.dev1,asteroid,3370180911715015031,F:\ZTF_Adjusted_Dataset\stamps\asteroid\ZTF26aapmzwb,,2.0,r,17.7852783203125,0.04331522434949875,0.6312050223350525,0.022946400567889214,0.06545829772949219,16.609750747680664,16.721210479736328,18.16341781616211,0.984000027179718,3.0799999237060547,t,1.0,1552.0,1.2259999513626099,-0.3050000071525574
ZTF26aapnaix,1,1469,61124.18232640019,61124.18232640019,False,False,1,,,,,61124.18232640019,61124.18232640019,0.0,162.8272493,3.3538746,0.0851458311080932,0.0850000008940696,asteroid,stamp_classifier,1.0,27.5.7a32.dev1,asteroid,3370182323115015009,F:\ZTF_Adjusted_Dataset\stamps\asteroid\ZTF26aapnaix,,2.0,r,18.687519073486328,0.06994839757680893,0.23943500220775604,0.039250001311302185,0.8231729865074158,14.201010704040527,24.89348030090332,25.233245849609375,0.9829999804496765,2.1700000762939453,t,1.0,1469.0,1.1410000324249268,-0.42399999499320984
ZTF26aapmzwi,1,1255,61124.18091440015,61124.18091440015,False,False,1,,,,,61124.18091440015,61124.18091440015,0.0,166.93949889999996,10.9845344,0.0865863785147667,0.0850000008940696,asteroid,stamp_classifier,1.0,27.5.7a32.dev1,asteroid,3370180911715015026,F:\ZTF_Adjusted_Dataset\stamps\asteroid\ZTF26aapmzwi,,2.0,r,19.341278076171875,0.11624392122030258,0.4431009888648987,0.004999999888241291,0.061583299189805984,15.37933349609375,18.139114379882812,21.325393676757812,0.9990000128746033,1.9299999475479126,t,1.0,1255.0,0.8989999890327454,-0.5929999947547913
ZTF26aapmzvd,1,2542,61124.18137730006,61124.18137730006,False,False,1,,,,,61124.18137730006,61124.18137730006,0.0,174.77768009999997,0.8854481,0.0850101485848426,0.0850000008940696,asteroid,stamp_classifier,1.0,27.5.7a32.dev1,asteroid,3370181370315015014,F:\ZTF_Adjusted_Dataset\stamps\asteroid\ZTF26aapmzvd,,2.0,r,19.38362693786621,0.13231775164604187,0.4487920105457306,0.5859580039978027,-999.0,27.074678421020508,29.592342376708984,-999.0,0.9789999723434448,2.5199999809265137,t,1.0,2542.0,0.5799999833106995,-0.10400000214576721
ZTF26aapmzvc,1,1297,61124.18137730006,61124.18137730006,False,False,1,,,,,61124.18137730006,61124.18137730006,0.0,174.7021146,1.5193201,0.0850298926234245,0.0850000008940696,asteroid,stamp_classifier,1.0,27.5.7a32.dev1,asteroid,3370181370315015003,F:\ZTF_Adjusted_Dataset\stamps\asteroid\ZTF26aapmzvc,,2.0,r,18.761625289916992,0.09218534082174301,0.0024999999441206455,0.1155180037021637,0.6195600032806396,18.23847770690918,18.61381721496582,18.914833068847656,0.9819999933242798,2.2100000381469727,t,1.0,1297.0,0.7329999804496765,-0.3919999897480011
ZTF26aapmzwc,1,1572,61124.18091440015,61124.18091440015,False,False,1,,,,,61124.18091440015,61124.18091440015,0.0,167.3648217,10.9769561,0.0865841582417488,0.0850000008940696,asteroid,stamp_classifier,1.0,27.5.7a32.dev1,asteroid,3370180911715015027,F:\ZTF_Adjusted_Dataset\stamps\asteroid\ZTF26aapmzwc,,2.0,r,18.100278854370117,0.05569100379943848,0.04230950027704239,0.9987499713897705,0.0,10.374507904052734,13.447587013244629,14.077001571655273,0.9829999804496765,2.450000047683716,t,1.0,1572.0,1.0240000486373901,0.2199999988079071
ZTF26aapmzwf,1,1550,61124.18091440015,61124.18091440015,False,False,1,,,,,61124.18091440015,61124.18091440015,0.0,167.3274892,11.1111524,0.0866237506270408,0.0850000008940696,asteroid,stamp_classifier,1.0,27.5.7a32.dev1,asteroid,3370180911715015032,F:\ZTF_Adjusted_Dataset\stamps\asteroid\ZTF26aapmzwf,,2.0,r,18.843278884887695,0.08132654428482056,0.01291669998317957,0.01291669998317957,0.5,14.745030403137207,21.19107437133789,24.3194580078125,0.9829999804496765,1.850000023841858,t,1.0,1550.0,1.0240000486373901,-0.5130000114440918
ZTF26aapmzvi,1,3504,61124.18137730006,61124.18137730006,False,False,1,,,,,61124.18137730006,61124.18137730006,0.0,174.635316,1.0549372,0.0850144103169441,0.0850000008940696,asteroid,stamp_classifier,1.0,27.5.7a32.dev1,asteroid,3370181370315015019,F:\ZTF_Adjusted_Dataset\stamps\asteroid\ZTF26aapmzvi,,2.0,r,19.752626419067383,0.16450314223766327,0.0,0.6519169807434082,0.01754169911146164,3.413083791732788,25.92194175720215,26.616554260253906,0.9150000214576721,1.8799999952316284,t,1.0,3504.0,0.9449999928474426,0.17299999296665192
ZTF26aapmzve,1,2654,61124.18137730006,61124.18137730006,False,False,1,,,,,61124.18137730006,61124.18137730006,0.0,175.1110039,1.3239026,0.0850226953625679,0.0850000008940696,asteroid,stamp_classifier,1.0,27.5.7a32.dev1,asteroid,3370181370315015005,F:\ZTF_Adjusted_Dataset\stamps\asteroid\ZTF26aapmzve,,2.0,r,19.632625579833984,0.20662230253219604,0.0,0.5,0.0006249999860301614,7.0409345626831055,20.470279693603516,23.768535614013672,0.9660000205039978,3.369999885559082,t,1.0,2654.0,1.5069999694824219,0.13699999451637268
ZTF26aapmzvh,1,1263,61124.18137730006,61124.18137730006,False,False,1,,,,,61124.18137730006,61124.18137730006,0.0,174.6596422,1.6430074,0.0850349590182304,0.0850000008940696,asteroid,stamp_classifier,1.0,27.5.7a32.dev1,asteroid,3370181370315015000,F:\ZTF_Adjusted_Dataset\stamps\asteroid\ZTF26aapmzvh,,2.0,r,19.800626754760742,0.21059581637382507,0.016249999403953552,0.996874988079071,0.9984999895095825,14.067087173461914,14.541781425476074,20.22926902770996,0.968999981880188,1.6699999570846558,t,1.0,1263.0,1.4199999570846558,0.052000001072883606
ZTF26aapmzwh,1,1550,61124.18091440015,61124.18091440015,False,False,1,,,,,61124.18091440015,61124.18091440015,0.0,167.31200010000003,11.3974764,0.0867099314928054,0.0850000008940696,asteroid,stamp_classifier,1.0,27.5.7a32.dev1,asteroid,3370180911715015007,F:\ZTF_Adjusted_Dataset\stamps\asteroid\ZTF26aapmzwh,,2.0,r,19.078279495239258,0.08751443773508072,0.9151449799537659,0.5,0.0,11.497210502624512,13.311716079711914,14.271203994750977,0.9829999804496765,1.7599999904632568,t,1.0,1550.0,1.5240000486373901,0.06800000369548798
ZTF26aapmzwa,1,1550,61124.18091440015,61124.18091440015,False,False,1,,,,,61124.18091440015,61124.18091440015,0.0,167.0205685,11.481678,0.0867357179522514,0.0850000008940696,asteroid,stamp_classifier,1.0,27.5.7a32.dev1,asteroid,3370180911715015003,F:\ZTF_Adjusted_Dataset\stamps\asteroid\ZTF26aapmzwa,,2.0,r,17.301279067993164,0.04331522434949875,0.9761250019073486,0.5,0.0,15.599976539611816,16.3996639251709,16.663667678833008,0.984000027179718,2.7200000286102295,t,1.0,1550.0,0.7210000157356262,-0.2619999945163727
ZTF26aapmzta,1,1309,61124.18137730006,61124.18137730006,False,False,1,,,,,61124.18137730006,61124.18137730006,0.0,170.1457571,2.058766,0.0850549042224884,0.0850000008940696,asteroid,stamp_classifier,1.0,27.5.7a32.dev1,asteroid,3370181370915015014,F:\ZTF_Adjusted_Dataset\stamps\asteroid\ZTF26aapmzta,,2.0,r,19.932863235473633,0.15080560743808746,-999.0,-999.0,-999.0,-999.0,-999.0,-999.0,0.9769999980926514,1.8200000524520874,t,1.0,1309.0,0.5360000133514404,-0.34599998593330383
ZTF26aapmzvb,1,3951,61124.18137730006,61124.18137730006,False,False,1,,,,,61124.18137730006,61124.18137730006,0.0,175.2548948,0.9425926,0.0850115045905113,0.0850000008940696,asteroid,stamp_classifier,1.0,27.5.7a32.dev1,asteroid,3370181370315015018,F:\ZTF_Adjusted_Dataset\stamps\asteroid\ZTF26aapmzvb,,2.0,r,18.516626358032227,0.0782780647277832,0.9959999918937683,0.0,0.5,22.244361877441406,22.966838836669922,23.34758949279785,0.9829999804496765,2.259999990463257,t,1.0,3951.0,0.625,-0.21400000154972076
ZTF26aapmzut,1,1488,61124.18232640019,61124.18232640019,False,False,1,,,,,61124.18232640019,61124.18232640019,0.0,165.9651238,3.0255684,0.0851186513900756,0.0850000008940696,asteroid,stamp_classifier,1.0,27.5.7a32.dev1,asteroid,3370182322315015023,F:\ZTF_Adjusted_Dataset\stamps\asteroid\ZTF26aapmzut,,2.0,r,19.691247940063477,0.1357026845216751,0.023601200431585312,0.18120799958705902,0.0,10.013633728027344,15.344170570373535,20.18631935119629,0.9810000061988831,2.069999933242798,t,1.0,1488.0,0.828000009059906,-0.0430000014603138
ZTF26aapmzzk,1,1403,61124.18280090019,61124.18280090019,False,False,1,,,,,61124.18280090019,61124.18280090019,0.0,165.3696322,-4.1149296,0.0852196887135505,0.0850000008940696,asteroid,stamp_classifier,1.0,27.5.7a32.dev1,asteroid,3370182802315015022,F:\ZTF_Adjusted_Dataset\stamps\asteroid\ZTF26aapmzzk,,2.0,r,19.28156280517578,0.10684216767549515,0.0033333299215883017,0.9900829792022705,0.0,7.4329023361206055,10.689756393432617,15.63451862335205,0.9800000190734863,2.390000104904175,t,1.0,1403.0,0.8309999704360962,-0.09000000357627869
ZTF26aapmzzf,1,1403,61124.18280090019,61124.18280090019,False,False,1,,,,,61124.18280090019,61124.18280090019,0.0,165.3027324,-3.6852376,0.0851761251688003,0.0850000008940696,asteroid,stamp_classifier,1.0,27.5.7a32.dev1,asteroid,3370182802315015002,F:\ZTF_Adjusted_Dataset\stamps\asteroid\ZTF26aapmzzf,,2.0,r,18.42556381225586,0.08506280183792114,0.9065420031547546,0.0,0.004000000189989805,6.857922077178955,11.03467845916748,12.156611442565918,0.9639999866485596,2.7699999809265137,t,1.0,1403.0,0.47099998593330383,-0.2840000092983246
ZTF26aapmzze,1,1410,61124.18280090019,61124.18280090019,False,False,1,,,,,61124.18280090019,61124.18280090019,0.0,165.1625749,-4.0252156,0.0852101892232894,0.0850000008940696,asteroid,stamp_classifier,1.0,27.5.7a32.dev1,asteroid,3370182802315015014,F:\ZTF_Adjusted_Dataset\stamps\asteroid\ZTF26aapmzze,,2.0,r,17.881563186645508,0.05054456368088722,0.0033333299215883017,0.0,-999.0,23.680587768554688,25.438568115234375,-999.0,0.9919999837875366,2.440000057220459,t,1.0,1410.0,0.7149999737739563,-0.35100001096725464
ZTF26aapmzzh,1,1403,61124.18280090019,61124.18280090019,True,False,1,,,,,61124.18280090019,61124.18280090019,0.0,165.3220678,-3.7277204,0.085180215537548,0.0850000008940696,asteroid,stamp_classifier,1.0,27.5.7a32.dev1,asteroid,3370182802315015006,F:\ZTF_Adjusted_Dataset\stamps\asteroid\ZTF26aapmzzh,,2.0,r,18.349563598632812,0.094925157725811,0.9815419912338257,0.0012499999720603228,0.007291669957339764,2.850263833999634,16.237552642822266,17.809036254882812,0.8460000157356262,2.299999952316284,t,1.0,1403.0,0.32499998807907104,-0.07100000232458115
ZTF26aapnabz,1,1070,61124.18185190018,61124.18185190018,False,False,1,,,,,61124.18185190018,61124.18185190018,0.0,167.7714227,-5.3025503,0.0853653103113174,0.0850000008940696,asteroid,stamp_classifier,1.0,27.5.7a32.dev1,asteroid,3370181851315015006,F:\ZTF_Adjusted_Dataset\stamps\asteroid\ZTF26aapnabz,,2.0,r,19.57400131225586,0.163802370429039,0.08939579874277115,0.5,0.0012499999720603228,9.540169715881348,11.139997482299805,11.260943412780762,0.949999988079071,2.5299999713897705,t,1.0,1070.0,4.861999988555908,0.2680000066757202
ZTF26aapnang,1,2390,61124.18609949993,61124.18609949993,False,False,1,,,,,61124.18609949993,61124.18609949993,0.0,140.3696593,-0.481631,0.0850030034780502,0.0850000008940696,asteroid,stamp_classifier,1.0,27.5.7a32.dev1,asteroid,3370186096315015011,F:\ZTF_Adjusted_Dataset\stamps\asteroid\ZTF26aapnang,,2.0,r,19.936452865600586,0.1497778445482254,0.10401400178670883,0.9110000133514404,0.0,18.809629440307617,20.177858352661133,24.36966323852539,0.9750000238418579,1.8200000524520874,t,1.0,2390.0,0.5899999737739563,-0.33399999141693115
ZTF26aapnair,1,2213,61124.18609949993,61124.18609949993,False,False,1,,,,,61124.18609949993,61124.18609949993,0.0,139.6199892,-2.2012029,0.0850627645850181,0.0850000008940696,asteroid,stamp_classifier,1.0,27.5.7a32.dev1,asteroid,3370186094615015021,F:\ZTF_Adjusted_Dataset\stamps\asteroid\ZTF26aapnair,,2.0,r,18.103193283081055,0.06794410198926926,0.9964579939842224,0.0,-999.0,12.090445518493652,21.427677154541016,-999.0,1.0,2.1600000858306885,t,1.0,2213.0,1.5460000038146973,-0.1459999978542328
ZTF26aapnacs,1,1396,61124.18280090019,61124.18280090019,False,False,1,,,,,61124.18280090019,61124.18280090019,0.0,160.9684649,-5.080319800000001,0.0853352323174476,0.0850000008940696,asteroid,stamp_classifier,1.0,27.5.7a32.dev1,asteroid,3370182801315015003,F:\ZTF_Adjusted_Dataset\stamps\asteroid\ZTF26aapnacs,,2.0,r,19.406513214111328,0.15295210480690002,0.9595829844474792,-999.0,-999.0,15.404953956604004,-999.0,-999.0,0.9810000061988831,3.2300000190734863,t,1.0,1396.0,0.35499998927116394,-0.36800000071525574
ZTF26aapnadk,1,1044,61124.18185190018,61124.18185190018,False,False,1,,,,,61124.18185190018,61124.18185190018,0.0,168.228673,-3.4339236,0.0851528868079185,0.0850000008940696,asteroid,stamp_classifier,1.0,27.5.7a32.dev1,asteroid,3370181852815015008,F:\ZTF_Adjusted_Dataset\stamps\asteroid\ZTF26aapnadk,,2.0,r,18.563270568847656,0.05694081634283066,0.0,0.9962499737739563,0.5,17.54758071899414,19.532983779907227,24.331520080566406,0.9879999756813049,2.180000066757202,t,1.0,1044.0,0.7929999828338623,0.054999999701976776
ZTF26aapnact,1,1397,61124.18280090019,61124.18280090019,False,False,1,,,,,61124.18280090019,61124.18280090019,0.0,160.9095553,-5.1792247,0.0853484645485878,0.0850000008940696,asteroid,stamp_classifier,1.0,27.5.7a32.dev1,asteroid,3370182801315015008,F:\ZTF_Adjusted_Dataset\stamps\asteroid\ZTF26aapnact,,2.0,r,19.916513442993164,0.17895396053791046,0.04683329910039902,0.9987499713897705,-999.0,20.95436668395996,25.467220306396484,-999.0,0.9300000071525574,2.1500000953674316,t,1.0,1397.0,0.7250000238418579,-0.23899999260902405
ZTF26aapnaer,1,1119,61124.18185190018,61124.18185190018,False,False,1,,,,,61124.18185190018,61124.18185190018,0.0,173.6624875,-3.6691334,0.0851745903491973,0.0850000008940696,asteroid,stamp_classifier,1.0,27.5.7a32.dev1,asteroid,3370181851815015003,F:\ZTF_Adjusted_Dataset\stamps\asteroid\ZTF26aapnaer,,2.0,r,18.453784942626953,0.042913176119327545,0.9075000286102295,0.45238998532295227,0.0016666699666529894,14.565389633178711,22.388917922973633,24.24820327758789,0.9829999804496765,2.430000066757202,t,1.0,1119.0,1.2920000553131104,-0.4300000071525574
ZTF26aapnacr,1,1397,61124.18280090019,61124.18280090019,False,False,1,,,,,61124.18280090019,61124.18280090019,0.0,160.6856285,-5.2608532,0.0853595733642578,0.0850000008940696,asteroid,stamp_classifier,1.0,27.5.7a32.dev1,asteroid,3370182801315015009,F:\ZTF_Adjusted_Dataset\stamps\asteroid\ZTF26aapnacr,,2.0,r,17.72751235961914,0.058886557817459106,0.9878330230712891,0.9954169988632202,0.004583329893648624,3.3858633041381836,6.479957580566406,8.37584114074707,0.984000027179718,2.5999999046325684,t,1.0,1397.0,0.8059999942779541,0.09099999815225601
ZTF26aapnanx,1,3911,61124.18515049992,61124.18515049992,False,False,1,,,,,61124.18515049992,61124.18515049992,0.0,146.1553075,-0.5349483,0.0850037038326263,0.0850000008940696,asteroid,stamp_classifier,1.0,27.5.7a32.dev1,asteroid,3370185156215015013,F:\ZTF_Adjusted_Dataset\stamps\asteroid\ZTF26aapnanx,,2.0,r,19.751262664794922,0.17438004910945892,0.9950000047683716,-999.0,-999.0,29.852205276489258,-999.0,-999.0,0.9760000109672546,2.0899999141693115,t,1.0,3911.0,1.093999981880188,-0.4740000069141388
ZTF26aapnaeq,1,1119,61124.18185190018,61124.18185190018,False,False,1,,,,,61124.18185190018,61124.18185190018,0.0,173.5080652,-4.3409358,0.0852445438504219,0.0850000008940696,asteroid,stamp_classifier,1.0,27.5.7a32.dev1,asteroid,3370181851815015011,F:\ZTF_Adjusted_Dataset\stamps\asteroid\ZTF26aapnaeq,,2.0,r,17.708784103393555,0.027082981541752815,0.002083329949527979,0.004583329893648624,0.9912499785423279,2.657078504562378,14.44640827178955,24.96169090270996,0.984000027179718,2.140000104904175,t,1.0,1119.0,2.3540000915527344,0.164000004529953
ZTF26aapnadi,1,1361,61124.18280090019,61124.18280090019,False,False,1,,,,,61124.18280090019,61124.18280090019,0.0,161.52497170000004,-4.4003517,0.0852512940764427,0.0850000008940696,asteroid,stamp_classifier,1.0,27.5.7a32.dev1,asteroid,3370182803115015016,F:\ZTF_Adjusted_Dataset\stamps\asteroid\ZTF26aapnadi,,2.0,r,19.796152114868164,0.19130368530750275,1.0,0.9224169850349426,0.022291699424386024,18.799753189086914,19.539892196655273,25.997562408447266,0.9729999899864197,3.059999942779541,t,1.0,1361.0,1.4559999704360962,-0.23899999260902405
ZTF26aapnaih,1,960,61124.18703699997,61124.18703699997,False,False,1,,,,,61124.18703699997,61124.18703699997,0.0,149.3914519,-15.4811931,0.0882000625133514,0.0850000008940696,asteroid,stamp_classifier,1.0,27.5.7a32.dev1,asteroid,3370187034015015002,F:\ZTF_Adjusted_Dataset\stamps\asteroid\ZTF26aapnaih,,2.0,r,19.646242141723633,0.18169660866260529,0.9918749928474426,0.8322920203208923,-999.0,2.6286678314208984,19.753576278686523,-999.0,0.9629999995231628,3.009999990463257,t,1.0,960.0,0.9649999737739563,-0.003000000026077032
ZTF26aapnain,1,3226,61124.18609949993,61124.18609949993,False,False,1,,,,,61124.18609949993,61124.18609949993,0.0,139.1447876,-0.9083625,0.0850106850266456,0.0850000008940696,asteroid,stamp_classifier,1.0,27.5.7a32.dev1,asteroid,3370186094515015000,F:\ZTF_Adjusted_Dataset\stamps\asteroid\ZTF26aapnain,,2.0,r,18.830120086669922,0.08937706798315048,0.9422500133514404,0.8771669864654541,-999.0,17.998859405517578,18.814983367919922,-999.0,0.9819999933242798,2.299999952316284,t,1.0,3226.0,0.4790000021457672,-0.2199999988079071
ZTF26aapmzzx,1,930,61124.183263900224,61124.183263900224,False,False,1,,,,,61124.183263900224,61124.183263900224,0.0,164.6542354,-10.8718235,0.0865534991025924,0.0850000008940696,asteroid,stamp_classifier,1.0,27.5.7a32.dev1,asteroid,3370183263015015002,F:\ZTF_Adjusted_Dataset\stamps\asteroid\ZTF26aapmzzx,,2.0,r,19.847715377807617,0.1986951231956482,0.5,-999.0,-999.0,18.807205200195312,-999.0,-999.0,0.9950000047683716,2.3399999141693115,t,1.0,930.0,0.7440000176429749,-0.3440000116825104
ZTF26aapnaip,1,2618,61124.18609949993,61124.18609949993,False,False,1,,,,,61124.18609949993,61124.18609949993,0.0,139.3663147,-1.6637919,0.085035853087902,0.0850000008940696,asteroid,stamp_classifier,1.0,27.5.7a32.dev1,asteroid,3370186094515015006,F:\ZTF_Adjusted_Dataset\stamps\asteroid\ZTF26aapnaip,,2.0,r,19.925121307373047,0.18054167926311493,0.6222079992294312,-999.0,-999.0,16.482641220092773,-999.0,-999.0,0.9789999723434448,1.9700000286102295,t,1.0,2618.0,0.531000018119812,0.13099999725818634
ZTF26aapmzzw,1,936,61124.183263900224,61124.183263900224,False,False,1,,,,,61124.183263900224,61124.183263900224,0.0,164.6286156,-11.3091001,0.0866830796003341,0.0850000008940696,asteroid,stamp_classifier,1.0,27.5.7a32.dev1,asteroid,3370183263015015018,F:\ZTF_Adjusted_Dataset\stamps\asteroid\ZTF26aapmzzw,,2.0,r,19.942716598510742,0.21040767431259155,0.9987499713897705,0.09099999815225601,0.0,4.341682434082031,11.725605964660645,13.278858184814453,0.9660000205039978,3.140000104904175,t,1.0,936.0,0.38999998569488525,-0.010999999940395355
ZTF26aapnaql,1,2115,61124.18468749989,61124.18468749989,False,False,1,,,,,61124.18468749989,61124.18468749989,0.0,152.4927095,-13.394292,0.0873767361044883,0.0850000008940696,asteroid,stamp_classifier,1.0,27.5.7a32.dev1,asteroid,3370184681115015007,F:\ZTF_Adjusted_Dataset\stamps\asteroid\ZTF26aapnaql,,2.0,r,19.919404983520508,0.17063330113887787,0.9492499828338623,0.9836670160293579,-999.0,18.556795120239258,20.045156478881836,-999.0,0.9950000047683716,2.0799999237060547,t,1.0,2115.0,0.8539999723434448,-0.3109999895095825
ZTF26aapnali,1,1475,61124.18232640019,61124.18232640019,False,False,1,,,,,61124.18232640019,61124.18232640019,0.0,164.2094365,1.7225571,0.0850384309887886,0.0850000008940696,asteroid,stamp_classifier,1.0,27.5.7a32.dev1,asteroid,3370182320815015020,F:\ZTF_Adjusted_Dataset\stamps\asteroid\ZTF26aapnali,,2.0,r,19.993194580078125,0.17902569472789764,0.22152400016784668,0.5,0.9970830082893372,9.716819763183594,11.765477180480957,17.27748680114746,0.9760000109672546,2.1500000953674316,t,1.0,1475.0,1.0729999542236328,-0.026000000536441803
ZTF26aapnalc,1,1473,61124.18232640019,61124.18232640019,False,False,1,,,,,61124.18232640019,61124.18232640019,0.0,164.67312450000003,1.8398558,0.0850438401103019,0.0850000008940696,asteroid,stamp_classifier,1.0,27.5.7a32.dev1,asteroid,3370182320815015021,F:\ZTF_Adjusted_Dataset\stamps\asteroid\ZTF26aapnalc,,2.0,r,17.01419448852539,0.04360344633460045,0.07818450033664703,0.5403509736061096,0.0,12.392223358154297,17.329620361328125,18.59699821472168,0.984000027179718,3.109999895095825,t,1.0,1473.0,0.7710000276565552,-0.20399999618530273
ZTF26aapnalb,1,1478,61124.18232640019,61124.18232640019,False,False,1,,,,,61124.18232640019,61124.18232640019,0.0,164.2044041,2.0985564,0.0850570499897003,0.0850000008940696,asteroid,stamp_classifier,1.0,27.5.7a32.dev1,asteroid,3370182320815015016,F:\ZTF_Adjusted_Dataset\stamps\asteroid\ZTF26aapnalb,,2.0,r,16.002193450927734,0.03186405822634697,0.0,0.023624999448657036,0.002624999964609742,12.91163444519043,22.171306610107422,24.23314094543457,0.9829999804496765,3.190000057220459,t,1.0,1478.0,0.5080000162124634,-0.25699999928474426
ZTF26aapmzvo,2,2459,61124.18373840023,61124.18468749989,False,False,2,,,,,61124.18373840023,61124.18468749989,0.0009490996599197,156.75318059996744,-12.619706450000002,0.0615920372754177,0.0601040770330592,asteroid,stamp_classifier,1.0,27.5.7a32.dev1,asteroid,3370183731315015002,F:\ZTF_Adjusted_Dataset\stamps\asteroid\ZTF26aapmzvo,,2.0,r,18.88113021850586,0.11696597188711166,-999.0,-999.0,-999.0,-999.0,-999.0,-999.0,0.9990000128746033,4.510000228881836,t,1.0,2458.0,1.2230000495910645,-0.6370000243186951
ZTF26aapmzzm,1,1406,61124.18280090019,61124.18280090019,False,False,1,,,,,61124.18280090019,61124.18280090019,0.0,164.862191,-4.0892756,0.0852169468998909,0.0850000008940696,asteroid,stamp_classifier,1.0,27.5.7a32.dev1,asteroid,3370182802315015016,F:\ZTF_Adjusted_Dataset\stamps\asteroid\ZTF26aapmzzm,,2.0,r,19.926563262939453,0.18450820446014404,0.0012499999720603228,0.756708025932312,0.03433329984545708,6.137257099151611,10.604673385620117,15.029997825622559,0.972000002861023,2.240000009536743,t,1.0,1406.0,0.9440000057220459,-0.12800000607967377
ZTF26aapmzvn,1,1304,61124.18373840023,61124.18373840023,False,False,1,,,,,61124.18373840023,61124.18373840023,0.0,157.3601398,-12.6573469,0.0871171280741691,0.0850000008940696,asteroid,stamp_classifier,1.0,27.5.7a32.dev1,asteroid,3370183731315015001,F:\ZTF_Adjusted_Dataset\stamps\asteroid\ZTF26aapmzvn,,2.0,r,15.25512981414795,0.04898213967680931,0.9941250085830688,0.9979169964790344,0.7761039733886719,20.631858825683594,21.569149017333984,22.748138427734375,0.996999979019165,6.710000038146973,t,1.0,1304.0,0.7990000247955322,-0.32199999690055847
ZTF26aapmzzn,1,1403,61124.18280090019,61124.18280090019,False,False,1,,,,,61124.18280090019,61124.18280090019,0.0,165.28974520000003,-4.0955534,0.0852176174521446,0.0850000008940696,asteroid,stamp_classifier,1.0,27.5.7a32.dev1,asteroid,3370182802315015019,F:\ZTF_Adjusted_Dataset\stamps\asteroid\ZTF26aapmzzn,,2.0,r,19.940563201904297,0.20423291623592377,0.7502800226211548,0.9309819936752319,0.0,19.178926467895508,25.369308471679688,25.461885452270508,0.9639999866485596,2.7200000286102295,t,1.0,1403.0,0.5799999833106995,-0.12800000607967377
ZTF26aapmzzv,1,1403,61124.18280090019,61124.18280090019,False,False,1,,,,,61124.18280090019,61124.18280090019,0.0,165.3596564,-3.9480998,0.0852022022008895,0.0850000008940696,asteroid,stamp_classifier,1.0,27.5.7a32.dev1,asteroid,3370182802315015012,F:\ZTF_Adjusted_Dataset\stamps\asteroid\ZTF26aapmzzv,,2.0,r,19.938562393188477,0.16971467435359955,0.0,0.9946249723434448,0.9950000047683716,11.860433578491211,14.148380279541016,15.274133682250977,0.972000002861023,2.009999990463257,t,1.0,1403.0,0.8740000128746033,-0.4869999885559082
ZTF26aapmzzt,1,1410,61124.18280090019,61124.18280090019,False,False,1,,,,,61124.18280090019,61124.18280090019,0.0,164.9159891,-3.6869854,0.085176296532154,0.0850000008940696,asteroid,stamp_classifier,1.0,27.5.7a32.dev1,asteroid,3370182802315015003,F:\ZTF_Adjusted_Dataset\stamps\asteroid\ZTF26aapmzzt,,2.0,r,19.784563064575195,0.15122276544570923,0.9972500205039978,0.8156669735908508,0.5,6.304224014282227,27.10204315185547,27.762920379638672,0.9779999852180481,2.640000104904175,t,1.0,1410.0,1.7170000076293945,-0.06700000166893005
ZTF26aapnaao,1,1561,61124.18232640019,61124.18232640019,False,False,1,,,,,61124.18232640019,61124.18232640019,0.0,167.775959,3.2679306,0.0851384475827217,0.0850000008940696,asteroid,stamp_classifier,1.0,27.5.7a32.dev1,asteroid,3370182321915015015,F:\ZTF_Adjusted_Dataset\stamps\asteroid\ZTF26aapnaao,,2.0,r,18.93192481994629,0.12720155715942383,0.003583329962566495,0.0012499999720603228,0.0,11.371058464050293,25.541790008544922,26.621728897094727,1.0,2.1700000762939453,t,1.0,1561.0,1.1610000133514404,0.15399999916553497
ZTF26aapmzuy,1,1360,61124.18232640019,61124.18232640019,False,False,1,,,,,61124.18232640019,61124.18232640019,0.0,166.27689,3.5741859,0.0851656571030616,0.0850000008940696,asteroid,stamp_classifier,1.0,27.5.7a32.dev1,asteroid,3370182322315015000,F:\ZTF_Adjusted_Dataset\stamps\asteroid\ZTF26aapmzuy,,2.0,r,20.02324676513672,0.17044582962989807,0.4759170114994049,0.9991670250892639,0.008958330377936363,12.333797454833984,20.449071884155273,21.338987350463867,0.9779999852180481,1.9800000190734863,t,1.0,1360.0,1.0399999618530273,-0.5339999794960022
ZTF26aapmzuz,1,2543,61124.18137730006,61124.18137730006,False,False,1,,,,,61124.18137730006,61124.18137730006,0.0,174.7011779,0.949169,0.0850116685032844,0.0850000008940696,asteroid,stamp_classifier,1.0,27.5.7a32.dev1,asteroid,3370181370315015017,F:\ZTF_Adjusted_Dataset\stamps\asteroid\ZTF26aapmzuz,,2.0,r,17.579626083374023,0.05920523777604103,0.02207140065729618,0.029583299532532692,-999.0,17.95482063293457,18.629728317260742,-999.0,0.9829999804496765,2.680000066757202,t,1.0,2543.0,0.8870000243186951,-0.3619999885559082
ZTF26aapmztc,1,1362,61124.18137730006,61124.18137730006,False,False,1,,,,,61124.18137730006,61124.18137730006,0.0,170.6907966,1.8747836,0.0850455239415168,0.0850000008940696,asteroid,stamp_classifier,1.0,27.5.7a32.dev1,asteroid,3370181370915015018,F:\ZTF_Adjusted_Dataset\stamps\asteroid\ZTF26aapmztc,,2.0,r,19.58986473083496,0.1267869621515274,0.0008333330042660236,0.0016666699666529894,0.09204170107841492,10.661916732788086,18.52570915222168,19.80254364013672,0.9750000238418579,2.380000114440918,t,1.0,1362.0,0.8619999885559082,-0.4339999854564667
ZTF26aapmzss,1,1309,61124.18137730006,61124.18137730006,False,False,1,,,,,61124.18137730006,61124.18137730006,0.0,170.3347757,2.3436765,0.0850711613893508,0.0850000008940696,asteroid,stamp_classifier,1.0,27.5.7a32.dev1,asteroid,3370181370915015004,F:\ZTF_Adjusted_Dataset\stamps\asteroid\ZTF26aapmzss,,2.0,r,18.33086395263672,0.07323718816041946,0.992917001247406,0.9975000023841858,0.002678570104762912,6.952062606811523,16.691335678100586,24.9099178314209,0.9829999804496765,1.9700000286102295,t,1.0,1309.0,0.7609999775886536,-0.3109999895095825
ZTF26aapmzsu,1,1309,61124.18137730006,61124.18137730006,False,False,1,,,,,61124.18137730006,61124.18137730006,0.0,170.14743439999998,2.008201,0.0850522369146347,0.0850000008940696,asteroid,stamp_classifier,1.0,27.5.7a32.dev1,asteroid,3370181370915015021,F:\ZTF_Adjusted_Dataset\stamps\asteroid\ZTF26aapmzsu,,2.0,r,18.855863571166992,0.08623088151216507,0.5,0.5,0.0012499999720603228,15.75641918182373,15.905531883239746,15.95795726776123,1.0,2.119999885559082,t,1.0,1309.0,0.5070000290870667,-0.14300000667572021
ZTF26aapnacy,1,2388,61124.18609949993,61124.18609949993,False,False,1,,,,,61124.18609949993,61124.18609949993,0.0,141.3889446,-0.5226952,0.0850035399198532,0.0850000008940696,asteroid,stamp_classifier,1.0,27.5.7a32.dev1,asteroid,3370186095815015014,F:\ZTF_Adjusted_Dataset\stamps\asteroid\ZTF26aapnacy,,2.0,r,19.564315795898438,0.12743645906448364,0.6046460270881653,0.5,0.0,22.206125259399414,22.788211822509766,28.25816535949707,0.9769999980926514,1.9600000381469727,t,1.0,2388.0,0.9359999895095825,-0.3499999940395355
ZTF26aapmzsv,1,1320,61124.18137730006,61124.18137730006,False,False,1,,,,,61124.18137730006,61124.18137730006,0.0,170.443315,2.2824465,0.0850674882531166,0.0850000008940696,asteroid,stamp_classifier,1.0,27.5.7a32.dev1,asteroid,3370181370915015006,F:\ZTF_Adjusted_Dataset\stamps\asteroid\ZTF26aapmzsv,,2.0,r,19.060863494873047,0.09292460232973099,0.975937008857727,0.996874988079071,0.0037499999161809683,9.148430824279785,19.320877075195312,19.390199661254883,1.0,2.0299999713897705,t,1.0,1320.0,0.9319999814033508,-0.5809999704360962
ZTF26aapnaaf,1,1761,61124.185624999925,61124.185624999925,False,False,1,,,,,61124.185624999925,61124.185624999925,0.0,143.7622105,6.0247335,0.0854720920324325,0.0850000008940696,asteroid,stamp_classifier,1.0,27.5.7a32.dev1,asteroid,3370185624015015013,F:\ZTF_Adjusted_Dataset\stamps\asteroid\ZTF26aapnaaf,,2.0,r,20.244136810302734,0.21227993071079254,0.038874998688697815,0.0024999999441206455,0.5,8.163345336914062,14.333837509155273,15.325896263122559,0.9710000157356262,2.130000114440918,t,1.0,1761.0,0.5509999990463257,0.06700000166893005
ZTF26aapnaac,1,1759,61124.185624999925,61124.185624999925,False,False,1,,,,,61124.185624999925,61124.185624999925,0.0,144.0721996,5.757503100000001,0.0854309648275375,0.0850000008940696,asteroid,stamp_classifier,1.0,27.5.7a32.dev1,asteroid,3370185624015015028,F:\ZTF_Adjusted_Dataset\stamps\asteroid\ZTF26aapnaac,,2.0,r,19.400136947631836,0.10847973078489304,0.16304199397563934,0.5,0.0,10.95980453491211,20.09711265563965,20.785310745239258,0.9819999933242798,2.1500000953674316,t,1.0,1759.0,0.9570000171661377,-0.2919999957084656
ZTF26aapnaaa,1,1747,61124.185624999925,61124.185624999925,False,False,1,,,,,61124.185624999925,61124.185624999925,0.0,143.6959486,6.327713599999999,0.0855210125446319,0.0850000008940696,asteroid,stamp_classifier,1.0,27.5.7a32.dev1,asteroid,3370185624015015003,F:\ZTF_Adjusted_Dataset\stamps\asteroid\ZTF26aapnaaa,,2.0,r,19.42713737487793,0.12932485342025757,0.5,1.0,1.0,25.358938217163086,25.72513198852539,26.046537399291992,0.9990000128746033,2.2699999809265137,t,1.0,1747.0,0.5519999861717224,-0.2680000066757202
ZTF26aapnaaq,1,1641,61124.18515049992,61124.18515049992,False,False,1,,,,,61124.18515049992,61124.18515049992,0.0,147.3732491,-1.9862299,0.0850510969758033,0.0850000008940696,asteroid,stamp_classifier,1.0,27.5.7a32.dev1,asteroid,3370185154715015008,F:\ZTF_Adjusted_Dataset\stamps\asteroid\ZTF26aapnaaq,,2.0,r,18.652297973632812,0.07536477595567703,1.0,0.5,0.0024999999441206455,21.1178035736084,25.337650299072266,25.724529266357422,0.9829999804496765,1.9600000381469727,t,1.0,1641.0,0.47600001096725464,-0.06800000369548798
ZTF26aapnaoy,1,1431,61124.18373840023,61124.18373840023,False,False,1,,,,,61124.18373840023,61124.18373840023,0.0,161.463014,-10.1281186,0.0863455235958099,0.0850000008940696,asteroid,stamp_classifier,1.0,27.5.7a32.dev1,asteroid,3370183732015015001,F:\ZTF_Adjusted_Dataset\stamps\asteroid\ZTF26aapnaoy,,2.0,r,20.090944290161133,0.2131015807390213,0.0,0.011208299547433853,-999.0,9.567121505737305,21.123153686523438,-999.0,0.9229999780654907,1.1747138500213623,t,1.0,1431.0,1.0180000066757202,-0.006000000052154064
ZTF26aapnabx,1,1070,61124.18185190018,61124.18185190018,False,False,1,,,,,61124.18185190018,61124.18185190018,0.0,167.8847626,-5.2084806,0.0853524208068847,0.0850000008940696,asteroid,stamp_classifier,1.0,27.5.7a32.dev1,asteroid,3370181851315015010,F:\ZTF_Adjusted_Dataset\stamps\asteroid\ZTF26aapnabx,,2.0,r,19.9580020904541,0.21281741559505463,0.049142900854349136,-999.0,-999.0,23.15593719482422,-999.0,-999.0,0.8130000233650208,4.110000133514404,t,1.0,1070.0,0.4189999997615814,-0.08100000023841858
ZTF26aapnakq,1,1527,61124.18091440015,61124.18091440015,False,False,1,,,,,61124.18091440015,61124.18091440015,0.0,168.1130406,11.029977,0.0865997374057769,0.0850000008940696,asteroid,stamp_classifier,1.0,27.5.7a32.dev1,asteroid,3370180911615015016,F:\ZTF_Adjusted_Dataset\stamps\asteroid\ZTF26aapnakq,,2.0,r,18.215253829956055,0.06280013918876648,0.01995830051600933,0.0037499999161809683,0.5,11.040955543518066,15.518267631530762,23.074338912963867,1.0,2.609999895095825,t,1.0,1527.0,0.4259999990463257,-0.1120000034570694
ZTF26aapnajz,1,1107,61124.18185190018,61124.18185190018,False,False,1,,,,,61124.18185190018,61124.18185190018,0.0,172.75161049999997,-4.0806838,0.085216037929058,0.0850000008940696,asteroid,stamp_classifier,1.0,27.5.7a32.dev1,asteroid,3370181852315015015,F:\ZTF_Adjusted_Dataset\stamps\asteroid\ZTF26aapnajz,,2.0,r,20.23647689819336,0.20648236572742462,0.11873800307512283,0.042958300560712814,-999.0,11.91154956817627,23.1873779296875,-999.0,0.8399999737739563,1.2234339714050293,t,1.0,1107.0,0.7080000042915344,-0.09600000083446503
ZTF26aapnaji,1,1385,61124.18232640019,61124.18232640019,False,False,1,,,,,61124.18232640019,61124.18232640019,0.0,162.5767494,3.3269098999999995,0.0851434916257858,0.0850000008940696,asteroid,stamp_classifier,1.0,27.5.7a32.dev1,asteroid,3370182323115015011,F:\ZTF_Adjusted_Dataset\stamps\asteroid\ZTF26aapnaji,,2.0,r,20.061519622802734,0.16135334968566895,0.9433330297470093,0.5,0.5,8.638179779052734,18.984663009643555,19.903575897216797,0.9700000286102295,1.7699999809265137,t,1.0,1385.0,0.7160000205039978,-0.5220000147819519
ZTF26aapnaje,1,1459,61124.18232640019,61124.18232640019,False,False,1,,,,,61124.18232640019,61124.18232640019,0.0,162.2005491,3.542166,0.0851626917719841,0.0850000008940696,asteroid,stamp_classifier,1.0,27.5.7a32.dev1,asteroid,3370182323115015000,F:\ZTF_Adjusted_Dataset\stamps\asteroid\ZTF26aapnaje,,2.0,r,19.25551986694336,0.11543630808591843,0.0018749999580904841,0.5,0.9952499866485596,3.2775323390960693,15.935976028442383,19.89397621154785,0.9810000061988831,1.9600000381469727,t,1.0,1459.0,0.3319999873638153,0.05299999937415123
ZTF26aapnahm,1,1072,61124.18185190018,61124.18185190018,False,False,1,,,,,61124.18185190018,61124.18185190018,0.0,168.91469779999997,-4.3775295,0.0852486938238143,0.0850000008940696,asteroid,stamp_classifier,1.0,27.5.7a32.dev1,asteroid,3370181853115015032,F:\ZTF_Adjusted_Dataset\stamps\asteroid\ZTF26aapnahm,,2.0,r,18.42425537109375,0.05566427856683731,0.5,0.034437499940395355,0.5,5.819976329803467,5.846895217895508,5.892968654632568,0.9829999804496765,1.940000057220459,t,1.0,1072.0,3.3389999866485596,0.2639999985694885
ZTF26aapnakd,1,1234,61124.18137730006,61124.18137730006,False,False,1,,,,,61124.18137730006,61124.18137730006,0.0,169.0668491,3.5033538,0.0851591452956199,0.0850000008940696,asteroid,stamp_classifier,1.0,27.5.7a32.dev1,asteroid,3370181373115015000,F:\ZTF_Adjusted_Dataset\stamps\asteroid\ZTF26aapnakd,,2.0,r,17.43061637878418,0.057611290365457535,0.013958300463855267,0.5,0.8317109942436218,11.912336349487305,16.189973831176758,19.26250457763672,0.9940000176429749,3.2899999618530273,t,1.0,1234.0,0.8460000157356262,0.18199999630451202
ZTF26aapnaho,1,1072,61124.18185190018,61124.18185190018,False,False,1,,,,,61124.18185190018,61124.18185190018,0.0,168.37826530000004,-4.0851936,0.0852165147662162,0.0850000008940696,asteroid,stamp_classifier,1.0,27.5.7a32.dev1,asteroid,3370181853115015027,F:\ZTF_Adjusted_Dataset\stamps\asteroid\ZTF26aapnaho,,2.0,r,18.892255783081055,0.09250681847333908,0.9814580082893372,0.9669169783592224,0.5,10.515764236450195,22.326278686523438,23.093284606933594,0.9860000014305115,2.9800000190734863,t,1.0,1072.0,0.6269999742507935,-0.004999999888241291
ZTF26aapnapr,1,1577,61124.18091440015,61124.18091440015,False,False,1,,,,,61124.18091440015,61124.18091440015,0.0,166.1614974,11.1147521,0.0866248160600662,0.0850000008940696,asteroid,stamp_classifier,1.0,27.5.7a32.dev1,asteroid,3370180912015015031,F:\ZTF_Adjusted_Dataset\stamps\asteroid\ZTF26aapnapr,,2.0,r,18.88665008544922,0.07748650759458542,0.9987499713897705,0.0037499999161809683,0.9917500019073486,10.745582580566406,12.7653169631958,15.512336730957031,0.9909999966621399,1.8700000047683716,t,1.0,1577.0,0.7089999914169312,-0.08900000154972076
ZTF26aapmzsf,1,1370,61124.18373840023,61124.18373840023,False,False,1,,,,,61124.18373840023,61124.18373840023,0.0,159.9193178,-11.9210665,0.0868735909461975,0.0850000008940696,asteroid,stamp_classifier,1.0,27.5.7a32.dev1,asteroid,3370183730815015002,F:\ZTF_Adjusted_Dataset\stamps\asteroid\ZTF26aapmzsf,,2.0,r,19.390539169311523,0.11253026127815247,0.10089900344610214,0.0,0.0006249999860301614,7.800694942474365,17.876232147216797,23.94932746887207,0.9819999933242798,2.009999990463257,t,1.0,1370.0,0.9070000052452087,-0.22100000083446503
ZTF26aapmzyw,1,1640,61124.18515049992,61124.18515049992,False,False,1,,,,,61124.18515049992,61124.18515049992,0.0,148.4555451,-1.2368579,0.0850198119878768,0.0850000008940696,asteroid,stamp_classifier,1.0,27.5.7a32.dev1,asteroid,3370185154115015010,F:\ZTF_Adjusted_Dataset\stamps\asteroid\ZTF26aapmzyw,,2.0,r,19.33853530883789,0.10917570441961288,0.0006249999860301614,0.0,0.9472500085830688,15.377645492553711,18.429595947265625,18.99744415283203,0.9819999933242798,2.0199999809265137,t,1.0,1640.0,0.609000027179718,-0.24799999594688416
ZTF26aapnaaj,1,1706,61124.185624999925,61124.185624999925,False,False,1,,,,,61124.185624999925,61124.185624999925,0.0,143.7114578,5.4980103,0.0853928476572036,0.0850000008940696,asteroid,stamp_classifier,1.0,27.5.7a32.dev1,asteroid,3370185624315015000,F:\ZTF_Adjusted_Dataset\stamps\asteroid\ZTF26aapnaaj,,2.0,r,19.681798934936523,0.11610545963048935,0.0,0.0,0.9983329772949219,9.606261253356934,9.97012996673584,29.637845993041992,0.9800000190734863,2.009999990463257,t,1.0,1706.0,1.1690000295639038,-0.4099999964237213
ZTF26aapmzyl,1,1644,61124.18515049992,61124.18515049992,False,False,1,,,,,61124.18515049992,61124.18515049992,0.0,149.0403991,-1.4403315,0.0850268676877021,0.0850000008940696,asteroid,stamp_classifier,1.0,27.5.7a32.dev1,asteroid,3370185154015015010,F:\ZTF_Adjusted_Dataset\stamps\asteroid\ZTF26aapmzyl,,2.0,r,19.70018196105957,0.14279446005821228,0.16589300334453583,0.9638329744338989,0.005625000223517418,13.743523597717285,17.269718170166016,19.525245666503906,0.9779999852180481,2.0199999809265137,t,1.0,1644.0,0.9739999771118164,-0.5759999752044678
ZTF26aapnaay,1,1652,61124.18515049992,61124.18515049992,False,False,1,,,,,61124.18515049992,61124.18515049992,0.0,147.5285635,-2.5262948,0.0850826948881149,0.0850000008940696,asteroid,stamp_classifier,1.0,27.5.7a32.dev1,asteroid,3370185154715015018,F:\ZTF_Adjusted_Dataset\stamps\asteroid\ZTF26aapnaay,,2.0,r,19.279298782348633,0.11284125596284866,0.9923329949378967,-999.0,-999.0,26.22406578063965,-999.0,-999.0,0.9819999933242798,1.7200000286102295,t,1.0,1652.0,0.906000018119812,-0.10999999940395355
ZTF26aapnaaz,1,1641,61124.18515049992,61124.18515049992,False,False,1,,,,,61124.18515049992,61124.18515049992,0.0,147.2493475,-2.4327306,0.0850766748189926,0.0850000008940696,asteroid,stamp_classifier,1.0,27.5.7a32.dev1,asteroid,3370185154715015024,F:\ZTF_Adjusted_Dataset\stamps\asteroid\ZTF26aapnaaz,,2.0,r,19.802297592163086,0.13755100965499878,0.0,-999.0,-999.0,5.836376190185547,-999.0,-999.0,0.9800000190734863,2.3399999141693115,t,1.0,1641.0,0.9599999785423279,0.20399999618530273
ZTF26aapmzyj,1,1644,61124.18515049992,61124.18515049992,False,False,1,,,,,61124.18515049992,61124.18515049992,0.0,149.1338757,-1.6070173,0.0850334465503692,0.0850000008940696,asteroid,stamp_classifier,1.0,27.5.7a32.dev1,asteroid,3370185154015015009,F:\ZTF_Adjusted_Dataset\stamps\asteroid\ZTF26aapmzyj,,2.0,r,19.512182235717773,0.11792576313018799,0.9641669988632202,0.9842079877853394,0.0013333299430087209,7.084245681762695,8.116459846496582,9.885721206665039,1.0,2.0399999618530273,t,1.0,1644.0,1.2139999866485596,-0.1599999964237213
ZTF26aapnaah,1,1774,61124.185624999925,61124.185624999925,False,False,1,,,,,61124.185624999925,61124.185624999925,0.0,144.2042561,5.2707053,0.0853609219193458,0.0850000008940696,asteroid,stamp_classifier,1.0,27.5.7a32.dev1,asteroid,3370185624315015004,F:\ZTF_Adjusted_Dataset\stamps\asteroid\ZTF26aapnaah,,2.0,r,19.508798599243164,0.15123699605464935,0.5,0.023458300158381462,0.5,7.267648696899414,7.827019691467285,8.037555694580078,0.9490000009536743,2.4800000190734863,t,1.0,1774.0,3.0299999713897705,0.15800000727176666
ZTF26aapmzyq,1,1576,61124.18515049992,61124.18515049992,False,False,1,,,,,61124.18515049992,61124.18515049992,0.0,148.568347,-0.8616207,0.0850096121430397,0.0850000008940696,asteroid,stamp_classifier,1.0,27.5.7a32.dev1,asteroid,3370185154115015001,F:\ZTF_Adjusted_Dataset\stamps\asteroid\ZTF26aapmzyq,,2.0,r,19.16553497314453,0.1150648444890976,0.646386981010437,0.002083329949527979,0.0037499999161809683,11.881617546081543,16.835891723632812,21.713943481445312,0.9829999804496765,1.940000057220459,t,1.0,1576.0,1.1349999904632568,-0.2680000066757202
ZTF26aapmzyo,1,1644,61124.18515049992,61124.18515049992,False,False,1,,,,,61124.18515049992,61124.18515049992,0.0,149.2701587,-1.1300818,0.0850165337324142,0.0850000008940696,asteroid,stamp_classifier,1.0,27.5.7a32.dev1,asteroid,3370185154015015004,F:\ZTF_Adjusted_Dataset\stamps\asteroid\ZTF26aapmzyo,,2.0,r,20.14718246459961,0.205367311835289,0.991083025932312,0.0,-999.0,14.69394588470459,20.170774459838867,-999.0,0.9739999771118164,2.380000114440918,t,1.0,1644.0,0.3540000021457672,0.03999999910593033
ZTF26aapmzsz,1,1359,61124.18137730006,61124.18137730006,False,False,1,,,,,61124.18137730006,61124.18137730006,0.0,170.7542418,2.3698177,0.0850727558135986,0.0850000008940696,asteroid,stamp_classifier,1.0,27.5.7a32.dev1,asteroid,3370181370915015003,F:\ZTF_Adjusted_Dataset\stamps\asteroid\ZTF26aapmzsz,,2.0,r,19.33286476135254,0.10040582716464996,0.5,-999.0,-999.0,22.883394241333008,-999.0,-999.0,0.9769999980926514,2.509999990463257,t,1.0,1359.0,0.7379999756813049,-0.25699999928474426
ZTF26aapmzun,1,1488,61124.18232640019,61124.18232640019,False,False,1,,,,,61124.18232640019,61124.18232640019,0.0,166.0267833,3.1015977,0.0851246938109397,0.0850000008940696,asteroid,stamp_classifier,1.0,27.5.7a32.dev1,asteroid,3370182322315015022,F:\ZTF_Adjusted_Dataset\stamps\asteroid\ZTF26aapmzun,,2.0,r,18.76024627685547,0.07561745494604111,0.5,0.9987499713897705,-999.0,19.323543548583984,27.215356826782227,-999.0,0.9829999804496765,1.840000033378601,t,1.0,1488.0,0.6439999938011169,-0.36399999260902405
ZTF26aapmzuv,1,1488,61124.18232640019,61124.18232640019,False,False,1,,,,,61124.18232640019,61124.18232640019,0.0,166.4934511,3.2600203000000003,0.0851377770304679,0.0850000008940696,asteroid,stamp_classifier,1.0,27.5.7a32.dev1,asteroid,3370182322315015015,F:\ZTF_Adjusted_Dataset\stamps\asteroid\ZTF26aapmzuv,,2.0,r,19.834247589111328,0.14346879720687866,0.6356099843978882,-999.0,-999.0,21.566299438476562,-999.0,-999.0,0.9769999980926514,1.8600000143051147,t,1.0,1488.0,1.1119999885559082,-0.39100000262260437
ZTF26aapmzsq,1,1362,61124.18137730006,61124.18137730006,False,False,1,,,,,61124.18137730006,61124.18137730006,0.0,170.6540887,1.8667296,0.0850451365113258,0.0850000008940696,asteroid,stamp_classifier,1.0,27.5.7a32.dev1,asteroid,3370181370915015022,F:\ZTF_Adjusted_Dataset\stamps\asteroid\ZTF26aapmzsq,,2.0,r,18.138864517211914,0.06614971905946732,0.0,0.0041666701436042786,0.019791699945926666,14.893800735473633,23.842302322387695,25.224029541015625,0.9860000014305115,2.259999990463257,t,1.0,1362.0,0.824999988079071,-0.4560000002384186
ZTF26aapmzuq,1,1488,61124.18232640019,61124.18232640019,False,False,1,,,,,61124.18232640019,61124.18232640019,0.0,166.4130849,3.3734196,0.0851475372910499,0.0850000008940696,asteroid,stamp_classifier,1.0,27.5.7a32.dev1,asteroid,3370182322315015011,F:\ZTF_Adjusted_Dataset\stamps\asteroid\ZTF26aapmzuq,,2.0,r,19.194246292114258,0.0972808375954628,0.8652499914169312,0.019999999552965164,0.5,13.1534423828125,21.174013137817383,26.570396423339844,0.9819999933242798,1.7699999809265137,t,1.0,1488.0,1.4850000143051147,-0.7590000033378601
ZTF26aapmztb,1,1350,61124.18137730006,61124.18137730006,False,False,1,,,,,61124.18137730006,61124.18137730006,0.0,170.4643919,2.2190936,0.0850637927651405,0.0850000008940696,asteroid,stamp_classifier,1.0,27.5.7a32.dev1,asteroid,3370181370915015010,F:\ZTF_Adjusted_Dataset\stamps\asteroid\ZTF26aapmztb,,2.0,r,19.875864028930664,0.15474309027194977,0.029625000432133675,0.0019583299290388823,0.5,9.913477897644043,13.407211303710938,14.458780288696289,0.9760000109672546,2.069999933242798,t,1.0,1350.0,0.8109999895095825,-0.29100000858306885
ZTF26aapnaep,1,1119,61124.18185190018,61124.18185190018,False,False,1,,,,,61124.18185190018,61124.18185190018,0.0,173.06250560000004,-4.1103165,0.0852191895246505,0.0850000008940696,asteroid,stamp_classifier,1.0,27.5.7a32.dev1,asteroid,3370181851815015021,F:\ZTF_Adjusted_Dataset\stamps\asteroid\ZTF26aapnaep,,2.0,r,17.54578399658203,0.025557179003953934,0.9993749856948853,0.5,0.0016666699666529894,25.51462173461914,26.0060977935791,29.529699325561523,0.9829999804496765,2.369999885559082,t,1.0,1119.0,0.9169999957084656,-0.017999999225139618
ZTF26aapmzup,1,1488,61124.18232640019,61124.18232640019,False,False,1,,,,,61124.18232640019,61124.18232640019,0.0,165.8654965,3.0013958,0.085116758942604,0.0850000008940696,asteroid,stamp_classifier,1.0,27.5.7a32.dev1,asteroid,3370182322315015032,F:\ZTF_Adjusted_Dataset\stamps\asteroid\ZTF26aapmzup,,2.0,r,19.345247268676758,0.11812672764062881,0.8557919859886169,-999.0,-999.0,24.11015510559082,-999.0,-999.0,0.996999979019165,1.8300000429153442,t,1.0,1488.0,1.034999966621399,-0.6919999718666077
ZTF26aapmzsw,1,1362,61124.18137730006,61124.18137730006,False,False,1,,,,,61124.18137730006,61124.18137730006,0.0,170.6765863,1.8484162,0.0850442498922348,0.0850000008940696,asteroid,stamp_classifier,1.0,27.5.7a32.dev1,asteroid,3370181370915015019,F:\ZTF_Adjusted_Dataset\stamps\asteroid\ZTF26aapmzsw,,2.0,r,19.037864685058594,0.10906828939914703,0.005416669882833958,0.5627080202102661,1.0,8.425037384033203,11.70727825164795,16.415035247802734,0.984000027179718,1.8899999856948853,t,1.0,1362.0,0.8090000152587891,-0.3580000102519989
ZTF26aapmzsh,1,1075,61124.18185190018,61124.18185190018,False,False,1,,,,,61124.18185190018,61124.18185190018,0.0,170.5823927,-5.084432800000001,0.0853357836604118,0.0850000008940696,asteroid,stamp_classifier,1.0,27.5.7a32.dev1,asteroid,3370181850815015009,F:\ZTF_Adjusted_Dataset\stamps\asteroid\ZTF26aapmzsh,,2.0,r,17.77791404724121,0.04561338573694229,0.007625000085681677,0.05525000020861626,0.5,5.652667045593262,20.109403610229492,21.43035316467285,0.9829999804496765,2.440000057220459,t,1.0,1075.0,0.8159999847412109,-0.00800000037997961
ZTF26aapmzzb,1,1640,61124.18515049992,61124.18515049992,False,False,1,,,,,61124.18515049992,61124.18515049992,0.0,148.0470945,-1.4541739,0.0850273817777633,0.0850000008940696,asteroid,stamp_classifier,1.0,27.5.7a32.dev1,asteroid,3370185154115015020,F:\ZTF_Adjusted_Dataset\stamps\asteroid\ZTF26aapmzzb,,2.0,r,19.893535614013672,0.1639900654554367,0.0,0.0,0.9522860050201416,10.009592056274414,20.731077194213867,21.06221580505371,0.9810000061988831,1.690000057220459,t,1.0,1640.0,1.281000018119812,0.15000000596046448
ZTF26aapmzsp,1,921,61124.18185190018,61124.18185190018,False,False,1,,,,,61124.18185190018,61124.18185190018,0.0,170.0852779,-4.7670336,0.0852950513362884,0.0850000008940696,asteroid,stamp_classifier,1.0,27.5.7a32.dev1,asteroid,3370181850815015002,F:\ZTF_Adjusted_Dataset\stamps\asteroid\ZTF26aapmzsp,,2.0,r,19.850915908813477,0.17458917200565338,0.5085600018501282,0.0016666699666529894,0.5,8.464411735534668,14.004990577697754,14.691629409790039,0.9769999980926514,2.1700000762939453,t,1.0,921.0,1.7669999599456787,-0.09200000017881393
ZTF26aapmzsx,1,1361,61124.18137730006,61124.18137730006,False,False,1,,,,,61124.18137730006,61124.18137730006,0.0,170.70873970000002,2.2830872,0.0850675255060195,0.0850000008940696,asteroid,stamp_classifier,1.0,27.5.7a32.dev1,asteroid,3370181370915015007,F:\ZTF_Adjusted_Dataset\stamps\asteroid\ZTF26aapmzsx,,2.0,r,19.71486473083496,0.14923061430454254,0.5,0.8574579954147339,0.2418449968099594,12.981575012207031,13.0134859085083,23.576942443847656,0.9810000061988831,2.0899999141693115,t,1.0,1361.0,0.4959999918937683,-0.20200000703334808
ZTF26aapnaal,1,1773,61124.185624999925,61124.185624999925,False,False,1,,,,,61124.185624999925,61124.185624999925,0.0,144.0542119,4.823514399999999,0.0853020995855331,0.0850000008940696,asteroid,stamp_classifier,1.0,27.5.7a32.dev1,asteroid,3370185624315015023,F:\ZTF_Adjusted_Dataset\stamps\asteroid\ZTF26aapnaal,,2.0,r,19.66179847717285,0.15552133321762085,0.0,0.5,-999.0,27.4466495513916,29.358753204345703,-999.0,0.9800000190734863,1.7400000095367432,t,1.0,1773.0,0.6359999775886536,-0.44600000977516174
ZTF26aapmzuk,1,1488,61124.18232640019,61124.18232640019,False,False,1,,,,,61124.18232640019,61124.18232640019,0.0,166.37225769999998,3.0650816,0.0851217731833458,0.0850000008940696,asteroid,stamp_classifier,1.0,27.5.7a32.dev1,asteroid,3370182322315015034,F:\ZTF_Adjusted_Dataset\stamps\asteroid\ZTF26aapmzuk,,2.0,r,18.134246826171875,0.05804150924086571,0.9854999780654907,0.2909879982471466,0.0,6.394197940826416,24.651500701904297,24.781339645385742,0.9959999918937683,2.1600000858306885,t,1.0,1488.0,0.18400000035762787,-0.004000000189989805
ZTF26aapmzul,1,1237,61124.18232640019,61124.18232640019,False,False,1,,,,,61124.18232640019,61124.18232640019,0.0,165.84424750000002,3.4284480000000004,0.0851524025201797,0.0850000008940696,asteroid,stamp_classifier,1.0,27.5.7a32.dev1,asteroid,3370182322315015005,F:\ZTF_Adjusted_Dataset\stamps\asteroid\ZTF26aapmzul,,2.0,r,18.468246459960938,0.06499014049768448,0.0,0.9979169964790344,0.0,8.108312606811523,17.98484992980957,20.04405975341797,0.984000027179718,1.75,t,1.0,1237.0,0.6039999723434448,-0.25
ZTF26aapmzsg,1,1075,61124.18185190018,61124.18185190018,False,False,1,,,,,61124.18185190018,61124.18185190018,0.0,170.33288109999998,-5.3278259,0.0853688195347786,0.0850000008940696,asteroid,stamp_classifier,1.0,27.5.7a32.dev1,asteroid,3370181850815015015,F:\ZTF_Adjusted_Dataset\stamps\asteroid\ZTF26aapmzsg,,2.0,r,16.894914627075195,0.03342360258102417,0.4582679867744446,0.9797080159187317,-999.0,18.210826873779297,25.476964950561523,-999.0,0.984000027179718,2.9000000953674316,t,1.0,1075.0,1.0160000324249268,-0.40400001406669617
ZTF26aapmzso,1,1075,61124.18185190018,61124.18185190018,False,False,1,,,,,61124.18185190018,61124.18185190018,0.0,170.741416,-5.3364696,0.0853700190782547,0.0850000008940696,asteroid,stamp_classifier,1.0,27.5.7a32.dev1,asteroid,3370181850815015013,F:\ZTF_Adjusted_Dataset\stamps\asteroid\ZTF26aapmzso,,2.0,r,19.370914459228516,0.13015544414520264,0.0012499999720603228,0.5,0.07770829647779465,14.75304889678955,23.800521850585938,29.303804397583008,0.9810000061988831,2.1700000762939453,t,1.0,1075.0,0.7929999828338623,-0.1589999943971634
ZTF26aapmzui,1,1488,61124.18232640019,61124.18232640019,False,False,1,,,,,61124.18232640019,61124.18232640019,0.0,166.5475026,3.2058458,0.0851332247257232,0.0850000008940696,asteroid,stamp_classifier,1.0,27.5.7a32.dev1,asteroid,3370182322315015018,F:\ZTF_Adjusted_Dataset\stamps\asteroid\ZTF26aapmzui,,2.0,r,17.800247192382812,0.044144246727228165,0.9862080216407776,0.0012499999720603228,0.7328929901123047,10.138528823852539,19.81076431274414,21.699472427368164,0.9829999804496765,1.840000033378601,t,1.0,1488.0,1.0089999437332153,-0.07199999690055847
ZTF26aapnabe,1,1642,61124.18515049992,61124.18515049992,False,False,1,,,,,61124.18515049992,61124.18515049992,0.0,147.3249173,-1.820377,0.0850429162383079,0.0850000008940696,asteroid,stamp_classifier,1.0,27.5.7a32.dev1,asteroid,3370185154715015005,F:\ZTF_Adjusted_Dataset\stamps\asteroid\ZTF26aapnabe,,2.0,r,19.633298873901367,0.151553213596344,0.0012499999720603228,0.00912499986588955,0.0,10.227184295654297,13.189927101135254,15.335371971130371,0.9559999704360962,1.5700000524520874,t,1.0,1642.0,1.065999984741211,-0.4779999852180481
ZTF26aapnaae,1,1746,61124.185624999925,61124.185624999925,False,False,1,,,,,61124.185624999925,61124.185624999925,0.0,143.9614822,6.1263599,0.0854882299900055,0.0850000008940696,asteroid,stamp_classifier,1.0,27.5.7a32.dev1,asteroid,3370185624015015010,F:\ZTF_Adjusted_Dataset\stamps\asteroid\ZTF26aapnaae,,2.0,r,19.50613784790039,0.12975026667118073,0.9931250214576721,0.0,0.0,15.52835750579834,21.40376853942871,23.263795852661133,0.9850000143051147,2.359999895095825,t,1.0,1746.0,0.5559999942779541,-0.6290000081062317
ZTF26aapmzsy,1,1309,61124.18137730006,61124.18137730006,False,False,1,,,,,61124.18137730006,61124.18137730006,0.0,170.0647467,2.0960561,0.0850569084286689,0.0850000008940696,asteroid,stamp_classifier,1.0,27.5.7a32.dev1,asteroid,3370181370915015013,F:\ZTF_Adjusted_Dataset\stamps\asteroid\ZTF26aapmzsy,,2.0,r,19.55486488342285,0.14293064177036285,0.047791700810194016,0.011500000022351742,1.0,15.78218936920166,19.857486724853516,26.105491638183594,0.9700000286102295,2.009999990463257,t,1.0,1309.0,1.2920000553131104,0.07199999690055847
ZTF26aapmzst,1,1319,61124.18137730006,61124.18137730006,False,False,1,,,,,61124.18137730006,61124.18137730006,0.0,170.4416207,2.2303175,0.0850644409656524,0.0850000008940696,asteroid,stamp_classifier,1.0,27.5.7a32.dev1,asteroid,3370181370915015009,F:\ZTF_Adjusted_Dataset\stamps\asteroid\ZTF26aapmzst,,2.0,r,18.537864685058594,0.07087469846010208,0.9987499713897705,0.9551249742507935,0.9954169988632202,6.97782039642334,15.616472244262695,23.70152473449707,0.9829999804496765,2.180000066757202,t,1.0,1319.0,0.5210000276565552,0.027000000700354576
ZTF26aapmzum,1,1488,61124.18232640019,61124.18232640019,False,False,1,,,,,61124.18232640019,61124.18232640019,0.0,166.1297527,3.3254201,0.0851433649659156,0.0850000008940696,asteroid,stamp_classifier,1.0,27.5.7a32.dev1,asteroid,3370182322315015013,F:\ZTF_Adjusted_Dataset\stamps\asteroid\ZTF26aapmzum,,2.0,r,18.55624771118164,0.06785134226083755,0.0012499999720603228,0.0,0.0,14.803558349609375,17.526430130004883,24.99722671508789,0.9829999804496765,1.9900000095367432,t,1.0,1488.0,0.8349999785423279,-0.2680000066757202
ZTF26aapmzuh,1,1488,61124.18232640019,61124.18232640019,False,False,1,,,,,61124.18232640019,61124.18232640019,0.0,166.0833919,3.4124286,0.0851509794592857,0.0850000008940696,asteroid,stamp_classifier,1.0,27.5.7a32.dev1,asteroid,3370182322315015007,F:\ZTF_Adjusted_Dataset\stamps\asteroid\ZTF26aapmzuh,,2.0,r,17.739246368408203,0.04577921703457832,0.0336667001247406,0.9732019901275635,-999.0,15.190878868103027,22.041912078857422,-999.0,1.0,2.569999933242798,t,1.0,1488.0,0.8650000095367432,-0.34200000762939453
ZTF26aapmzsm,1,1075,61124.18185190018,61124.18185190018,False,False,1,,,,,61124.18185190018,61124.18185190018,0.0,170.4133309,-5.2001926,0.0853512957692146,0.0850000008940696,asteroid,stamp_classifier,1.0,27.5.7a32.dev1,asteroid,3370181850815015018,F:\ZTF_Adjusted_Dataset\stamps\asteroid\ZTF26aapmzsm,,2.0,r,18.80791473388672,0.13644693791866302,0.9837499856948853,0.0,0.31307700276374817,3.908123016357422,13.81950855255127,15.165574073791504,0.9819999933242798,2.930000066757202,t,1.0,1075.0,0.8289999961853027,-0.04500000178813934
ZTF26aapmzsr,1,1367,61124.18137730006,61124.18137730006,False,False,1,,,,,61124.18137730006,61124.18137730006,0.0,169.9936217,1.8728234,0.0850454270839691,0.0850000008940696,asteroid,stamp_classifier,1.0,27.5.7a32.dev1,asteroid,3370181370915015025,F:\ZTF_Adjusted_Dataset\stamps\asteroid\ZTF26aapmzsr,,2.0,r,18.254863739013672,0.0633934810757637,0.5,0.011458300054073334,0.005208330228924751,6.040017127990723,10.30746841430664,13.27249813079834,0.9829999804496765,1.8600000143051147,t,1.0,1367.0,0.7480000257492065,-0.13600000739097595
ZTF26aapnacu,1,2388,61124.18609949993,61124.18609949993,False,False,1,,,,,61124.18609949993,61124.18609949993,0.0,141.0729238,-0.3599286,0.0850016772747039,0.0850000008940696,asteroid,stamp_classifier,1.0,27.5.7a32.dev1,asteroid,3370186095815015023,F:\ZTF_Adjusted_Dataset\stamps\asteroid\ZTF26aapnacu,,2.0,r,18.191314697265625,0.052376799285411835,0.4043329954147339,0.0037499999161809683,0.0012499999720603228,12.355152130126953,16.380897521972656,24.70583724975586,0.984000027179718,1.9600000381469727,t,1.0,2388.0,0.8180000185966492,-0.375
ZTF26aapmzuo,1,1404,61124.18232640019,61124.18232640019,False,False,1,,,,,61124.18232640019,61124.18232640019,0.0,166.3039172,3.40096,0.0851499661803245,0.0850000008940696,asteroid,stamp_classifier,1.0,27.5.7a32.dev1,asteroid,3370182322315015008,F:\ZTF_Adjusted_Dataset\stamps\asteroid\ZTF26aapmzuo,,2.0,r,19.300247192382812,0.1128130704164505,0.006874999962747097,1.0,0.8507080078125,8.263859748840332,17.833454132080078,18.957727432250977,0.9829999804496765,1.9299999475479126,t,1.0,1404.0,0.49000000953674316,-0.35499998927116394
ZTF26aapnabb,1,1642,61124.18515049992,61124.18515049992,False,False,1,,,,,61124.18515049992,61124.18515049992,0.0,147.7184814,-2.1950649,0.0850624144077301,0.0850000008940696,asteroid,stamp_classifier,1.0,27.5.7a32.dev1,asteroid,3370185154715015023,F:\ZTF_Adjusted_Dataset\stamps\asteroid\ZTF26aapnabb,,2.0,r,19.718297958374023,0.13796284794807434,0.0,1.0,0.004821429960429668,13.330103874206543,19.59313201904297,22.312593460083008,0.9819999933242798,2.069999933242798,t,1.0,1642.0,1.1720000505447388,-0.2370000034570694
ZTF26aapmzsl,1,1075,61124.18185190018,61124.18185190018,False,False,1,,,,,61124.18185190018,61124.18185190018,0.0,170.5296127,-4.7863122,0.0852974504232406,0.0850000008940696,asteroid,stamp_classifier,1.0,27.5.7a32.dev1,asteroid,3370181850815015003,F:\ZTF_Adjusted_Dataset\stamps\asteroid\ZTF26aapmzsl,,2.0,r,19.300914764404297,0.13172832131385803,0.5,0.1269640028476715,0.014375000260770321,14.454792976379395,14.514656066894531,19.36656951904297,1.0,2.240000009536743,t,1.0,1075.0,4.135000228881836,0.45500001311302185
ZTF26aapnaes,1,1119,61124.18185190018,61124.18185190018,False,False,1,,,,,61124.18185190018,61124.18185190018,0.0,173.6573457,-3.6646274,0.0851741582155227,0.0850000008940696,asteroid,stamp_classifier,1.0,27.5.7a32.dev1,asteroid,3370181851815015002,F:\ZTF_Adjusted_Dataset\stamps\asteroid\ZTF26aapnaes,,2.0,r,18.21878433227539,0.1028008908033371,0.45238998532295227,0.0,-999.0,26.107145309448242,28.885854721069336,-999.0,0.9829999804496765,1.4800000190734863,t,1.0,1119.0,1.3910000324249268,-0.47600001096725464
ZTF26aapnade,1,1361,61124.18280090019,61124.18280090019,False,False,1,,,,,61124.18280090019,61124.18280090019,0.0,161.75578490000004,-4.265369,0.0852360799908638,0.0850000008940696,asteroid,stamp_classifier,1.0,27.5.7a32.dev1,asteroid,3370182803115015019,F:\ZTF_Adjusted_Dataset\stamps\asteroid\ZTF26aapnade,,2.0,r,19.443153381347656,0.1380581259727478,0.0012499999720603228,0.7319170236587524,0.9904170036315918,15.807795524597168,18.31525230407715,28.082923889160156,0.9800000190734863,2.3499999046325684,t,1.0,1361.0,0.38600000739097595,-0.15399999916553497
ZTF26aapnabi,1,2688,61124.18232640019,61124.18232640019,False,False,1,,,,,61124.18232640019,61124.18232640019,0.0,161.37561490000002,1.8874237000000005,0.0850461423397064,0.0850000008940696,asteroid,stamp_classifier,1.0,27.5.7a32.dev1,asteroid,3370182321315015015,F:\ZTF_Adjusted_Dataset\stamps\asteroid\ZTF26aapnabi,,2.0,r,19.398380279541016,0.1533064991235733,0.0,0.5,0.011607100255787373,14.945265769958496,15.100743293762207,16.05097198486328,0.9879999756813049,2.7300000190734863,t,1.0,2688.0,1.0460000038146973,-0.4650000035762787
ZTF26aapnaht,3,1068,59195.50347220013,61124.18185190018,False,False,1,,,,,61124.18185190018,61124.18185190018,0.0,169.0370553,-3.7137601,0.08517886698246,0.0850000008940696,asteroid,stamp_classifier,1.0,27.5.7a32.dev1,asteroid,3370181853115015001,F:\ZTF_Adjusted_Dataset\stamps\asteroid\ZTF26aapnaht,,2.0,r,19.988256454467773,0.17460161447525024,0.0057083298452198505,0.0,0.31347599625587463,15.511451721191406,26.062583923339844,27.01721954345703,0.7210000157356262,1.205230951309204,t,3.0,1068.0,0.7789999842643738,-0.35499998927116394
ZTF26aapnait,1,1206,61124.18232640019,61124.18232640019,False,False,1,,,,,61124.18232640019,61124.18232640019,0.0,162.127576,3.083998,0.0851232782006263,0.0850000008940696,asteroid,stamp_classifier,1.0,27.5.7a32.dev1,asteroid,3370182323115015017,F:\ZTF_Adjusted_Dataset\stamps\asteroid\ZTF26aapnait,,2.0,r,18.09052085876465,0.05664532631635666,0.5,0.5,0.6164460182189941,14.127091407775879,20.477169036865234,24.290220260620117,0.9829999804496765,2.309999942779541,t,1.0,1206.0,1.1629999876022339,-0.3720000088214874
ZTF26aapnakv,1,1556,61124.18091440015,61124.18091440015,False,False,1,,,,,61124.18091440015,61124.18091440015,0.0,167.9639037,11.5288371,0.086750254034996,0.0850000008940696,asteroid,stamp_classifier,1.0,27.5.7a32.dev1,asteroid,3370180911615015000,F:\ZTF_Adjusted_Dataset\stamps\asteroid\ZTF26aapnakv,,2.0,r,19.67325210571289,0.1498541235923767,0.005625000223517418,0.11858300119638443,0.01154169999063015,14.293475151062012,18.97502899169922,25.824365615844727,0.984000027179718,2.190000057220459,t,1.0,1556.0,0.9710000157356262,-0.27000001072883606
ZTF26aapnahj,1,939,61124.183263900224,61124.183263900224,False,False,1,,,,,61124.183263900224,61124.183263900224,0.0,165.3412667,-10.4109386,0.0864227786660194,0.0850000008940696,asteroid,stamp_classifier,1.0,27.5.7a32.dev1,asteroid,3370183262815015011,F:\ZTF_Adjusted_Dataset\stamps\asteroid\ZTF26aapnahj,,2.0,r,19.903717041015625,0.17619051039218903,0.7857019901275635,0.5,-999.0,23.04591178894043,23.813173294067383,-999.0,0.9769999980926514,2.009999990463257,t,1.0,939.0,0.8970000147819519,-0.414000004529953
ZTF26aapnapy,1,1577,61124.18091440015,61124.18091440015,False,False,1,,,,,61124.18091440015,61124.18091440015,0.0,166.1397422,11.153567,0.0866363644599914,0.0850000008940696,asteroid,stamp_classifier,1.0,27.5.7a32.dev1,asteroid,3370180912015015024,F:\ZTF_Adjusted_Dataset\stamps\asteroid\ZTF26aapnapy,,2.0,r,19.613649368286133,0.12706120312213898,0.0,0.0035416700411587954,0.5,20.969999313354492,23.465383529663086,23.634593963623047,0.9819999933242798,1.9700000286102295,t,1.0,1577.0,0.7009999752044678,-0.5220000147819519
ZTF26aapnakk,1,1234,61124.18137730006,61124.18137730006,False,False,1,,,,,61124.18137730006,61124.18137730006,0.0,169.2512391,3.4271111,0.0851522833108902,0.0850000008940696,asteroid,stamp_classifier,1.0,27.5.7a32.dev1,asteroid,3370181373115015002,F:\ZTF_Adjusted_Dataset\stamps\asteroid\ZTF26aapnakk,,2.0,r,19.45261573791504,0.11887399852275848,0.002083329949527979,0.01958329975605011,0.5451670289039612,4.761597633361816,9.550390243530273,22.056594848632812,0.9819999933242798,1.8700000047683716,t,1.0,1234.0,0.8550000190734863,-0.18000000715255737
ZTF26aapnakg,1,1174,61124.18137730006,61124.18137730006,False,False,1,,,,,61124.18137730006,61124.18137730006,0.0,169.493817,2.8189117,0.0851029753684997,0.0850000008940696,asteroid,stamp_classifier,1.0,27.5.7a32.dev1,asteroid,3370181373115015020,F:\ZTF_Adjusted_Dataset\stamps\asteroid\ZTF26aapnakg,,2.0,r,18.865615844726562,0.10386260598897934,0.5,0.033833298832178116,0.5,10.032706260681152,12.888005256652832,17.630722045898438,0.9829999804496765,1.8700000047683716,t,1.0,1174.0,0.6930000185966492,-0.06800000369548798
ZTF26aapnabp,1,2178,61124.18185190018,61124.18185190018,False,False,1,,,,,61124.18185190018,61124.18185190018,0.0,167.5660505,-5.3110039,0.0853664800524711,0.0850000008940696,asteroid,stamp_classifier,1.0,27.5.7a32.dev1,asteroid,3370181851315015005,F:\ZTF_Adjusted_Dataset\stamps\asteroid\ZTF26aapnabp,,2.0,r,18.728002548217773,0.08211065083742142,0.0,-999.0,-999.0,19.284090042114258,-999.0,-999.0,0.9829999804496765,3.3499999046325684,t,1.0,2178.0,0.7620000243186951,-0.0560000017285347
ZTF26aapnafv,1,1459,61124.18280090019,61124.18280090019,False,False,1,,,,,61124.18280090019,61124.18280090019,0.0,164.4694946,-3.1696729,0.0851302370429039,0.0850000008940696,asteroid,stamp_classifier,1.0,27.5.7a32.dev1,asteroid,3370182802115015011,F:\ZTF_Adjusted_Dataset\stamps\asteroid\ZTF26aapnafv,,2.0,r,19.599220275878906,0.13401223719120026,0.0,0.0055833300575613976,-999.0,21.07972526550293,24.9893798828125,-999.0,0.9800000190734863,2.140000104904175,t,1.0,1459.0,0.9800000190734863,-0.32199999690055847
ZTF26aapnagj,1,1444,61124.18280090019,61124.18280090019,False,False,1,,,,,61124.18280090019,61124.18280090019,0.0,165.53937450000004,-3.0601766,0.0851213783025741,0.0850000008940696,asteroid,stamp_classifier,1.0,27.5.7a32.dev1,asteroid,3370182802015015003,F:\ZTF_Adjusted_Dataset\stamps\asteroid\ZTF26aapnagj,,2.0,r,18.528587341308594,0.0632990151643753,0.9789170026779175,0.021708300337195396,0.0,9.748867988586426,12.389782905578613,13.989448547363281,0.9829999804496765,2.180000066757202,t,1.0,1444.0,0.8069999814033508,0.009999999776482582
ZTF26aapnaok,1,3368,61124.18515049992,61124.18515049992,False,False,1,,,,,61124.18515049992,61124.18515049992,0.0,149.0804871,0.848084,0.0850093141198158,0.0850000008940696,asteroid,stamp_classifier,1.0,27.5.7a32.dev1,asteroid,3370185155615015007,F:\ZTF_Adjusted_Dataset\stamps\asteroid\ZTF26aapnaok,,2.0,r,18.81682777404785,0.0878860354423523,-999.0,-999.0,-999.0,-999.0,-999.0,-999.0,0.984000027179718,2.2799999713897705,t,1.0,3368.0,0.4569999873638153,-0.11100000143051147
ZTF26aapname,1,1501,61124.18232640019,61124.18232640019,False,False,1,,,,,61124.18232640019,61124.18232640019,0.0,166.4307481,4.3215955,0.085242360830307,0.0850000008940696,asteroid,stamp_classifier,1.0,27.5.7a32.dev1,asteroid,3370182322015015009,F:\ZTF_Adjusted_Dataset\stamps\asteroid\ZTF26aapname,,2.0,r,19.17149543762207,0.09304496645927429,1.0,0.9387320280075073,-999.0,20.861133575439453,28.85681915283203,-999.0,0.9829999804496765,1.840000033378601,t,1.0,1501.0,0.8059999942779541,-0.27300000190734863
ZTF26aapnagn,1,1442,61124.18280090019,61124.18280090019,False,False,1,,,,,61124.18280090019,61124.18280090019,0.0,165.182569,-3.0196417,0.085118182003498,0.0850000008940696,asteroid,stamp_classifier,1.0,27.5.7a32.dev1,asteroid,3370182802015015002,F:\ZTF_Adjusted_Dataset\stamps\asteroid\ZTF26aapnagn,,2.0,r,19.403587341308594,0.12087097764015198,0.19783300161361694,0.9958329796791077,0.5882980227470398,21.196847915649414,24.061710357666016,25.937421798706055,0.9750000238418579,2.380000114440918,t,1.0,1442.0,0.5350000262260437,-0.4659999907016754
ZTF26aapnajr,1,1109,61124.18185190018,61124.18185190018,False,False,1,,,,,61124.18185190018,61124.18185190018,0.0,171.984627,-3.6843052,0.0851760357618331,0.0850000008940696,asteroid,stamp_classifier,1.0,27.5.7a32.dev1,asteroid,3370181852315015003,F:\ZTF_Adjusted_Dataset\stamps\asteroid\ZTF26aapnajr,,2.0,r,19.05247688293457,0.10045088082551956,0.026666700839996338,0.0,0.5,9.24294376373291,13.7614164352417,16.010480880737305,0.9829999804496765,1.9800000190734863,t,1.0,1109.0,0.8259999752044678,-0.006000000052154064
ZTF26aapnalz,1,1423,61124.18232640019,61124.18232640019,False,False,1,,,,,61124.18232640019,61124.18232640019,0.0,166.23805010000004,3.7813866,0.0851854532957077,0.0850000008940696,asteroid,stamp_classifier,1.0,27.5.7a32.dev1,asteroid,3370182322015015046,F:\ZTF_Adjusted_Dataset\stamps\asteroid\ZTF26aapnalz,,2.0,r,18.662494659423828,0.07549701631069183,0.006874999962747097,0.0051041701808571815,0.008333330042660236,15.114391326904297,17.430625915527344,21.788848876953125,0.9829999804496765,2.2200000286102295,t,1.0,1423.0,1.0989999771118164,-0.15299999713897705
ZTF26aapnajn,1,1109,61124.18185190018,61124.18185190018,False,False,1,,,,,61124.18185190018,61124.18185190018,0.0,172.2642669,-3.7038556,0.0851779133081436,0.0850000008940696,asteroid,stamp_classifier,1.0,27.5.7a32.dev1,asteroid,3370181852315015004,F:\ZTF_Adjusted_Dataset\stamps\asteroid\ZTF26aapnajn,,2.0,r,18.676475524902344,0.08889105916023254,0.8000710010528564,0.9904580116271973,0.12008299678564072,19.071136474609375,21.127254486083984,29.41335105895996,0.9900000095367432,2.1500000953674316,t,1.0,1109.0,1.0119999647140503,-0.5049999952316284
ZTF26aapnalv,1,1507,61124.18232640019,61124.18232640019,False,False,1,,,,,61124.18232640019,61124.18232640019,0.0,166.0962191,4.0984825,0.0852179303765297,0.0850000008940696,asteroid,stamp_classifier,1.0,27.5.7a32.dev1,asteroid,3370182322015015027,F:\ZTF_Adjusted_Dataset\stamps\asteroid\ZTF26aapnalv,,2.0,r,17.90849494934082,0.04978721961379051,0.0,0.17642900347709656,0.9954169988632202,19.707660675048828,20.1238956451416,22.283628463745117,1.0,2.430000066757202,t,1.0,1507.0,0.42399999499320984,-0.23199999332427979
ZTF26aapnamc,1,1501,61124.18232640019,61124.18232640019,False,False,1,,,,,61124.18232640019,61124.18232640019,0.0,166.4207762,4.2824873,0.0852379873394966,0.0850000008940696,asteroid,stamp_classifier,1.0,27.5.7a32.dev1,asteroid,3370182322015015014,F:\ZTF_Adjusted_Dataset\stamps\asteroid\ZTF26aapnamc,,2.0,r,19.298494338989258,0.12365186214447021,0.0018749999580904841,1.0,0.9750419855117798,15.3248872756958,17.5993595123291,26.42777442932129,0.9829999804496765,2.180000066757202,t,1.0,1501.0,0.8479999899864197,-0.3720000088214874
ZTF26aapnagm,1,1442,61124.18280090019,61124.18280090019,False,False,1,,,,,61124.18280090019,61124.18280090019,0.0,165.0864157,-2.9779378,0.0851149410009384,0.0850000008940696,asteroid,stamp_classifier,1.0,27.5.7a32.dev1,asteroid,3370182802015015001,F:\ZTF_Adjusted_Dataset\stamps\asteroid\ZTF26aapnagm,,2.0,r,19.377586364746094,0.0994698777794838,1.0,0.006000000052154064,0.010208300314843655,14.721442222595215,15.11294174194336,15.3807954788208,0.9779999852180481,2.0199999809265137,t,1.0,1442.0,0.7269999980926514,-0.3799999952316284
ZTF26aapnagl,1,1444,61124.18280090019,61124.18280090019,False,False,1,,,,,61124.18280090019,61124.18280090019,0.0,165.487053,-3.097316,0.0851243510842323,0.0850000008940696,asteroid,stamp_classifier,1.0,27.5.7a32.dev1,asteroid,3370182802015015008,F:\ZTF_Adjusted_Dataset\stamps\asteroid\ZTF26aapnagl,,2.0,r,18.76958656311035,0.06239474192261696,0.9639229774475098,0.8339999914169312,0.0012499999720603228,14.977557182312012,17.14364242553711,17.347885131835938,0.9810000061988831,2.119999885559082,t,1.0,1444.0,0.7639999985694885,-0.45399999618530273
ZTF26aapnaly,1,1418,61124.18232640019,61124.18232640019,False,False,1,,,,,61124.18232640019,61124.18232640019,0.0,166.2607103,3.7542043,0.0851827934384346,0.0850000008940696,asteroid,stamp_classifier,1.0,27.5.7a32.dev1,asteroid,3370182322015015049,F:\ZTF_Adjusted_Dataset\stamps\asteroid\ZTF26aapnaly,,2.0,r,18.32049560546875,0.06855945289134979,0.028875000774860382,0.02245829999446869,0.006874999962747097,8.026497840881348,19.962282180786133,27.8769588470459,0.9829999804496765,1.7899999618530273,t,1.0,1418.0,0.9319999814033508,-0.12200000137090683
ZTF26aapnafe,1,1119,61124.18185190018,61124.18185190018,False,False,1,,,,,61124.18185190018,61124.18185190018,0.0,173.2734085,-4.0198615,0.0852096304297447,0.0850000008940696,asteroid,stamp_classifier,1.0,27.5.7a32.dev1,asteroid,3370181851815015010,F:\ZTF_Adjusted_Dataset\stamps\asteroid\ZTF26aapnafe,,2.0,r,19.925783157348633,0.15353380143642426,0.012208299711346626,0.7252200245857239,0.1945440024137497,8.557535171508789,13.243813514709473,17.710683822631836,0.9139999747276306,1.3118664026260376,t,1.0,1119.0,0.43299999833106995,-0.08100000023841858
ZTF26aapnabl,1,2773,61124.18137730006,61124.18137730006,False,False,1,,,,,61124.18137730006,61124.18137730006,0.0,175.2150956,1.8133259,0.0850425884127616,0.0850000008940696,asteroid,stamp_classifier,1.0,27.5.7a32.dev1,asteroid,3370181370015015029,F:\ZTF_Adjusted_Dataset\stamps\asteroid\ZTF26aapnabl,,2.0,r,17.248634338378906,0.04564580321311951,0.0020000000949949026,0.007499999832361937,-999.0,13.11805248260498,13.49671459197998,-999.0,0.9829999804496765,2.4000000953674316,t,1.0,2773.0,0.9929999709129333,-0.3100000023841858
ZTF26aapnarb,1,1437,61124.18043980002,61124.18043980002,False,False,1,,,,,61124.18043980002,61124.18043980002,0.0,161.024464,17.3138069,0.0890342220664024,0.0850000008940696,asteroid,stamp_classifier,1.0,27.5.7a32.dev1,asteroid,3370180432315015019,F:\ZTF_Adjusted_Dataset\stamps\asteroid\ZTF26aapnarb,,2.0,r,19.605514526367188,0.12342661619186401,0.5,0.0037499999161809683,0.014583299867808819,16.35095977783203,21.475383758544922,21.895893096923828,0.9800000190734863,1.8200000524520874,t,1.0,1437.0,0.9089999794960022,-0.09799999743700027
ZTF26aapnacf,1,1405,61124.18137730006,61124.18137730006,False,False,1,,,,,61124.18137730006,61124.18137730006,0.0,174.74879329999996,1.9147657,0.0850474908947944,0.0850000008940696,asteroid,stamp_classifier,1.0,27.5.7a32.dev1,asteroid,3370181370015015023,F:\ZTF_Adjusted_Dataset\stamps\asteroid\ZTF26aapnacf,,2.0,r,19.56063461303711,0.1554318219423294,0.8117499947547913,-999.0,-999.0,7.586245536804199,-999.0,-999.0,0.9760000109672546,2.609999895095825,t,1.0,1405.0,0.41200000047683716,-0.0949999988079071
ZTF26aapnabs,1,2779,61124.18137730006,61124.18137730006,False,False,1,,,,,61124.18137730006,61124.18137730006,0.0,175.2756929,1.9608652,0.0850498005747795,0.0850000008940696,asteroid,stamp_classifier,1.0,27.5.7a32.dev1,asteroid,3370181370015015025,F:\ZTF_Adjusted_Dataset\stamps\asteroid\ZTF26aapnabs,,2.0,r,19.208635330200195,0.1400853991508484,0.0,0.9448750019073486,0.5637919902801514,8.666332244873047,12.974372863769531,13.546612739562988,0.9850000143051147,2.700000047683716,t,1.0,2779.0,0.8080000281333923,-0.3179999887943268
ZTF26aapnaqd,1,1577,61124.18091440015,61124.18091440015,False,False,1,,,,,61124.18091440015,61124.18091440015,0.0,166.0741907,11.1674584,0.0866405144333839,0.0850000008940696,asteroid,stamp_classifier,1.0,27.5.7a32.dev1,asteroid,3370180912015015023,F:\ZTF_Adjusted_Dataset\stamps\asteroid\ZTF26aapnaqd,,2.0,r,19.799650192260742,0.1403922140598297,0.009083329699933529,0.17408299446105957,0.9937499761581421,8.291863441467285,18.513614654541016,18.72205924987793,0.9769999980926514,1.940000057220459,t,1.0,1577.0,0.7409999966621399,-0.24199999868869781
ZTF26aapnamt,1,944,61124.183263900224,61124.183263900224,False,False,1,,,,,61124.183263900224,61124.183263900224,0.0,165.2526295,-11.2187765,0.0866558700799942,0.0850000008940696,asteroid,stamp_classifier,1.0,27.5.7a32.dev1,asteroid,3370183263115015017,F:\ZTF_Adjusted_Dataset\stamps\asteroid\ZTF26aapnamt,,2.0,r,18.971078872680664,0.09380731731653214,0.0,0.0012499999720603228,-999.0,20.022478103637695,21.65284538269043,-999.0,0.9829999804496765,1.7999999523162842,t,1.0,944.0,0.4009999930858612,0.05000000074505806
ZTF26aapnakm,1,1226,61124.18137730006,61124.18137730006,False,False,1,,,,,61124.18137730006,61124.18137730006,0.0,169.7402697,3.1138828,0.0851256847381591,0.0850000008940696,asteroid,stamp_classifier,1.0,27.5.7a32.dev1,asteroid,3370181373115015012,F:\ZTF_Adjusted_Dataset\stamps\asteroid\ZTF26aapnakm,,2.0,r,19.31861686706543,0.1099483072757721,0.0,0.019618099555373192,0.009583329781889915,10.48552417755127,10.787013053894043,14.202726364135742,0.9819999933242798,1.940000057220459,t,1.0,1226.0,0.5059999823570251,-0.3840000033378601
ZTF26aapnamn,1,937,61124.183263900224,61124.183263900224,False,False,1,,,,,61124.183263900224,61124.183263900224,0.0,165.45899309999996,-11.5750052,0.0867645442485809,0.0850000008940696,asteroid,stamp_classifier,1.0,27.5.7a32.dev1,asteroid,3370183263115015026,F:\ZTF_Adjusted_Dataset\stamps\asteroid\ZTF26aapnamn,,2.0,r,18.490079879760742,0.06566512584686279,0.19569000601768494,0.0035416700411587954,0.0,14.645401954650879,15.461231231689453,16.597328186035156,0.9929999709129333,1.8899999856948853,t,1.0,937.0,1.1670000553131104,-0.593999981880188
ZTF26aapnano,1,1563,61124.18232640019,61124.18232640019,False,False,1,,,,,61124.18232640019,61124.18232640019,0.0,167.9160028,3.6801356,0.0851756408810615,0.0850000008940696,asteroid,stamp_classifier,1.0,27.5.7a32.dev1,asteroid,3370182321615015028,F:\ZTF_Adjusted_Dataset\stamps\asteroid\ZTF26aapnano,,2.0,r,19.010522842407227,0.12201423197984695,0.6790419816970825,0.5993329882621765,-999.0,7.612666606903076,10.968005180358887,-999.0,1.0,2.809999942779541,t,1.0,1563.0,1.0870000123977661,-0.3610000014305115
ZTF26aapnaqg,1,1393,61124.18091440015,61124.18091440015,False,False,1,,,,,61124.18091440015,61124.18091440015,0.0,165.959825,11.1847562,0.0866456776857376,0.0850000008940696,asteroid,stamp_classifier,1.0,27.5.7a32.dev1,asteroid,3370180912015015021,F:\ZTF_Adjusted_Dataset\stamps\asteroid\ZTF26aapnaqg,,2.0,r,19.935649871826172,0.2049643099308014,0.005833330098539591,0.0,1.0,17.389232635498047,19.415571212768555,20.431055068969727,0.9929999709129333,1.309999942779541,t,1.0,1393.0,1.0290000438690186,-0.22499999403953552
ZTF26aapnaqi,1,1393,61124.18091440015,61124.18091440015,False,False,1,,,,,61124.18091440015,61124.18091440015,0.0,165.9554172,11.183436,0.0866452828049659,0.0850000008940696,asteroid,stamp_classifier,1.0,27.5.7a32.dev1,asteroid,3370180912015015022,F:\ZTF_Adjusted_Dataset\stamps\asteroid\ZTF26aapnaqi,,2.0,r,20.116649627685547,0.21662895381450653,1.0,0.005833330098539591,0.8645420074462891,4.172844409942627,6.8860368728637695,24.447481155395508,0.9620000123977661,2.799999952316284,t,1.0,1393.0,0.7979999780654907,0.027000000700354576
ZTF26aapnacc,1,1379,61124.18137730006,61124.18137730006,False,False,1,,,,,61124.18137730006,61124.18137730006,0.0,174.6887388,2.4328533,0.0850766822695732,0.0850000008940696,asteroid,stamp_classifier,1.0,27.5.7a32.dev1,asteroid,3370181370015015005,F:\ZTF_Adjusted_Dataset\stamps\asteroid\ZTF26aapnacc,,2.0,r,19.600635528564453,0.17235225439071655,0.9987499713897705,0.0008333330042660236,0.0,6.844590663909912,9.435784339904785,16.194494247436523,0.968999981880188,1.9700000286102295,t,1.0,1379.0,0.5659999847412109,-0.01600000075995922
ZTF26aapnarj,1,2239,61124.18609949993,61124.18609949993,False,False,1,,,,,61124.18609949993,61124.18609949993,0.0,141.1782882,-2.2315197,0.0850645080208778,0.0850000008940696,asteroid,stamp_classifier,1.0,27.5.7a32.dev1,asteroid,3370186094215015008,F:\ZTF_Adjusted_Dataset\stamps\asteroid\ZTF26aapnarj,,2.0,r,19.875097274780273,0.1466391682624817,0.9980000257492065,0.5,0.9952679872512817,8.458595275878906,9.816802024841309,11.845756530761719,0.9779999852180481,2.240000009536743,t,1.0,2239.0,0.5320000052452087,-0.013000000268220901
ZTF26aapnans,1,1568,61124.18232640019,61124.18232640019,False,False,1,,,,,61124.18232640019,61124.18232640019,0.0,168.058721,4.2276945,0.0852319225668907,0.0850000008940696,asteroid,stamp_classifier,1.0,27.5.7a32.dev1,asteroid,3370182321615015005,F:\ZTF_Adjusted_Dataset\stamps\asteroid\ZTF26aapnans,,2.0,r,19.884521484375,0.1880454570055008,0.9983329772949219,0.8119789958000183,0.9607080221176147,13.904012680053711,22.745140075683594,24.607526779174805,0.9660000205039978,2.2899999618530273,t,1.0,1568.0,0.7979999780654907,-0.3070000112056732
ZTF26aapnaqh,1,1577,61124.18091440015,61124.18091440015,False,False,1,,,,,61124.18091440015,61124.18091440015,0.0,166.21143,11.2280076,0.0866586416959762,0.0850000008940696,asteroid,stamp_classifier,1.0,27.5.7a32.dev1,asteroid,3370180912015015019,F:\ZTF_Adjusted_Dataset\stamps\asteroid\ZTF26aapnaqh,,2.0,r,19.868650436401367,0.13247692584991455,1.0,0.0,-999.0,6.158161163330078,21.350112915039062,-999.0,0.968999981880188,2.109999895095825,t,1.0,1577.0,0.7369999885559082,-0.05700000002980232
ZTF26aapnarh,1,2239,61124.18609949993,61124.18609949993,False,False,1,,,,,61124.18609949993,61124.18609949993,0.0,140.9141836,-1.8550089,0.0850445702672004,0.0850000008940696,asteroid,stamp_classifier,1.0,27.5.7a32.dev1,asteroid,3370186094215015005,F:\ZTF_Adjusted_Dataset\stamps\asteroid\ZTF26aapnarh,,2.0,r,18.827098846435547,0.07826489210128784,0.0,0.0,-999.0,10.20085620880127,24.901206970214844,-999.0,0.9829999804496765,1.690000057220459,t,1.0,2239.0,2.3410000801086426,0.17499999701976776
ZTF26aapnarg,1,1701,61124.18043980002,61124.18043980002,False,False,1,,,,,61124.18043980002,61124.18043980002,0.0,160.2246043,17.3981173,0.0890751779079437,0.0850000008940696,asteroid,stamp_classifier,1.0,27.5.7a32.dev1,asteroid,3370180432315015023,F:\ZTF_Adjusted_Dataset\stamps\asteroid\ZTF26aapnarg,,2.0,r,19.773513793945312,0.13580922782421112,0.9861249923706055,0.9900000095367432,0.0012499999720603228,12.938569068908691,18.897520065307617,22.85175323486328,0.9810000061988831,1.9500000476837158,t,1.0,1701.0,0.8420000076293945,-0.43799999356269836
ZTF26aapnaqx,1,1917,61124.18043980002,61124.18043980002,False,False,1,,,,,61124.18043980002,61124.18043980002,0.0,160.4646466,17.8824065,0.0893149152398109,0.0850000008940696,asteroid,stamp_classifier,1.0,27.5.7a32.dev1,asteroid,3370180432315015001,F:\ZTF_Adjusted_Dataset\stamps\asteroid\ZTF26aapnaqx,,2.0,r,19.86751365661621,0.1382058560848236,0.22373199462890625,0.0208452008664608,0.5,19.54387092590332,27.068449020385742,29.869626998901367,0.9769999980926514,1.7999999523162842,t,1.0,1917.0,0.5249999761581421,-0.07100000232458115
ZTF26aapnacg,2,2821,58592.17291670013,61124.18137730006,False,False,1,,,,,61124.18137730006,61124.18137730006,0.0,175.0305285,2.0604646,0.0850549936294555,0.0850000008940696,asteroid,stamp_classifier,1.0,27.5.7a32.dev1,asteroid,3370181370015015021,F:\ZTF_Adjusted_Dataset\stamps\asteroid\ZTF26aapnacg,,2.0,r,19.588634490966797,0.17786122858524323,0.6862679719924927,1.0,0.8741670250892639,6.722672462463379,20.901899337768555,22.243555068969727,0.9990000128746033,2.359999895095825,t,2.0,2821.0,0.42500001192092896,-0.18199999630451202
ZTF26aapnacb,1,2773,61124.18137730006,61124.18137730006,False,False,1,,,,,61124.18137730006,61124.18137730006,0.0,175.2947317,1.8297951,0.0850433632731437,0.0850000008940696,asteroid,stamp_classifier,1.0,27.5.7a32.dev1,asteroid,3370181370015015032,F:\ZTF_Adjusted_Dataset\stamps\asteroid\ZTF26aapnacb,,,,,,,,,,,,,,,,,,
ZTF26aapnabv,1,1411,61124.18137730006,61124.18137730006,False,False,1,,,,,61124.18137730006,61124.18137730006,0.0,174.8450693,2.2882731,0.085067830979824,0.0850000008940696,asteroid,stamp_classifier,1.0,27.5.7a32.dev1,asteroid,3370181370015015014,F:\ZTF_Adjusted_Dataset\stamps\asteroid\ZTF26aapnabv,,,,,,,,,,,,,,,,,,
ZTF26aapnafy,1,966,61124.183263900224,61124.183263900224,False,False,1,,,,,61124.183263900224,61124.183263900224,0.0,168.6852225,-10.7193171,0.0865095779299736,0.0850000008940696,asteroid,stamp_classifier,1.0,27.5.7a32.dev1,asteroid,3370183262015015015,F:\ZTF_Adjusted_Dataset\stamps\asteroid\ZTF26aapnafy,,,,,,,,,,,,,,,,,,
ZTF26aapnalu,1,1502,61124.18232640019,61124.18232640019,False,False,1,,,,,61124.18232640019,61124.18232640019,0.0,166.09743779999997,3.7815104,0.0851854681968689,0.0850000008940696,asteroid,stamp_classifier,1.0,27.5.7a32.dev1,asteroid,3370182322015015043,F:\ZTF_Adjusted_Dataset\stamps\asteroid\ZTF26aapnalu,,,,,,,,,,,,,,,,,,
ZTF26aapnafq,1,1459,61124.18280090019,61124.18280090019,False,False,1,,,,,61124.18280090019,61124.18280090019,0.0,164.38469319999996,-2.9467748000000005,0.0851125419139862,0.0850000008940696,asteroid,stamp_classifier,1.0,27.5.7a32.dev1,asteroid,3370182802115015004,F:\ZTF_Adjusted_Dataset\stamps\asteroid\ZTF26aapnafq,,,,,,,,,,,,,,,,,,
ZTF26aapnafl,1,1370,61124.18373840023,61124.18373840023,False,False,1,,,,,61124.18373840023,61124.18373840023,0.0,158.0605354,-10.636316,0.0864859521389007,0.0850000008940696,asteroid,stamp_classifier,1.0,27.5.7a32.dev1,asteroid,3370183732815015010,F:\ZTF_Adjusted_Dataset\stamps\asteroid\ZTF26aapnafl,,,,,,,,,,,,,,,,,,
ZTF26aapnalx,1,1418,61124.18232640019,61124.18232640019,False,False,1,,,,,61124.18232640019,61124.18232640019,0.0,166.2791717,4.3725721,0.085248127579689,0.0850000008940696,asteroid,stamp_classifier,1.0,27.5.7a32.dev1,asteroid,3370182322015015002,F:\ZTF_Adjusted_Dataset\stamps\asteroid\ZTF26aapnalx,,,,,,,,,,,,,,,,,,
ZTF26aapnaoj,1,1650,61124.18515049992,61124.18515049992,False,False,1,,,,,61124.18515049992,61124.18515049992,0.0,149.5903289,0.4855364999999999,0.0850030556321144,0.0850000008940696,asteroid,stamp_classifier,1.0,27.5.7a32.dev1,asteroid,3370185155615015022,F:\ZTF_Adjusted_Dataset\stamps\asteroid\ZTF26aapnaoj,,,,,,,,,,,,,,,,,,
ZTF26aapnaim,1,1205,61124.18468749989,61124.18468749989,False,False,1,,,,,61124.18468749989,61124.18468749989,0.0,155.0007138,-10.3554623,0.0864074453711509,0.0850000008940696,asteroid,stamp_classifier,1.0,27.5.7a32.dev1,asteroid,3370184682015015005,F:\ZTF_Adjusted_Dataset\stamps\asteroid\ZTF26aapnaim,,,,,,,,,,,,,,,,,,
ZTF26aapnare,2,2204,59158.52362270001,61124.18609949993,False,False,1,,,,,61124.18609949993,61124.18609949993,0.0,141.4529294,-1.7049425,0.0850376486778259,0.0850000008940696,asteroid,stamp_classifier,1.0,27.5.7a32.dev1,asteroid,3370186094215015000,F:\ZTF_Adjusted_Dataset\stamps\asteroid\ZTF26aapnare,,,,,,,,,,,,,,,,,,
ZTF26aapnacj,1,1402,61124.18137730006,61124.18137730006,False,False,1,,,,,61124.18137730006,61124.18137730006,0.0,174.7560721,1.8005134,0.0850419849157333,0.0850000008940696,asteroid,stamp_classifier,1.0,27.5.7a32.dev1,asteroid,3370181370015015028,F:\ZTF_Adjusted_Dataset\stamps\asteroid\ZTF26aapnacj,,,,,,,,,,,,,,,,,,
ZTF26aapnaqs,1,1514,61124.18043980002,61124.18043980002,False,False,1,,,,,61124.18043980002,61124.18043980002,0.0,160.9950372,17.3350138,0.0890444964170456,0.0850000008940696,asteroid,stamp_classifier,1.0,27.5.7a32.dev1,asteroid,3370180432315015017,F:\ZTF_Adjusted_Dataset\stamps\asteroid\ZTF26aapnaqs,,,,,,,,,,,,,,,,,,
ZTF26aapnabm,1,2779,61124.18137730006,61124.18137730006,False,False,1,,,,,61124.18137730006,61124.18137730006,0.0,175.3230739,2.4432743,0.0850773453712463,0.0850000008940696,asteroid,stamp_classifier,1.0,27.5.7a32.dev1,asteroid,3370181370015015003,F:\ZTF_Adjusted_Dataset\stamps\asteroid\ZTF26aapnabm,,,,,,,,,,,,,,,,,,
ZTF26aapnard,1,1443,61124.18043980002,61124.18043980002,False,False,1,,,,,61124.18043980002,61124.18043980002,0.0,160.5548862,17.2480326,0.0890024304389953,0.0850000008940696,asteroid,stamp_classifier,1.0,27.5.7a32.dev1,asteroid,3370180432315015013,F:\ZTF_Adjusted_Dataset\stamps\asteroid\ZTF26aapnard,,,,,,,,,,,,,,,,,,
ZTF26aapnanc,1,944,61124.183263900224,61124.183263900224,False,False,1,,,,,61124.183263900224,61124.183263900224,0.0,164.7141036,-10.9854019,0.0865866318345069,0.0850000008940696,asteroid,stamp_classifier,1.0,27.5.7a32.dev1,asteroid,3370183263115015006,F:\ZTF_Adjusted_Dataset\stamps\asteroid\ZTF26aapnanc,,,,,,,,,,,,,,,,,,
ZTF26aapnams,1,942,61124.183263900224,61124.183263900224,False,False,1,,,,,61124.183263900224,61124.183263900224,0.0,165.40420389999997,-10.8261143,0.0865402668714523,0.0850000008940696,asteroid,stamp_classifier,1.0,27.5.7a32.dev1,asteroid,3370183263115015000,F:\ZTF_Adjusted_Dataset\stamps\asteroid\ZTF26aapnams,,,,,,,,,,,,,,,,,,
ZTF26aapnanr,2,2761,61124.18137730006,61124.18232640019,False,False,2,,,,,61124.18137730006,61124.18232640019,0.000949100125581,168.43478535001952,3.9063088,0.0602440361802511,0.0601040770330592,asteroid,stamp_classifier,1.0,27.5.7a32.dev1,asteroid,3370182321615015025,F:\ZTF_Adjusted_Dataset\stamps\asteroid\ZTF26aapnanr,,,,,,,,,,,,,,,,,,
ZTF26aapnacp,1,2821,61124.18137730006,61124.18137730006,False,False,1,,,,,61124.18137730006,61124.18137730006,0.0,175.0247589,2.1357326,0.0850590839982032,0.0850000008940696,asteroid,stamp_classifier,1.0,27.5.7a32.dev1,asteroid,3370181370015015019,F:\ZTF_Adjusted_Dataset\stamps\asteroid\ZTF26aapnacp,,,,,,,,,,,,,,,,,,
ZTF26aapnaqe,1,1538,61124.18091440015,61124.18091440015,False,False,1,,,,,61124.18091440015,61124.18091440015,0.0,166.6057599,10.9527881,0.0865770801901817,0.0850000008940696,asteroid,stamp_classifier,1.0,27.5.7a32.dev1,asteroid,3370180912015015033,F:\ZTF_Adjusted_Dataset\stamps\asteroid\ZTF26aapnaqe,,,,,,,,,,,,,,,,,,
ZTF26aapnaiy,1,1459,61124.18232640019,61124.18232640019,False,False,1,,,,,61124.18232640019,61124.18232640019,0.0,162.3967455,3.1430397,0.085128054022789,0.0850000008940696,asteroid,stamp_classifier,1.0,27.5.7a32.dev1,asteroid,3370182323115015014,F:\ZTF_Adjusted_Dataset\stamps\asteroid\ZTF26aapnaiy,,,,,,,,,,,,,,,,,,
ZTF26aapmzyb,1,1433,61124.18280090019,61124.18280090019,False,False,1,,,,,61124.18280090019,61124.18280090019,0.0,166.1713994,-5.3974379,0.0853785574436187,0.0850000008940696,asteroid,stamp_classifier,1.0,27.5.7a32.dev1,asteroid,3370182800115015012,F:\ZTF_Adjusted_Dataset\stamps\asteroid\ZTF26aapmzyb,,,,,,,,,,,,,,,,,,
ZTF26aapnaft,1,1459,61124.18280090019,61124.18280090019,False,False,1,,,,,61124.18280090019,61124.18280090019,0.0,164.666776,-3.2491021,0.0851368531584739,0.0850000008940696,asteroid,stamp_classifier,1.0,27.5.7a32.dev1,asteroid,3370182802115015012,F:\ZTF_Adjusted_Dataset\stamps\asteroid\ZTF26aapnaft,,,,,,,,,,,,,,,,,,
ZTF26aapnaqa,1,1577,61124.18091440015,61124.18091440015,False,False,1,,,,,61124.18091440015,61124.18091440015,0.0,166.4306518,11.534603,0.0867520347237587,0.0850000008940696,asteroid,stamp_classifier,1.0,27.5.7a32.dev1,asteroid,3370180912015015002,F:\ZTF_Adjusted_Dataset\stamps\asteroid\ZTF26aapnaqa,,,,,,,,,,,,,,,,,,
ZTF26aapnagg,1,1444,61124.18280090019,61124.18280090019,False,False,1,,,,,61124.18280090019,61124.18280090019,0.0,165.501704,-3.0793349,0.0851229056715965,0.0850000008940696,asteroid,stamp_classifier,1.0,27.5.7a32.dev1,asteroid,3370182802015015007,F:\ZTF_Adjusted_Dataset\stamps\asteroid\ZTF26aapnagg,,,,,,,,,,,,,,,,,,
ZTF26aapnafo,1,1443,61124.18280090019,61124.18280090019,False,False,1,,,,,61124.18280090019,61124.18280090019,0.0,164.7612321,-3.161004,0.0851295217871666,0.0850000008940696,asteroid,stamp_classifier,1.0,27.5.7a32.dev1,asteroid,3370182802115015010,F:\ZTF_Adjusted_Dataset\stamps\asteroid\ZTF26aapnafo,,,,,,,,,,,,,,,,,,
ZTF26aapnamb,1,1507,61124.18232640019,61124.18232640019,False,False,1,,,,,61124.18232640019,61124.18232640019,0.0,166.0742181,3.8525824,0.0851925164461135,0.0850000008940696,asteroid,stamp_classifier,1.0,27.5.7a32.dev1,asteroid,3370182322015015041,F:\ZTF_Adjusted_Dataset\stamps\asteroid\ZTF26aapnamb,,,,,,,,,,,,,,,,,,
ZTF26aapnaoo,1,3259,61124.18515049992,61124.18515049992,False,False,1,,,,,61124.18515049992,61124.18515049992,0.0,149.1211744,0.9120031,0.0850107669830322,0.0850000008940696,asteroid,stamp_classifier,1.0,27.5.7a32.dev1,asteroid,3370185155615015002,F:\ZTF_Adjusted_Dataset\stamps\asteroid\ZTF26aapnaoo,,,,,,,,,,,,,,,,,,
ZTF26aapnagh,1,1444,61124.18280090019,61124.18280090019,False,False,1,,,,,61124.18280090019,61124.18280090019,0.0,165.3011572,-3.099023,0.085124485194683,0.0850000008940696,asteroid,stamp_classifier,1.0,27.5.7a32.dev1,asteroid,3370182802015015009,F:\ZTF_Adjusted_Dataset\stamps\asteroid\ZTF26aapnagh,,,,,,,,,,,,,,,,,,
ZTF26aapnajw,1,1109,61124.18185190018,61124.18185190018,False,False,1,,,,,61124.18185190018,61124.18185190018,0.0,172.7138174,-4.1968482,0.0852285400032997,0.0850000008940696,asteroid,stamp_classifier,1.0,27.5.7a32.dev1,asteroid,3370181852315015027,F:\ZTF_Adjusted_Dataset\stamps\asteroid\ZTF26aapnajw,,,,,,,,,,,,,,,,,,
ZTF26aapnagc,1,966,61124.183263900224,61124.183263900224,False,False,1,,,,,61124.183263900224,61124.183263900224,0.0,169.1750067,-10.1837202,0.0863605365157127,0.0850000008940696,asteroid,stamp_classifier,1.0,27.5.7a32.dev1,asteroid,3370183262015015006,F:\ZTF_Adjusted_Dataset\stamps\asteroid\ZTF26aapnagc,,,,,,,,,,,,,,,,,,
ZTF26aapnagi,1,1444,61124.18280090019,61124.18280090019,False,False,1,,,,,61124.18280090019,61124.18280090019,0.0,165.6525067,-3.0610573,0.0851214528083801,0.0850000008940696,asteroid,stamp_classifier,1.0,27.5.7a32.dev1,asteroid,3370182802015015004,F:\ZTF_Adjusted_Dataset\stamps\asteroid\ZTF26aapnagi,,,,,,,,,,,,,,,,,,
ZTF26aapnamd,1,1080,61124.18232640019,61124.18232640019,False,False,1,,,,,61124.18232640019,61124.18232640019,0.0,165.840667,3.8659384,0.085193857550621,0.0850000008940696,asteroid,stamp_classifier,1.0,27.5.7a32.dev1,asteroid,3370182322015015045,F:\ZTF_Adjusted_Dataset\stamps\asteroid\ZTF26aapnamd,,,,,,,,,,,,,,,,,,
ZTF26aapnaog,1,3173,61124.18609949993,61124.18609949993,False,False,1,,,,,61124.18609949993,61124.18609949993,0.0,140.1682031,-1.4275266,0.0850263908505439,0.0850000008940696,asteroid,stamp_classifier,1.0,27.5.7a32.dev1,asteroid,3370186094415015015,F:\ZTF_Adjusted_Dataset\stamps\asteroid\ZTF26aapnaog,,,,,,,,,,,,,,,,,,
ZTF26aapnafg,1,1119,61124.18185190018,61124.18185190018,False,False,1,,,,,61124.18185190018,61124.18185190018,0.0,173.65363120000004,-4.2239187,0.0852315053343772,0.0850000008940696,asteroid,stamp_classifier,1.0,27.5.7a32.dev1,asteroid,3370181851815015014,F:\ZTF_Adjusted_Dataset\stamps\asteroid\ZTF26aapnafg,,,,,,,,,,,,,,,,,,
ZTF26aapnaff,1,1119,61124.18185190018,61124.18185190018,False,False,1,,,,,61124.18185190018,61124.18185190018,0.0,173.48178560000002,-3.7846459,0.0851857736706733,0.0850000008940696,asteroid,stamp_classifier,1.0,27.5.7a32.dev1,asteroid,3370181851815015007,F:\ZTF_Adjusted_Dataset\stamps\asteroid\ZTF26aapnaff,,,,,,,,,,,,,,,,,,
ZTF26aapnafx,1,966,61124.183263900224,61124.183263900224,False,False,1,,,,,61124.183263900224,61124.183263900224,0.0,168.9859241,-10.3035094,0.0863931700587272,0.0850000008940696,asteroid,stamp_classifier,1.0,27.5.7a32.dev1,asteroid,3370183262015015011,F:\ZTF_Adjusted_Dataset\stamps\asteroid\ZTF26aapnafx,,,,,,,,,,,,,,,,,,
ZTF26aapnaoc,1,990,61124.18421299989,61124.18421299989,False,False,1,,,,,61124.18421299989,61124.18421299989,0.0,156.5639904,-13.9216936,0.0875723958015441,0.0850000008940696,asteroid,stamp_classifier,1.0,27.5.7a32.dev1,asteroid,3370184215615015019,F:\ZTF_Adjusted_Dataset\stamps\asteroid\ZTF26aapnaoc,,,,,,,,,,,,,,,,,,
ZTF26aapnaju,1,1109,61124.18185190018,61124.18185190018,False,False,1,,,,,61124.18185190018,61124.18185190018,0.0,172.16299349999997,-3.9919878,0.0852067321538925,0.0850000008940696,asteroid,stamp_classifier,1.0,27.5.7a32.dev1,asteroid,3370181852315015012,F:\ZTF_Adjusted_Dataset\stamps\asteroid\ZTF26aapnaju,,,,,,,,,,,,,,,,,,
ZTF26aapnajs,1,1109,61124.18185190018,61124.18185190018,False,False,1,,,,,61124.18185190018,61124.18185190018,0.0,172.4341526,-3.9579764,0.0852032154798507,0.0850000008940696,asteroid,stamp_classifier,1.0,27.5.7a32.dev1,asteroid,3370181852315015009,F:\ZTF_Adjusted_Dataset\stamps\asteroid\ZTF26aapnajs,,,,,,,,,,,,,,,,,,
ZTF26aapnajq,1,1109,61124.18185190018,61124.18185190018,False,False,1,,,,,61124.18185190018,61124.18185190018,0.0,172.2398686,-4.222967,0.0852314010262489,0.0850000008940696,asteroid,stamp_classifier,1.0,27.5.7a32.dev1,asteroid,3370181852315015019,F:\ZTF_Adjusted_Dataset\stamps\asteroid\ZTF26aapnajq,,,,,,,,,,,,,,,,,,
ZTF26aapnalw,1,1507,61124.18232640019,61124.18232640019,False,False,1,,,,,61124.18232640019,61124.18232640019,0.0,166.0438816,4.1675173,0.0852253511548042,0.0850000008940696,asteroid,stamp_classifier,1.0,27.5.7a32.dev1,asteroid,3370182322015015019,F:\ZTF_Adjusted_Dataset\stamps\asteroid\ZTF26aapnalw,,,,,,,,,,,,,,,,,,
ZTF26aapnadm,1,1069,61124.18185190018,61124.18185190018,False,False,1,,,,,61124.18185190018,61124.18185190018,0.0,168.7181101,-2.7745899,0.0850997641682624,0.0850000008940696,asteroid,stamp_classifier,1.0,27.5.7a32.dev1,asteroid,3370181852815015000,F:\ZTF_Adjusted_Dataset\stamps\asteroid\ZTF26aapnadm,,,,,,,,,,,,,,,,,,
ZTF26aapnabh,1,2702,61124.18232640019,61124.18232640019,False,False,1,,,,,61124.18232640019,61124.18232640019,0.0,161.5024296,1.941427,0.0850488170981407,0.0850000008940696,asteroid,stamp_classifier,1.0,27.5.7a32.dev1,asteroid,3370182321315015017,F:\ZTF_Adjusted_Dataset\stamps\asteroid\ZTF26aapnabh,,,,,,,,,,,,,,,,,,
ZTF26aapnadn,1,1071,61124.18185190018,61124.18185190018,False,False,1,,,,,61124.18185190018,61124.18185190018,0.0,168.3244529,-3.2643709,0.0851381421089172,0.0850000008940696,asteroid,stamp_classifier,1.0,27.5.7a32.dev1,asteroid,3370181852815015012,F:\ZTF_Adjusted_Dataset\stamps\asteroid\ZTF26aapnadn,,,,,,,,,,,,,,,,,,
ZTF26aapnadl,1,1071,61124.18185190018,61124.18185190018,False,False,1,,,,,61124.18185190018,61124.18185190018,0.0,168.3014601,-3.2967427,0.0851408988237381,0.0850000008940696,asteroid,stamp_classifier,1.0,27.5.7a32.dev1,asteroid,3370181852815015011,F:\ZTF_Adjusted_Dataset\stamps\asteroid\ZTF26aapnadl,,,,,,,,,,,,,,,,,,
ZTF26aapnany,1,2170,61124.18515049992,61124.18515049992,False,False,1,,,,,61124.18515049992,61124.18515049992,0.0,146.6074663,-0.0833947,0.0850000903010368,0.0850000008940696,asteroid,stamp_classifier,1.0,27.5.7a32.dev1,asteroid,3370185156215015006,F:\ZTF_Adjusted_Dataset\stamps\asteroid\ZTF26aapnany,,,,,,,,,,,,,,,,,,
ZTF26aapnadh,1,1399,61124.18280090019,61124.18280090019,False,False,1,,,,,61124.18280090019,61124.18280090019,0.0,161.6288556,-3.6511031,0.0851728767156601,0.0850000008940696,asteroid,stamp_classifier,1.0,27.5.7a32.dev1,asteroid,3370182803115015006,F:\ZTF_Adjusted_Dataset\stamps\asteroid\ZTF26aapnadh,,,,,,,,,,,,,,,,,,
ZTF26aapmzya,2,1430,60985.482430600096,61124.18280090019,False,False,1,,,,,61124.18280090019,61124.18280090019,0.0,166.6489386,-5.1354416,0.0853425711393356,0.0850000008940696,asteroid,stamp_classifier,1.0,27.5.7a32.dev1,asteroid,3370182800115015007,F:\ZTF_Adjusted_Dataset\stamps\asteroid\ZTF26aapmzya,,,,,,,,,,,,,,,,,,
ZTF26aapnabj,1,2688,61124.18232640019,61124.18232640019,False,False,1,,,,,61124.18232640019,61124.18232640019,0.0,161.3852385,1.8301866,0.0850433856248855,0.0850000008940696,asteroid,stamp_classifier,1.0,27.5.7a32.dev1,asteroid,3370182321315015013,F:\ZTF_Adjusted_Dataset\stamps\asteroid\ZTF26aapnabj,,,,,,,,,,,,,,,,,,
ZTF26aapnajy,1,1109,61124.18185190018,61124.18185190018,False,False,1,,,,,61124.18185190018,61124.18185190018,0.0,172.5970432,-3.7957771,0.0851868689060211,0.0850000008940696,asteroid,stamp_classifier,1.0,27.5.7a32.dev1,asteroid,3370181852315015008,F:\ZTF_Adjusted_Dataset\stamps\asteroid\ZTF26aapnajy,,,,,,,,,,,,,,,,,,
ZTF26aapnabr,1,1070,61124.18185190018,61124.18185190018,False,False,1,,,,,61124.18185190018,61124.18185190018,0.0,168.1062404,-5.1996553,0.0853512287139892,0.0850000008940696,asteroid,stamp_classifier,1.0,27.5.7a32.dev1,asteroid,3370181851315015004,F:\ZTF_Adjusted_Dataset\stamps\asteroid\ZTF26aapnabr,,,,,,,,,,,,,,,,,,
ZTF26aapnafu,1,1459,61124.18280090019,61124.18280090019,False,False,1,,,,,61124.18280090019,61124.18280090019,0.0,164.2675679,-2.9040706,0.0851093009114265,0.0850000008940696,asteroid,stamp_classifier,1.0,27.5.7a32.dev1,asteroid,3370182802115015002,F:\ZTF_Adjusted_Dataset\stamps\asteroid\ZTF26aapnafu,,,,,,,,,,,,,,,,,,
ZTF26aapnakh,1,1226,61124.18137730006,61124.18137730006,False,False,1,,,,,61124.18137730006,61124.18137730006,0.0,169.686936,3.1469693000000003,0.0851283743977546,0.0850000008940696,asteroid,stamp_classifier,1.0,27.5.7a32.dev1,asteroid,3370181373115015010,F:\ZTF_Adjusted_Dataset\stamps\asteroid\ZTF26aapnakh,,,,,,,,,,,,,,,,,,
ZTF26aapnahs,1,1072,61124.18185190018,61124.18185190018,False,False,1,,,,,61124.18185190018,61124.18185190018,0.0,168.9911192,-4.1241599,0.0852206721901893,0.0850000008940696,asteroid,stamp_classifier,1.0,27.5.7a32.dev1,asteroid,3370181853115015033,F:\ZTF_Adjusted_Dataset\stamps\asteroid\ZTF26aapnahs,,,,,,,,,,,,,,,,,,
ZTF26aapnahl,1,1069,61124.18185190018,61124.18185190018,False,False,1,,,,,61124.18185190018,61124.18185190018,0.0,168.33120529999997,-4.4297109,0.0852546691894531,0.0850000008940696,asteroid,stamp_classifier,1.0,27.5.7a32.dev1,asteroid,3370181853115015030,F:\ZTF_Adjusted_Dataset\stamps\asteroid\ZTF26aapnahl,,,,,,,,,,,,,,,,,,
ZTF26aapnakt,1,1556,61124.18091440015,61124.18091440015,False,False,1,,,,,61124.18091440015,61124.18091440015,0.0,168.2945768,11.502445399999996,0.0867421105504036,0.0850000008940696,asteroid,stamp_classifier,1.0,27.5.7a32.dev1,asteroid,3370180911615015001,F:\ZTF_Adjusted_Dataset\stamps\asteroid\ZTF26aapnakt,,,,,,,,,,,,,,,,,,
ZTF26aapnajk,1,1469,61124.18232640019,61124.18232640019,False,False,1,,,,,61124.18232640019,61124.18232640019,0.0,162.8047492,3.4688593,0.0851560235023498,0.0850000008940696,asteroid,stamp_classifier,1.0,27.5.7a32.dev1,asteroid,3370182323115015006,F:\ZTF_Adjusted_Dataset\stamps\asteroid\ZTF26aapnajk,,,,,,,,,,,,,,,,,,
ZTF26aapnajf,1,1385,61124.18232640019,61124.18232640019,False,False,1,,,,,61124.18232640019,61124.18232640019,0.0,162.5533041,3.4972212000000003,0.0851585865020752,0.0850000008940696,asteroid,stamp_classifier,1.0,27.5.7a32.dev1,asteroid,3370182323115015003,F:\ZTF_Adjusted_Dataset\stamps\asteroid\ZTF26aapnajf,,,,,,,,,,,,,,,,,,
ZTF26aapnajc,1,1466,61124.18232640019,61124.18232640019,False,False,1,,,,,61124.18232640019,61124.18232640019,0.0,162.9246927,2.7678545,0.0850992798805236,0.0850000008940696,asteroid,stamp_classifier,1.0,27.5.7a32.dev1,asteroid,3370182323115015018,F:\ZTF_Adjusted_Dataset\stamps\asteroid\ZTF26aapnajc,,,,,,,,,,,,,,,,,,
ZTF26aapnank,1,1395,61124.18373840023,61124.18373840023,False,False,1,,,,,61124.18373840023,61124.18373840023,0.0,162.0285994,-11.5380593,0.086753100156784,0.0850000008940696,asteroid,stamp_classifier,1.0,27.5.7a32.dev1,asteroid,3370183732315015013,F:\ZTF_Adjusted_Dataset\stamps\asteroid\ZTF26aapnank,,,,,,,,,,,,,,,,,,
ZTF26aapnapq,1,1577,61124.18091440015,61124.18091440015,False,False,1,,,,,61124.18091440015,61124.18091440015,0.0,166.0733279,11.3923231,0.0867083594202995,0.0850000008940696,asteroid,stamp_classifier,1.0,27.5.7a32.dev1,asteroid,3370180912015015010,F:\ZTF_Adjusted_Dataset\stamps\asteroid\ZTF26aapnapq,,,,,,,,,,,,,,,,,,
ZTF26aapnaiv,1,1385,61124.18232640019,61124.18232640019,False,False,1,,,,,61124.18232640019,61124.18232640019,0.0,162.5636285,3.1029483,0.0851248055696487,0.0850000008940696,asteroid,stamp_classifier,1.0,27.5.7a32.dev1,asteroid,3370182323115015016,F:\ZTF_Adjusted_Dataset\stamps\asteroid\ZTF26aapnaiv,,,,,,,,,,,,,,,,,,
ZTF26aapnaqb,1,1544,61124.18091440015,61124.18091440015,False,False,1,,,,,61124.18091440015,61124.18091440015,0.0,166.595621,11.0085003,0.0865934193134307,0.0850000008940696,asteroid,stamp_classifier,1.0,27.5.7a32.dev1,asteroid,3370180912015015026,F:\ZTF_Adjusted_Dataset\stamps\asteroid\ZTF26aapnaqb,,,,,,,,,,,,,,,,,,
ZTF26aapnajh,1,1465,61124.18232640019,61124.18232640019,False,False,1,,,,,61124.18232640019,61124.18232640019,0.0,162.87999619999997,2.7711181,0.0850995108485221,0.0850000008940696,asteroid,stamp_classifier,1.0,27.5.7a32.dev1,asteroid,3370182323115015019,F:\ZTF_Adjusted_Dataset\stamps\asteroid\ZTF26aapnajh,,,,,,,,,,,,,,,,,,
ZTF26aapnahq,1,1072,61124.18185190018,61124.18185190018,False,False,1,,,,,61124.18185190018,61124.18185190018,0.0,168.54086659999996,-4.0441718,0.0852121785283088,0.0850000008940696,asteroid,stamp_classifier,1.0,27.5.7a32.dev1,asteroid,3370181853115015026,F:\ZTF_Adjusted_Dataset\stamps\asteroid\ZTF26aapnahq,,,,,,,,,,,,,,,,,,
ZTF26aapnaps,1,1577,61124.18091440015,61124.18091440015,False,False,1,,,,,61124.18091440015,61124.18091440015,0.0,166.3989017,11.3121069,0.0866839885711669,0.0850000008940696,asteroid,stamp_classifier,1.0,27.5.7a32.dev1,asteroid,3370180912015015016,F:\ZTF_Adjusted_Dataset\stamps\asteroid\ZTF26aapnaps,,,,,,,,,,,,,,,,,,
ZTF26aapnaev,1,1119,61124.18185190018,61124.18185190018,False,False,1,,,,,61124.18185190018,61124.18185190018,0.0,173.3325567,-4.2222004,0.0852313190698623,0.0850000008940696,asteroid,stamp_classifier,1.0,27.5.7a32.dev1,asteroid,3370181851815015015,F:\ZTF_Adjusted_Dataset\stamps\asteroid\ZTF26aapnaev,,,,,,,,,,,,,,,,,,
ZTF26aapnaoa,1,990,61124.18421299989,61124.18421299989,True,False,1,,,,,61124.18421299989,61124.18421299989,0.0,156.6452763,-13.7286531,0.0874998196959495,0.0850000008940696,asteroid,stamp_classifier,1.0,27.5.7a32.dev1,asteroid,3370184215615015012,F:\ZTF_Adjusted_Dataset\stamps\asteroid\ZTF26aapnaoa,,,,,,,,,,,,,,,,,,
ZTF26aapnaic,1,1205,61124.18468749989,61124.18468749989,False,False,1,,,,,61124.18468749989,61124.18468749989,0.0,154.8487505,-10.4527671,0.08643439412117,0.0850000008940696,asteroid,stamp_classifier,1.0,27.5.7a32.dev1,asteroid,3370184682015015012,F:\ZTF_Adjusted_Dataset\stamps\asteroid\ZTF26aapnaic,,,,,,,,,,,,,,,,,,
ZTF26aapnaey,1,1119,61124.18185190018,61124.18185190018,False,False,1,,,,,61124.18185190018,61124.18185190018,0.0,173.371958,-3.7470449,0.0851820930838584,0.0850000008940696,asteroid,stamp_classifier,1.0,27.5.7a32.dev1,asteroid,3370181851815015005,F:\ZTF_Adjusted_Dataset\stamps\asteroid\ZTF26aapnaey,,,,,,,,,,,,,,,,,,
ZTF26aapnahf,1,939,61124.183263900224,61124.183263900224,False,False,1,,,,,61124.183263900224,61124.183263900224,0.0,165.46056230000002,-10.2197371,0.0863703042268753,0.0850000008940696,asteroid,stamp_classifier,1.0,27.5.7a32.dev1,asteroid,3370183262815015003,F:\ZTF_Adjusted_Dataset\stamps\asteroid\ZTF26aapnahf,,,,,,,,,,,,,,,,,,
ZTF26aapnafn,1,1453,61124.18280090019,61124.18280090019,False,False,1,,,,,61124.18280090019,61124.18280090019,0.0,164.7436906,-3.3819451,0.0851482897996902,0.0850000008940696,asteroid,stamp_classifier,1.0,27.5.7a32.dev1,asteroid,3370182802115015016,F:\ZTF_Adjusted_Dataset\stamps\asteroid\ZTF26aapnafn,,,,,,,,,,,,,,,,,,
ZTF26aapnajl,1,1109,61124.18185190018,61124.18185190018,False,False,1,,,,,61124.18185190018,61124.18185190018,0.0,172.6088255,-3.9760257,0.085205078125,0.0850000008940696,asteroid,stamp_classifier,1.0,27.5.7a32.dev1,asteroid,3370181852315015010,F:\ZTF_Adjusted_Dataset\stamps\asteroid\ZTF26aapnajl,,,,,,,,,,,,,,,,,,
ZTF26aapnahe,1,944,61124.183263900224,61124.183263900224,False,False,1,,,,,61124.183263900224,61124.183263900224,0.0,165.5109797,-10.6001775,0.0864757299423217,0.0850000008940696,asteroid,stamp_classifier,1.0,27.5.7a32.dev1,asteroid,3370183262815015015,F:\ZTF_Adjusted_Dataset\stamps\asteroid\ZTF26aapnahe,,,,,,,,,,,,,,,,,,
ZTF26aapnaiw,1,1469,61124.18232640019,61124.18232640019,False,False,1,,,,,61124.18232640019,61124.18232640019,0.0,162.7879651,3.0373801,0.0851195752620697,0.0850000008940696,asteroid,stamp_classifier,1.0,27.5.7a32.dev1,asteroid,3370182323115015027,F:\ZTF_Adjusted_Dataset\stamps\asteroid\ZTF26aapnaiw,,,,,,,,,,,,,,,,,,
ZTF26aapnapo,1,1577,61124.18091440015,61124.18091440015,False,False,1,,,,,61124.18091440015,61124.18091440015,0.0,166.6363916,11.326541,0.0866883620619773,0.0850000008940696,asteroid,stamp_classifier,1.0,27.5.7a32.dev1,asteroid,3370180912015015014,F:\ZTF_Adjusted_Dataset\stamps\asteroid\ZTF26aapnapo,,,,,,,,,,,,,,,,,,
ZTF26aapnakx,1,1527,61124.18091440015,61124.18091440015,False,False,1,,,,,61124.18091440015,61124.18091440015,0.0,168.2978083,10.9004533,0.0865618139505386,0.0850000008940696,asteroid,stamp_classifier,1.0,27.5.7a32.dev1,asteroid,3370180911615015008,F:\ZTF_Adjusted_Dataset\stamps\asteroid\ZTF26aapnakx,,,,,,,,,,,,,,,,,,
ZTF26aapnafr,1,1490,61124.18280090019,61124.18280090019,False,False,1,,,,,61124.18280090019,61124.18280090019,0.0,164.4873589,-3.5635647,0.0851646661758422,0.0850000008940696,asteroid,stamp_classifier,1.0,27.5.7a32.dev1,asteroid,3370182802115015014,F:\ZTF_Adjusted_Dataset\stamps\asteroid\ZTF26aapnafr,,,,,,,,,,,,,,,,,,
ZTF26aapnapw,1,1487,61124.18091440015,61124.18091440015,False,False,1,,,,,61124.18091440015,61124.18091440015,0.0,166.003779,11.5457587,0.086755484342575,0.0850000008940696,asteroid,stamp_classifier,1.0,27.5.7a32.dev1,asteroid,3370180912015015001,F:\ZTF_Adjusted_Dataset\stamps\asteroid\ZTF26aapnapw,,,,,,,,,,,,,,,,,,
ZTF26aapnako,1,1174,61124.18137730006,61124.18137730006,False,False,1,,,,,61124.18137730006,61124.18137730006,0.0,169.2265177,2.9390349,0.085111953318119,0.0850000008940696,asteroid,stamp_classifier,1.0,27.5.7a32.dev1,asteroid,3370181373115015031,F:\ZTF_Adjusted_Dataset\stamps\asteroid\ZTF26aapnako,,,,,,,,,,,,,,,,,,
ZTF26aapnaad,1,1761,61124.185624999925,61124.185624999925,False,False,1,,,,,61124.185624999925,61124.185624999925,0.0,144.1722409,6.0144865,0.085470475256443,0.0850000008940696,asteroid,stamp_classifier,1.0,27.5.7a32.dev1,asteroid,3370185624015015015,F:\ZTF_Adjusted_Dataset\stamps\asteroid\ZTF26aapnaad,,,,,,,,,,,,,,,,,,
ZTF26aapnaab,1,1627,61124.185624999925,61124.185624999925,False,False,1,,,,,61124.185624999925,61124.185624999925,0.0,143.5033694,6.2798042,0.0855131149291992,0.0850000008940696,asteroid,stamp_classifier,1.0,27.5.7a32.dev1,asteroid,3370185624015015005,F:\ZTF_Adjusted_Dataset\stamps\asteroid\ZTF26aapnaab,,,,,,,,,,,,,,,,,,
ZTF26aapmzsn,1,1206,61124.18468749989,61124.18468749989,False,False,1,,,,,61124.18468749989,61124.18468749989,0.0,155.6943389,-12.5171448,0.0870695412158966,0.0850000008940696,asteroid,stamp_classifier,1.0,27.5.7a32.dev1,asteroid,3370184680115015012,F:\ZTF_Adjusted_Dataset\stamps\asteroid\ZTF26aapmzsn,,,,,,,,,,,,,,,,,,
ZTF26aapmzpu,1,1744,61124.185624999925,61124.185624999925,False,False,1,,,,,61124.185624999925,61124.185624999925,0.0,143.0860152,4.7517842,0.0852931588888168,0.0850000008940696,asteroid,stamp_classifier,1.0,27.5.7a32.dev1,asteroid,3370185624215015017,F:\ZTF_Adjusted_Dataset\stamps\asteroid\ZTF26aapmzpu,,,,,,,,,,,,,,,,,,
ZTF26aapmzqa,1,1235,61124.18468749989,61124.18468749989,False,False,1,,,,,61124.18468749989,61124.18468749989,0.0,153.0641319,-6.5806245,0.0855637267231941,0.0850000008940696,asteroid,stamp_classifier,1.0,27.5.7a32.dev1,asteroid,3370184685615015009,F:\ZTF_Adjusted_Dataset\stamps\asteroid\ZTF26aapmzqa,,,,,,,,,,,,,,,,,,
ZTF26aapmzpj,1,2390,61124.18609949993,61124.18609949993,False,False,1,,,,,61124.18609949993,61124.18609949993,0.0,142.4109842,-2.4643446,0.0850786864757537,0.0850000008940696,asteroid,stamp_classifier,1.0,27.5.7a32.dev1,asteroid,3370186094315015013,F:\ZTF_Adjusted_Dataset\stamps\asteroid\ZTF26aapmzpj,,,,,,,,,,,,,,,,,,
ZTF26aapmzpe,1,2390,61124.18609949993,61124.18609949993,False,False,1,,,,,61124.18609949993,61124.18609949993,0.0,141.8992347,-2.2277311,0.0850642919540405,0.0850000008940696,asteroid,stamp_classifier,1.0,27.5.7a32.dev1,asteroid,3370186094315015017,F:\ZTF_Adjusted_Dataset\stamps\asteroid\ZTF26aapmzpe,,,,,,,,,,,,,,,,,,
ZTF26aapmzpc,1,2390,61124.18609949993,61124.18609949993,False,False,1,,,,,61124.18609949993,61124.18609949993,0.0,141.7949786,-2.0124761,0.0850524604320526,0.0850000008940696,asteroid,stamp_classifier,1.0,27.5.7a32.dev1,asteroid,3370186094315015005,F:\ZTF_Adjusted_Dataset\stamps\asteroid\ZTF26aapmzpc,,,,,,,,,,,,,,,,,,
ZTF26aapmzpa,1,2392,61124.18609949993,61124.18609949993,False,False,1,,,,,61124.18609949993,61124.18609949993,0.0,142.3615508,-1.8315508,0.0850434452295303,0.0850000008940696,asteroid,stamp_classifier,1.0,27.5.7a32.dev1,asteroid,3370186094315015001,F:\ZTF_Adjusted_Dataset\stamps\asteroid\ZTF26aapmzpa,,,,,,,,,,,,,,,,,,
ZTF26aapmzjr,1,1428,61124.18280090019,61124.18280090019,False,False,1,,,,,61124.18280090019,61124.18280090019,0.0,166.847819,-3.0055241,0.0851170793175697,0.0850000008940696,asteroid,stamp_classifier,1.0,27.5.7a32.dev1,asteroid,3370182801615015004,F:\ZTF_Adjusted_Dataset\stamps\asteroid\ZTF26aapmzjr,,,,,,,,,,,,,,,,,,
ZTF26aapmzkt,1,1650,61124.18280090019,61124.18280090019,False,False,1,,,,,61124.18280090019,61124.18280090019,0.0,160.489535,-3.9115243,0.0851984620094299,0.0850000008940696,asteroid,stamp_classifier,1.0,27.5.7a32.dev1,asteroid,3370182803015015009,F:\ZTF_Adjusted_Dataset\stamps\asteroid\ZTF26aapmzkt,,,,,,,,,,,,,,,,,,
ZTF26aapmzle,1,1466,61124.18232640019,61124.18232640019,False,False,1,,,,,61124.18232640019,61124.18232640019,0.0,161.8629475,3.2718367,0.0851387754082679,0.0850000008940696,asteroid,stamp_classifier,1.0,27.5.7a32.dev1,asteroid,3370182323015015009,F:\ZTF_Adjusted_Dataset\stamps\asteroid\ZTF26aapmzle,,,,,,,,,,,,,,,,,,
ZTF26aapmzks,1,1403,61124.18280090019,61124.18280090019,False,False,1,,,,,61124.18280090019,61124.18280090019,0.0,160.7720074,-3.6433895,0.085172139108181,0.0850000008940696,asteroid,stamp_classifier,1.0,27.5.7a32.dev1,asteroid,3370182803015015000,F:\ZTF_Adjusted_Dataset\stamps\asteroid\ZTF26aapmzks,,,,,,,,,,,,,,,,,,
ZTF26aapmzld,1,1383,61124.18232640019,61124.18232640019,False,False,1,,,,,61124.18232640019,61124.18232640019,0.0,162.0561646,2.8878857,0.0851080864667892,0.0850000008940696,asteroid,stamp_classifier,1.0,27.5.7a32.dev1,asteroid,3370182323015015030,F:\ZTF_Adjusted_Dataset\stamps\asteroid\ZTF26aapmzld,,,,,,,,,,,,,,,,,,
ZTF26aapmzkp,1,2641,61124.18280090019,61124.18280090019,False,False,1,,,,,61124.18280090019,61124.18280090019,0.0,160.4474058,-4.089195,0.0852169394493103,0.0850000008940696,asteroid,stamp_classifier,1.0,27.5.7a32.dev1,asteroid,3370182803015015013,F:\ZTF_Adjusted_Dataset\stamps\asteroid\ZTF26aapmzkp,,,,,,,,,,,,,,,,,,
ZTF26aapmzlf,1,2738,61124.18232640019,61124.18232640019,False,False,1,,,,,61124.18232640019,61124.18232640019,0.0,161.5903065,3.5395951,0.0851624608039856,0.0850000008940696,asteroid,stamp_classifier,1.0,27.5.7a32.dev1,asteroid,3370182323015015001,F:\ZTF_Adjusted_Dataset\stamps\asteroid\ZTF26aapmzlf,,,,,,,,,,,,,,,,,,
ZTF26aapmzlj,1,2738,61124.18232640019,61124.18232640019,False,False,1,,,,,61124.18232640019,61124.18232640019,0.0,161.6189994,3.0628213,0.0851215943694114,0.0850000008940696,asteroid,stamp_classifier,1.0,27.5.7a32.dev1,asteroid,3370182323015015026,F:\ZTF_Adjusted_Dataset\stamps\asteroid\ZTF26aapmzlj,,,,,,,,,,,,,,,,,,
ZTF26aapmzkq,1,1364,61124.18280090019,61124.18280090019,False,False,1,,,,,61124.18280090019,61124.18280090019,0.0,160.5586643,-4.3366583,0.0852440595626831,0.0850000008940696,asteroid,stamp_classifier,1.0,27.5.7a32.dev1,asteroid,3370182803015015018,F:\ZTF_Adjusted_Dataset\stamps\asteroid\ZTF26aapmzkq,,,,,,,,,,,,,,,,,,
ZTF26aapmzlg,1,2738,61124.18232640019,61124.18232640019,False,False,1,,,,,61124.18232640019,61124.18232640019,0.0,161.3879534,3.3657123,0.0851468667387962,0.0850000008940696,asteroid,stamp_classifier,1.0,27.5.7a32.dev1,asteroid,3370182323015015007,F:\ZTF_Adjusted_Dataset\stamps\asteroid\ZTF26aapmzlg,,,,,,,,,,,,,,,,,,
ZTF26aapmzlh,1,2653,61124.18232640019,61124.18232640019,False,False,1,,,,,61124.18232640019,61124.18232640019,0.0,161.6592461,2.8258528,0.0851034894585609,0.0850000008940696,asteroid,stamp_classifier,1.0,27.5.7a32.dev1,asteroid,3370182323015015029,F:\ZTF_Adjusted_Dataset\stamps\asteroid\ZTF26aapmzlh,,,,,,,,,,,,,,,,,,
ZTF26aapmzjp,1,1435,61124.18280090019,61124.18280090019,False,False,1,,,,,61124.18280090019,61124.18280090019,0.0,166.8733807,-3.4827119,0.0851572677493095,0.0850000008940696,asteroid,stamp_classifier,1.0,27.5.7a32.dev1,asteroid,3370182801615015012,F:\ZTF_Adjusted_Dataset\stamps\asteroid\ZTF26aapmzjp,,,,,,,,,,,,,,,,,,
ZTF26aapmzkr,1,1364,61124.18280090019,61124.18280090019,False,False,1,,,,,61124.18280090019,61124.18280090019,0.0,160.96805680000003,-4.4028979,0.0852515920996666,0.0850000008940696,asteroid,stamp_classifier,1.0,27.5.7a32.dev1,asteroid,3370182803015015016,F:\ZTF_Adjusted_Dataset\stamps\asteroid\ZTF26aapmzkr,,,,,,,,,,,,,,,,,,
ZTF26aapmzla,1,2738,61124.18232640019,61124.18232640019,False,False,1,,,,,61124.18232640019,61124.18232640019,0.0,161.5213796,3.4163029,0.0851513221859932,0.0850000008940696,asteroid,stamp_classifier,1.0,27.5.7a32.dev1,asteroid,3370182323015015005,F:\ZTF_Adjusted_Dataset\stamps\asteroid\ZTF26aapmzla,,,,,,,,,,,,,,,,,,
ZTF26aapmzko,1,1403,61124.18280090019,61124.18280090019,False,False,1,,,,,61124.18280090019,61124.18280090019,0.0,160.6726572,-4.1864227,0.0852274000644683,0.0850000008940696,asteroid,stamp_classifier,1.0,27.5.7a32.dev1,asteroid,3370182803015015015,F:\ZTF_Adjusted_Dataset\stamps\asteroid\ZTF26aapmzko,,,,,,,,,,,,,,,,,,
ZTF26aapmzkz,1,1382,61124.18232640019,61124.18232640019,False,False,1,,,,,61124.18232640019,61124.18232640019,0.0,162.07266940000002,2.8902424,0.0851082578301429,0.0850000008940696,asteroid,stamp_classifier,1.0,27.5.7a32.dev1,asteroid,3370182323015015016,F:\ZTF_Adjusted_Dataset\stamps\asteroid\ZTF26aapmzkz,,,,,,,,,,,,,,,,,,
ZTF26aapmzlb,1,1392,61124.18232640019,61124.18232640019,False,False,1,,,,,61124.18232640019,61124.18232640019,0.0,161.9908147,2.886332,0.0851079672574997,0.0850000008940696,asteroid,stamp_classifier,1.0,27.5.7a32.dev1,asteroid,3370182323015015018,F:\ZTF_Adjusted_Dataset\stamps\asteroid\ZTF26aapmzlb,,,,,,,,,,,,,,,,,,
ZTF26aapmzky,1,2653,61124.18232640019,61124.18232640019,False,False,1,,,,,61124.18232640019,61124.18232640019,0.0,161.4106206,2.8419756,0.0851046741008758,0.0850000008940696,asteroid,stamp_classifier,1.0,27.5.7a32.dev1,asteroid,3370182323015015020,F:\ZTF_Adjusted_Dataset\stamps\asteroid\ZTF26aapmzky,,,,,,,,,,,,,,,,,,
ZTF26aapmzje,1,1435,61124.18280090019,61124.18280090019,False,False,1,,,,,61124.18280090019,61124.18280090019,0.0,166.7663074,-3.5131497,0.0851600393652916,0.0850000008940696,asteroid,stamp_classifier,1.0,27.5.7a32.dev1,asteroid,3370182801615015013,F:\ZTF_Adjusted_Dataset\stamps\asteroid\ZTF26aapmzje,,,,,,,,,,,,,,,,,,
ZTF26aapmzkm,1,2685,61124.18280090019,61124.18280090019,False,False,1,,,,,61124.18280090019,61124.18280090019,0.0,160.4359574,-3.8549159,0.085192747414112,0.0850000008940696,asteroid,stamp_classifier,1.0,27.5.7a32.dev1,asteroid,3370182803015015005,F:\ZTF_Adjusted_Dataset\stamps\asteroid\ZTF26aapmzkm,,,,,,,,,,,,,,,,,,
ZTF26aapmzlc,1,1466,61124.18232640019,61124.18232640019,False,False,1,,,,,61124.18232640019,61124.18232640019,0.0,161.99073040000002,3.3535416,0.0851458013057708,0.0850000008940696,asteroid,stamp_classifier,1.0,27.5.7a32.dev1,asteroid,3370182323015015008,F:\ZTF_Adjusted_Dataset\stamps\asteroid\ZTF26aapmzlc,,,,,,,,,,,,,,,,,,
ZTF26aapmzjd,1,1435,61124.18280090019,61124.18280090019,False,False,1,,,,,61124.18280090019,61124.18280090019,0.0,166.8717407,-3.4111711,0.0851508677005767,0.0850000008940696,asteroid,stamp_classifier,1.0,27.5.7a32.dev1,asteroid,3370182801615015016,F:\ZTF_Adjusted_Dataset\stamps\asteroid\ZTF26aapmzjd,,,,,,,,,,,,,,,,,,
ZTF26aapmzny,1,954,61124.183263900224,61124.183263900224,False,False,1,,,,,61124.183263900224,61124.183263900224,0.0,166.4160336,-10.3844514,0.086415447294712,0.0850000008940696,asteroid,stamp_classifier,1.0,27.5.7a32.dev1,asteroid,3370183262515015013,F:\ZTF_Adjusted_Dataset\stamps\asteroid\ZTF26aapmzny,,,,,,,,,,,,,,,,,,
ZTF26aapmzps,1,1764,61124.185624999925,61124.185624999925,False,False,1,,,,,61124.185624999925,61124.185624999925,0.0,142.7066724,5.0670854,0.0853334888815879,0.0850000008940696,asteroid,stamp_classifier,1.0,27.5.7a32.dev1,asteroid,3370185624215015012,F:\ZTF_Adjusted_Dataset\stamps\asteroid\ZTF26aapmzps,,,,,,,,,,,,,,,,,,
ZTF26aapmzjj,1,1490,61124.18280090019,61124.18280090019,False,False,1,,,,,61124.18280090019,61124.18280090019,0.0,167.31959650000002,-3.0106164,0.0851174741983413,0.0850000008940696,asteroid,stamp_classifier,1.0,27.5.7a32.dev1,asteroid,3370182801615015006,F:\ZTF_Adjusted_Dataset\stamps\asteroid\ZTF26aapmzjj,,,,,,,,,,,,,,,,,,
ZTF26aapmzpx,1,1053,61124.18468749989,61124.18468749989,False,False,1,,,,,61124.18468749989,61124.18468749989,0.0,153.0532055,-6.9532382,0.0856297835707664,0.0850000008940696,asteroid,stamp_classifier,1.0,27.5.7a32.dev1,asteroid,3370184685615015010,F:\ZTF_Adjusted_Dataset\stamps\asteroid\ZTF26aapmzpx,,,,,,,,,,,,,,,,,,
ZTF26aapmzmp,1,3294,61124.18043980002,61124.18043980002,False,False,1,,,,,61124.18043980002,61124.18043980002,0.0,155.7925666,17.8108356,0.0892790034413337,0.0850000008940696,asteroid,stamp_classifier,1.0,27.5.7a32.dev1,asteroid,3370180433015015001,F:\ZTF_Adjusted_Dataset\stamps\asteroid\ZTF26aapmzmp,,,,,,,,,,,,,,,,,,
ZTF26aapmzmx,1,1504,61124.18232640019,61124.18232640019,False,False,1,,,,,61124.18232640019,61124.18232640019,0.0,165.77393639999997,3.8077007,0.0851880460977554,0.0850000008940696,asteroid,stamp_classifier,1.0,27.5.7a32.dev1,asteroid,3370182322115015025,F:\ZTF_Adjusted_Dataset\stamps\asteroid\ZTF26aapmzmx,,,,,,,,,,,,,,,,,,
ZTF26aapmznh,1,1527,61124.18091440015,61124.18091440015,False,False,1,,,,,61124.18091440015,61124.18091440015,0.0,168.40913839999996,10.5159849,0.0864520445466041,0.0850000008940696,asteroid,stamp_classifier,1.0,27.5.7a32.dev1,asteroid,3370180911915015005,F:\ZTF_Adjusted_Dataset\stamps\asteroid\ZTF26aapmznh,,,,,,,,,,,,,,,,,,
ZTF26aapmzmq,1,1507,61124.18232640019,61124.18232640019,False,False,1,,,,,61124.18232640019,61124.18232640019,0.0,165.4223648,3.6788653,0.0851755142211914,0.0850000008940696,asteroid,stamp_classifier,1.0,27.5.7a32.dev1,asteroid,3370182322115015027,F:\ZTF_Adjusted_Dataset\stamps\asteroid\ZTF26aapmzmq,,,,,,,,,,,,,,,,,,
ZTF26aapmzne,1,2989,61124.18091440015,61124.18091440015,False,False,1,,,,,61124.18091440015,61124.18091440015,0.0,168.60270899999998,10.0860225,0.0863342136144638,0.0850000008940696,asteroid,stamp_classifier,1.0,27.5.7a32.dev1,asteroid,3370180911915015025,F:\ZTF_Adjusted_Dataset\stamps\asteroid\ZTF26aapmzne,,,,,,,,,,,,,,,,,,
ZTF26aapmznj,1,1393,61124.18091440015,61124.18091440015,False,False,1,,,,,61124.18091440015,61124.18091440015,0.0,168.3378296,9.9984865,0.086310863494873,0.0850000008940696,asteroid,stamp_classifier,1.0,27.5.7a32.dev1,asteroid,3370180911915015024,F:\ZTF_Adjusted_Dataset\stamps\asteroid\ZTF26aapmznj,,,,,,,,,,,,,,,,,,
ZTF26aapmzmu,1,1549,61124.18091440015,61124.18091440015,False,False,1,,,,,61124.18091440015,61124.18091440015,0.0,168.10558329999998,9.976428,0.0863050073385238,0.0850000008940696,asteroid,stamp_classifier,1.0,27.5.7a32.dev1,asteroid,3370180911915015019,F:\ZTF_Adjusted_Dataset\stamps\asteroid\ZTF26aapmzmu,,,,,,,,,,,,,,,,,,
ZTF26aapmzms,1,1507,61124.18232640019,61124.18232640019,False,False,1,,,,,61124.18232640019,61124.18232640019,0.0,165.2495224,4.1277887,0.085221067070961,0.0850000008940696,asteroid,stamp_classifier,1.0,27.5.7a32.dev1,asteroid,3370182322115015014,F:\ZTF_Adjusted_Dataset\stamps\asteroid\ZTF26aapmzms,,,,,,,,,,,,,,,,,,
ZTF26aapmzml,1,3218,61124.18043980002,61124.18043980002,False,False,1,,,,,61124.18043980002,61124.18043980002,0.0,155.3804137,17.5697617,0.0891592726111412,0.0850000008940696,asteroid,stamp_classifier,1.0,27.5.7a32.dev1,asteroid,3370180433015015017,F:\ZTF_Adjusted_Dataset\stamps\asteroid\ZTF26aapmzml,,,,,,,,,,,,,,,,,,
ZTF26aapmzmt,1,1527,61124.18091440015,61124.18091440015,False,False,1,,,,,61124.18091440015,61124.18091440015,0.0,168.24787559999996,10.4701405,0.086439236998558,0.0850000008940696,asteroid,stamp_classifier,1.0,27.5.7a32.dev1,asteroid,3370180911915015008,F:\ZTF_Adjusted_Dataset\stamps\asteroid\ZTF26aapmzmt,,,,,,,,,,,,,,,,,,
ZTF26aapmzrd,1,1653,61124.18515049992,61124.18515049992,False,False,1,,,,,61124.18515049992,61124.18515049992,0.0,149.4611832,-2.1349625,0.0850590467453002,0.0850000008940696,asteroid,stamp_classifier,1.0,27.5.7a32.dev1,asteroid,3370185154315015006,F:\ZTF_Adjusted_Dataset\stamps\asteroid\ZTF26aapmzrd,,,,,,,,,,,,,,,,,,
ZTF26aapmzri,1,1653,61124.18515049992,61124.18515049992,False,False,1,,,,,61124.18515049992,61124.18515049992,0.0,149.3826136,-2.2800211,0.0850673466920852,0.0850000008940696,asteroid,stamp_classifier,1.0,27.5.7a32.dev1,asteroid,3370185154315015015,F:\ZTF_Adjusted_Dataset\stamps\asteroid\ZTF26aapmzri,,,,,,,,,,,,,,,,,,
ZTF26aapmzrf,1,1682,61124.18515049992,61124.18515049992,False,False,1,,,,,61124.18515049992,61124.18515049992,0.0,149.433203,-2.5247886000000004,0.0850825905799865,0.0850000008940696,asteroid,stamp_classifier,1.0,27.5.7a32.dev1,asteroid,3370185154315015008,F:\ZTF_Adjusted_Dataset\stamps\asteroid\ZTF26aapmzrf,,,,,,,,,,,,,,,,,,
ZTF26aapmzmk,1,3036,61124.18043980002,61124.18043980002,False,False,1,,,,,61124.18043980002,61124.18043980002,0.0,155.7829327,17.2391461,0.0889981463551521,0.0850000008940696,asteroid,stamp_classifier,1.0,27.5.7a32.dev1,asteroid,3370180433015015028,F:\ZTF_Adjusted_Dataset\stamps\asteroid\ZTF26aapmzmk,,,,,,,,,,,,,,,,,,
ZTF26aapmzmm,1,3294,61124.18043980002,61124.18043980002,False,False,1,,,,,61124.18043980002,61124.18043980002,0.0,155.658777,17.552495,0.0891507640480995,0.0850000008940696,asteroid,stamp_classifier,1.0,27.5.7a32.dev1,asteroid,3370180433015015019,F:\ZTF_Adjusted_Dataset\stamps\asteroid\ZTF26aapmzmm,,,,,,,,,,,,,,,,,,
ZTF26aapmzma,1,1690,61124.18043980002,61124.18043980002,False,False,1,,,,,61124.18043980002,61124.18043980002,0.0,156.0438537,17.4402163,0.0890957117080688,0.0850000008940696,asteroid,stamp_classifier,1.0,27.5.7a32.dev1,asteroid,3370180433015015027,F:\ZTF_Adjusted_Dataset\stamps\asteroid\ZTF26aapmzma,,,,,,,,,,,,,,,,,,
ZTF26aapmzmi,1,3294,61124.18043980002,61124.18043980002,False,False,1,,,,,61124.18043980002,61124.18043980002,0.0,155.8775189,17.7410743,0.0892441570758819,0.0850000008940696,asteroid,stamp_classifier,1.0,27.5.7a32.dev1,asteroid,3370180433015015006,F:\ZTF_Adjusted_Dataset\stamps\asteroid\ZTF26aapmzmi,,,,,,,,,,,,,,,,,,
ZTF26aapmzmc,1,3294,61124.18043980002,61124.18043980002,False,False,1,,,,,61124.18043980002,61124.18043980002,0.0,155.8575428,17.7783679,0.089262768626213,0.0850000008940696,asteroid,stamp_classifier,1.0,27.5.7a32.dev1,asteroid,3370180433015015003,F:\ZTF_Adjusted_Dataset\stamps\asteroid\ZTF26aapmzmc,,,,,,,,,,,,,,,,,,
ZTF26aapmzmg,1,1684,61124.18043980002,61124.18043980002,False,False,1,,,,,61124.18043980002,61124.18043980002,0.0,156.2068163,17.810887,0.0892790257930755,0.0850000008940696,asteroid,stamp_classifier,1.0,27.5.7a32.dev1,asteroid,3370180433015015002,F:\ZTF_Adjusted_Dataset\stamps\asteroid\ZTF26aapmzmg,,,,,,,,,,,,,,,,,,
ZTF26aapmzlv,1,3294,61124.18043980002,61124.18043980002,False,False,1,,,,,61124.18043980002,61124.18043980002,0.0,155.772904,17.5436459,0.0891464129090309,0.0850000008940696,asteroid,stamp_classifier,1.0,27.5.7a32.dev1,asteroid,3370180433015015021,F:\ZTF_Adjusted_Dataset\stamps\asteroid\ZTF26aapmzlv,,,,,,,,,,,,,,,,,,
ZTF26aapmzpw,1,1964,61124.185624999925,61124.185624999925,False,False,1,,,,,61124.185624999925,61124.185624999925,0.0,143.3297698,5.439796,0.0853845402598381,0.0850000008940696,asteroid,stamp_classifier,1.0,27.5.7a32.dev1,asteroid,3370185624215015004,F:\ZTF_Adjusted_Dataset\stamps\asteroid\ZTF26aapmzpw,,,,,,,,,,,,,,,,,,
ZTF26aapmzlq,1,3294,61124.18043980002,61124.18043980002,False,False,1,,,,,61124.18043980002,61124.18043980002,0.0,155.6804164,17.6936563,0.0892205685377121,0.0850000008940696,asteroid,stamp_classifier,1.0,27.5.7a32.dev1,asteroid,3370180433015015010,F:\ZTF_Adjusted_Dataset\stamps\asteroid\ZTF26aapmzlq,,,,,,,,,,,,,,,,,,
ZTF26aapmzqc,1,1236,61124.18468749989,61124.18468749989,False,False,1,,,,,61124.18468749989,61124.18468749989,0.0,153.0881638,-6.438604000000001,0.0855395346879959,0.0850000008940696,asteroid,stamp_classifier,1.0,27.5.7a32.dev1,asteroid,3370184685615015008,F:\ZTF_Adjusted_Dataset\stamps\asteroid\ZTF26aapmzqc,,,,,,,,,,,,,,,,,,
ZTF26aapmzlx,1,3294,61124.18043980002,61124.18043980002,False,False,1,,,,,61124.18043980002,61124.18043980002,0.0,155.7328034,17.6319862,0.0891899913549423,0.0850000008940696,asteroid,stamp_classifier,1.0,27.5.7a32.dev1,asteroid,3370180433015015013,F:\ZTF_Adjusted_Dataset\stamps\asteroid\ZTF26aapmzlx,,,,,,,,,,,,,,,,,,
ZTF26aapmzpv,1,1743,61124.185624999925,61124.185624999925,False,False,1,,,,,61124.185624999925,61124.185624999925,0.0,142.8640425,5.1450702,0.0853438675403595,0.0850000008940696,asteroid,stamp_classifier,1.0,27.5.7a32.dev1,asteroid,3370185624215015010,F:\ZTF_Adjusted_Dataset\stamps\asteroid\ZTF26aapmzpv,,,,,,,,,,,,,,,,,,
ZTF26aapmzsa,1,1557,61124.18232640019,61124.18232640019,False,False,1,,,,,61124.18232640019,61124.18232640019,0.0,163.5239245,6.1493698,0.0854919180274009,0.0850000008940696,asteroid,stamp_classifier,1.0,27.5.7a32.dev1,asteroid,3370182324115015007,F:\ZTF_Adjusted_Dataset\stamps\asteroid\ZTF26aapmzsa,,,,,,,,,,,,,,,,,,
ZTF26aapmzlp,1,1695,61124.18043980002,61124.18043980002,False,False,1,,,,,61124.18043980002,61124.18043980002,0.0,156.1243466,17.7041203,0.0892257690429687,0.0850000008940696,asteroid,stamp_classifier,1.0,27.5.7a32.dev1,asteroid,3370180433015015009,F:\ZTF_Adjusted_Dataset\stamps\asteroid\ZTF26aapmzlp,,,,,,,,,,,,,,,,,,
ZTF26aapmzjg,1,1428,61124.18280090019,61124.18280090019,False,False,1,,,,,61124.18280090019,61124.18280090019,0.0,166.81003770000004,-2.8381776,0.0851043909788131,0.0850000008940696,asteroid,stamp_classifier,1.0,27.5.7a32.dev1,asteroid,3370182801615015001,F:\ZTF_Adjusted_Dataset\stamps\asteroid\ZTF26aapmzjg,,,,,,,,,,,,,,,,,,
ZTF26aapmzjl,1,1435,61124.18280090019,61124.18280090019,False,False,1,,,,,61124.18280090019,61124.18280090019,0.0,166.855353,-3.412769,0.0851510092616081,0.0850000008940696,asteroid,stamp_classifier,1.0,27.5.7a32.dev1,asteroid,3370182801615015014,F:\ZTF_Adjusted_Dataset\stamps\asteroid\ZTF26aapmzjl,,,,,,,,,,,,,,,,,,
ZTF26aapmzmz,1,1512,61124.18232640019,61124.18232640019,False,False,1,,,,,61124.18232640019,61124.18232640019,0.0,165.3687506,4.3782292,0.0852487683296203,0.0850000008940696,asteroid,stamp_classifier,1.0,27.5.7a32.dev1,asteroid,3370182322115015003,F:\ZTF_Adjusted_Dataset\stamps\asteroid\ZTF26aapmzmz,,,,,,,,,,,,,,,,,,
ZTF26aapmziz,1,1533,61124.18091440015,61124.18091440015,False,False,1,,,,,61124.18091440015,61124.18091440015,0.0,162.1004939,10.5027491,0.0864483416080474,0.0850000008940696,asteroid,stamp_classifier,1.0,27.5.7a32.dev1,asteroid,3370180913015015003,F:\ZTF_Adjusted_Dataset\stamps\asteroid\ZTF26aapmziz,,,,,,,,,,,,,,,,,,
ZTF26aapmziu,1,1743,61124.18091440015,61124.18091440015,False,False,1,,,,,61124.18091440015,61124.18091440015,0.0,161.4220326,10.4043438,0.0864209532737732,0.0850000008940696,asteroid,stamp_classifier,1.0,27.5.7a32.dev1,asteroid,3370180913015015012,F:\ZTF_Adjusted_Dataset\stamps\asteroid\ZTF26aapmziu,,,,,,,,,,,,,,,,,,
ZTF26aapmzir,1,1554,61124.18091440015,61124.18091440015,False,False,1,,,,,61124.18091440015,61124.18091440015,0.0,161.90657990000005,10.4448371,0.0864321887493133,0.0850000008940696,asteroid,stamp_classifier,1.0,27.5.7a32.dev1,asteroid,3370180913015015007,F:\ZTF_Adjusted_Dataset\stamps\asteroid\ZTF26aapmzir,,,,,,,,,,,,,,,,,,
ZTF26aapmzgv,1,1504,61124.18232640019,61124.18232640019,False,False,1,,,,,61124.18232640019,61124.18232640019,0.0,166.9630849,4.376444,0.0852485671639442,0.0850000008940696,asteroid,stamp_classifier,1.0,27.5.7a32.dev1,asteroid,3370182321715015004,F:\ZTF_Adjusted_Dataset\stamps\asteroid\ZTF26aapmzgv,,,,,,,,,,,,,,,,,,
ZTF26aapmzis,1,2138,61124.18091440015,61124.18091440015,False,False,1,,,,,61124.18091440015,61124.18091440015,0.0,161.4097761,10.4727482,0.0864399597048759,0.0850000008940696,asteroid,stamp_classifier,1.0,27.5.7a32.dev1,asteroid,3370180913015015004,F:\ZTF_Adjusted_Dataset\stamps\asteroid\ZTF26aapmzis,,,,,,,,,,,,,,,,,,
ZTF26aapmzgl,1,1458,61124.18232640019,61124.18232640019,False,False,1,,,,,61124.18232640019,61124.18232640019,0.0,167.2509083,4.0844459,0.0852164328098297,0.0850000008940696,asteroid,stamp_classifier,1.0,27.5.7a32.dev1,asteroid,3370182321715015015,F:\ZTF_Adjusted_Dataset\stamps\asteroid\ZTF26aapmzgl,,,,,,,,,,,,,,,,,,
ZTF26aapmziw,1,1531,61124.18091440015,61124.18091440015,False,False,1,,,,,61124.18091440015,61124.18091440015,0.0,161.6206638,10.4448674,0.0864321961998939,0.0850000008940696,asteroid,stamp_classifier,1.0,27.5.7a32.dev1,asteroid,3370180913015015006,F:\ZTF_Adjusted_Dataset\stamps\asteroid\ZTF26aapmziw,,,,,,,,,,,,,,,,,,
ZTF26aapmzhq,1,1499,61124.18232640019,61124.18232640019,False,False,1,,,,,61124.18232640019,61124.18232640019,0.0,167.219306,2.9885769,0.085115760564804,0.0850000008940696,asteroid,stamp_classifier,1.0,27.5.7a32.dev1,asteroid,3370182321815015030,F:\ZTF_Adjusted_Dataset\stamps\asteroid\ZTF26aapmzhq,,,,,,,,,,,,,,,,,,
ZTF26aapmziq,1,1531,61124.18091440015,61124.18091440015,False,False,1,,,,,61124.18091440015,61124.18091440015,0.0,161.7259896,10.437328,0.0864301025867462,0.0850000008940696,asteroid,stamp_classifier,1.0,27.5.7a32.dev1,asteroid,3370180913015015009,F:\ZTF_Adjusted_Dataset\stamps\asteroid\ZTF26aapmziq,,,,,,,,,,,,,,,,,,
ZTF26aapmzgs,1,1458,61124.18232640019,61124.18232640019,False,False,1,,,,,61124.18232640019,61124.18232640019,0.0,167.5162905,4.1811211,0.0852268263697624,0.0850000008940696,asteroid,stamp_classifier,1.0,27.5.7a32.dev1,asteroid,3370182321715015010,F:\ZTF_Adjusted_Dataset\stamps\asteroid\ZTF26aapmzgs,,,,,,,,,,,,,,,,,,
ZTF26aapmzgm,1,1555,61124.18232640019,61124.18232640019,False,False,1,,,,,61124.18232640019,61124.18232640019,0.0,167.3785767,4.4346266,0.0852552354335784,0.0850000008940696,asteroid,stamp_classifier,1.0,27.5.7a32.dev1,asteroid,3370182321715015000,F:\ZTF_Adjusted_Dataset\stamps\asteroid\ZTF26aapmzgm,,,,,,,,,,,,,,,,,,
ZTF26aapmziy,1,1364,61124.18091440015,61124.18091440015,True,False,1,,,,,61124.18091440015,61124.18091440015,0.0,161.5810595,10.0088962,0.0863136276602745,0.0850000008940696,asteroid,stamp_classifier,1.0,27.5.7a32.dev1,asteroid,3370180913015015023,F:\ZTF_Adjusted_Dataset\stamps\asteroid\ZTF26aapmziy,,,,,,,,,,,,,,,,,,
ZTF26aapmzha,1,980,61124.18421299989,61124.18421299989,False,False,1,,,,,61124.18421299989,61124.18421299989,0.0,160.0809729,-17.5642027,0.0891565307974815,0.0850000008940696,asteroid,stamp_classifier,1.0,27.5.7a32.dev1,asteroid,3370184211615015007,F:\ZTF_Adjusted_Dataset\stamps\asteroid\ZTF26aapmzha,,,,,,,,,,,,,,,,,,
ZTF26aapmzhs,2,1496,58481.48059030017,61124.18232640019,False,False,1,,,,,61124.18232640019,61124.18232640019,0.0,167.6508268,3.1588614,0.0851293429732322,0.0850000008940696,asteroid,stamp_classifier,1.0,27.5.7a32.dev1,asteroid,3370182321815015016,F:\ZTF_Adjusted_Dataset\stamps\asteroid\ZTF26aapmzhs,,,,,,,,,,,,,,,,,,
ZTF26aapmzix,1,1362,61124.18091440015,61124.18091440015,False,False,1,,,,,61124.18091440015,61124.18091440015,0.0,161.7705882,10.0863395,0.0863343030214309,0.0850000008940696,asteroid,stamp_classifier,1.0,27.5.7a32.dev1,asteroid,3370180913015015022,F:\ZTF_Adjusted_Dataset\stamps\asteroid\ZTF26aapmzix,,,,,,,,,,,,,,,,,,
ZTF26aapmzgo,1,1458,61124.18232640019,61124.18232640019,False,False,1,,,,,61124.18232640019,61124.18232640019,0.0,167.423248,3.99757,0.0852073058485984,0.0850000008940696,asteroid,stamp_classifier,1.0,27.5.7a32.dev1,asteroid,3370182321715015017,F:\ZTF_Adjusted_Dataset\stamps\asteroid\ZTF26aapmzgo,,,,,,,,,,,,,,,,,,
ZTF26aapmzgq,1,1501,61124.18232640019,61124.18232640019,False,False,1,,,,,61124.18232640019,61124.18232640019,0.0,167.2532373,3.8160439,0.0851888731122016,0.0850000008940696,asteroid,stamp_classifier,1.0,27.5.7a32.dev1,asteroid,3370182321715015024,F:\ZTF_Adjusted_Dataset\stamps\asteroid\ZTF26aapmzgq,,,,,,,,,,,,,,,,,,
ZTF26aapmzhn,1,1424,61124.18232640019,61124.18232640019,False,False,1,,,,,61124.18232640019,61124.18232640019,0.0,167.3053607,2.9511332,0.085112877190113,0.0850000008940696,asteroid,stamp_classifier,1.0,27.5.7a32.dev1,asteroid,3370182321815015026,F:\ZTF_Adjusted_Dataset\stamps\asteroid\ZTF26aapmzhn,,,,,,,,,,,,,,,,,,
ZTF26aapmzho,1,1504,61124.18232640019,61124.18232640019,False,False,1,,,,,61124.18232640019,61124.18232640019,0.0,167.20210179999998,3.4818662,0.0851571932435035,0.0850000008940696,asteroid,stamp_classifier,1.0,27.5.7a32.dev1,asteroid,3370182321815015002,F:\ZTF_Adjusted_Dataset\stamps\asteroid\ZTF26aapmzho,,,,,,,,,,,,,,,,,,
ZTF26aapmzit,2,1362,59180.5446295999,61124.18091440015,False,False,1,,,,,61124.18091440015,61124.18091440015,0.0,161.845857,10.054792,0.0863258615136146,0.0850000008940696,asteroid,stamp_classifier,1.0,27.5.7a32.dev1,asteroid,3370180913015015019,F:\ZTF_Adjusted_Dataset\stamps\asteroid\ZTF26aapmzit,,,,,,,,,,,,,,,,,,
ZTF26aapmzhl,1,1420,61124.18232640019,61124.18232640019,False,False,1,,,,,61124.18232640019,61124.18232640019,0.0,167.2251775,2.9182389,0.0851103737950325,0.0850000008940696,asteroid,stamp_classifier,1.0,27.5.7a32.dev1,asteroid,3370182321815015024,F:\ZTF_Adjusted_Dataset\stamps\asteroid\ZTF26aapmzhl,,,,,,,,,,,,,,,,,,
ZTF26aapmzhk,2,1494,59248.33722219989,61124.18232640019,False,False,1,,,,,61124.18232640019,61124.18232640019,0.0,167.6526425,3.2454394,0.0851365402340889,0.0850000008940696,asteroid,stamp_classifier,1.0,27.5.7a32.dev1,asteroid,3370182321815015011,F:\ZTF_Adjusted_Dataset\stamps\asteroid\ZTF26aapmzhk,,,,,,,,,,,,,,,,,,
ZTF26aapmzgf,1,1458,61124.18232640019,61124.18232640019,False,False,1,,,,,61124.18232640019,61124.18232640019,0.0,167.3042348,3.9315239,0.0852005034685134,0.0850000008940696,asteroid,stamp_classifier,1.0,27.5.7a32.dev1,asteroid,3370182321715015027,F:\ZTF_Adjusted_Dataset\stamps\asteroid\ZTF26aapmzgf,,,,,,,,,,,,,,,,,,
ZTF26aapmzhe,1,1504,61124.18232640019,61124.18232640019,False,False,1,,,,,61124.18232640019,61124.18232640019,0.0,167.0956889,3.0980018,0.0851244032382965,0.0850000008940696,asteroid,stamp_classifier,1.0,27.5.7a32.dev1,asteroid,3370182321815015019,F:\ZTF_Adjusted_Dataset\stamps\asteroid\ZTF26aapmzhe,,,,,,,,,,,,,,,,,,
ZTF26aapmzhj,1,1504,61124.18232640019,61124.18232640019,False,False,1,,,,,61124.18232640019,61124.18232640019,0.0,166.9395894,3.3513378,0.0851456150412559,0.0850000008940696,asteroid,stamp_classifier,1.0,27.5.7a32.dev1,asteroid,3370182321815015006,F:\ZTF_Adjusted_Dataset\stamps\asteroid\ZTF26aapmzhj,,,,,,,,,,,,,,,,,,
ZTF26aapmzgh,1,1460,61124.18232640019,61124.18232640019,False,False,1,,,,,61124.18232640019,61124.18232640019,0.0,167.5617185,3.848249,0.0851920843124389,0.0850000008940696,asteroid,stamp_classifier,1.0,27.5.7a32.dev1,asteroid,3370182321715015025,F:\ZTF_Adjusted_Dataset\stamps\asteroid\ZTF26aapmzgh,,,,,,,,,,,,,,,,,,
ZTF26aapmzih,2,2353,61124.183263900224,61124.18373840023,False,False,2,,,,,61124.183263900224,61124.18373840023,0.0004745000042021,164.02977729996547,-10.97645185,0.0612241400689422,0.0601040770330592,asteroid,stamp_classifier,1.0,27.5.7a32.dev1,asteroid,3370183263015015004,F:\ZTF_Adjusted_Dataset\stamps\asteroid\ZTF26aapmzih,,,,,,,,,,,,,,,,,,
ZTF26aapmzgi,1,1458,61124.18232640019,61124.18232640019,False,False,1,,,,,61124.18232640019,61124.18232640019,0.0,167.2388075,4.2495627,0.0852343291044235,0.0850000008940696,asteroid,stamp_classifier,1.0,27.5.7a32.dev1,asteroid,3370182321715015008,F:\ZTF_Adjusted_Dataset\stamps\asteroid\ZTF26aapmzgi,,,,,,,,,,,,,,,,,,
ZTF26aapmzhr,1,1500,61124.18232640019,61124.18232640019,False,False,1,,,,,61124.18232640019,61124.18232640019,0.0,167.4344748,3.3164714,0.0851425975561142,0.0850000008940696,asteroid,stamp_classifier,1.0,27.5.7a32.dev1,asteroid,3370182321815015009,F:\ZTF_Adjusted_Dataset\stamps\asteroid\ZTF26aapmzhr,,,,,,,,,,,,,,,,,,
ZTF26aapmzgy,1,1504,61124.18232640019,61124.18232640019,False,False,1,,,,,61124.18232640019,61124.18232640019,0.0,167.1496248,3.8818278,0.0851954519748687,0.0850000008940696,asteroid,stamp_classifier,1.0,27.5.7a32.dev1,asteroid,3370182321715015026,F:\ZTF_Adjusted_Dataset\stamps\asteroid\ZTF26aapmzgy,,2.0,r,19.991968154907227,0.1952827125787735,0.9991670250892639,0.0925000011920929,0.0033333299215883017,10.129395484924316,16.44445037841797,26.4659423828125,0.9679999947547913,2.2799999713897705,t,1.0,1504.0,0.5569999814033508,-0.15000000596046448
ZTF26aapmzkl,1,1403,61124.18280090019,61124.18280090019,False,False,1,,,,,61124.18280090019,61124.18280090019,0.0,160.6608029,-3.8466004,0.0851919203996658,0.0850000008940696,asteroid,stamp_classifier,1.0,27.5.7a32.dev1,asteroid,3370182803015015003,F:\ZTF_Adjusted_Dataset\stamps\asteroid\ZTF26aapmzkl,,2.0,r,17.799509048461914,0.05180324614048004,0.0,0.992917001247406,-999.0,7.494991302490234,20.260040283203125,-999.0,0.984000027179718,2.3499999046325684,t,1.0,1403.0,0.7039999961853027,-0.23199999332427979
ZTF26aapmzja,1,1545,61124.18091440015,61124.18091440015,False,False,1,,,,,61124.18091440015,61124.18091440015,0.0,162.0683546,10.5932328,0.0864737629890441,0.0850000008940696,asteroid,stamp_classifier,1.0,27.5.7a32.dev1,asteroid,3370180913015015000,F:\ZTF_Adjusted_Dataset\stamps\asteroid\ZTF26aapmzja,,2.0,r,19.942665100097656,0.15593941509723663,0.07198809832334518,0.023333299905061722,0.18193499743938446,16.349605560302734,24.192697525024414,25.664079666137695,0.9559999704360962,1.8300000429153442,t,1.0,1545.0,0.7329999804496765,-0.5450000166893005
ZTF26aapmzjn,1,1428,61124.18280090019,61124.18280090019,False,False,1,,,,,61124.18280090019,61124.18280090019,0.0,166.9789841,-3.1871719,0.0851316750049591,0.0850000008940696,asteroid,stamp_classifier,1.0,27.5.7a32.dev1,asteroid,3370182801615015009,F:\ZTF_Adjusted_Dataset\stamps\asteroid\ZTF26aapmzjn,,2.0,r,19.901355743408203,0.17467942833900452,0.9577320218086243,1.0,-999.0,22.221677780151367,25.328123092651367,-999.0,0.9639999866485596,2.4700000286102295,t,1.0,1428.0,0.9860000014305115,-0.25
ZTF26aapmzkj,1,2275,61124.18280090019,61124.18280090019,False,False,1,,,,,61124.18280090019,61124.18280090019,0.0,160.4737462,-3.9063259,0.0851979330182075,0.0850000008940696,asteroid,stamp_classifier,1.0,27.5.7a32.dev1,asteroid,3370182803015015008,F:\ZTF_Adjusted_Dataset\stamps\asteroid\ZTF26aapmzkj,,2.0,r,16.670509338378906,0.033074378967285156,-999.0,-999.0,-999.0,-999.0,-999.0,-999.0,0.984000027179718,3.6500000953674316,t,1.0,2275.0,0.6679999828338623,0.08699999749660492
ZTF26aapmzkw,1,2713,61124.18232640019,61124.18232640019,False,False,1,,,,,61124.18232640019,61124.18232640019,0.0,161.3772149,3.5591849,0.08516426384449,0.0850000008940696,asteroid,stamp_classifier,1.0,27.5.7a32.dev1,asteroid,3370182323015015000,F:\ZTF_Adjusted_Dataset\stamps\asteroid\ZTF26aapmzkw,,2.0,r,18.3681697845459,0.06480973213911057,0.0,0.004791670013219118,0.9943749904632568,13.88858413696289,22.081634521484375,27.15053367614746,0.9850000143051147,2.299999952316284,t,1.0,2713.0,0.4519999921321869,-0.1860000044107437
ZTF26aapmzuu,1,1488,61124.18232640019,61124.18232640019,False,False,1,,,,,61124.18232640019,61124.18232640019,0.0,166.6194991,3.3698505,0.0851472318172454,0.0850000008940696,asteroid,stamp_classifier,1.0,27.5.7a32.dev1,asteroid,3370182322315015012,F:\ZTF_Adjusted_Dataset\stamps\asteroid\ZTF26aapmzuu,,2.0,r,19.994247436523438,0.15286988019943237,0.005833330098539591,0.4323990046977997,-999.0,24.470186233520508,24.760637283325195,-999.0,0.968999981880188,1.809999942779541,t,1.0,1488.0,0.6539999842643738,0.12099999934434891
ZTF26aapmzux,1,1488,61124.18232640019,61124.18232640019,False,False,1,,,,,61124.18232640019,61124.18232640019,0.0,166.46033,3.4262435,0.0851522013545036,0.0850000008940696,asteroid,stamp_classifier,1.0,27.5.7a32.dev1,asteroid,3370182322315015006,F:\ZTF_Adjusted_Dataset\stamps\asteroid\ZTF26aapmzux,,2.0,r,20.062246322631836,0.19210921227931976,0.049333300441503525,0.5,0.0012499999720603228,5.267440319061279,5.9604315757751465,6.180453777313232,0.9760000109672546,1.5199999809265137,t,1.0,1488.0,0.46000000834465027,-0.10700000077486038
ZTF26aapmzvz,1,1550,61124.18091440015,61124.18091440015,False,False,1,,,,,61124.18091440015,61124.18091440015,0.0,167.4658438,11.207030799999998,0.0866523459553718,0.0850000008940696,asteroid,stamp_classifier,1.0,27.5.7a32.dev1,asteroid,3370180911715015018,F:\ZTF_Adjusted_Dataset\stamps\asteroid\ZTF26aapmzvz,,2.0,r,17.251279830932617,0.042873233556747437,0.5,0.0,0.9657359719276428,2.6661934852600098,17.787364959716797,21.483108520507812,0.9829999804496765,2.819999933242798,t,1.0,1550.0,0.8399999737739563,-0.16200000047683716
ZTF26aapmzus,1,1484,61124.18232640019,61124.18232640019,False,False,1,,,,,61124.18232640019,61124.18232640019,0.0,165.8936607,2.9831048,0.08511533588171,0.0850000008940696,asteroid,stamp_classifier,1.0,27.5.7a32.dev1,asteroid,3370182322315015033,F:\ZTF_Adjusted_Dataset\stamps\asteroid\ZTF26aapmzus,,2.0,r,19.502246856689453,0.12303164601325989,0.010208300314843655,0.5,0.003988100215792656,8.402527809143066,16.145362854003906,16.49825668334961,0.996999979019165,1.8899999856948853,t,1.0,1484.0,0.8209999799728394,-0.11100000143051147
ZTF26aapmzuw,1,1415,61124.18232640019,61124.18232640019,False,False,1,,,,,61124.18232640019,61124.18232640019,0.0,166.3336448,3.3804341,0.0851481556892395,0.0850000008940696,asteroid,stamp_classifier,1.0,27.5.7a32.dev1,asteroid,3370182322315015010,F:\ZTF_Adjusted_Dataset\stamps\asteroid\ZTF26aapmzuw,,2.0,r,19.908246994018555,0.20968516170978546,0.5,0.9943749904632568,0.0,13.073576927185059,21.05240821838379,26.796937942504883,0.9769999980926514,2.880000114440918,t,1.0,1415.0,0.6899999976158142,-0.14100000262260437
ZTF26aapmzur,1,1488,61124.18232640019,61124.18232640019,False,False,1,,,,,61124.18232640019,61124.18232640019,0.0,165.8722951,3.1178644,0.0851260051131248,0.0850000008940696,asteroid,stamp_classifier,1.0,27.5.7a32.dev1,asteroid,3370182322315015021,F:\ZTF_Adjusted_Dataset\stamps\asteroid\ZTF26aapmzur,,2.0,r,19.598247528076172,0.13365896046161652,0.01425000000745058,1.0,0.5,17.4497013092041,27.05831527709961,28.151859283447266,0.9909999966621399,2.180000066757202,t,1.0,1488.0,1.2730000019073486,-0.3199999928474426
ZTF26aapmzsi,1,1075,61124.18185190018,61124.18185190018,False,False,1,,,,,61124.18185190018,61124.18185190018,0.0,170.6093055,-4.8239374,0.0853021591901779,0.0850000008940696,asteroid,stamp_classifier,1.0,27.5.7a32.dev1,asteroid,3370181850815015004,F:\ZTF_Adjusted_Dataset\stamps\asteroid\ZTF26aapmzsi,,2.0,r,18.39191436767578,0.056623514741659164,0.0016666699666529894,0.5,-999.0,21.34560203552246,21.468170166015625,-999.0,0.984000027179718,2.25,t,1.0,1075.0,0.3659999966621399,-0.15800000727176666
ZTF26aapmzow,1,1761,61124.18609949993,61124.18609949993,False,False,1,,,,,61124.18609949993,61124.18609949993,0.0,141.1584164,-0.9027621,0.0850105509161949,0.0850000008940696,asteroid,stamp_classifier,1.0,27.5.7a32.dev1,asteroid,3370186094115015001,F:\ZTF_Adjusted_Dataset\stamps\asteroid\ZTF26aapmzow,,2.0,r,17.28781509399414,0.041042719036340714,0.9881250262260437,0.5,0.005833330098539591,15.517736434936523,17.788938522338867,20.650970458984375,0.984000027179718,1.809999942779541,t,1.0,1761.0,0.7519999742507935,-0.10700000077486038
ZTF26aapmzmj,1,1563,61124.18091440015,61124.18091440015,False,False,1,,,,,61124.18091440015,61124.18091440015,0.0,163.99412419999996,9.072726,0.086076907813549,0.0850000008940696,asteroid,stamp_classifier,1.0,27.5.7a32.dev1,asteroid,3370180910915015025,F:\ZTF_Adjusted_Dataset\stamps\asteroid\ZTF26aapmzmj,,2.0,r,20.287883758544922,0.19298432767391205,0.5861669778823853,0.5,0.8461250066757202,11.86099910736084,14.113354682922363,24.126859664916992,0.9419999718666077,2.0,t,1.0,1563.0,1.715999960899353,0.20600000023841858
ZTF26aapmzij,1,1201,61124.18468749989,61124.18468749989,False,False,1,,,,,61124.18468749989,61124.18468749989,0.0,156.3557868,-10.0592565,0.0863270536065101,0.0850000008940696,asteroid,stamp_classifier,1.0,27.5.7a32.dev1,asteroid,3370184681615015001,F:\ZTF_Adjusted_Dataset\stamps\asteroid\ZTF26aapmzij,,2.0,r,19.016067504882812,0.10128211975097656,0.04500000178813934,1.0,0.0012499999720603228,4.694623947143555,6.251112937927246,14.39954662322998,0.9829999804496765,1.9900000095367432,t,1.0,1201.0,1.100000023841858,0.027000000700354576
ZTF26aapmzmf,1,1569,61124.18091440015,61124.18091440015,False,False,1,,,,,61124.18091440015,61124.18091440015,0.0,163.8308632,9.0014258,0.0860598757863044,0.0850000008940696,asteroid,stamp_classifier,1.0,27.5.7a32.dev1,asteroid,3370180910915015028,F:\ZTF_Adjusted_Dataset\stamps\asteroid\ZTF26aapmzmf,,2.0,r,20.15388298034668,0.2115488201379776,0.7941250205039978,0.556892991065979,0.002083329949527979,17.239471435546875,21.922866821289062,27.707046508789062,0.9900000095367432,2.509999990463257,t,1.0,1569.0,0.8360000252723694,-0.37400001287460327
ZTF26aapmzmh,1,1536,61124.18091440015,61124.18091440015,False,False,1,,,,,61124.18091440015,61124.18091440015,0.0,163.2822872,9.2728749,0.0861254781484603,0.0850000008940696,asteroid,stamp_classifier,1.0,27.5.7a32.dev1,asteroid,3370180910915015020,F:\ZTF_Adjusted_Dataset\stamps\asteroid\ZTF26aapmzmh,,2.0,r,19.899883270263672,0.1536966860294342,-999.0,-999.0,-999.0,-999.0,-999.0,-999.0,0.9810000061988831,1.8700000047683716,t,1.0,1536.0,0.6460000276565552,0.1979999989271164
ZTF26aapmzlz,1,1536,61124.18091440015,61124.18091440015,False,False,1,,,,,61124.18091440015,61124.18091440015,0.0,163.8637968,9.4086449,0.0861590504646301,0.0850000008940696,asteroid,stamp_classifier,1.0,27.5.7a32.dev1,asteroid,3370180910915015013,F:\ZTF_Adjusted_Dataset\stamps\asteroid\ZTF26aapmzlz,,2.0,r,19.704883575439453,0.13815432786941528,0.0,0.005178569816052914,-999.0,25.657835006713867,28.009368896484375,-999.0,0.9789999723434448,2.1500000953674316,t,1.0,1536.0,1.1540000438690186,-0.5210000276565552
ZTF26aapmzme,1,1540,61124.18091440015,61124.18091440015,False,False,1,,,,,61124.18091440015,61124.18091440015,0.0,163.6828696,9.4881051,0.0861789435148239,0.0850000008940696,asteroid,stamp_classifier,1.0,27.5.7a32.dev1,asteroid,3370180910915015010,F:\ZTF_Adjusted_Dataset\stamps\asteroid\ZTF26aapmzme,,2.0,r,19.832883834838867,0.13988125324249268,0.008541669696569443,0.9516010284423828,0.002083329949527979,4.448434829711914,7.493291854858398,13.652595520019531,0.9789999723434448,1.909999966621399,t,1.0,1540.0,0.5019999742507935,-0.25200000405311584
ZTF26aapmzmb,1,1536,61124.18091440015,61124.18091440015,False,False,1,,,,,61124.18091440015,61124.18091440015,0.0,163.48218450000002,9.223086,0.0861132964491844,0.0850000008940696,asteroid,stamp_classifier,1.0,27.5.7a32.dev1,asteroid,3370180910915015026,F:\ZTF_Adjusted_Dataset\stamps\asteroid\ZTF26aapmzmb,,2.0,r,19.657882690429688,0.14247165620326996,0.008541669696569443,0.15193499624729156,0.006791669875383377,15.303956985473633,18.293909072875977,20.772430419921875,0.9800000190734863,1.899999976158142,t,1.0,1536.0,0.9739999771118164,-0.2879999876022339
ZTF26aapmzim,2,2577,61124.18373840023,61124.18468749989,False,False,2,,,,,61124.18373840023,61124.18468749989,0.0009490996599197,156.92166799993103,-10.6285304,0.0611532438013861,0.0601040770330592,asteroid,stamp_classifier,1.0,27.5.7a32.dev1,asteroid,3370184681615015008,F:\ZTF_Adjusted_Dataset\stamps\asteroid\ZTF26aapmzim,,2.0,r,20.255067825317383,0.2164742350578308,0.9882709980010986,0.9834579825401306,0.009791670367121696,17.695402145385742,20.634061813354492,24.307369232177734,0.9049999713897705,1.7799999713897705,t,2.0,2577.0,0.8240000009536743,-0.5770000219345093
ZTF26aapmzlu,1,1540,61124.18091440015,61124.18091440015,False,False,1,,,,,61124.18091440015,61124.18091440015,0.0,163.6889051,9.2037231,0.0861085727810859,0.0850000008940696,asteroid,stamp_classifier,1.0,27.5.7a32.dev1,asteroid,3370180910915015022,F:\ZTF_Adjusted_Dataset\stamps\asteroid\ZTF26aapmzlu,,2.0,r,19.358882904052734,0.10750133544206619,0.019166700541973114,0.0012499999720603228,1.0,5.92044734954834,11.643890380859375,17.098159790039062,0.9829999804496765,1.7000000476837158,t,1.0,1540.0,0.9800000190734863,0.21899999678134918
ZTF26aapmzls,1,1536,61124.18091440015,61124.18091440015,False,False,1,,,,,61124.18091440015,61124.18091440015,0.0,163.2085089,9.50752,0.0861838236451149,0.0850000008940696,asteroid,stamp_classifier,1.0,27.5.7a32.dev1,asteroid,3370180910915015008,F:\ZTF_Adjusted_Dataset\stamps\asteroid\ZTF26aapmzls,,2.0,r,19.060882568359375,0.09627629816532135,0.0,0.0,1.0,4.664801597595215,25.975282669067383,29.12001609802246,0.996999979019165,2.4700000286102295,t,1.0,1536.0,0.972000002861023,0.03500000014901161
ZTF26aapmzlm,2,1536,60678.4165856,61124.18091440015,False,False,1,,,,,61124.18091440015,61124.18091440015,0.0,163.69711419999996,9.179026,0.0861025676131248,0.0850000008940696,asteroid,stamp_classifier,1.0,27.5.7a32.dev1,asteroid,3370180910915015032,F:\ZTF_Adjusted_Dataset\stamps\asteroid\ZTF26aapmzlm,,2.0,r,18.74188232421875,0.07900700718164444,0.46649399399757385,1.0,0.9962499737739563,6.799684047698975,20.37325668334961,21.670320510864258,0.9919999837875366,2.319999933242798,t,2.0,1536.0,1.184999942779541,-0.041999999433755875
ZTF26aapmzlo,1,1529,61124.18091440015,61124.18091440015,False,False,1,,,,,61124.18091440015,61124.18091440015,0.0,163.9195975,9.7114493,0.0862357765436172,0.0850000008940696,asteroid,stamp_classifier,1.0,27.5.7a32.dev1,asteroid,3370180910915015002,F:\ZTF_Adjusted_Dataset\stamps\asteroid\ZTF26aapmzlo,,2.0,r,19.02688217163086,0.09973015636205673,0.5,0.0024999999441206455,0.5,14.857492446899414,28.271472930908203,28.474382400512695,1.0,2.049999952316284,t,1.0,1529.0,0.843999981880188,-0.16599999368190765
ZTF26aapmzlr,1,1539,61124.18091440015,61124.18091440015,False,False,1,,,,,61124.18091440015,61124.18091440015,0.0,163.54186600000003,8.9321421,0.0860434547066688,0.0850000008940696,asteroid,stamp_classifier,1.0,27.5.7a32.dev1,asteroid,3370180910915015023,F:\ZTF_Adjusted_Dataset\stamps\asteroid\ZTF26aapmzlr,,2.0,r,18.95188331604004,0.07641661167144775,0.00708332983776927,0.9877920150756836,0.5,21.912372589111328,27.93840980529785,29.850812911987305,0.9829999804496765,1.840000033378601,t,1.0,1539.0,0.847000002861023,-0.027000000700354576
ZTF26aapmzll,1,1538,61124.18091440015,61124.18091440015,False,False,1,,,,,61124.18091440015,61124.18091440015,0.0,163.6954575,9.2695346,0.0861246585845947,0.0850000008940696,asteroid,stamp_classifier,1.0,27.5.7a32.dev1,asteroid,3370180910915015021,F:\ZTF_Adjusted_Dataset\stamps\asteroid\ZTF26aapmzll,,2.0,r,18.55088233947754,0.07037235796451569,0.05087500065565109,0.6368209719657898,0.0008333330042660236,11.808015823364258,19.681060791015625,20.436420440673828,0.9829999804496765,1.840000033378601,t,1.0,1538.0,1.027999997138977,-0.27900001406669617
ZTF26aapmzln,1,1534,61124.18091440015,61124.18091440015,False,False,1,,,,,61124.18091440015,61124.18091440015,0.0,163.9483641,9.1382201,0.0860926806926727,0.0850000008940696,asteroid,stamp_classifier,1.0,27.5.7a32.dev1,asteroid,3370180910915015033,F:\ZTF_Adjusted_Dataset\stamps\asteroid\ZTF26aapmzln,,2.0,r,19.18488311767578,0.08375605940818787,0.5,0.5,0.0008333330042660236,17.616418838500977,17.655208587646484,17.73033905029297,0.9810000061988831,2.009999990463257,t,1.0,1534.0,0.765999972820282,0.009999999776482582
ZTF26aapmzgx,1,1458,61124.18232640019,61124.18232640019,False,False,1,,,,,61124.18232640019,61124.18232640019,0.0,167.2434509,4.2702277,0.0852366238832473,0.0850000008940696,asteroid,stamp_classifier,1.0,27.5.7a32.dev1,asteroid,3370182321715015007,F:\ZTF_Adjusted_Dataset\stamps\asteroid\ZTF26aapmzgx,,2.0,r,19.828968048095703,0.19212570786476135,0.0,0.5777140259742737,0.015333300456404686,13.305954933166504,17.332487106323242,18.937477111816406,0.9649999737739563,2.3399999141693115,t,1.0,1458.0,0.9850000143051147,-0.4000000059604645
ZTF26aapmzmn,1,1690,61124.18043980002,61124.18043980002,False,False,1,,,,,61124.18043980002,61124.18043980002,0.0,155.999404,17.7695817,0.0892583802342414,0.0850000008940696,asteroid,stamp_classifier,1.0,27.5.7a32.dev1,asteroid,3370180433015015004,F:\ZTF_Adjusted_Dataset\stamps\asteroid\ZTF26aapmzmn,,2.0,r,20.1646728515625,0.162125363945961,0.5,0.007249999791383743,0.8939170241355896,13.60055160522461,14.531994819641113,15.217171669006348,0.9929999709129333,1.095426321029663,t,1.0,1690.0,1.00600004196167,0.14100000262260437
ZTF26aapmzna,1,1530,61124.18091440015,61124.18091440015,True,False,1,,,,,61124.18091440015,61124.18091440015,0.0,168.4457627,10.7246576,0.0865111052989959,0.0850000008940696,asteroid,stamp_classifier,1.0,27.5.7a32.dev1,asteroid,3370180911915015000,F:\ZTF_Adjusted_Dataset\stamps\asteroid\ZTF26aapmzna,,2.0,r,19.04034996032715,0.07720746099948883,0.01075000036507845,0.0,0.0180417001247406,1.1697516441345215,10.5330228805542,13.432168960571289,0.9819999933242798,2.0999999046325684,t,1.0,1530.0,0.45500001311302185,0.03200000151991844
ZTF26aapmzyt,1,1911,61124.185624999925,61124.185624999925,False,False,1,,,,,61124.185624999925,61124.185624999925,0.0,143.2087666,7.2613975,0.0856872275471687,0.0850000008940696,asteroid,stamp_classifier,1.0,27.5.7a32.dev1,asteroid,3370185625815015013,F:\ZTF_Adjusted_Dataset\stamps\asteroid\ZTF26aapmzyt,,2.0,r,19.365161895751953,0.13174796104431152,0.007708330173045397,0.5,0.7773569822311401,13.749262809753418,13.957403182983398,20.20479393005371,0.9819999933242798,2.2200000286102295,t,1.0,1911.0,0.45899999141693115,-0.15800000727176666
ZTF26aapmzpo,1,1400,61124.18232640019,61124.18232640019,False,False,1,,,,,61124.18232640019,61124.18232640019,0.0,162.5032011,4.0689554,0.0852147936820983,0.0850000008940696,asteroid,stamp_classifier,1.0,27.5.7a32.dev1,asteroid,3370182322815015016,F:\ZTF_Adjusted_Dataset\stamps\asteroid\ZTF26aapmzpo,,2.0,r,19.911985397338867,0.1702447533607483,0.0,0.6642739772796631,0.07672020047903061,15.028277397155762,17.114036560058594,27.566669464111328,0.9779999852180481,1.809999942779541,t,1.0,1400.0,0.5830000042915344,-0.23899999260902405
ZTF26aapmzqy,1,1484,61124.18232640019,61124.18232640019,False,False,1,,,,,61124.18232640019,61124.18232640019,0.0,163.1670288,2.3890632,0.0850739479064941,0.0850000008940696,asteroid,stamp_classifier,1.0,27.5.7a32.dev1,asteroid,3370182320915015002,F:\ZTF_Adjusted_Dataset\stamps\asteroid\ZTF26aapmzqy,,2.0,r,19.310409545898438,0.1361415684223175,0.6200420260429382,0.5,0.0,22.608722686767578,22.703969955444336,25.255130767822266,1.0,2.0799999237060547,t,1.0,1484.0,0.6830000281333923,-0.296999990940094
ZTF26aapmzxr,1,1829,61124.185624999925,61124.185624999925,True,False,1,,,,,61124.185624999925,61124.185624999925,0.0,142.1947729,6.676555400000001,0.0855803787708282,0.0850000008940696,asteroid,stamp_classifier,1.0,27.5.7a32.dev1,asteroid,3370185626315015030,F:\ZTF_Adjusted_Dataset\stamps\asteroid\ZTF26aapmzxr,,2.0,r,19.23676872253418,0.10519219934940338,0.04349999874830246,-999.0,-999.0,26.67860984802246,-999.0,-999.0,0.9800000190734863,2.049999952316284,t,1.0,1829.0,0.8519999980926514,-0.37700000405311584
ZTF26aapmzqq,1,1485,61124.18232640019,61124.18232640019,False,False,1,,,,,61124.18232640019,61124.18232640019,0.0,163.2174715,1.7875132,0.0850413814187049,0.0850000008940696,asteroid,stamp_classifier,1.0,27.5.7a32.dev1,asteroid,3370182320915015016,F:\ZTF_Adjusted_Dataset\stamps\asteroid\ZTF26aapmzqq,,2.0,r,18.76740837097168,0.08194508403539658,0.5,0.6993539929389954,-999.0,12.807398796081543,19.27547836303711,-999.0,1.0,1.909999966621399,t,1.0,1485.0,0.9079999923706055,-0.3019999861717224
ZTF26aapnaqv,1,1913,61124.18043980002,61124.18043980002,False,False,1,,,,,61124.18043980002,61124.18043980002,0.0,160.6908769,17.9411373,0.0893445089459419,0.0850000008940696,asteroid,stamp_classifier,1.0,27.5.7a32.dev1,asteroid,3370180432315015000,F:\ZTF_Adjusted_Dataset\stamps\asteroid\ZTF26aapnaqv,,2.0,r,19.37851333618164,0.10185691714286804,0.0,0.0,0.9987499713897705,15.882124900817871,18.496448516845703,20.730213165283203,0.9819999933242798,1.8799999952316284,t,1.0,1913.0,0.8500000238418579,-0.35899999737739563
ZTF26aapnacd,3,2832,59878.54278940009,61124.18137730006,False,False,1,,,,,61124.18137730006,61124.18137730006,0.0,175.0009148,2.4731374,0.0850792452692985,0.0850000008940696,asteroid,stamp_classifier,1.0,27.5.7a32.dev1,asteroid,3370181370015015001,F:\ZTF_Adjusted_Dataset\stamps\asteroid\ZTF26aapnacd,,2.0,r,19.284635543823242,0.12985444068908691,0.011458300054073334,0.9933329820632935,0.0033333299215883017,14.036463737487793,14.601408004760742,19.47325897216797,0.9810000061988831,2.5299999713897705,t,3.0,2832.0,0.7200000286102295,-0.5009999871253967
ZTF26aapnaqp,1,1443,61124.18043980002,61124.18043980002,False,False,1,,,,,61124.18043980002,61124.18043980002,0.0,160.3482119,17.2415938,0.0889993235468864,0.0850000008940696,asteroid,stamp_classifier,1.0,27.5.7a32.dev1,asteroid,3370180432315015012,F:\ZTF_Adjusted_Dataset\stamps\asteroid\ZTF26aapnaqp,,2.0,r,19.125513076782227,0.10025916248559952,0.9987499713897705,0.0,0.3806670010089874,6.077165603637695,8.198345184326172,22.752954483032227,1.0,1.9600000381469727,t,1.0,1443.0,0.7509999871253967,-0.013000000268220901
ZTF26aapmzpb,1,1389,61124.18232640019,61124.18232640019,False,False,1,,,,,61124.18232640019,61124.18232640019,0.0,162.6010908,4.2824655,0.085237979888916,0.0850000008940696,asteroid,stamp_classifier,1.0,27.5.7a32.dev1,asteroid,3370182322815015008,F:\ZTF_Adjusted_Dataset\stamps\asteroid\ZTF26aapmzpb,,2.0,r,18.746984481811523,0.07461608946323395,0.03967859968543053,0.5,0.0008333330042660236,10.502584457397461,20.588470458984375,20.61887550354004,0.9829999804496765,2.0199999809265137,t,1.0,1389.0,0.6510000228881836,-0.061000000685453415
ZTF26aapmzvr,1,1211,61124.18468749989,61124.18468749989,False,False,1,,,,,61124.18468749989,61124.18468749989,0.0,150.7791511,-8.0810593,0.0858524963259697,0.0850000008940696,asteroid,stamp_classifier,1.0,27.5.7a32.dev1,asteroid,3370184684415015000,F:\ZTF_Adjusted_Dataset\stamps\asteroid\ZTF26aapmzvr,,2.0,r,18.525028228759766,0.06692580878734589,0.9810420274734497,0.9933329820632935,0.013749999925494194,5.725156307220459,13.001411437988281,26.15148162841797,1.0,2.5,t,1.0,1211.0,0.781000018119812,0.003000000026077032
ZTF26aapmzvs,1,1227,61124.18468749989,61124.18468749989,False,False,1,,,,,61124.18468749989,61124.18468749989,0.0,151.2834066,-8.5577708,0.0859570205211639,0.0850000008940696,asteroid,stamp_classifier,1.0,27.5.7a32.dev1,asteroid,3370184684415015020,F:\ZTF_Adjusted_Dataset\stamps\asteroid\ZTF26aapmzvs,,2.0,r,18.61102867126465,0.07337648421525955,0.427946001291275,0.0012499999720603228,0.9991670250892639,5.093361854553223,9.49296760559082,17.4093074798584,0.9829999804496765,2.6700000762939453,t,1.0,1227.0,1.3619999885559082,-0.31700000166893005
ZTF26aapmzov,1,1359,61124.18280090019,61124.18280090019,False,False,1,,,,,61124.18280090019,61124.18280090019,0.0,161.0558442,-2.9003836,0.0851090252399444,0.0850000008940696,asteroid,stamp_classifier,1.0,27.5.7a32.dev1,asteroid,3370182802915015003,F:\ZTF_Adjusted_Dataset\stamps\asteroid\ZTF26aapmzov,,2.0,r,19.47132110595703,0.11763956397771835,-999.0,-999.0,-999.0,-999.0,-999.0,-999.0,0.9800000190734863,2.140000104904175,t,1.0,1359.0,0.9440000057220459,-0.35600000619888306
ZTF26aapmzqj,1,963,61124.183263900224,61124.183263900224,False,False,1,,,,,61124.183263900224,61124.183263900224,0.0,170.0417807,-11.872470099999996,0.0868580713868141,0.0850000008940696,asteroid,stamp_classifier,1.0,27.5.7a32.dev1,asteroid,3370183260115015000,F:\ZTF_Adjusted_Dataset\stamps\asteroid\ZTF26aapmzqj,,2.0,r,19.650249481201172,0.14592090249061584,0.0012499999720603228,0.5,0.0,11.884065628051758,14.95994758605957,15.496460914611816,0.9729999899864197,2.0399999618530273,t,1.0,963.0,0.777999997138977,-0.3089999854564667
ZTF26aapmzvv,1,1227,61124.18468749989,61124.18468749989,False,False,1,,,,,61124.18468749989,61124.18468749989,0.0,151.0584998,-8.4441772,0.085931546986103,0.0850000008940696,asteroid,stamp_classifier,1.0,27.5.7a32.dev1,asteroid,3370184684415015008,F:\ZTF_Adjusted_Dataset\stamps\asteroid\ZTF26aapmzvv,,2.0,r,19.54102897644043,0.14554347097873688,0.09711310267448425,0.981249988079071,0.14561299979686737,13.952668190002441,15.689675331115723,18.975622177124023,0.9729999899864197,2.5299999713897705,t,1.0,1227.0,1.093999981880188,-0.36000001430511475
ZTF26aapmzou,1,1405,61124.18280090019,61124.18280090019,False,False,1,,,,,61124.18280090019,61124.18280090019,0.0,160.6762379,-2.9921893,0.0851160436868667,0.0850000008940696,asteroid,stamp_classifier,1.0,27.5.7a32.dev1,asteroid,3370182802915015004,F:\ZTF_Adjusted_Dataset\stamps\asteroid\ZTF26aapmzou,,2.0,r,19.698322296142578,0.13187353312969208,0.6284999847412109,0.5,0.5,18.82482147216797,19.902311325073242,21.34929847717285,0.9909999966621399,2.740000009536743,t,1.0,1405.0,1.1679999828338623,-0.3919999897480011
ZTF26aapmzvq,1,1227,61124.18468749989,61124.18468749989,False,False,1,,,,,61124.18468749989,61124.18468749989,0.0,151.0626587,-8.3211288,0.0859043598175048,0.0850000008940696,asteroid,stamp_classifier,1.0,27.5.7a32.dev1,asteroid,3370184684415015004,F:\ZTF_Adjusted_Dataset\stamps\asteroid\ZTF26aapmzvq,,2.0,r,18.459028244018555,0.058862458914518356,0.026249999180436134,0.890874981880188,-999.0,3.6171646118164062,17.621810913085938,-999.0,0.9829999804496765,1.9800000190734863,t,1.0,1227.0,0.4869999885559082,-0.3529999852180481
ZTF26aapmzpi,1,1471,61124.18232640019,61124.18232640019,False,False,1,,,,,61124.18232640019,61124.18232640019,0.0,162.9074388,3.7512751,0.0851825028657913,0.0850000008940696,asteroid,stamp_classifier,1.0,27.5.7a32.dev1,asteroid,3370182322815015020,F:\ZTF_Adjusted_Dataset\stamps\asteroid\ZTF26aapmzpi,,2.0,r,19.195985794067383,0.10034577548503876,0.019041700288653374,0.5,0.030773799866437912,21.443416595458984,25.423521041870117,26.93683433532715,0.9890000224113464,1.7400000095367432,t,1.0,1471.0,0.7080000042915344,-0.4790000021457672
ZTF26aapmzqt,1,1485,61124.18232640019,61124.18232640019,False,False,1,,,,,61124.18232640019,61124.18232640019,0.0,163.3980317,1.7746349,0.0850407853722572,0.0850000008940696,asteroid,stamp_classifier,1.0,27.5.7a32.dev1,asteroid,3370182320915015014,F:\ZTF_Adjusted_Dataset\stamps\asteroid\ZTF26aapmzqt,,2.0,r,19.235408782958984,0.1179315447807312,1.0,-999.0,-999.0,18.41741371154785,-999.0,-999.0,0.9800000190734863,1.9900000095367432,t,1.0,1485.0,0.6060000061988831,-0.453000009059906
ZTF26aapmzqm,1,1484,61124.18232640019,61124.18232640019,False,False,1,,,,,61124.18232640019,61124.18232640019,0.0,163.4415123,2.2783364,0.0850672423839569,0.0850000008940696,asteroid,stamp_classifier,1.0,27.5.7a32.dev1,asteroid,3370182320915015006,F:\ZTF_Adjusted_Dataset\stamps\asteroid\ZTF26aapmzqm,,2.0,r,18.636409759521484,0.07804293185472488,0.011071399785578251,0.03089289925992489,0.5,7.673486709594727,14.185624122619629,15.780003547668457,0.9829999804496765,2.2799999713897705,t,1.0,1484.0,1.5449999570846558,0.10300000011920929
ZTF26aapmzxp,1,1247,61124.18656249996,61124.18656249996,False,False,1,,,,,61124.18656249996,61124.18656249996,0.0,143.8603276,-8.05636,0.0858472511172294,0.0850000008940696,asteroid,stamp_classifier,1.0,27.5.7a32.dev1,asteroid,3370186564415015001,F:\ZTF_Adjusted_Dataset\stamps\asteroid\ZTF26aapmzxp,,2.0,r,19.3503475189209,0.12027649581432343,0.008541669696569443,0.9970830082893372,0.0024999999441206455,26.730669021606445,26.955198287963867,28.368043899536133,0.9850000143051147,2.0399999618530273,t,1.0,1247.0,0.7860000133514404,-0.3619999885559082
ZTF26aapmzwy,1,1818,61124.185624999925,61124.185624999925,False,False,1,,,,,61124.185624999925,61124.185624999925,0.0,143.0999398,5.704379599999999,0.0854230150580406,0.0850000008940696,asteroid,stamp_classifier,1.0,27.5.7a32.dev1,asteroid,3370185624115015017,F:\ZTF_Adjusted_Dataset\stamps\asteroid\ZTF26aapmzwy,,2.0,r,18.668611526489258,0.09905233234167099,0.9775000214576721,0.028041699901223183,0.5,3.9410173892974854,17.05183982849121,20.917726516723633,0.9919999837875366,2.390000104904175,t,1.0,1818.0,0.49399998784065247,-0.017999999225139618
ZTF26aapmzwt,1,1952,61124.185624999925,61124.185624999925,False,False,1,,,,,61124.185624999925,61124.185624999925,0.0,143.262899,5.8329005,0.085442379117012,0.0850000008940696,asteroid,stamp_classifier,1.0,27.5.7a32.dev1,asteroid,3370185624115015019,F:\ZTF_Adjusted_Dataset\stamps\asteroid\ZTF26aapmzwt,,2.0,r,18.053611755371094,0.06888639181852341,0.01670829951763153,0.9605540037155151,1.0,13.530924797058105,14.717153549194336,15.507707595825195,1.0,2.299999952316284,t,1.0,1952.0,1.031999945640564,-0.20200000703334808
ZTF26aapmzxf,1,1818,61124.185624999925,61124.185624999925,False,False,1,,,,,61124.185624999925,61124.185624999925,0.0,142.9269497,6.0505016,0.0854761525988578,0.0850000008940696,asteroid,stamp_classifier,1.0,27.5.7a32.dev1,asteroid,3370185624115015006,F:\ZTF_Adjusted_Dataset\stamps\asteroid\ZTF26aapmzxf,,2.0,r,18.85361099243164,0.07924186438322067,0.9207500219345093,-999.0,-999.0,26.27659797668457,-999.0,-999.0,0.9819999933242798,2.1600000858306885,t,1.0,1818.0,1.2389999628067017,0.0860000029206276
ZTF26aapmzvy,1,1286,61124.18468749989,61124.18468749989,False,False,1,,,,,61124.18468749989,61124.18468749989,0.0,150.7389475,-8.5208717,0.0859487056732177,0.0850000008940696,asteroid,stamp_classifier,1.0,27.5.7a32.dev1,asteroid,3370184684415015018,F:\ZTF_Adjusted_Dataset\stamps\asteroid\ZTF26aapmzvy,,2.0,r,20.3110294342041,0.21206611394882202,0.3977000117301941,-999.0,-999.0,9.010786056518555,-999.0,-999.0,0.8529999852180481,3.180000066757202,t,1.0,1286.0,0.6850000023841858,0.07100000232458115
ZTF26aapmzpn,1,1470,61124.18232640019,61124.18232640019,False,False,1,,,,,61124.18232640019,61124.18232640019,0.0,162.48116980000003,4.2020196,0.085229106247425,0.0850000008940696,asteroid,stamp_classifier,1.0,27.5.7a32.dev1,asteroid,3370182322815015009,F:\ZTF_Adjusted_Dataset\stamps\asteroid\ZTF26aapmzpn,,2.0,r,19.65198516845703,0.14408624172210693,0.028083300217986107,0.9927499890327454,0.02095239982008934,3.8526768684387207,7.450283050537109,22.83864974975586,0.9850000143051147,2.1700000762939453,t,1.0,1470.0,0.6499999761581421,-0.1860000044107437
ZTF26aapmzwv,1,1638,61124.185624999925,61124.185624999925,False,False,1,,,,,61124.185624999925,61124.185624999925,0.0,142.9451676,6.3170086,0.0855192467570304,0.0850000008940696,asteroid,stamp_classifier,1.0,27.5.7a32.dev1,asteroid,3370185624115015002,F:\ZTF_Adjusted_Dataset\stamps\asteroid\ZTF26aapmzwv,,2.0,r,18.53761100769043,0.08509495854377747,0.0012499999720603228,-999.0,-999.0,9.941376686096191,-999.0,-999.0,0.9829999804496765,2.309999942779541,t,1.0,1638.0,5.433000087738037,0.35600000619888306
ZTF26aapmzvx,1,1211,61124.18468749989,61124.18468749989,False,False,1,,,,,61124.18468749989,61124.18468749989,0.0,150.8706342,-8.1294469,0.085862822830677,0.0850000008940696,asteroid,stamp_classifier,1.0,27.5.7a32.dev1,asteroid,3370184684415015001,F:\ZTF_Adjusted_Dataset\stamps\asteroid\ZTF26aapmzvx,,2.0,r,20.44902992248535,0.21206611394882202,0.0016666699666529894,0.6789519786834717,0.0016666699666529894,6.3499436378479,6.816086769104004,11.327012062072754,0.7419999837875366,2.5299999713897705,t,1.0,1211.0,0.8399999737739563,-0.3790000081062317
ZTF26aapmzws,1,1929,61124.185624999925,61124.185624999925,True,False,1,,,,,61124.185624999925,61124.185624999925,0.0,143.2293363,5.9419433,0.0854591429233551,0.0850000008940696,asteroid,stamp_classifier,1.0,27.5.7a32.dev1,asteroid,3370185624115015009,F:\ZTF_Adjusted_Dataset\stamps\asteroid\ZTF26aapmzws,,2.0,r,17.44161033630371,0.04907592758536339,0.23454199731349945,0.9361670017242432,0.0206666998565197,18.261402130126953,24.089679718017578,25.42317008972168,0.984000027179718,2.240000009536743,t,1.0,1929.0,1.4220000505447388,-0.7860000133514404
ZTF26aapmzqo,1,1485,61124.18232640019,61124.18232640019,False,False,1,,,,,61124.18232640019,61124.18232640019,0.0,163.7012809,2.4877163,0.0850801840424537,0.0850000008940696,asteroid,stamp_classifier,1.0,27.5.7a32.dev1,asteroid,3370182320915015000,F:\ZTF_Adjusted_Dataset\stamps\asteroid\ZTF26aapmzqo,,2.0,r,18.711408615112305,0.0845465138554573,0.19873599708080292,0.006500000134110451,-999.0,12.222017288208008,28.930749893188477,-999.0,1.0,1.9900000095367432,t,1.0,1485.0,1.2269999980926514,-0.7160000205039978
ZTF26aapmzwz,1,2646,61124.18280090019,61124.18280090019,False,False,1,,,,,61124.18280090019,61124.18280090019,0.0,160.3677594,-0.4002373,0.0850020721554756,0.0850000008940696,asteroid,stamp_classifier,1.0,27.5.7a32.dev1,asteroid,3370182806215015028,F:\ZTF_Adjusted_Dataset\stamps\asteroid\ZTF26aapmzwz,,2.0,r,19.147367477416992,0.10257195681333542,0.0,0.5,0.06660120189189911,17.924699783325195,18.313093185424805,25.730222702026367,0.9810000061988831,2.490000009536743,t,1.0,2646.0,1.1039999723434448,0.17499999701976776
ZTF26aapmzpp,1,1472,61124.18232640019,61124.18232640019,False,False,1,,,,,61124.18232640019,61124.18232640019,0.0,162.7966464,4.3988523,0.0852511227130889,0.0850000008940696,asteroid,stamp_classifier,1.0,27.5.7a32.dev1,asteroid,3370182322815015002,F:\ZTF_Adjusted_Dataset\stamps\asteroid\ZTF26aapmzpp,,2.0,r,20.261985778808594,0.18654023110866547,0.0,0.5,0.9920830130577087,12.040255546569824,12.11127758026123,12.767276763916016,0.9589999914169312,1.75,t,1.0,1472.0,0.593999981880188,0.19900000095367432
ZTF26aapmzot,1,2690,61124.18280090019,61124.18280090019,False,False,1,,,,,61124.18280090019,61124.18280090019,0.0,160.3964375,-3.2679801,0.0851384475827217,0.0850000008940696,asteroid,stamp_classifier,1.0,27.5.7a32.dev1,asteroid,3370182802915015014,F:\ZTF_Adjusted_Dataset\stamps\asteroid\ZTF26aapmzot,,2.0,r,19.382322311401367,0.12768706679344177,0.043333299458026886,-999.0,-999.0,14.11682415008545,-999.0,-999.0,0.9800000190734863,2.5399999618530273,t,1.0,2690.0,0.9269999861717224,-0.10400000214576721
ZTF26aapmzqw,1,1485,61124.18232640019,61124.18232640019,False,False,1,,,,,61124.18232640019,61124.18232640019,0.0,163.5783137,2.3889278,0.0850739404559135,0.0850000008940696,asteroid,stamp_classifier,1.0,27.5.7a32.dev1,asteroid,3370182320915015003,F:\ZTF_Adjusted_Dataset\stamps\asteroid\ZTF26aapmzqw,,2.0,r,19.273408889770508,0.11186154186725616,0.06970830261707306,0.2740829885005951,0.020208299160003662,9.919690132141113,13.965339660644531,26.987009048461914,0.9879999756813049,2.0199999809265137,t,1.0,1485.0,0.45899999141693115,-0.37599998712539673
ZTF26aapmzqr,1,970,61124.183263900224,61124.183263900224,False,False,1,,,,,61124.183263900224,61124.183263900224,0.0,167.6573697,-10.143155299999998,0.0863495767116546,0.0850000008940696,asteroid,stamp_classifier,1.0,27.5.7a32.dev1,asteroid,3370183262115015000,F:\ZTF_Adjusted_Dataset\stamps\asteroid\ZTF26aapmzqr,,2.0,r,19.975772857666016,0.1778845191001892,0.0037499999161809683,0.3696550130844116,0.5,3.7908945083618164,16.964160919189453,21.274574279785156,0.9729999899864197,2.240000009536743,t,1.0,970.0,1.1100000143051147,-0.2939999997615814
ZTF26aapmzql,1,970,61124.183263900224,61124.183263900224,False,False,1,,,,,61124.183263900224,61124.183263900224,0.0,167.751492,-10.417131,0.0864244922995567,0.0850000008940696,asteroid,stamp_classifier,1.0,27.5.7a32.dev1,asteroid,3370183262115015002,F:\ZTF_Adjusted_Dataset\stamps\asteroid\ZTF26aapmzql,,2.0,r,19.70477294921875,0.1527082771062851,0.5,0.018958300352096558,0.5,16.203561782836914,17.174592971801758,17.769567489624023,0.9729999899864197,1.7999999523162842,t,1.0,970.0,0.925000011920929,-0.4490000009536743
ZTF26aapmzyk,1,1955,61124.185624999925,61124.185624999925,False,False,1,,,,,61124.185624999925,61124.185624999925,0.0,143.3656342,7.3587487,0.0857059061527252,0.0850000008940696,asteroid,stamp_classifier,1.0,27.5.7a32.dev1,asteroid,3370185625815015008,F:\ZTF_Adjusted_Dataset\stamps\asteroid\ZTF26aapmzyk,,2.0,r,18.70216178894043,0.07061002403497696,1.0,1.0,0.0,5.725650310516357,21.2952938079834,23.666208267211914,0.9829999804496765,2.0899999141693115,t,1.0,1955.0,0.765999972820282,-0.039000000804662704
ZTF26aapmzyh,1,1962,61124.185624999925,61124.185624999925,False,False,1,,,,,61124.185624999925,61124.185624999925,0.0,143.3889043,6.7582764,0.0855947583913803,0.0850000008940696,asteroid,stamp_classifier,1.0,27.5.7a32.dev1,asteroid,3370185625815015036,F:\ZTF_Adjusted_Dataset\stamps\asteroid\ZTF26aapmzyh,,2.0,r,17.822162628173828,0.051235321909189224,0.0024999999441206455,0.5,0.0011904799612239003,3.2247705459594727,20.798988342285156,24.294885635375977,0.9829999804496765,2.2300000190734863,t,1.0,1962.0,0.7509999871253967,-0.2680000066757202
ZTF26aapmzyr,1,1956,61124.185624999925,61124.185624999925,False,False,1,,,,,61124.185624999925,61124.185624999925,0.0,143.4064992,6.8736629,0.0856153666973114,0.0850000008940696,asteroid,stamp_classifier,1.0,27.5.7a32.dev1,asteroid,3370185625815015035,F:\ZTF_Adjusted_Dataset\stamps\asteroid\ZTF26aapmzyr,,2.0,r,19.073162078857422,0.09299856424331665,0.5,0.5,0.5,5.994899272918701,7.134768009185791,8.889957427978516,0.9810000061988831,1.9500000476837158,t,1.0,1956.0,0.6759999990463257,-0.36500000953674316
ZTF26aapmzza,1,1821,61124.185624999925,61124.185624999925,False,False,1,,,,,61124.185624999925,61124.185624999925,0.0,142.9733675,6.665359,0.0855784267187118,0.0850000008940696,asteroid,stamp_classifier,1.0,27.5.7a32.dev1,asteroid,3370185625815015029,F:\ZTF_Adjusted_Dataset\stamps\asteroid\ZTF26aapmzza,,2.0,r,20.20416259765625,0.20192743837833405,0.5,0.016041699796915054,0.2038629949092865,17.066957473754883,24.131776809692383,29.907318115234375,0.9810000061988831,3.5999999046325684,t,1.0,1821.0,0.5210000276565552,-0.4099999964237213
ZTF26aapmzxw,1,1429,61124.18280090019,61124.18280090019,False,False,1,,,,,61124.18280090019,61124.18280090019,0.0,160.8345383,-0.5061505,0.0850033164024353,0.0850000008940696,asteroid,stamp_classifier,1.0,27.5.7a32.dev1,asteroid,3370182806215015021,F:\ZTF_Adjusted_Dataset\stamps\asteroid\ZTF26aapmzxw,,2.0,r,20.184368133544922,0.21031561493873596,0.6434640288352966,0.0005000000237487257,0.9643329977989197,12.555367469787598,17.874277114868164,19.230388641357422,0.8669999837875366,2.069999933242798,t,1.0,1429.0,0.7670000195503235,-0.035999998450279236
ZTF26aapmzym,1,1819,61124.185624999925,61124.185624999925,False,False,1,,,,,61124.185624999925,61124.185624999925,0.0,142.9912837,6.6240811,0.0855712443590164,0.0850000008940696,asteroid,stamp_classifier,1.0,27.5.7a32.dev1,asteroid,3370185625815015028,F:\ZTF_Adjusted_Dataset\stamps\asteroid\ZTF26aapmzym,,2.0,r,18.819162368774414,0.07792935520410538,0.0,0.9729170203208923,-999.0,17.110471725463867,27.93189811706543,-999.0,0.9819999933242798,1.9700000286102295,t,1.0,1819.0,0.8299999833106995,-0.652999997138977
ZTF26aapmzxv,1,2646,61124.18280090019,61124.18280090019,False,False,1,,,,,61124.18280090019,61124.18280090019,0.0,160.40077399999998,-0.214415,0.0850005969405174,0.0850000008940696,asteroid,stamp_classifier,1.0,27.5.7a32.dev1,asteroid,3370182806215015013,F:\ZTF_Adjusted_Dataset\stamps\asteroid\ZTF26aapmzxv,,2.0,r,20.003368377685547,0.20643684267997742,0.0,0.0024999999441206455,0.014726200141012669,12.791973114013672,14.294940948486328,14.920125961303711,0.9419999718666077,2.130000114440918,t,1.0,2646.0,0.5799999833106995,-0.1589999943971634
ZTF26aapmzxe,1,1453,61124.18280090019,61124.18280090019,False,False,1,,,,,61124.18280090019,61124.18280090019,0.0,160.7899758,0.0094257,0.0850000008940696,0.0850000008940696,asteroid,stamp_classifier,1.0,27.5.7a32.dev1,asteroid,3370182806215015006,F:\ZTF_Adjusted_Dataset\stamps\asteroid\ZTF26aapmzxe,,2.0,r,19.35536766052246,0.1202419176697731,0.002083329949527979,0.5,0.4701730012893677,24.668466567993164,24.7122745513916,25.48162841796875,0.9769999980926514,2.1700000762939453,t,1.0,1453.0,0.47200000286102295,-0.5519999861717224
ZTF26aapmzxs,1,1767,61124.18280090019,61124.18280090019,False,False,1,,,,,61124.18280090019,61124.18280090019,0.0,160.4712628,0.0743756,0.085000067949295,0.0850000008940696,asteroid,stamp_classifier,1.0,27.5.7a32.dev1,asteroid,3370182806215015004,F:\ZTF_Adjusted_Dataset\stamps\asteroid\ZTF26aapmzxs,,2.0,r,19.5263671875,0.14179064333438873,0.5445889830589294,0.5,0.0239167008548975,14.18949031829834,14.529309272766113,14.890068054199219,0.9729999899864197,2.299999952316284,t,1.0,1767.0,1.2489999532699585,-0.4519999921321869
ZTF26aapmzxc,1,1464,61124.18280090019,61124.18280090019,False,False,1,,,,,61124.18280090019,61124.18280090019,0.0,160.7957378,0.08345,0.0850000903010368,0.0850000008940696,asteroid,stamp_classifier,1.0,27.5.7a32.dev1,asteroid,3370182806215015003,F:\ZTF_Adjusted_Dataset\stamps\asteroid\ZTF26aapmzxc,,2.0,r,19.209367752075195,0.13834285736083984,0.03487500175833702,0.0008333330042660236,-999.0,13.224899291992188,18.625394821166992,-999.0,0.9990000128746033,2.1700000762939453,t,1.0,1464.0,1.1239999532699585,-0.5120000243186951
ZTF26aapmzxq,1,1387,61124.18280090019,61124.18280090019,False,False,1,,,,,61124.18280090019,61124.18280090019,0.0,160.4942237,-0.4501855,0.0850026234984397,0.0850000008940696,asteroid,stamp_classifier,1.0,27.5.7a32.dev1,asteroid,3370182806215015024,F:\ZTF_Adjusted_Dataset\stamps\asteroid\ZTF26aapmzxq,,2.0,r,20.046367645263672,0.18531908094882965,0.5,0.9705849885940552,0.9972919821739197,13.968432426452637,23.22066879272461,27.01008415222168,0.8479999899864197,1.5299999713897705,t,1.0,1387.0,0.5099999904632568,-0.04100000113248825
ZTF26aapmzxu,1,2508,61124.18280090019,61124.18280090019,False,False,1,,,,,61124.18280090019,61124.18280090019,0.0,160.2757122,-0.377654,0.0850018486380577,0.0850000008940696,asteroid,stamp_classifier,1.0,27.5.7a32.dev1,asteroid,3370182806215015031,F:\ZTF_Adjusted_Dataset\stamps\asteroid\ZTF26aapmzxu,,2.0,r,20.179367065429688,0.1891978532075882,0.8040000200271606,-999.0,-999.0,22.401514053344727,-999.0,-999.0,0.8029999732971191,1.649999976158142,t,1.0,2508.0,0.5870000123977661,-0.34599998593330383
ZTF26aapmzxo,1,1829,61124.185624999925,61124.185624999925,False,False,1,,,,,61124.185624999925,61124.185624999925,0.0,141.9587506,6.9094146,0.0856218189001083,0.0850000008940696,asteroid,stamp_classifier,1.0,27.5.7a32.dev1,asteroid,3370185626315015029,F:\ZTF_Adjusted_Dataset\stamps\asteroid\ZTF26aapmzxo,,2.0,r,18.958768844604492,0.09817938506603241,0.9046429991722107,0.005416669882833958,0.9553329944610596,2.396031618118286,4.782872676849365,10.316246032714844,0.9819999933242798,2.140000104904175,t,1.0,1829.0,0.925000011920929,-0.3310000002384186
ZTF26aapmzxz,1,1829,61124.185624999925,61124.185624999925,False,False,1,,,,,61124.185624999925,61124.185624999925,0.0,142.0262961,6.9677383,0.0856324285268783,0.0850000008940696,asteroid,stamp_classifier,1.0,27.5.7a32.dev1,asteroid,3370185626315015027,F:\ZTF_Adjusted_Dataset\stamps\asteroid\ZTF26aapmzxz,,2.0,r,19.57676887512207,0.12375552952289581,-999.0,-999.0,-999.0,-999.0,-999.0,-999.0,0.9800000190734863,2.0399999618530273,t,1.0,1829.0,1.0579999685287476,-0.27900001406669617
ZTF26aapmzxl,1,1741,61124.185624999925,61124.185624999925,False,False,1,,,,,61124.185624999925,61124.185624999925,0.0,142.9991401,6.334607500000001,0.0855221524834632,0.0850000008940696,asteroid,stamp_classifier,1.0,27.5.7a32.dev1,asteroid,3370185624115015001,F:\ZTF_Adjusted_Dataset\stamps\asteroid\ZTF26aapmzxl,,2.0,r,19.749610900878906,0.15082968771457672,0.9910420179367065,0.9839580059051514,-999.0,17.864999771118164,19.400053024291992,-999.0,0.9980000257492065,2.240000009536743,t,1.0,1741.0,0.5540000200271606,-0.3140000104904175
ZTF26aapmzwu,1,2646,61124.18280090019,61124.18280090019,False,False,1,,,,,61124.18280090019,61124.18280090019,0.0,160.3711218,-0.1893742,0.0850004628300666,0.0850000008940696,asteroid,stamp_classifier,1.0,27.5.7a32.dev1,asteroid,3370182806215015010,F:\ZTF_Adjusted_Dataset\stamps\asteroid\ZTF26aapmzwu,,2.0,r,18.25836753845215,0.06421522051095963,0.5,0.0,0.9885420203208923,12.340126991271973,12.460902214050293,14.052460670471191,0.984000027179718,2.3499999046325684,t,1.0,2646.0,1.2039999961853027,0.1340000033378601
ZTF26aapmzqx,1,1482,61124.18232640019,61124.18232640019,False,False,1,,,,,61124.18232640019,61124.18232640019,0.0,163.9334538,2.2004115,0.0850627198815345,0.0850000008940696,asteroid,stamp_classifier,1.0,27.5.7a32.dev1,asteroid,3370182320915015008,F:\ZTF_Adjusted_Dataset\stamps\asteroid\ZTF26aapmzqx,,2.0,r,19.386409759521484,0.14481300115585327,1.0,0.8852499723434448,-999.0,15.5645170211792,17.53287124633789,-999.0,0.9980000257492065,2.109999895095825,t,1.0,1482.0,0.8560000061988831,-0.024000000208616257
ZTF26aapmzxb,1,1825,61124.185624999925,61124.185624999925,False,False,1,,,,,61124.185624999925,61124.185624999925,0.0,141.6424746,6.9401545,0.0856273993849754,0.0850000008940696,asteroid,stamp_classifier,1.0,27.5.7a32.dev1,asteroid,3370185626315015028,F:\ZTF_Adjusted_Dataset\stamps\asteroid\ZTF26aapmzxb,,2.0,r,16.182767868041992,0.03465154767036438,0.0033333299215883017,0.024619000032544136,0.9956250190734863,4.179080963134766,13.769156455993652,25.486785888671875,0.984000027179718,2.430000066757202,t,1.0,1825.0,0.42800000309944153,-0.2939999997615814
ZTF26aapmzpq,1,1451,61124.18232640019,61124.18232640019,False,False,1,,,,,61124.18232640019,61124.18232640019,0.0,162.9381178,4.4062585,0.085251972079277,0.0850000008940696,asteroid,stamp_classifier,1.0,27.5.7a32.dev1,asteroid,3370182322815015001,F:\ZTF_Adjusted_Dataset\stamps\asteroid\ZTF26aapmzpq,,2.0,r,20.295984268188477,0.21484288573265076,0.023749999701976776,0.5,-999.0,27.266569137573242,27.71028709411621,-999.0,0.9399999976158142,1.899999976158142,t,1.0,1451.0,0.7440000176429749,0.13899999856948853
ZTF26aapmzqz,1,1480,61124.18232640019,61124.18232640019,False,False,1,,,,,61124.18232640019,61124.18232640019,0.0,163.784387,1.7179847,0.0850382223725318,0.0850000008940696,asteroid,stamp_classifier,1.0,27.5.7a32.dev1,asteroid,3370182320915015013,F:\ZTF_Adjusted_Dataset\stamps\asteroid\ZTF26aapmzqz,,2.0,r,19.45140838623047,0.11533011496067047,0.013000000268220901,0.008124999701976776,-999.0,22.177377700805664,23.509490966796875,-999.0,0.9819999933242798,1.850000023841858,t,1.0,1480.0,0.828000009059906,-0.6269999742507935
ZTF26aapmzxx,1,1637,61124.185624999925,61124.185624999925,False,False,1,,,,,61124.185624999925,61124.185624999925,0.0,141.7989136,7.0137866,0.0856408700346946,0.0850000008940696,asteroid,stamp_classifier,1.0,27.5.7a32.dev1,asteroid,3370185626315015011,F:\ZTF_Adjusted_Dataset\stamps\asteroid\ZTF26aapmzxx,,2.0,r,19.229768753051758,0.12210544943809509,0.5,0.7929580211639404,0.0012499999720603228,10.513971328735352,15.183283805847168,17.038631439208984,0.9810000061988831,2.319999933242798,t,1.0,1637.0,1.0850000381469727,-0.19200000166893005
ZTF26aapmzqv,1,1485,61124.18232640019,61124.18232640019,False,False,1,,,,,61124.18232640019,61124.18232640019,0.0,163.8129452,2.3072501,0.0850689634680748,0.0850000008940696,asteroid,stamp_classifier,1.0,27.5.7a32.dev1,asteroid,3370182320915015005,F:\ZTF_Adjusted_Dataset\stamps\asteroid\ZTF26aapmzqv,,2.0,r,19.67340850830078,0.15478515625,0.5,0.010833299718797207,0.028208300471305847,15.05836296081543,15.091606140136719,17.912466049194336,0.9810000061988831,1.9500000476837158,t,1.0,1485.0,0.5809999704360962,-0.32499998807907104
ZTF26aapmzwx,1,1429,61124.18280090019,61124.18280090019,False,False,1,,,,,61124.18280090019,61124.18280090019,0.0,160.8257409,-0.5164714,0.085003450512886,0.0850000008940696,asteroid,stamp_classifier,1.0,27.5.7a32.dev1,asteroid,3370182806215015020,F:\ZTF_Adjusted_Dataset\stamps\asteroid\ZTF26aapmzwx,,2.0,r,18.428367614746094,0.08576394617557526,0.009916669689118862,0.953374981880188,0.9987499713897705,7.585156440734863,28.591339111328125,29.035175323486328,0.996999979019165,2.240000009536743,t,1.0,1429.0,0.8730000257492065,-0.45399999618530273
ZTF26aapmzxm,1,1922,61124.185624999925,61124.185624999925,False,False,1,,,,,61124.185624999925,61124.185624999925,0.0,143.2275549,5.792885,0.0854362994432449,0.0850000008940696,asteroid,stamp_classifier,1.0,27.5.7a32.dev1,asteroid,3370185624115015022,F:\ZTF_Adjusted_Dataset\stamps\asteroid\ZTF26aapmzxm,,2.0,r,20.327611923217773,0.21431322395801544,0.5,0.5,0.3473750054836273,20.323474884033203,27.58519172668457,29.358993530273438,0.8830000162124634,1.9500000476837158,t,1.0,1922.0,0.6579999923706055,-0.28200000524520874
ZTF26aapmzxy,1,1829,61124.185624999925,61124.185624999925,False,False,1,,,,,61124.185624999925,61124.185624999925,0.0,142.320854,7.0830058000000005,0.0856536626815795,0.0850000008940696,asteroid,stamp_classifier,1.0,27.5.7a32.dev1,asteroid,3370185626315015010,F:\ZTF_Adjusted_Dataset\stamps\asteroid\ZTF26aapmzxy,,2.0,r,19.360767364501953,0.11591767519712448,0.5,0.15970799326896667,0.9900000095367432,11.769577026367188,19.245967864990234,21.905494689941406,0.9819999933242798,2.119999885559082,t,1.0,1829.0,0.6069999933242798,-0.11400000005960464
ZTF26aapmzqs,1,1485,61124.18232640019,61124.18232640019,False,False,1,,,,,61124.18232640019,61124.18232640019,0.0,163.8286483,1.9513778,0.0850493237376213,0.0850000008940696,asteroid,stamp_classifier,1.0,27.5.7a32.dev1,asteroid,3370182320915015025,F:\ZTF_Adjusted_Dataset\stamps\asteroid\ZTF26aapmzqs,,2.0,r,19.0194091796875,0.09842081367969513,0.10587500035762787,0.002708330051973462,0.02545830048620701,14.065905570983887,19.153799057006836,19.193483352661133,0.9829999804496765,1.899999976158142,t,1.0,1485.0,1.003999948501587,-0.5440000295639038
ZTF26aapmzvp,1,1227,61124.18468749989,61124.18468749989,False,False,1,,,,,61124.18468749989,61124.18468749989,0.0,151.0279031,-8.6798771,0.0859847888350486,0.0850000008940696,asteroid,stamp_classifier,1.0,27.5.7a32.dev1,asteroid,3370184684415015016,F:\ZTF_Adjusted_Dataset\stamps\asteroid\ZTF26aapmzvp,,2.0,r,16.96202850341797,0.036688242107629776,0.19900000095367432,0.9900000095367432,0.5,3.4114530086517334,15.010162353515625,23.155214309692383,0.9829999804496765,2.7200000286102295,t,1.0,1227.0,0.8619999885559082,-0.4790000021457672
ZTF26aapmznd,1,1508,61124.18232640019,61124.18232640019,False,False,1,,,,,61124.18232640019,61124.18232640019,0.0,165.1374289,4.3892793,0.0852500274777412,0.0850000008940696,asteroid,stamp_classifier,1.0,27.5.7a32.dev1,asteroid,3370182322115015002,F:\ZTF_Adjusted_Dataset\stamps\asteroid\ZTF26aapmznd,,2.0,r,18.942461013793945,0.0891612246632576,0.5,0.9975000023841858,0.9223629832267761,7.843407154083252,8.950961112976074,15.126825332641602,0.9829999804496765,2.1500000953674316,t,1.0,1508.0,0.5979999899864197,0.11599999666213989
ZTF26aapmztj,1,1641,61124.185624999925,61124.185624999925,False,False,1,,,,,61124.185624999925,61124.185624999925,0.0,141.8134443,5.8148789,0.0854396373033523,0.0850000008940696,asteroid,stamp_classifier,1.0,27.5.7a32.dev1,asteroid,3370185624415015020,F:\ZTF_Adjusted_Dataset\stamps\asteroid\ZTF26aapmztj,,2.0,r,19.571880340576172,0.12171341478824615,0.0,0.008750000037252903,0.014583299867808819,17.413774490356445,18.390586853027344,24.97185516357422,0.9750000238418579,2.4700000286102295,t,1.0,1641.0,0.4970000088214874,-0.18299999833106995
ZTF26aapmztd,1,1828,61124.185624999925,61124.185624999925,False,False,1,,,,,61124.185624999925,61124.185624999925,0.0,141.9525452,5.7410457,0.0854284986853599,0.0850000008940696,asteroid,stamp_classifier,1.0,27.5.7a32.dev1,asteroid,3370185624415015017,F:\ZTF_Adjusted_Dataset\stamps\asteroid\ZTF26aapmztd,,2.0,r,18.29987907409668,0.04774393513798714,0.0017857099883258343,0.9852079749107361,0.0006249999860301614,9.591053009033203,10.124706268310547,14.013551712036133,0.984000027179718,2.0199999809265137,t,1.0,1828.0,1.0499999523162842,-0.12600000202655792
ZTF26aapmzrw,1,1632,61124.18232640019,61124.18232640019,False,False,1,,,,,61124.18232640019,61124.18232640019,0.0,163.312276,6.002512,0.0854685977101326,0.0850000008940696,asteroid,stamp_classifier,1.0,27.5.7a32.dev1,asteroid,3370182324115015013,F:\ZTF_Adjusted_Dataset\stamps\asteroid\ZTF26aapmzrw,,2.0,r,19.412776947021484,0.1423826813697815,0.14064599573612213,0.124208003282547,0.1252020001411438,8.555275917053223,12.74241828918457,13.244596481323242,0.9919999837875366,1.690000057220459,t,1.0,1632.0,0.7699999809265137,-0.4429999887943268
ZTF26aapmzrx,1,1433,61124.18232640019,61124.18232640019,False,False,1,,,,,61124.18232640019,61124.18232640019,0.0,163.798728,6.1831842,0.0854973718523979,0.0850000008940696,asteroid,stamp_classifier,1.0,27.5.7a32.dev1,asteroid,3370182324115015005,F:\ZTF_Adjusted_Dataset\stamps\asteroid\ZTF26aapmzrx,,2.0,r,19.583776473999023,0.13087701797485352,0.0,-999.0,-999.0,11.237067222595215,-999.0,-999.0,0.9980000257492065,1.6200000047683716,t,1.0,1433.0,1.3869999647140503,0.09700000286102295
ZTF26aapmzsb,1,1632,61124.18232640019,61124.18232640019,False,False,1,,,,,61124.18232640019,61124.18232640019,0.0,163.1789383,5.794139299999999,0.0854364931583404,0.0850000008940696,asteroid,stamp_classifier,1.0,27.5.7a32.dev1,asteroid,3370182324115015022,F:\ZTF_Adjusted_Dataset\stamps\asteroid\ZTF26aapmzsb,,2.0,r,19.939775466918945,0.210457906126976,0.5,0.9087499976158142,-999.0,27.773395538330078,28.920337677001953,-999.0,0.9639999866485596,1.9800000190734863,t,1.0,1632.0,1.034000039100647,-0.041999999433755875
ZTF26aapmztf,1,1828,61124.185624999925,61124.185624999925,False,False,1,,,,,61124.185624999925,61124.185624999925,0.0,142.2601517,5.6350036,0.085412748157978,0.0850000008940696,asteroid,stamp_classifier,1.0,27.5.7a32.dev1,asteroid,3370185624415015012,F:\ZTF_Adjusted_Dataset\stamps\asteroid\ZTF26aapmztf,,2.0,r,18.883880615234375,0.06758120656013489,0.5,0.959958016872406,0.8954579830169678,9.338940620422363,17.95475959777832,21.175579071044922,0.9819999933242798,1.9700000286102295,t,1.0,1828.0,0.6489999890327454,0.05299999937415123
ZTF26aapmzrv,1,1433,61124.18232640019,61124.18232640019,False,False,1,,,,,61124.18232640019,61124.18232640019,0.0,163.2724574,6.233968899999999,0.0855056121945381,0.0850000008940696,asteroid,stamp_classifier,1.0,27.5.7a32.dev1,asteroid,3370182324115015004,F:\ZTF_Adjusted_Dataset\stamps\asteroid\ZTF26aapmzrv,,2.0,r,19.880775451660156,0.16347642242908478,0.9987499713897705,0.010874999687075615,0.9862499833106995,7.385329723358154,16.055734634399414,25.178945541381836,0.9769999980926514,1.6799999475479126,t,1.0,1433.0,0.753000020980835,0.052000001072883606
ZTF26aapmzrz,1,1159,61124.18232640019,61124.18232640019,False,False,1,,,,,61124.18232640019,61124.18232640019,0.0,163.1111267,5.8748079,0.0854487866163253,0.0850000008940696,asteroid,stamp_classifier,1.0,27.5.7a32.dev1,asteroid,3370182324115015021,F:\ZTF_Adjusted_Dataset\stamps\asteroid\ZTF26aapmzrz,,2.0,r,19.500776290893555,0.15820299088954926,0.8230000138282776,0.42716699838638306,0.9746249914169312,15.279915809631348,18.079423904418945,21.94832992553711,0.9890000224113464,1.9700000286102295,t,1.0,1159.0,0.4869999885559082,-0.06700000166893005
ZTF26aapmzsc,1,1632,61124.18232640019,61124.18232640019,False,False,1,,,,,61124.18232640019,61124.18232640019,0.0,163.6188296,5.9528831,0.0854608491063118,0.0850000008940696,asteroid,stamp_classifier,1.0,27.5.7a32.dev1,asteroid,3370182324115015014,F:\ZTF_Adjusted_Dataset\stamps\asteroid\ZTF26aapmzsc,,2.0,r,19.95377540588379,0.20566388964653015,0.3090890049934387,0.025208299979567528,0.5,9.217780113220215,20.414278030395508,20.55386734008789,0.9670000076293945,2.109999895095825,t,1.0,1632.0,0.6399999856948853,-0.0689999982714653
ZTF26aapmzth,1,1827,61124.185624999925,61124.185624999925,False,False,1,,,,,61124.185624999925,61124.185624999925,0.0,142.4063499,5.7770669,0.0854339152574539,0.0850000008940696,asteroid,stamp_classifier,1.0,27.5.7a32.dev1,asteroid,3370185624415015016,F:\ZTF_Adjusted_Dataset\stamps\asteroid\ZTF26aapmzth,,2.0,r,19.37187957763672,0.10759196430444717,0.0012499999720603228,0.07895830273628235,0.0,10.095052719116211,18.6060848236084,29.06608772277832,0.9810000061988831,2.549999952316284,t,1.0,1827.0,1.0809999704360962,0.08699999749660492
ZTF26aapmznv,1,1527,61124.18091440015,61124.18091440015,False,False,1,,,,,61124.18091440015,61124.18091440015,0.0,168.2670999,10.460046399999998,0.0864364206790924,0.0850000008940696,asteroid,stamp_classifier,1.0,27.5.7a32.dev1,asteroid,3370180911915015010,F:\ZTF_Adjusted_Dataset\stamps\asteroid\ZTF26aapmznv,,2.0,r,20.13035011291504,0.20494337379932404,0.4030829966068268,0.9887499809265137,-999.0,17.82440948486328,26.296396255493164,-999.0,0.9860000014305115,1.8200000524520874,t,1.0,1527.0,1.128999948501587,-0.16899999976158142
ZTF26aapmzns,1,1512,61124.18232640019,61124.18232640019,False,False,1,,,,,61124.18232640019,61124.18232640019,0.0,165.4250241,3.9425766,0.0852016359567642,0.0850000008940696,asteroid,stamp_classifier,1.0,27.5.7a32.dev1,asteroid,3370182322115015029,F:\ZTF_Adjusted_Dataset\stamps\asteroid\ZTF26aapmzns,,2.0,r,19.640460968017578,0.15360046923160553,0.5,0.014583299867808819,0.9800419807434082,2.2404963970184326,2.67335844039917,10.452481269836426,0.7739999890327454,2.7200000286102295,t,1.0,1512.0,1.3839999437332153,0.2680000066757202
ZTF26aapmzrl,1,1517,61124.18232640019,61124.18232640019,False,False,1,,,,,61124.18232640019,61124.18232640019,0.0,163.1202783,6.0614465,0.0854778885841369,0.0850000008940696,asteroid,stamp_classifier,1.0,27.5.7a32.dev1,asteroid,3370182324115015008,F:\ZTF_Adjusted_Dataset\stamps\asteroid\ZTF26aapmzrl,,2.0,r,16.58577537536621,0.03835223987698555,0.059740100055933,0.0033333299215883017,0.9707919955253601,26.13218116760254,28.573415756225586,29.06467056274414,0.984000027179718,3.200000047683716,t,1.0,1517.0,0.8899999856948853,-0.3930000066757202
ZTF26aapmzod,1,948,61124.183263900224,61124.183263900224,False,False,1,,,,,61124.183263900224,61124.183263900224,0.0,164.21193630000002,-10.0414376,0.0863222926855087,0.0850000008940696,asteroid,stamp_classifier,1.0,27.5.7a32.dev1,asteroid,3370183262915015001,F:\ZTF_Adjusted_Dataset\stamps\asteroid\ZTF26aapmzod,,2.0,r,16.14546012878418,0.03210344910621643,0.5,0.5,0.5,18.302886962890625,21.678197860717773,26.19520378112793,0.9829999804496765,3.1500000953674316,t,1.0,948.0,0.8209999799728394,-0.5139999985694885
ZTF26aapmzrq,1,1364,61124.18232640019,61124.18232640019,False,False,1,,,,,61124.18232640019,61124.18232640019,0.0,163.11643950000004,5.9353031,0.0854581147432327,0.0850000008940696,asteroid,stamp_classifier,1.0,27.5.7a32.dev1,asteroid,3370182324115015017,F:\ZTF_Adjusted_Dataset\stamps\asteroid\ZTF26aapmzrq,,2.0,r,18.516775131225586,0.09300418198108673,0.015041699633002281,0.6338689923286438,0.0,10.357771873474121,24.44541358947754,24.728437423706055,0.9929999709129333,2.0299999713897705,t,1.0,1364.0,0.8939999938011169,-0.1599999964237213
ZTF26aapmznp,1,2988,61124.18091440015,61124.18091440015,False,False,1,,,,,61124.18091440015,61124.18091440015,0.0,168.569859,10.0700145,0.0863299295306205,0.0850000008940696,asteroid,stamp_classifier,1.0,27.5.7a32.dev1,asteroid,3370180911915015020,F:\ZTF_Adjusted_Dataset\stamps\asteroid\ZTF26aapmznp,,2.0,r,19.837350845336914,0.17381784319877625,0.9978330135345459,0.007708330173045397,-999.0,21.672426223754883,24.6466064453125,-999.0,0.9729999899864197,2.549999952316284,t,1.0,2988.0,0.7289999723434448,-0.5019999742507935
ZTF26aapmzrs,1,1533,61124.18232640019,61124.18232640019,False,False,1,,,,,61124.18232640019,61124.18232640019,0.0,163.7304738,6.1489106,0.085491843521595,0.0850000008940696,asteroid,stamp_classifier,1.0,27.5.7a32.dev1,asteroid,3370182324115015006,F:\ZTF_Adjusted_Dataset\stamps\asteroid\ZTF26aapmzrs,,2.0,r,18.678775787353516,0.0906071662902832,-999.0,-999.0,-999.0,-999.0,-999.0,-999.0,0.9829999804496765,1.9800000190734863,t,1.0,1533.0,1.156000018119812,-0.42100000381469727
ZTF26aapmzrn,1,1632,61124.18232640019,61124.18232640019,False,False,1,,,,,61124.18232640019,61124.18232640019,0.0,163.5814427,5.9348446,0.0854580476880073,0.0850000008940696,asteroid,stamp_classifier,1.0,27.5.7a32.dev1,asteroid,3370182324115015016,F:\ZTF_Adjusted_Dataset\stamps\asteroid\ZTF26aapmzrn,,2.0,r,16.592775344848633,0.04026985168457031,0.19522599875926971,0.5,0.08233329653739929,20.77749252319336,23.22235870361328,24.3572940826416,0.984000027179718,3.200000047683716,t,1.0,1632.0,1.1059999465942383,0.06800000369548798
ZTF26aapmzru,1,1612,61124.18232640019,61124.18232640019,False,False,1,,,,,61124.18232640019,61124.18232640019,0.0,163.8737627,6.0206908,0.0854714512825012,0.0850000008940696,asteroid,stamp_classifier,1.0,27.5.7a32.dev1,asteroid,3370182324115015012,F:\ZTF_Adjusted_Dataset\stamps\asteroid\ZTF26aapmzru,,2.0,r,19.092775344848633,0.11361850798130035,0.16187499463558197,0.0024999999441206455,0.05222320184111595,3.7202999591827393,14.662299156188965,16.082624435424805,0.9819999933242798,2.0299999713897705,t,1.0,1612.0,3.299999952316284,0.08799999952316284
ZTF26aapmzno,1,1512,61124.18232640019,61124.18232640019,False,False,1,,,,,61124.18232640019,61124.18232640019,0.0,165.5285223,4.0468228,0.0852124616503715,0.0850000008940696,asteroid,stamp_classifier,1.0,27.5.7a32.dev1,asteroid,3370182322115015015,F:\ZTF_Adjusted_Dataset\stamps\asteroid\ZTF26aapmzno,,2.0,r,19.933460235595703,0.15441103279590607,0.9217079877853394,0.9879400134086609,0.20454199612140656,22.245515823364258,23.255115509033203,24.932762145996094,0.9990000128746033,1.840000033378601,t,1.0,1512.0,1.159999966621399,-0.2980000078678131
ZTF26aapmznn,1,1527,61124.18091440015,61124.18091440015,False,False,1,,,,,61124.18091440015,61124.18091440015,0.0,168.3587467,10.6409606,0.0864872708916664,0.0850000008940696,asteroid,stamp_classifier,1.0,27.5.7a32.dev1,asteroid,3370180911915015001,F:\ZTF_Adjusted_Dataset\stamps\asteroid\ZTF26aapmznn,,2.0,r,19.765350341796875,0.14956419169902802,0.0,0.5,0.037065498530864716,16.20454978942871,16.780967712402344,23.422208786010742,0.9739999771118164,2.1500000953674316,t,1.0,1527.0,0.9110000133514404,-0.4230000078678131
ZTF26aapmzmy,1,2980,61124.18091440015,61124.18091440015,False,False,1,,,,,61124.18091440015,61124.18091440015,0.0,168.5651406,10.0652645,0.0863286554813385,0.0850000008940696,asteroid,stamp_classifier,1.0,27.5.7a32.dev1,asteroid,3370180911915015028,F:\ZTF_Adjusted_Dataset\stamps\asteroid\ZTF26aapmzmy,,2.0,r,19.01235008239746,0.09014274179935455,0.9978330135345459,-999.0,-999.0,19.496614456176758,-999.0,-999.0,0.9829999804496765,2.190000057220459,t,1.0,2980.0,0.4339999854564667,-0.26899999380111694
ZTF26aapmzmr,1,1509,61124.18232640019,61124.18232640019,False,False,1,,,,,61124.18232640019,61124.18232640019,0.0,165.7738316,3.8511671,0.0851923748850822,0.0850000008940696,asteroid,stamp_classifier,1.0,27.5.7a32.dev1,asteroid,3370182322115015022,F:\ZTF_Adjusted_Dataset\stamps\asteroid\ZTF26aapmzmr,,2.0,r,18.21346092224121,0.05633368343114853,0.9991670250892639,0.09259519726037979,0.0012499999720603228,14.413576126098633,17.1951904296875,24.146039962768555,1.0,2.569999933242798,t,1.0,1509.0,0.45399999618530273,-0.12399999797344208
ZTF26aapmznf,1,1294,61124.18232640019,61124.18232640019,False,False,1,,,,,61124.18232640019,61124.18232640019,0.0,164.9823444,3.616464,0.085169605910778,0.0850000008940696,asteroid,stamp_classifier,1.0,27.5.7a32.dev1,asteroid,3370182322115015020,F:\ZTF_Adjusted_Dataset\stamps\asteroid\ZTF26aapmznf,,2.0,r,19.096460342407227,0.10861458629369736,0.5,0.011458300054073334,0.5,22.134708404541016,22.491626739501953,25.40458869934082,0.9879999756813049,2.0199999809265137,t,1.0,1294.0,0.765999972820282,-0.527999997138977
ZTF26aapmzmv,1,1512,61124.18232640019,61124.18232640019,False,False,1,,,,,61124.18232640019,61124.18232640019,0.0,165.5509726,4.2632144,0.0852358415722847,0.0850000008940696,asteroid,stamp_classifier,1.0,27.5.7a32.dev1,asteroid,3370182322115015008,F:\ZTF_Adjusted_Dataset\stamps\asteroid\ZTF26aapmzmv,,2.0,r,18.47846031188965,0.06768147647380829,0.01995830051600933,0.5,0.5,4.913362979888916,22.51770782470703,24.803661346435547,0.9829999804496765,1.9700000286102295,t,1.0,1512.0,1.031000018119812,0.04800000041723251
ZTF26aapmzmw,1,1391,61124.18091440015,61124.18091440015,False,False,1,,,,,61124.18091440015,61124.18091440015,0.0,167.9430557,10.149043400000002,0.0863511636853218,0.0850000008940696,asteroid,stamp_classifier,1.0,27.5.7a32.dev1,asteroid,3370180911915015026,F:\ZTF_Adjusted_Dataset\stamps\asteroid\ZTF26aapmzmw,,2.0,r,18.69835090637207,0.08690892159938812,1.0,0.06179169937968254,0.00914285983890295,18.96384048461914,22.474411010742188,26.23679542541504,1.0,2.069999933242798,t,1.0,1391.0,0.6930000185966492,-0.17499999701976776
ZTF26aapmznl,1,1392,61124.18091440015,61124.18091440015,False,False,1,,,,,61124.18091440015,61124.18091440015,0.0,167.8701335,10.3127485,0.0863957032561302,0.0850000008940696,asteroid,stamp_classifier,1.0,27.5.7a32.dev1,asteroid,3370180911915015014,F:\ZTF_Adjusted_Dataset\stamps\asteroid\ZTF26aapmznl,,2.0,r,19.56934928894043,0.12531054019927979,0.0031250000465661287,-999.0,-999.0,6.260351181030273,-999.0,-999.0,0.9800000190734863,1.850000023841858,t,1.0,1392.0,1.4249999523162842,0.289000004529953
ZTF26aapmzmo,1,3294,61124.18043980002,61124.18043980002,False,False,1,,,,,61124.18043980002,61124.18043980002,0.0,155.7900865,17.6578915,0.0892028212547302,0.0850000008940696,asteroid,stamp_classifier,1.0,27.5.7a32.dev1,asteroid,3370180433015015012,F:\ZTF_Adjusted_Dataset\stamps\asteroid\ZTF26aapmzmo,,2.0,r,20.04167366027832,0.20235195755958557,0.0018749999580904841,0.9902080297470093,1.0,17.532793045043945,22.00815773010254,24.14716339111328,0.9959999918937683,1.6799999475479126,t,1.0,3294.0,0.7210000157356262,-0.47600001096725464
ZTF26aapmztp,1,2586,61124.18373840023,61124.18373840023,False,False,1,,,,,61124.18373840023,61124.18373840023,0.0,156.8321141,-9.1514605,0.0860958844423294,0.0850000008940696,asteroid,stamp_classifier,1.0,27.5.7a32.dev1,asteroid,3370183734615015022,F:\ZTF_Adjusted_Dataset\stamps\asteroid\ZTF26aapmztp,,2.0,r,18.897279739379883,0.0822143629193306,0.0024999999441206455,0.4751960039138794,0.014583299867808819,27.09911346435547,27.11777687072754,27.461332321166992,0.9829999804496765,2.549999952316284,t,1.0,2586.0,1.0989999771118164,-0.22499999403953552
ZTF26aapmzni,1,1512,61124.18232640019,61124.18232640019,False,False,1,,,,,61124.18232640019,61124.18232640019,0.0,165.4039216,3.9285466,0.085200197994709,0.0850000008940696,asteroid,stamp_classifier,1.0,27.5.7a32.dev1,asteroid,3370182322115015028,F:\ZTF_Adjusted_Dataset\stamps\asteroid\ZTF26aapmzni,,2.0,r,19.589460372924805,0.11874654144048691,0.03968150168657303,0.0037499999161809683,0.9975000023841858,11.437058448791504,18.875179290771484,21.040054321289062,0.9760000109672546,1.9299999475479126,t,1.0,1512.0,0.9559999704360962,-0.4659999907016754
ZTF26aapmzos,1,1372,61124.18280090019,61124.18280090019,False,False,1,,,,,61124.18280090019,61124.18280090019,0.0,160.9806007,-3.4614334,0.0851553529500961,0.0850000008940696,asteroid,stamp_classifier,1.0,27.5.7a32.dev1,asteroid,3370182802915015019,F:\ZTF_Adjusted_Dataset\stamps\asteroid\ZTF26aapmzos,,2.0,r,19.2733211517334,0.12475655227899551,0.9925000071525574,-999.0,-999.0,24.582313537597656,-999.0,-999.0,0.9860000014305115,2.0299999713897705,t,1.0,1372.0,0.4650000035762787,-0.07800000160932541
ZTF26aapmznw,1,1509,61124.18232640019,61124.18232640019,False,False,1,,,,,61124.18232640019,61124.18232640019,0.0,165.7651647,4.2052336,0.0852294564247131,0.0850000008940696,asteroid,stamp_classifier,1.0,27.5.7a32.dev1,asteroid,3370182322115015010,F:\ZTF_Adjusted_Dataset\stamps\asteroid\ZTF26aapmznw,,2.0,r,20.221460342407227,0.19818109273910522,0.09959229826927185,0.2605240046977997,0.5,12.484796524047852,21.82539176940918,23.536224365234375,0.953000009059906,1.649999976158142,t,1.0,1509.0,1.5369999408721924,0.0430000014603138
ZTF26aapmzoq,1,1405,61124.18280090019,61124.18280090019,False,False,1,,,,,61124.18280090019,61124.18280090019,0.0,160.8744744,-2.8340076,0.0851040855050087,0.0850000008940696,asteroid,stamp_classifier,1.0,27.5.7a32.dev1,asteroid,3370182802915015002,F:\ZTF_Adjusted_Dataset\stamps\asteroid\ZTF26aapmzoq,,2.0,r,19.12432289123535,0.1377345770597458,0.7820479869842529,0.5,0.9958329796791077,12.987075805664062,22.51470375061035,22.756187438964844,0.9919999837875366,2.2799999713897705,t,1.0,1405.0,1.0049999952316284,-0.4000000059604645
ZTF26aapmzom,1,1359,61124.18280090019,61124.18280090019,False,False,1,,,,,61124.18280090019,61124.18280090019,0.0,161.06885880000002,-3.2018636,0.085132896900177,0.0850000008940696,asteroid,stamp_classifier,1.0,27.5.7a32.dev1,asteroid,3370182802915015007,F:\ZTF_Adjusted_Dataset\stamps\asteroid\ZTF26aapmzom,,2.0,r,17.17632293701172,0.04270190745592117,0.5,0.9987499713897705,0.9912499785423279,19.14805030822754,19.170228958129883,20.419584274291992,0.9829999804496765,2.2200000286102295,t,1.0,1359.0,0.7120000123977661,0.07199999690055847
ZTF26aapmzue,1,1451,61124.18373840023,61124.18373840023,False,False,1,,,,,61124.18373840023,61124.18373840023,0.0,157.4961851,-9.0398113,0.0860690250992775,0.0850000008940696,asteroid,stamp_classifier,1.0,27.5.7a32.dev1,asteroid,3370183734615015007,F:\ZTF_Adjusted_Dataset\stamps\asteroid\ZTF26aapmzue,,2.0,r,20.07027816772461,0.19099029898643494,0.16904200613498688,0.9880419969558716,0.0,6.595982074737549,18.976276397705078,29.275920867919922,0.9629999995231628,2.059999942779541,t,1.0,1451.0,1.2039999961853027,-0.5189999938011169
ZTF26aapmzug,1,2562,61124.18373840023,61124.18373840023,False,False,1,,,,,61124.18373840023,61124.18373840023,0.0,156.931633,-9.4386082,0.0861665308475494,0.0850000008940696,asteroid,stamp_classifier,1.0,27.5.7a32.dev1,asteroid,3370183734615015045,F:\ZTF_Adjusted_Dataset\stamps\asteroid\ZTF26aapmzug,,2.0,r,19.821279525756836,0.1644287258386612,1.0,0.007708330173045397,0.026000000536441803,21.06623649597168,26.67880630493164,27.017879486083984,0.9980000257492065,2.75,t,1.0,2562.0,0.8820000290870667,-0.5889999866485596
ZTF26aapmzud,1,1451,61124.18373840023,61124.18373840023,False,False,1,,,,,61124.18373840023,61124.18373840023,0.0,157.556123,-8.9624494,0.0860506221652031,0.0850000008940696,asteroid,stamp_classifier,1.0,27.5.7a32.dev1,asteroid,3370183734615015002,F:\ZTF_Adjusted_Dataset\stamps\asteroid\ZTF26aapmzud,,2.0,r,19.97327995300293,0.17960676550865173,0.05304170027375221,0.0012499999720603228,0.0,2.9972050189971924,9.560816764831543,25.763582229614258,0.9670000076293945,2.2899999618530273,t,1.0,1451.0,0.8519999980926514,-0.3070000112056732
ZTF26aapmzuf,1,1438,61124.18373840023,61124.18373840023,False,False,1,,,,,61124.18373840023,61124.18373840023,0.0,157.3297348,-9.4588884,0.0861716121435165,0.0850000008940696,asteroid,stamp_classifier,1.0,27.5.7a32.dev1,asteroid,3370183734615015043,F:\ZTF_Adjusted_Dataset\stamps\asteroid\ZTF26aapmzuf,,2.0,r,19.977279663085938,0.17876353859901428,0.9526730179786682,0.0,0.0,18.329252243041992,23.944215774536133,25.44672966003418,0.953000009059906,3.319999933242798,t,1.0,1438.0,0.7570000290870667,-0.42800000309944153
ZTF26aapnbwz,1,2779,61124.18043980002,61124.18043980002,False,False,1,,,,,61124.18043980002,61124.18043980002,0.0,156.4824563,15.282466,0.0881159454584121,0.0850000008940696,asteroid,stamp_classifier,1.0,27.5.7a32.dev1,asteroid,3370180431515015024,F:\ZTF_Adjusted_Dataset\stamps\asteroid\ZTF26aapnbwz,,2.0,r,19.058456420898438,0.08934091776609421,0.0041666701436042786,0.9975000023841858,-999.0,5.099667549133301,20.514554977416992,-999.0,0.9829999804496765,1.9199999570846558,t,1.0,2779.0,0.8939999938011169,-0.5090000033378601
ZTF26aapnbxm,1,1423,61124.18043980002,61124.18043980002,False,False,1,,,,,61124.18043980002,61124.18043980002,0.0,157.106309,15.5978406,0.0882500112056732,0.0850000008940696,asteroid,stamp_classifier,1.0,27.5.7a32.dev1,asteroid,3370180431515015017,F:\ZTF_Adjusted_Dataset\stamps\asteroid\ZTF26aapnbxm,,2.0,r,20.143455505371094,0.16309469938278198,1.0,-999.0,-999.0,15.86196231842041,-999.0,-999.0,0.9679999947547913,1.9600000381469727,t,1.0,1423.0,0.9430000185966492,-0.1599999964237213
ZTF26aapnbvz,1,1372,61124.18280090019,61124.18280090019,False,False,1,,,,,61124.18280090019,61124.18280090019,0.0,161.93881,-5.486736,0.0853912308812141,0.0850000008940696,asteroid,stamp_classifier,1.0,27.5.7a32.dev1,asteroid,3370182801215015005,F:\ZTF_Adjusted_Dataset\stamps\asteroid\ZTF26aapnbvz,,2.0,r,19.121084213256836,0.1322578489780426,0.015113100409507751,0.6592379808425903,0.2350360006093979,13.008269309997559,13.413078308105469,20.237369537353516,0.9929999709129333,2.180000066757202,t,1.0,1372.0,0.4390000104904175,-0.27799999713897705
ZTF26aapnbyv,1,2113,61124.18185190018,61124.18185190018,False,False,1,,,,,61124.18185190018,61124.18185190018,0.0,173.3532547,-6.2178462,0.085502989590168,0.0850000008940696,asteroid,stamp_classifier,1.0,27.5.7a32.dev1,asteroid,3370181850215015019,F:\ZTF_Adjusted_Dataset\stamps\asteroid\ZTF26aapnbyv,,2.0,r,19.03908348083496,0.11875230818986893,0.9446250200271606,0.0012499999720603228,0.0024999999441206455,16.303390502929688,16.867910385131836,17.604393005371094,0.9860000014305115,2.380000114440918,t,1.0,2113.0,0.7149999737739563,-0.19200000166893005
ZTF26aapnbxg,1,1525,61124.18091440015,61124.18091440015,False,False,1,,,,,61124.18091440015,61124.18091440015,0.0,163.2551204,8.8111894,0.0860151052474975,0.0850000008940696,asteroid,stamp_classifier,1.0,27.5.7a32.dev1,asteroid,3370180911015015002,F:\ZTF_Adjusted_Dataset\stamps\asteroid\ZTF26aapnbxg,,2.0,r,19.993423461914062,0.15865293145179749,0.5313990116119385,0.008583329617977142,-999.0,20.855558395385742,23.917268753051758,-999.0,0.9779999852180481,1.6299999952316284,t,1.0,1525.0,0.6589999794960022,-0.3019999861717224
ZTF26aapnbzs,1,3259,61124.18515049992,61124.18515049992,False,False,1,,,,,61124.18515049992,61124.18515049992,0.0,148.5972901,0.9637807,0.0850120261311531,0.0850000008940696,asteroid,stamp_classifier,1.0,27.5.7a32.dev1,asteroid,3370185155715015002,F:\ZTF_Adjusted_Dataset\stamps\asteroid\ZTF26aapnbzs,,2.0,r,15.521767616271973,0.03365493565797806,0.018124999478459358,-999.0,-999.0,13.471787452697754,-999.0,-999.0,0.9980000257492065,3.309999942779541,t,1.0,3259.0,1.3370000123977661,0.06599999964237213
ZTF26aapnbvy,1,1390,61124.18280090019,61124.18280090019,False,False,1,,,,,61124.18280090019,61124.18280090019,0.0,161.544106,-5.2106178,0.085352711379528,0.0850000008940696,asteroid,stamp_classifier,1.0,27.5.7a32.dev1,asteroid,3370182801215015010,F:\ZTF_Adjusted_Dataset\stamps\asteroid\ZTF26aapnbvy,,2.0,r,18.779085159301758,0.09331075102090836,1.0,0.9372079968452454,-999.0,22.459165573120117,28.75252342224121,-999.0,0.9829999804496765,2.1700000762939453,t,1.0,1390.0,0.7910000085830688,-0.421999990940094
ZTF26aapnbxe,1,1561,61124.18091440015,61124.18091440015,False,False,1,,,,,61124.18091440015,61124.18091440015,0.0,163.83569330000003,8.5491038,0.0859550610184669,0.0850000008940696,asteroid,stamp_classifier,1.0,27.5.7a32.dev1,asteroid,3370180911015015009,F:\ZTF_Adjusted_Dataset\stamps\asteroid\ZTF26aapnbxe,,2.0,r,20.357423782348633,0.19319508969783783,0.0,0.03700000047683716,0.5,7.802286148071289,12.639098167419434,12.765073776245117,0.9129999876022339,1.0823763608932495,t,1.0,1561.0,0.5600000023841858,-0.25600001215934753
ZTF26aapnbxj,1,2762,61124.18043980002,61124.18043980002,False,False,1,,,,,61124.18043980002,61124.18043980002,0.0,156.536746,15.4253201,0.0881762877106666,0.0850000008940696,asteroid,stamp_classifier,1.0,27.5.7a32.dev1,asteroid,3370180431515015019,F:\ZTF_Adjusted_Dataset\stamps\asteroid\ZTF26aapnbxj,,2.0,r,19.878456115722656,0.17221887409687042,0.9931250214576721,0.9987499713897705,0.08549399673938751,7.07421350479126,19.146434783935547,21.630523681640625,0.9819999933242798,2.240000009536743,t,1.0,2762.0,1.3580000400543213,-0.18199999630451202
ZTF26aapmzoh,1,935,61124.183263900224,61124.183263900224,False,False,1,,,,,61124.183263900224,61124.183263900224,0.0,164.62917080000005,-10.6633514,0.0864936262369155,0.0850000008940696,asteroid,stamp_classifier,1.0,27.5.7a32.dev1,asteroid,3370183262915015018,F:\ZTF_Adjusted_Dataset\stamps\asteroid\ZTF26aapmzoh,,2.0,r,18.996461868286133,0.08755486458539963,0.0024999999441206455,0.0012499999720603228,0.0020000000949949026,16.122526168823242,25.316499710083008,25.38450050354004,0.9829999804496765,1.940000057220459,t,1.0,935.0,0.546999990940094,-0.1679999977350235
ZTF26aapmzry,1,1632,61124.18232640019,61124.18232640019,False,False,1,,,,,61124.18232640019,61124.18232640019,0.0,163.1842348,6.0637465,0.0854782536625862,0.0850000008940696,asteroid,stamp_classifier,1.0,27.5.7a32.dev1,asteroid,3370182324115015009,F:\ZTF_Adjusted_Dataset\stamps\asteroid\ZTF26aapmzry,,2.0,r,20.006776809692383,0.19991104304790497,0.0,0.5745559930801392,0.9856250286102295,10.490412712097168,19.295848846435547,20.08894157409668,0.9950000047683716,1.5199999809265137,t,1.0,1632.0,1.5700000524520874,0.1459999978542328
ZTF26aapmznu,1,1503,61124.18232640019,61124.18232640019,False,False,1,,,,,61124.18232640019,61124.18232640019,0.0,165.4268968,3.6337003,0.0851712226867675,0.0850000008940696,asteroid,stamp_classifier,1.0,27.5.7a32.dev1,asteroid,3370182322115015021,F:\ZTF_Adjusted_Dataset\stamps\asteroid\ZTF26aapmznu,,2.0,r,19.81846046447754,0.15684270858764648,0.2649939954280853,0.3218429982662201,0.002749999985098839,9.151936531066895,14.66086483001709,16.68214225769043,0.9819999933242798,2.0299999713897705,t,1.0,1503.0,0.49799999594688416,-0.2409999966621399
ZTF26aapmzng,1,1509,61124.18232640019,61124.18232640019,False,False,1,,,,,61124.18232640019,61124.18232640019,0.0,165.7641009,4.207814,0.0852297395467758,0.0850000008940696,asteroid,stamp_classifier,1.0,27.5.7a32.dev1,asteroid,3370182322115015009,F:\ZTF_Adjusted_Dataset\stamps\asteroid\ZTF26aapmzng,,2.0,r,19.492460250854492,0.12401515990495682,0.09959229826927185,0.2605240046977997,0.5,8.26506519317627,12.02674674987793,15.084733963012695,0.9869999885559082,2.0799999237060547,t,1.0,1509.0,0.20499999821186066,-0.0020000000949949026
ZTF26aapmzrr,1,1582,61124.18232640019,61124.18232640019,True,False,1,,,,,61124.18232640019,61124.18232640019,0.0,163.4056045,6.3432645,0.0855235904455185,0.0850000008940696,asteroid,stamp_classifier,1.0,27.5.7a32.dev1,asteroid,3370182324115015000,F:\ZTF_Adjusted_Dataset\stamps\asteroid\ZTF26aapmzrr,,2.0,r,18.634775161743164,0.07862208783626556,0.3057360053062439,-999.0,-999.0,23.521522521972656,-999.0,-999.0,0.9829999804496765,2.3499999046325684,t,1.0,1582.0,0.5649999976158142,-0.22699999809265137
ZTF26aapmznr,1,1389,61124.18091440015,61124.18091440015,False,False,1,,,,,61124.18091440015,61124.18091440015,0.0,167.8655874,10.2628347,0.0863820388913154,0.0850000008940696,asteroid,stamp_classifier,1.0,27.5.7a32.dev1,asteroid,3370180911915015017,F:\ZTF_Adjusted_Dataset\stamps\asteroid\ZTF26aapmznr,,2.0,r,19.866350173950195,0.18149816989898682,0.9937499761581421,0.5,-999.0,20.033275604248047,21.51055335998535,-999.0,0.9710000157356262,2.4700000286102295,t,1.0,1389.0,0.37700000405311584,-0.24899999797344208
ZTF26aapmzro,1,1632,61124.18232640019,61124.18232640019,False,False,1,,,,,61124.18232640019,61124.18232640019,0.0,163.3849789,5.889325399999999,0.0854510143399238,0.0850000008940696,asteroid,stamp_classifier,1.0,27.5.7a32.dev1,asteroid,3370182324115015019,F:\ZTF_Adjusted_Dataset\stamps\asteroid\ZTF26aapmzro,,2.0,r,17.914775848388672,0.07862208783626556,0.07975000143051147,0.1392499953508377,0.3399380147457123,11.525903701782227,16.635711669921875,17.810504913330078,0.984000027179718,2.059999942779541,t,1.0,1632.0,0.9110000133514404,-0.7549999952316284
ZTF26aapmznq,1,1507,61124.18232640019,61124.18232640019,False,False,1,,,,,61124.18232640019,61124.18232640019,0.0,165.2987645,3.7278273,0.0851802304387092,0.0850000008940696,asteroid,stamp_classifier,1.0,27.5.7a32.dev1,asteroid,3370182322115015019,F:\ZTF_Adjusted_Dataset\stamps\asteroid\ZTF26aapmznq,,2.0,r,19.729461669921875,0.14630547165870667,0.9708330035209656,0.2729170024394989,0.5087080001831055,7.647217273712158,12.665509223937988,21.750946044921875,0.9800000190734863,1.9299999475479126,t,1.0,1507.0,0.30000001192092896,0.029999999329447746
ZTF26aapmznk,1,1507,61124.18232640019,61124.18232640019,False,False,1,,,,,61124.18232640019,61124.18232640019,0.0,165.0673249,4.3063266,0.0852406471967697,0.0850000008940696,asteroid,stamp_classifier,1.0,27.5.7a32.dev1,asteroid,3370182322115015006,F:\ZTF_Adjusted_Dataset\stamps\asteroid\ZTF26aapmznk,,2.0,r,19.687461853027344,0.12644682824611664,0.04959519952535629,0.002749999985098839,-999.0,15.525107383728027,21.558820724487305,-999.0,0.9789999723434448,2.059999942779541,t,1.0,1507.0,1.7690000534057617,0.054999999701976776
ZTF26aapmznx,1,1512,61124.18232640019,61124.18232640019,False,False,1,,,,,61124.18232640019,61124.18232640019,0.0,165.4364415,4.0122917,0.0852088406682014,0.0850000008940696,asteroid,stamp_classifier,1.0,27.5.7a32.dev1,asteroid,3370182322115015017,F:\ZTF_Adjusted_Dataset\stamps\asteroid\ZTF26aapmznx,,2.0,r,20.212461471557617,0.20304442942142487,0.0043750000186264515,0.5,-999.0,20.41009521484375,24.491456985473633,-999.0,0.9330000281333923,1.7000000476837158,t,1.0,1512.0,0.6800000071525574,-0.25699999928474426
ZTF26aapmznt,1,1395,61124.18091440015,61124.18091440015,False,False,1,,,,,61124.18091440015,61124.18091440015,0.0,167.87280580000004,10.572275,0.0864678546786308,0.0850000008940696,asteroid,stamp_classifier,1.0,27.5.7a32.dev1,asteroid,3370180911915015003,F:\ZTF_Adjusted_Dataset\stamps\asteroid\ZTF26aapmznt,,2.0,r,19.79935073852539,0.16330793499946594,0.0016666699666529894,0.016916699707508087,0.6875420212745667,11.990360260009766,20.975942611694336,22.90538787841797,0.9739999771118164,1.690000057220459,t,1.0,1395.0,3.694999933242798,0.2370000034570694
ZTF26aapmzrp,2,1632,60706.42263890011,61124.18232640019,False,False,1,,,,,61124.18232640019,61124.18232640019,0.0,163.4835683,5.6814701,0.0854196101427078,0.0850000008940696,asteroid,stamp_classifier,1.0,27.5.7a32.dev1,asteroid,3370182324115015028,F:\ZTF_Adjusted_Dataset\stamps\asteroid\ZTF26aapmzrp,,2.0,r,18.285776138305664,0.07622507214546204,0.5,0.958486020565033,0.9237080216407776,15.764991760253906,16.866714477539062,27.662452697753906,0.984000027179718,1.9800000190734863,t,2.0,1632.0,0.9330000281333923,-0.38999998569488525
ZTF26aapnabg,2,2504,60635.51906249998,61124.18137730006,False,False,1,,,,,61124.18137730006,61124.18137730006,0.0,174.94389709999996,2.4617433,0.0850785151124,0.0850000008940696,asteroid,stamp_classifier,1.0,27.5.7a32.dev1,asteroid,3370181370015015002,F:\ZTF_Adjusted_Dataset\stamps\asteroid\ZTF26aapnabg,,2.0,r,16.469635009765625,0.04800679162144661,0.9426249861717224,0.06117260083556175,0.5893009901046753,11.364437103271484,29.72579574584961,29.79718780517578,0.9980000257492065,2.6700000762939453,t,2.0,2504.0,0.6690000295639038,-0.3230000138282776
ZTF26aapnanm,1,1395,61124.18373840023,61124.18373840023,False,False,1,,,,,61124.18373840023,61124.18373840023,0.0,161.85682210000002,-11.182145,0.0866448953747749,0.0850000008940696,asteroid,stamp_classifier,1.0,27.5.7a32.dev1,asteroid,3370183732315015009,F:\ZTF_Adjusted_Dataset\stamps\asteroid\ZTF26aapnanm,,2.0,r,20.043926239013672,0.19534820318222046,0.11275000125169754,0.9694579839706421,0.002083329949527979,14.37370777130127,18.147693634033203,18.972286224365234,0.9909999966621399,2.200000047683716,t,1.0,1395.0,1.1670000553131104,-0.21799999475479126
ZTF26aapnphk,1,2112,61124.20619209996,61124.20619209996,False,False,1,,,,,61124.20619209996,61124.20619209996,0.0,124.3837721,-13.520149299999998,0.0668526366353035,0.0649999976158142,asteroid,stamp_classifier,1.0,27.5.7a32.dev1,asteroid,3370206191115015025,F:\ZTF_Adjusted_Dataset\stamps\asteroid\ZTF26aapnphk,,1.0,g,18.555397033691406,0.07335744053125381,0.978708028793335,0.9991670250892639,0.994333028793335,14.685755729675293,17.69976234436035,17.955184936523438,0.9829999804496765,2.2200000286102295,t,1.0,2112.0,0.4690000116825104,-0.17800000309944153
ZTF26aapnbeh,1,2487,61124.18232640019,61124.18232640019,False,False,1,,,,,61124.18232640019,61124.18232640019,0.0,168.5189405,2.0428307,0.0850540548563003,0.0850000008940696,asteroid,stamp_classifier,1.0,27.5.7a32.dev1,asteroid,3370182320015015017,F:\ZTF_Adjusted_Dataset\stamps\asteroid\ZTF26aapnbeh,,2.0,r,19.872045516967773,0.1784660965204239,0.9637500047683716,0.002749999985098839,-999.0,26.093137741088867,29.916501998901367,-999.0,0.972000002861023,1.850000023841858,t,1.0,2487.0,0.8389999866485596,-0.414000004529953
ZTF26aapnbbk,1,1550,61124.18091440015,61124.18091440015,False,False,1,,,,,61124.18091440015,61124.18091440015,0.0,161.7493344,8.901815,0.0860363095998764,0.0850000008940696,asteroid,stamp_classifier,1.0,27.5.7a32.dev1,asteroid,3370180911315015020,F:\ZTF_Adjusted_Dataset\stamps\asteroid\ZTF26aapnbbk,,2.0,r,19.481327056884766,0.12852148711681366,0.03318449854850769,0.5,-999.0,20.324522018432617,23.74264907836914,-999.0,0.9710000157356262,2.2799999713897705,t,1.0,1550.0,1.0850000381469727,-0.4880000054836273
