oid,ndethist,ncovhist,mjdstarthist,mjdendhist,corrected,stellar,ndet,g_r_max,g_r_max_corr,g_r_mean,g_r_mean_corr,firstmjd,lastmjd,deltajd,meanra,meandec,sigmara,sigmadec,class,classifier,probability,step_id_corr,target_class,candid_used,stamp_dir,stamp_error,fid,fid_band,magpsf,sigmapsf,sgscore1,sgscore2,sgscore3,distpsnr1,distpsnr2,distpsnr3,classtar,fwhm,isdiffpos,alert_ndethist,alert_ncovhist,chinr,sharpnr
ZTF19abkexhe,552,2206,58675.44591439981,61030.10765049979,True,False,250,,,,,58704.47460650001,61030.10765049979,2325.633043999784,348.9666536295575,6.932012019076002,0.0043724775846363,0.0043405149328306,AGN,stamp_classifier,0.89874953,27.5.7a32.dev1,AGN,1.02118416631501e+18,F:\ZTF_Adjusted_Dataset\stamps\AGN\ZTF19abkexhe,,1.0,g,20.594409942626953,0.18222907185554504,0.06146429851651192,0.5,0.24948200583457947,0.2583792805671692,8.862907409667969,11.292285919189453,0.8080000281333923,3.1700000762939453,f,48.0,327.0,0.746999979019165,0.07699999958276749
ZTF20abmspzb,22,421,59048.41979169985,59462.39421299985,True,True,10,0.117417,0.523555,0.029029654,0.49746338,59048.41979169985,59462.39421299985,413.974421299994,17.894400519999998,-17.869672760000004,3.787657734207247e-05,3.937896223436317e-05,AGN,stamp_classifier,0.8881082,correction_1.0.6,AGN,1.29441979171501e+18,F:\ZTF_Adjusted_Dataset\stamps\AGN\ZTF20abmspzb,,2.0,r,20.20258331298828,0.17584693431854248,0.9681249856948853,1.0,0.5,0.09697984158992767,7.322241306304932,8.388920783996582,0.9279999732971191,2.9700000286102295,f,1.0,278.0,0.40400001406669617,0.017999999225139618
ZTF22aawfkig,39,941,59783.4223842998,60504.45908559999,True,False,9,-0.3789,0.1309923,-0.1532202,0.1689925,59783.4223842998,60504.45908559999,721.0367013001814,8.357114699995819,-19.62130169999922,0.0690070526542187,0.064999996515114,AGN,stamp_classifier,0.8859911,24.5.2a6,AGN,2.03145760081501e+18,F:\ZTF_Adjusted_Dataset\stamps\AGN\ZTF22aawfkig,,1.0,g,20.47688865661621,0.1912216693162918,1.0,0.8315479755401611,0.1072319969534874,0.12049928307533264,3.8882951736450195,19.337156295776367,0.5889999866485596,1.5099408626556396,f,2.0,595.0,0.5289999842643738,0.019999999552965164
ZTF21acjrxot,36,1179,59048.41979169985,60904.41861109994,True,True,7,,,,,59488.31540510012,60904.41861109994,1416.1032059998251,15.341246536746846,-18.34700966458309,0.0308614943902702,0.0292927283562577,AGN,stamp_classifier,0.8856775,27.5.6,AGN,1.76429555271501e+18,F:\ZTF_Adjusted_Dataset\stamps\AGN\ZTF21acjrxot,,2.0,r,20.875825881958008,0.21168510615825653,0.9763749837875366,0.9954169988632202,0.606249988079071,0.2525814473628998,16.594167709350586,24.192569732666016,0.7739999890327454,1.2169641256332397,f,26.0,531.0,0.2759999930858612,-0.012000000104308128
ZTF24abkxvim,53,1521,59784.46086810017,60918.33253470017,True,False,32,,,,,60585.33248839993,60918.33253470017,333.00004630023614,355.2256435079498,-8.541741466838202,0.0125494473468942,0.0124102475958435,AGN,stamp_classifier,0.8855667,27.5.6,AGN,2.83230771451501e+18,F:\ZTF_Adjusted_Dataset\stamps\AGN\ZTF24abkxvim,,1.0,g,21.02126121520996,0.18772953748703003,0.9750829935073853,0.975957989692688,0.0024999999441206455,0.1358380913734436,23.292695999145508,23.934423446655273,0.949999988079071,1.3649519681930542,f,11.0,1282.0,0.4699999988079071,0.02199999988079071
ZTF25abluafq,12,1836,59462.4144791998,60912.441736099776,True,False,1,,,,,60912.441736099776,60912.441736099776,0.0,16.5423986,20.3677549,0.0906687900424003,0.0850000008940696,AGN,stamp_classifier,0.8847351,27.5.6,AGN,3.15844173371501e+18,F:\ZTF_Adjusted_Dataset\stamps\AGN\ZTF25abluafq,,2.0,r,20.84490203857422,0.21301327645778656,0.9858329892158508,0.9564579725265503,0.201106995344162,0.24297252297401428,2.912510395050049,26.770889282226562,0.8140000104904175,1.0452722311019897,f,12.0,1836.0,0.3370000123977661,-0.03500000014901161
ZTF20abwncxu,135,2015,58703.42365740007,61055.10721059982,True,True,50,,,,,59060.440069399774,61055.10721059982,1994.6671412000435,14.892368975454673,3.217404099031812,0.0100323362714954,0.0100165226723209,AGN,stamp_classifier,0.884123,27.5.7a32.dev1,AGN,1.33236787181501e+18,F:\ZTF_Adjusted_Dataset\stamps\AGN\ZTF20abwncxu,,2.0,r,20.83004379272461,0.21572452783584595,0.9900000095367432,1.0,-999.0,0.2890644073486328,18.382055282592773,-999.0,0.7099999785423279,2.3499999046325684,f,7.0,466.0,0.9710000157356262,0.07900000363588333
ZTF20abrntiw,25,1371,58760.3519444,60585.25603009993,True,True,5,,,,,59055.41837960016,60585.25603009993,1529.8376504997725,4.823435699999792,-6.574513999997922,0.0855626749360168,0.0849999996633594,AGN,stamp_classifier,0.88370997,24.5.2a6,AGN,1.326397045615015e+18,F:\ZTF_Adjusted_Dataset\stamps\AGN\ZTF20abrntiw,,1.0,g,20.461898803710938,0.21165072917938232,0.9990000128746033,1.0,0.0018749999580904841,0.341781347990036,15.746145248413086,19.744722366333008,0.6010000109672546,1.25,t,5.0,320.0,0.8529999852180481,-0.04899999871850014
ZTF23abcuizf,11,1391,60200.33050929988,60586.23126159981,True,False,4,,,,,60585.30256940005,60586.23126159981,0.92869219975546,2.5541770272764213,-8.537879351962276,0.0522118734037758,0.0516332580109335,AGN,stamp_classifier,0.88356745,24.5.2a6,AGN,2.83130256441501e+18,F:\ZTF_Adjusted_Dataset\stamps\AGN\ZTF23abcuizf,,2.0,r,21.235599517822266,0.20567777752876282,0.9975000023841858,0.9908329844474792,0.0018749999580904841,0.272085040807724,21.066829681396484,23.247785568237305,0.9679999947547913,1.299775242805481,f,8.0,1378.0,0.22100000083446503,-0.004000000189989805
ZTF20abodaqn,21,1202,58674.44512729999,60920.33829860017,True,True,2,,,,,59053.417963000014,60920.33829860017,1866.9203356001528,359.8368409499959,-16.2196405,0.0478671478655159,0.0459619390912516,AGN,stamp_classifier,0.88330317,27.5.6,AGN,1.29941796421501e+18,F:\ZTF_Adjusted_Dataset\stamps\AGN\ZTF20abodaqn,,1.0,g,20.53716468811035,0.20767296850681305,0.9697499871253967,0.09162499755620956,0.0060416702181100845,0.1657392382621765,12.97142219543457,26.155736923217773,0.7089999914169312,2.3399999141693115,f,2.0,255.0,0.3630000054836273,0.0020000000949949026
ZTF20abolejm,280,1587,58703.46015049983,60885.41644679988,True,False,154,,,,,59045.36123839999,60885.41644679988,1840.055208399892,354.48509436147265,-2.991861886905684,0.0056743265163162,0.0056665920120918,AGN,stamp_classifier,0.8831937,27.5.6,AGN,1.30646211241501e+18,F:\ZTF_Adjusted_Dataset\stamps\AGN\ZTF20abolejm,,1.0,g,20.630796432495117,0.20429575443267822,0.5817499756813049,0.01075000036507845,0.5,0.2987731695175171,11.581542015075684,11.750657081604004,0.7049999833106995,1.2603040933609009,f,8.0,254.0,0.24400000274181366,0.007000000216066837
ZTF19abkeokm,55,1159,58667.4399652998,60967.23037040001,True,True,10,,,,,59052.41831019986,60967.23037040001,1914.812060200144,351.96904285696155,-14.901634580489889,0.022212449825782,0.0214654168999705,AGN,stamp_classifier,0.88235146,27.5.6,AGN,1.30141744631501e+18,F:\ZTF_Adjusted_Dataset\stamps\AGN\ZTF19abkeokm,,1.0,g,20.589378356933594,0.21208247542381287,0.919642984867096,0.41362500190734863,0.0,0.21365635097026825,4.795786380767822,18.36202049255371,0.6079999804496765,2.0999999046325684,f,8.0,231.0,0.5220000147819519,0.014999999664723873
ZTF23abdqwcb,49,1529,58429.2311689998,60974.25379629992,True,False,10,,,,,60555.30350690009,60974.25379629992,418.9502893998288,3.753766753319357,-9.022776622021317,0.0212583643288174,0.0209953142224406,AGN,stamp_classifier,0.88193744,27.5.7a32.dev1,AGN,2.83127932421501e+18,F:\ZTF_Adjusted_Dataset\stamps\AGN\ZTF23abdqwcb,,1.0,g,20.953723907470703,0.1770617961883545,0.9983329772949219,0.5,0.015625,0.21466967463493347,14.480622291564941,14.489521026611328,0.9660000205039978,1.2628071308135986,f,18.0,1205.0,0.5370000004768372,0.00800000037997961
ZTF23abtzhas,43,1470,58788.31795139983,60292.21266200021,True,False,3,,,,,60290.34515050007,60292.21266200021,1.8675115001387892,50.97410843332648,17.91197113333333,0.0394393876420584,0.0375277661208153,AGN,stamp_classifier,0.8813476,23.12.20,AGN,2.53821266261501e+18,F:\ZTF_Adjusted_Dataset\stamps\AGN\ZTF23abtzhas,,1.0,g,21.339656829833984,0.20509901642799377,1.0,0.9889580011367798,0.5,0.06572235375642776,5.323688507080078,27.897939682006836,0.7139999866485596,1.2298697233200073,f,43.0,1470.0,0.11900000274181366,0.0010000000474974513
ZTF21abyniml,446,1849,59087.33530090004,61005.17914350005,True,False,249,,,,,59497.33706020005,61005.17914350005,1507.8420832999982,356.0616766741359,-5.337567171088345,0.0038092358858217,0.0037927186596439,AGN,stamp_classifier,0.8811473,27.5.7a32.dev1,AGN,1.77015032041501e+18,F:\ZTF_Adjusted_Dataset\stamps\AGN\ZTF21abyniml,,1.0,g,20.57101821899414,0.21102869510650635,0.9920830130577087,0.5,0.0031250000465661287,0.23977680504322052,17.869340896606445,18.341365814208984,0.8519999980926514,1.1706746816635132,f,21.0,552.0,0.11699999868869781,-0.009999999776482582
ZTF19abffofk,143,1252,58634.5,60125.5,True,False,20,-0.060499854,0.12930427,0.037580453,0.13146774,59030.377419000026,60125.45665509999,1095.079236099962,330.03607975,1.98180223,0.0001056969028077,6.825554228511161e-05,AGN,stamp_classifier,0.880769,1.2.0,AGN,1.30336422081501e+18,F:\ZTF_Adjusted_Dataset\stamps\AGN\ZTF19abffofk,,2.0,r,20.810192108154297,0.21376892924308777,0.3723750114440918,0.9539369940757751,0.4279170036315918,0.04747171327471733,12.636338233947754,14.288949966430664,0.6949999928474426,1.1652673482894897,f,30.0,292.0,0.9369999766349792,0.04600000008940697
ZTF20abmubov,147,1737,59045.45990739996,61017.111805600114,True,True,64,,,,,59045.45990739996,61017.111805600114,1971.651898200158,354.46572621859,-5.25659782055903,0.0084376162019053,0.0084021305613488,AGN,stamp_classifier,0.88056535,27.5.7a32.dev1,AGN,1.321409830815015e+18,F:\ZTF_Adjusted_Dataset\stamps\AGN\ZTF20abmubov,,1.0,g,20.491302490234375,0.2093314677476883,0.9991670250892639,0.9941669702529907,-999.0,0.07015012204647064,28.10297203063965,-999.0,0.574999988079071,1.3166717290878296,t,7.0,259.0,0.3050000071525574,0.006000000052154064
ZTF20aborlow,178,1782,58661.47555560013,60939.29737270018,True,False,63,,,,,59028.45435190015,60939.29737270018,1910.8430208000357,343.7272732290556,21.5550815952227,0.0098303403210739,0.0091428533661679,AGN,stamp_classifier,0.8805329,27.5.6,AGN,1.33337229621501e+18,F:\ZTF_Adjusted_Dataset\stamps\AGN\ZTF20aborlow,,2.0,r,20.352140426635742,0.18887703120708466,0.05345829948782921,0.0,0.06329169869422913,0.5240391492843628,14.211784362792969,15.949362754821777,0.9039999842643738,2.259999990463257,f,66.0,482.0,0.6729999780654907,0.04899999871850014
ZTF22abywumv,31,1644,58759.30958329979,60565.338634300046,True,False,5,,,,,60526.47818290023,60565.338634300046,38.86045139981434,22.235342549997156,12.036182299999668,0.0469950740960887,0.045961938945318,AGN,stamp_classifier,0.8805267,24.5.2a6,AGN,2.80047748431501e+18,F:\ZTF_Adjusted_Dataset\stamps\AGN\ZTF22abywumv,,1.0,g,20.740312576293945,0.21632853150367737,0.8182560205459595,0.991208016872406,0.9979169964790344,0.10990814119577408,8.649504661560059,16.19786834716797,0.7570000290870667,1.277722716331482,f,23.0,1621.0,0.44600000977516174,-0.017999999225139618
ZTF18abtkqel,492,1467,58366.350034699775,61031.105127300136,True,False,396,,,,,58368.334363400005,61031.105127300136,2662.770763900131,350.05796900850254,-24.67909806455265,0.003821092049645,0.0034720755598641,AGN,stamp_classifier,0.8804243,27.5.7a32.dev1,AGN,6.1731972291501e+17,F:\ZTF_Adjusted_Dataset\stamps\AGN\ZTF18abtkqel,,2.0,r,20.278175354003906,0.18977679312229156,0.03691669926047325,0.0008333330042660236,0.0012499999720603228,0.22937819361686707,12.81204891204834,20.406417846679688,0.781000018119812,1.3154720067977905,f,4.0,15.0,0.37400001287460327,0.007000000216066837
ZTF24abksqei,42,1893,59757.43460649997,60905.38043980021,True,False,18,,,,,60576.25831020018,60905.38043980021,329.12212960002944,355.74047740569296,3.5278458386925537,0.0177688073251147,0.0177351353147382,AGN,stamp_classifier,0.8802086,27.5.6,AGN,2.83216474311501e+18,F:\ZTF_Adjusted_Dataset\stamps\AGN\ZTF24abksqei,,1.0,g,21.332902908325195,0.17717130482196808,1.0,0.9991670250892639,-999.0,0.13292895257472992,19.591060638427734,-999.0,0.8799999952316284,1.3521679639816284,f,21.0,1560.0,1.1230000257492065,-0.03500000014901161
ZTF20abnweoo,722,1824,58700.43866899982,61058.1077083,True,False,341,,,,,59052.46032410022,61058.1077083,2005.6473841997797,3.142074097058075,-9.436870324248934,0.0038949635159225,0.0038422523299747,AGN,stamp_classifier,0.88002944,27.5.7a32.dev1,AGN,1.32639704471501e+18,F:\ZTF_Adjusted_Dataset\stamps\AGN\ZTF20abnweoo,,1.0,g,20.270885467529297,0.21125097572803497,0.9791669845581055,0.0,-999.0,0.7098373770713806,20.859905242919922,-999.0,0.45899999141693115,1.1854175329208374,f,7.0,319.0,0.6660000085830688,0.05000000074505806
ZTF20acihxmq,278,1482,58429.21148149995,60865.46406249981,True,False,156,,,,,59116.29394679982,60865.46406249981,1749.1701156999916,354.08229165931914,-0.0147890197070897,0.0055054904459077,0.0055054899207425,AGN,stamp_classifier,0.8798026,27.5.6,AGN,1.43312438591501e+18,F:\ZTF_Adjusted_Dataset\stamps\AGN\ZTF20acihxmq,,1.0,g,20.293020248413086,0.18454675376415253,0.9804880023002625,0.9975000023841858,0.5471789836883545,0.2983725965023041,14.829896926879883,14.927019119262695,0.7360000014305115,2.9000000953674316,f,13.0,379.0,0.25699999928474426,0.01899999938905239
ZTF21acaxxaq,6,344,59436.41923609981,59517.231875000056,True,True,4,-0.00093275757,0.5746323,0.104337506,0.6875894,59444.42262730002,59517.231875000056,72.80924770003185,4.236638800000001,-21.678504850000003,4.7283612383058936e-05,2.0711108130585007e-05,AGN,stamp_classifier,0.8797606,correction_1.0.6,AGN,1.71433495511501e+18,F:\ZTF_Adjusted_Dataset\stamps\AGN\ZTF21acaxxaq,,2.0,r,20.425092697143555,0.21575190126895905,0.9991670250892639,0.31850001215934753,-999.0,0.13104228675365448,14.853325843811035,-999.0,0.8370000123977661,1.2285852432250977,f,3.0,295.0,0.593999981880188,-0.007000000216066837
ZTF20abmsahd,18,345,58996.45114579983,59053.37346060015,True,True,7,0.20900154,0.1907327,0.15118599,0.14036605,59045.35699070012,59053.37346060015,8.016469900030643,326.0898295285715,13.4147404,2.8759039993376886e-05,1.680396778555404e-05,AGN,stamp_classifier,0.87956184,corr_bulk_0.0.1,AGN,1.29937346401501e+18,F:\ZTF_Adjusted_Dataset\stamps\AGN\ZTF20abmsahd,,1.0,g,20.945968627929688,0.20763157308101654,0.5136669874191284,0.13237500190734863,0.23487499356269836,0.09793721139431,6.218730926513672,9.323853492736816,0.7310000061988831,1.9500000476837158,f,18.0,345.0,0.5320000052452087,0.006000000052154064
ZTF20abmkhkx,26,1269,59044.45980319986,60586.28444440011,True,True,17,,,,,59044.45980319986,60586.28444440011,1541.8246412002482,0.6739424999960149,-8.380449699986565,0.0859174081507457,0.0849999959712291,AGN,stamp_classifier,0.8794484,24.5.2a6,AGN,1.32534781331501e+18,F:\ZTF_Adjusted_Dataset\stamps\AGN\ZTF20abmkhkx,,1.0,g,20.13507080078125,0.2006169855594635,0.9947919845581055,0.5,0.002916669938713312,0.5927371382713318,22.632606506347656,25.108604431152344,0.4749999940395355,1.2143665552139282,f,7.0,308.0,1.215000033378601,-0.02800000086426735
ZTF21acmbvuq,64,1149,59524.148912,60961.189976899885,True,False,22,,,,,59524.148912,60961.189976899885,1437.0410648998804,354.3221146787281,-16.381566163397704,0.0162267417874559,0.0155680130893945,AGN,stamp_classifier,0.87929916,27.5.6,AGN,1.77014891431501e+18,F:\ZTF_Adjusted_Dataset\stamps\AGN\ZTF21acmbvuq,,1.0,g,20.459369659423828,0.19151470065116882,0.9832500219345093,1.0,-999.0,0.07474508881568909,26.321578979492188,-999.0,0.8339999914169312,1.142000675201416,f,1.0,458.0,0.4830000102519989,0.026000000536441803
ZTF20abodajz,155,926,58362.38623839989,60507.41863430012,True,False,119,0.138941,0.70128894,0.34964815,0.7464487,59046.43863430014,60507.41863430012,1460.9799999999814,359.83768390006696,-14.9563812000003,0.0672792314258988,0.0649999813804926,AGN,stamp_classifier,0.8790796,24.5.2a6,AGN,1.29941796581501e+18,F:\ZTF_Adjusted_Dataset\stamps\AGN\ZTF20abodajz,,1.0,g,20.519271850585938,0.20729222893714905,0.9984999895095825,0.9972500205039978,-999.0,0.3005276918411255,17.084375381469727,-999.0,0.47099998593330383,1.2814245223999023,f,2.0,251.0,0.7329999804496765,-0.003000000026077032
ZTF22aawnuoe,15,1388,59786.39890050003,60586.27781250002,True,True,3,,,,,59786.39984950004,60586.27781250002,799.8779629999772,3.220295599999896,-9.041352799999718,0.0860693969894332,0.0850000002787145,AGN,stamp_classifier,0.87904483,24.5.2a6,AGN,2.03239984471501e+18,F:\ZTF_Adjusted_Dataset\stamps\AGN\ZTF22aawnuoe,,2.0,r,20.581418991088867,0.21391285955905914,0.9355419874191284,0.5,0.06866669654846191,0.21683861315250397,1.0886591672897339,8.312361717224121,0.7979999780654907,1.1706746816635132,f,2.0,658.0,0.4000000059604645,-0.014000000432133675
ZTF19aboyipa,381,2333,58353.3831944,60586.4031134001,True,False,180,,,,,59024.47690969985,60586.4031134001,1561.9262037002482,356.65363938001457,-6.136979059994943,0.02923643011735,0.0290688804876718,AGN,stamp_classifier,0.8786914,24.5.2a6,AGN,1.36033496571501e+18,F:\ZTF_Adjusted_Dataset\stamps\AGN\ZTF19aboyipa,,1.0,g,20.184019088745117,0.21323855221271515,0.9962499737739563,1.0,-999.0,0.3094528913497925,24.74342918395996,-999.0,0.9739999771118164,1.3899999856948853,f,40.0,299.0,0.23399999737739563,-0.004999999888241291
ZTF20abodbwo,126,1191,58362.417106499895,61031.10559030017,True,False,76,,,,,59050.43923609983,61031.10559030017,1980.666354200337,1.0046619268811552,-17.444297689338605,0.0083064809037543,0.0079244560232192,AGN,stamp_classifier,0.8786608,27.5.7a32.dev1,AGN,1.299417962415015e+18,F:\ZTF_Adjusted_Dataset\stamps\AGN\ZTF20abodbwo,,1.0,g,20.776155471801758,0.19574306905269623,1.0,0.5,0.18299999833106995,0.14284387230873108,20.746877670288086,23.17098617553711,0.6850000023841858,1.2985599040985107,t,2.0,259.0,0.5,-0.004999999888241291
ZTF19adfmzoe,102,2010,58428.2322338,60967.23320600018,True,False,9,,,,,60585.23056709999,60967.23320600018,382.00263890018687,9.73431848872022,-4.7656510218671055,0.0056699650261734,0.005650363072639,AGN,stamp_classifier,0.8784451,27.5.6,AGN,2.83123056041501e+18,F:\ZTF_Adjusted_Dataset\stamps\AGN\ZTF19adfmzoe,,1.0,g,21.24407958984375,0.19378159940242767,0.9981250166893005,0.004583329893648624,-999.0,0.5775068998336792,19.02879524230957,-999.0,0.8429999947547913,1.3286092281341553,f,62.0,1554.0,0.4020000100135803,0.004000000189989805
ZTF20abowqdu,86,1729,59056.439652800094,61029.12798610004,True,True,26,,,,,59056.439652800094,61029.12798610004,1972.6883332999423,0.8548438353847442,-3.5086174122633254,0.0138018259550831,0.0137759557356463,AGN,stamp_classifier,0.878173,27.5.7a32.dev1,AGN,1.3024396524150152e+18,F:\ZTF_Adjusted_Dataset\stamps\AGN\ZTF20abowqdu,,1.0,g,20.71226692199707,0.1923605054616928,0.9467920064926147,0.6016960144042969,0.0008333330042660236,0.34986358880996704,18.223451614379883,19.50861358642578,0.6980000138282776,1.2439112663269043,t,1.0,262.0,0.3269999921321869,-0.00800000037997961
ZTF23abfjfzy,27,1318,60123.41574069997,60586.26339119999,True,False,6,,,,,60585.2416087999,60586.26339119999,1.021782400086522,352.9663921999998,0.5494710999998276,0.0650029920611814,0.0649999969278766,AGN,stamp_classifier,0.87815464,24.5.2a6,AGN,2.83124160571501e+18,F:\ZTF_Adjusted_Dataset\stamps\AGN\ZTF23abfjfzy,,1.0,g,21.07183074951172,0.17466092109680176,0.9956250190734863,0.5,0.024083299562335014,0.41764122247695923,4.771997928619385,5.457161903381348,0.9890000224113464,1.2912440299987793,f,22.0,1303.0,0.4659999907016754,-0.004000000189989805
ZTF23abctkwa,24,1007,59785.44098380022,60586.2378934999,True,False,1,,,,,60586.2378934999,60586.2378934999,0.0,358.6482176,-10.2537025,0.086379550397396,0.0850000008940696,AGN,stamp_classifier,0.87811226,24.5.2a6,AGN,2.832237892115015e+18,F:\ZTF_Adjusted_Dataset\stamps\AGN\ZTF23abctkwa,,2.0,r,21.28769302368164,0.2105739861726761,0.9958329796791077,0.0,0.002083329949527979,0.2469494491815567,8.5243558883667,21.898405075073242,0.9620000123977661,1.2143665552139282,t,24.0,1007.0,0.7940000295639038,-0.020999999716877937
ZTF19abooutp,152,780,58694.5,59793.5,True,False,93,0.329369,0.146353,-0.02466025,0.12987302,58694.39886569977,59793.444340299815,1099.0454746000469,358.7950458344086,-3.062775218279569,4.570239622390704e-05,4.811886538253677e-05,AGN,stamp_classifier,0.878046,dev,AGN,9.4942049291501e+17,F:\ZTF_Adjusted_Dataset\stamps\AGN\ZTF19abooutp,,2.0,r,20.337486267089844,0.21682359278202057,0.9810420274734497,0.9983329772949219,0.18150000274181366,0.07612399756908417,20.716609954833984,25.498825073242188,0.9419999718666077,1.1011766195297241,f,4.0,98.0,0.3149999976158142,0.019999999552965164
ZTF21abxcqpi,144,1217,59048.460254599806,60905.3818518999,True,False,57,,,,,59430.39613430016,60905.3818518999,1474.9857175997458,6.580683023012254,-14.769775983732606,0.0092107083290724,0.0089063678719868,AGN,stamp_classifier,0.8779452,27.5.6,AGN,1.70539582631501e+18,F:\ZTF_Adjusted_Dataset\stamps\AGN\ZTF21abxcqpi,,2.0,r,20.649263381958008,0.20421026647090912,0.9904170036315918,0.045375000685453415,0.5,0.2718358039855957,26.45797348022461,29.395950317382812,0.5139999985694885,1.3509997129440308,f,11.0,492.0,0.40400001406669617,0.0020000000949949026
ZTF21acnmiaf,1,320,59526.20979169989,59526.20979169989,True,True,1,,,,,59526.20979169989,59526.20979169989,0.0,359.7552344,-21.2162053,,,AGN,stamp_classifier,0.8777898,correction_1.0.6,AGN,1.77220979571501e+18,F:\ZTF_Adjusted_Dataset\stamps\AGN\ZTF21acnmiaf,,1.0,g,20.68546485900879,0.2067306637763977,0.9956870079040527,0.09804169833660126,0.0005000000237487257,0.6480929255485535,16.50033187866211,26.340295791625977,0.7580000162124634,1.178739070892334,f,1.0,320.0,0.44999998807907104,-0.003000000026077032
ZTF23abcteql,42,1140,59047.45912039978,60586.37754630018,True,False,9,,,,,60585.23940970004,60586.37754630018,1.1381366001442077,358.2780708000555,-11.285285849999504,0.0612891033601726,0.0601040762715961,AGN,stamp_classifier,0.87773746,24.5.2a6,AGN,2.831239402215015e+18,F:\ZTF_Adjusted_Dataset\stamps\AGN\ZTF23abcteql,,1.0,g,20.977834701538086,0.17705555260181427,0.9875419735908508,0.0,0.0,0.35441139340400696,14.282583236694336,24.715675354003906,0.972000002861023,1.2912440299987793,t,34.0,1121.0,0.42100000381469727,0.01600000075995922
ZTF19abxbcny,37,1443,58259.5,60169.25,True,False,3,0.097669,1.2198921,3.4592662,1.2885381,59016.36114579998,60169.33886570018,1152.9777199001985,303.1997351333333,1.6335716,4.237857164078882e-05,0.0001308685982197,AGN,stamp_classifier,0.8773752,1.2.0,AGN,1.26236114071501e+18,F:\ZTF_Adjusted_Dataset\stamps\AGN\ZTF19abxbcny,,1.0,g,16.132078170776367,0.09072721004486084,1.0,0.5,0.5,0.3471643924713135,5.794604301452637,7.131597995758057,1.0,2.4800000190734863,f,6.0,414.0,0.6100000143051147,-0.035999998450279236
ZTF20aboleid,13,569,58789.2060647998,59434.42063659988,True,True,5,0.08619943,0.13469388,0.04018477,0.122418016,59045.36123839999,59434.42063659988,389.05939819989726,355.72379542,-6.07107724,6.550616000355529e-05,9.0952723983383e-05,AGN,stamp_classifier,0.87708277,correction_1.0.6,AGN,1.300457830715015e+18,F:\ZTF_Adjusted_Dataset\stamps\AGN\ZTF20aboleid,,1.0,g,20.832616806030273,0.21357165277004242,0.9937499761581421,0.5,0.5,0.3312091827392578,14.106169700622559,21.924327850341797,0.5180000066757202,2.0899999141693115,t,4.0,259.0,0.5960000157356262,0.007000000216066837
ZTF24abkkqsq,43,1506,60152.4509838,60919.31567130005,True,False,17,,,,,60585.2416087999,60919.31567130005,334.074062500149,353.0775768085219,-0.9785361970346304,0.0163786009750589,0.0163762115219939,AGN,stamp_classifier,0.87702775,27.5.6,AGN,2.83124160411501e+18,F:\ZTF_Adjusted_Dataset\stamps\AGN\ZTF24abkkqsq,,1.0,g,21.193283081054688,0.18629664182662964,0.9834169745445251,0.005416669882833958,0.5,0.10063307732343674,16.294071197509766,21.14557647705078,0.9580000042915344,1.2912440299987793,f,12.0,1133.0,0.5839999914169312,-0.02199999988079071
ZTF19abkhndm,33,896,58694.45924769994,60969.31471059984,True,False,21,,,,,58694.45924769994,60969.31471059984,2274.855462899897,5.788201785777345,-21.10904882774027,0.0155142827816513,0.0144732223986124,AGN,stamp_classifier,0.87701166,27.5.7a32.dev1,AGN,9.4743923601501e+17,F:\ZTF_Adjusted_Dataset\stamps\AGN\ZTF19abkhndm,,1.0,g,19.84054183959961,0.21211570501327515,0.6697800159454346,0.01741670072078705,0.0,0.059543054550886154,11.924086570739746,13.98164176940918,0.8339999914169312,2.190000057220459,f,3.0,61.0,0.6650000214576721,0.0020000000949949026
ZTF19abiyerk,396,1464,58677.44387729978,60667.11133099999,True,False,220,,,,,58691.38961810013,60667.11133099999,1975.72171289986,352.86064746269534,6.18025641823589,0.0044064881939325,0.0043808781095378,AGN,stamp_classifier,0.87690586,26.0.1,AGN,1.010402013615015e+18,F:\ZTF_Adjusted_Dataset\stamps\AGN\ZTF19abiyerk,,2.0,r,20.409652709960938,0.21114686131477356,0.9941669702529907,0.9975000023841858,0.002916669938713312,0.24081732332706451,6.601304054260254,9.292940139770508,0.8759999871253967,1.1516380310058594,t,59.0,314.0,0.5249999761581421,-0.03400000184774399
ZTF20abmcwwz,58,652,59046.5,60148.5,True,False,39,-0.1843,0.133829,-0.01734498,0.21888126,59046.43863430014,60148.438182900194,1101.9995486000553,2.274401041025641,-14.837102023076923,6.68931265367989e-05,6.249626709509697e-05,AGN,stamp_classifier,0.87657,1.2.0,AGN,1.30243870541501e+18,F:\ZTF_Adjusted_Dataset\stamps\AGN\ZTF20abmcwwz,,1.0,g,20.108144760131836,0.15911342203617096,0.9874169826507568,0.5,-999.0,0.1979859620332718,13.278481483459473,-999.0,0.9350000023841858,2.2699999809265137,f,4.0,258.0,0.46700000762939453,0.004000000189989805
ZTF20abpdrlb,257,1573,58694.42737270007,61004.13798609981,True,False,155,,,,,59030.4659258998,61004.13798609981,1973.6720602000128,347.9331758740045,-4.301499491862699,0.0028332685786478,0.00282528773851,AGN,stamp_classifier,0.8764403,27.5.7a32.dev1,AGN,1.30642395221501e+18,F:\ZTF_Adjusted_Dataset\stamps\AGN\ZTF20abpdrlb,,2.0,r,20.674182891845703,0.17906025052070618,1.0,0.3257560133934021,0.056916698813438416,0.07668308913707733,16.016626358032227,16.266536712646484,0.9089999794960022,2.0,f,10.0,251.0,0.2619999945163727,0.017000000923871994
ZTF19abvfhgg,78,1711,58672.42596059991,60928.34310190007,True,True,36,,,,,58707.46326390002,60928.34310190007,2220.879838000052,354.083923995791,-0.2964871328828199,0.0078048103570374,0.0078047056877755,AGN,stamp_classifier,0.8762746,27.5.6,AGN,9.73377315915015e+17,F:\ZTF_Adjusted_Dataset\stamps\AGN\ZTF19abvfhgg,,1.0,g,20.361732482910156,0.21340596675872803,0.9891669750213623,0.9987499713897705,0.0012499999720603228,0.41764363646507263,9.004701614379883,21.71106719970703,0.01899999938905239,1.2375484704971313,t,6.0,78.0,0.7160000205039978,-0.023000000044703484
ZTF21acjdnic,1,510,59517.18983800011,59517.18983800011,True,True,1,,,,,59517.18983800011,59517.18983800011,0.0,359.5201106,-15.4656046,,,AGN,stamp_classifier,0.87581253,correction_1.0.6,AGN,1.76318983441501e+18,F:\ZTF_Adjusted_Dataset\stamps\AGN\ZTF21acjdnic,,1.0,g,20.714040756225586,0.21591594815254211,0.989791989326477,0.5,0.015083299949765205,0.23018717765808105,10.288987159729004,10.864259719848633,0.6209999918937683,1.205230951309204,f,1.0,510.0,0.621999979019165,0.006000000052154064
ZTF24abasgle,31,1547,59112.31574069988,60533.41498839995,True,False,2,,,,,60532.39335650019,60533.41498839995,1.021631899755448,14.131039150008233,19.8654927,0.0639069924425526,0.0601040770330592,AGN,stamp_classifier,0.87569386,24.5.2a6,AGN,2.77941498421501e+18,F:\ZTF_Adjusted_Dataset\stamps\AGN\ZTF24abasgle,,2.0,r,21.168113708496094,0.2121812254190445,0.9795830249786377,0.5,-999.0,0.3193010985851288,10.95257568359375,-999.0,0.8569999933242798,1.1182501316070557,f,31.0,1547.0,0.47099998593330383,0.02199999988079071
ZTF19abegofw,33,1418,58487.12837960012,60586.37533560023,True,True,27,,,,,58646.447789399885,60586.37533560023,1939.9275462003425,359.5724909450986,0.7164187805276875,0.0391687476914112,0.0391656856252447,AGN,stamp_classifier,0.8755981,24.5.2a6,AGN,9.76396786015015e+17,F:\ZTF_Adjusted_Dataset\stamps\AGN\ZTF19abegofw,,2.0,r,20.47200584411621,0.19107159972190857,0.9800829887390137,0.8474519848823547,0.8401669859886169,0.07732194662094116,23.02260398864746,24.19951820373535,0.8769999742507935,1.1154226064682007,t,20.0,118.0,0.3720000088214874,-0.004000000189989805
ZTF23abdookw,27,1138,58677.46005789982,60586.37754630018,True,False,7,,,,,60585.23940970004,60586.37754630018,1.1381366001442077,358.8512353728248,-11.234445808166454,0.0412196774073858,0.0404298345791879,AGN,stamp_classifier,0.87538797,24.5.2a6,AGN,2.83123940221501e+18,F:\ZTF_Adjusted_Dataset\stamps\AGN\ZTF23abdookw,,1.0,g,21.18683433532715,0.2060493677854538,0.9983329772949219,0.5,0.0037499999161809683,0.12167885154485703,19.755002975463867,20.13507080078125,0.9610000252723694,1.2912440299987793,f,20.0,1119.0,0.968999981880188,-0.027000000700354576
ZTF24abaldpp,41,2180,59434.4004861,60949.2979629999,True,False,7,,,,,60531.37859949982,60949.2979629999,417.9193635000847,15.697867013897914,24.692897633693168,0.0336927512634637,0.0306118847917051,AGN,stamp_classifier,0.8753209,27.5.6,AGN,2.77841224271501e+18,F:\ZTF_Adjusted_Dataset\stamps\AGN\ZTF24abaldpp,,2.0,r,21.18855094909668,0.21339060366153717,0.9904170036315918,0.6051899790763855,0.5,0.12449824810028076,12.772658348083496,17.43168830871582,0.9269999861717224,1.1054697036743164,f,19.0,1756.0,0.43799999356269836,-0.04699999839067459
ZTF24abkxsfx,50,1395,58667.45858799992,60586.37533560023,True,False,7,,,,,60585.28374999994,60586.37533560023,1.091585600282997,2.2100549905850366,-5.242978304771981,0.0276204885884606,0.0275049271419027,AGN,stamp_classifier,0.87522644,24.5.2a6,AGN,2.83230550051501e+18,F:\ZTF_Adjusted_Dataset\stamps\AGN\ZTF24abkxsfx,,1.0,g,21.346513748168945,0.21187809109687805,0.9937499761581421,0.31049999594688416,0.18324999511241913,0.022478483617305756,7.046377658843994,8.181403160095215,0.9399999976158142,1.296125888824463,f,48.0,1392.0,0.8500000238418579,-0.014000000432133675
ZTF24aaysljc,133,1747,58457.11968749994,60969.35187500017,True,False,80,,,,,60585.28815970011,60978.213425899856,392.9252661997453,357.0489551383059,-4.432316043499774,0.0082425928541423,0.0082179417211687,AGN,stamp_classifier,0.8751871,27.5.7a32.dev1,AGN,2.83128815181501e+18,F:\ZTF_Adjusted_Dataset\stamps\AGN\ZTF24aaysljc,,1.0,g,21.03818130493164,0.19844074547290802,0.9954580068588257,0.9987499713897705,0.0,0.08252666145563126,28.487030029296875,29.104938507080078,0.9599999785423279,1.2814245223999023,f,33.0,1241.0,0.7789999842643738,-0.04699999839067459
ZTF24abkvfwh,92,3649,58641.444861100055,60933.22361110011,True,False,14,,,,,60586.12378469994,60933.22361110011,347.09982640016824,354.6535074673451,3.0120197184350057,0.0195425345878018,0.0195155372059844,AGN,stamp_classifier,0.87513083,27.5.6,AGN,2.8322334830150103e+18,F:\ZTF_Adjusted_Dataset\stamps\AGN\ZTF24abkvfwh,,2.0,r,21.151569366455078,0.20240165293216705,0.9729580283164978,0.9958329796791077,0.14846999943256378,0.33023372292518616,17.273645401000977,27.95195770263672,0.9800000190734863,1.1666215658187866,f,50.0,2924.0,0.40700000524520874,0.027000000700354576
ZTF23abgqfdn,78,1624,59757.43460649997,60586.41988429986,True,False,22,,,,,60564.290983799845,60586.41988429986,22.128900500014424,356.73188762976696,5.977358622257007,0.023850640924351,0.0237209677612828,AGN,stamp_classifier,0.87512565,24.5.2a6,AGN,2.83123498411501e+18,F:\ZTF_Adjusted_Dataset\stamps\AGN\ZTF23abgqfdn,,1.0,g,21.13521385192871,0.18961463868618011,0.984250009059906,0.014999999664723873,0.0,0.3163413405418396,20.46148109436035,28.657806396484375,0.675000011920929,1.297343373298645,f,59.0,1601.0,0.621999979019165,-0.032999999821186066
ZTF25abgoyql,18,1869,59785.45524309995,60888.470115699805,True,False,1,,,,,60888.470115699805,60888.470115699805,0.0,23.0598976,1.8060089,0.0650323033332824,0.0649999976158142,AGN,stamp_classifier,0.8748382,27.5.6,AGN,3.134470111315015e+18,F:\ZTF_Adjusted_Dataset\stamps\AGN\ZTF25abgoyql,,1.0,g,20.871339797973633,0.2153959572315216,0.9946249723434448,0.006874999962747097,0.5825830101966858,0.19037234783172607,12.179396629333496,15.994243621826172,0.8009999990463257,1.1625542640686035,t,18.0,1869.0,0.21899999678134918,-0.006000000052154064
ZTF23aazepdi,13,1348,59814.5,60203.5,True,True,3,,,,,60183.44356480008,60203.4140625,19.970497699920088,28.2697068,2.4446820666666667,6.263537339282062e-05,7.654151379045449e-05,AGN,stamp_classifier,0.8748057,1.2.1,AGN,2.44941406011501e+18,F:\ZTF_Adjusted_Dataset\stamps\AGN\ZTF23aazepdi,,1.0,g,20.81974983215332,0.2120721936225891,0.9852079749107361,1.0,0.0,0.5056782364845276,24.771812438964844,28.161684036254883,0.5199999809265137,1.3190678358078003,f,13.0,1348.0,0.5860000252723694,0.019999999552965164
ZTF22aawyvte,12,603,59430.5,59787.5,True,True,2,,,,,59765.45535880001,59787.40121529997,21.945856499951333,358.03033605,-7.00682895,1.2020815169432931e-06,7.035712472753325e-05,AGN,stamp_classifier,0.87479055,dev,AGN,2.03340121591501e+18,F:\ZTF_Adjusted_Dataset\stamps\AGN\ZTF22aawyvte,,2.0,r,20.45722007751465,0.20560728013515472,1.0,1.0,0.015208300203084946,0.0741516724228859,23.731014251708984,24.413362503051758,0.6290000081062317,1.2078481912612915,f,12.0,603.0,0.4740000069141388,0.008999999612569809
ZTF21abqqknj,144,1308,59412.45932869986,60990.25123840012,True,False,59,,,,,59412.45932869986,60990.25123840012,1577.7919097002596,5.601505658973916,-16.41580513751311,0.0099325210915159,0.0095276321991911,AGN,stamp_classifier,0.8746749,27.5.7a32.dev1,AGN,1.67446090461501e+18,F:\ZTF_Adjusted_Dataset\stamps\AGN\ZTF21abqqknj,,2.0,r,20.429521560668945,0.20910857617855072,0.9975000023841858,0.037069398909807205,0.013124999590218067,0.07478594779968262,10.27013111114502,19.712732315063477,0.7580000162124634,1.2752488851547241,f,4.0,453.0,0.5770000219345093,0.03500000014901161
ZTF23abbqytb,18,1504,58812.22840279993,60586.26677080011,True,False,4,,,,,60585.2915277998,60586.26677080011,0.9752430003136396,9.953149902513088,7.776488570302686,0.0368491121911815,0.0365102269718167,AGN,stamp_classifier,0.8745748,24.5.2a6,AGN,2.83226677601501e+18,F:\ZTF_Adjusted_Dataset\stamps\AGN\ZTF23abbqytb,,2.0,r,21.37038803100586,0.2089383751153946,0.9715420007705688,0.0012499999720603228,0.5,0.11610803008079529,15.615558624267578,16.083803176879883,0.38999998569488525,1.3545012474060059,f,18.0,1504.0,0.7570000290870667,0.05400000140070915
ZTF19abbpbhn,16,2325,58660.46391199995,61095.55401619989,True,False,4,7.342259,0.4798857,6.473825,0.41060472,58660.46391199995,61095.55401619989,2435.090104199946,303.2311786668339,1.4994611097985049,0.0391791027123146,0.0391656863175284,AGN,stamp_classifier,0.87434524,27.5.7a32.dev1,AGN,9.064639107150102e+17,F:\ZTF_Adjusted_Dataset\stamps\AGN\ZTF19abbpbhn,,2.0,r,15.965385437011719,0.15121328830718994,0.9977080225944519,0.6186310052871704,0.15914000570774078,0.36130714416503906,10.3980073928833,11.329856872558594,0.9980000257492065,1.199979305267334,f,1.0,79.0,0.6570000052452087,-0.03700000047683716
ZTF21abjztie,190,1423,59045.45944439992,60989.13120369986,True,False,117,,,,,59402.45863430016,60989.13120369986,1586.6725693996996,349.0341012226602,-7.433781228295862,0.0054288805833919,0.0053832510337962,AGN,stamp_classifier,0.87417805,27.5.7a32.dev1,AGN,1.64845863631501e+18,F:\ZTF_Adjusted_Dataset\stamps\AGN\ZTF21abjztie,,1.0,g,20.528427124023438,0.20801186561584473,0.9987499713897705,0.5,0.0008333330042660236,0.275739461183548,13.16050910949707,13.331080436706543,0.6140000224113464,1.4502018690109253,f,4.0,380.0,0.4440000057220459,0.010999999940395355
ZTF23abdouah,15,1048,59821.36696759984,60586.4009027998,True,False,5,,,,,60585.23940970004,60586.4009027998,1.1614930997602642,0.2931900000019883,-13.032248099999329,0.0667184436330081,0.0649999970654641,AGN,stamp_classifier,0.87416035,24.5.2a6,AGN,2.83123940021501e+18,F:\ZTF_Adjusted_Dataset\stamps\AGN\ZTF23abdouah,,1.0,g,21.193817138671875,0.19570331275463104,0.8647140264511108,0.03375000134110451,0.27876800298690796,0.3266068398952484,9.37958812713623,20.857196807861328,0.9419999718666077,1.3672634363174438,f,11.0,1028.0,0.6549999713897705,0.014999999664723873
ZTF18abtynxx,698,1270,58342.46079860022,61054.1292940001,True,False,471,,,,,58369.32756939996,61054.1292940001,2684.80172460014,5.914069148275987,-17.898366397139647,0.003436776759793,0.0032704475592647,AGN,stamp_classifier,0.874151,27.5.7a32.dev1,AGN,6.24334742815015e+17,F:\ZTF_Adjusted_Dataset\stamps\AGN\ZTF18abtynxx,,1.0,g,18.934646606445312,0.17498113214969635,0.1749580055475235,0.01135419961065054,0.693988025188446,0.14706052839756012,11.412038803100586,16.685855865478516,0.8930000066757202,1.4059779644012451,t,16.0,48.0,1.7050000429153442,0.15600000321865082
ZTF20abmtmtd,17,659,58699.42042820016,59526.19293980021,True,True,6,,,,,59045.4453125,59526.19293980021,480.7476273002103,342.1971856666667,-6.243308850000001,5.664311667542517e-05,4.066638661086701e-05,AGN,stamp_classifier,0.87411255,correction_1.0.6,AGN,1.294440340715015e+18,F:\ZTF_Adjusted_Dataset\stamps\AGN\ZTF20abmtmtd,,1.0,g,20.66002655029297,0.19715312123298645,0.9987499713897705,0.9918749928474426,-999.0,0.40881940722465515,26.843822479248047,-999.0,0.6729999780654907,1.2851155996322632,t,3.0,232.0,0.26899999380111694,-0.007000000216066837
ZTF24abklkzs,26,1344,59760.44482639991,60586.33318290021,True,False,18,,,,,60555.30115740001,60586.33318290021,31.03202550020069,357.19691203387504,-1.596370305041974,0.0222921322765683,0.0222834794903188,AGN,stamp_classifier,0.8740741,24.5.2a6,AGN,2.83126487331501e+18,F:\ZTF_Adjusted_Dataset\stamps\AGN\ZTF24abklkzs,,2.0,r,21.118072509765625,0.19483381509780884,0.994583010673523,0.4733960032463074,0.0016666699666529894,0.1462617665529251,24.00111961364746,26.439882278442383,0.9520000219345093,1.2702867984771729,f,12.0,1327.0,0.42399999499320984,-0.014999999664723873
ZTF19ablxqtn,213,2337,58397.31945599988,61055.12290510023,True,True,73,,,,,58697.42484949995,61055.12290510023,2357.698055600282,28.712991341994687,18.57874359260751,0.0034773452847161,0.0032961292202234,AGN,stamp_classifier,0.8739792,27.5.7a32.dev1,AGN,9.43424842515015e+17,F:\ZTF_Adjusted_Dataset\stamps\AGN\ZTF19ablxqtn,,2.0,r,20.755077362060547,0.2141861766576767,0.9919379949569702,0.04383330047130585,0.0006249999860301614,0.19554109871387482,19.231605529785156,21.98237419128418,0.6700000166893005,1.1461409330368042,t,1.0,196.0,0.7540000081062317,-0.013000000268220901
ZTF20abgdead,22,625,59018.25,59766.25,True,False,5,-0.11800003,0.07655323,-0.12339869,0.081466354,59018.356678199954,59766.35939810006,748.0027199001051,325.13544424,-9.69604798,6.80410023422948e-05,4.931670102533805e-05,AGN,stamp_classifier,0.87397856,dev,AGN,1.26445998341501e+18,F:\ZTF_Adjusted_Dataset\stamps\AGN\ZTF20abgdead,,2.0,r,20.713430404663086,0.20430079102516174,0.778423011302948,0.6985359787940979,0.0012499999720603228,0.15477105975151062,3.669883966445923,4.044894218444824,0.6959999799728394,1.1516380310058594,f,2.0,206.0,0.3959999978542328,0.027000000700354576
ZTF20aboldxz,364,1757,59054.45783559978,61030.22289349977,True,False,197,,,,,59054.45783559978,61030.22289349977,1975.7650578999887,357.8809508936768,-5.626074847402161,0.0050277033060817,0.0050034841930971,AGN,stamp_classifier,0.8738579,27.5.7a32.dev1,AGN,1.306462110315015e+18,F:\ZTF_Adjusted_Dataset\stamps\AGN\ZTF20aboldxz,,1.0,g,20.35991668701172,0.17909778654575348,0.5,1.0,0.004999999888241291,0.14596958458423615,0.15351228415966034,17.11019515991211,0.49000000953674316,1.257796049118042,t,2.0,210.0,0.460999995470047,-0.019999999552965164
ZTF23abdrtbn,11,2286,58672.5,60202.5,True,True,1,,,,,60202.412118100096,60202.412118100096,0.0,4.1661002,24.0289751,,,AGN,stamp_classifier,0.87379193,1.2.1,AGN,2.44841211001501e+18,F:\ZTF_Adjusted_Dataset\stamps\AGN\ZTF23abdrtbn,,1.0,g,21.001554489135742,0.21601445972919464,0.9925000071525574,0.8892920017242432,0.0,0.32099467515945435,21.462692260742188,22.575437545776367,0.4519999921321869,1.2677985429763794,f,11.0,2286.0,0.43700000643730164,-0.024000000208616257
ZTF20abhafyh,404,1692,58634.46539349994,59524.164583299775,True,True,96,-0.153642,0.12709633,-0.08883776,0.2935725,59014.39584490005,59524.164583299775,509.7687383997254,341.21991546041664,21.602391234374995,5.588006042669277e-05,4.842041289457707e-05,AGN,stamp_classifier,0.8736064,correction_1.0.6,AGN,1.33642019551501e+18,F:\ZTF_Adjusted_Dataset\stamps\AGN\ZTF20abhafyh,,1.0,g,20.835132598876953,0.20235732197761536,0.5713329911231995,0.04987499862909317,1.0,0.19032400846481323,9.804292678833008,14.579562187194824,0.6600000262260437,1.8300000429153442,f,111.0,563.0,0.16200000047683716,0.004999999888241291
ZTF18abtyhcr,34,1212,58343.39722219994,60933.2738194,True,False,6,,,,,59524.1484375,60933.2738194,1409.1253818999976,359.4304265333241,-16.346814499999997,0.0276540348588083,0.0265361379068113,AGN,stamp_classifier,0.87354463,27.5.6,AGN,1.77014843471501e+18,F:\ZTF_Adjusted_Dataset\stamps\AGN\ZTF18abtyhcr,,1.0,g,20.61433982849121,0.19444476068019867,0.991457998752594,0.9332559704780579,0.005833330098539591,0.1237388625741005,23.060487747192383,25.944547653198242,0.8059999942779541,1.1720225811004639,f,16.0,526.0,0.453000009059906,-0.026000000536441803
ZTF21acankdj,309,1536,58670.44078700012,61031.17626160011,True,False,118,,,,,59459.39393519983,61031.17626160011,1571.78232640028,0.0394844037981732,-4.784537611816899,0.0048596771272452,0.004842742946725,AGN,stamp_classifier,0.87343013,27.5.7a32.dev1,AGN,1.71337934091501e+18,F:\ZTF_Adjusted_Dataset\stamps\AGN\ZTF21acankdj,,2.0,r,20.60651206970215,0.2032315880060196,0.9979169964790344,0.9635419845581055,0.5,0.0536632165312767,8.036641120910645,19.446979522705078,0.8939999938011169,1.0750579833984375,f,33.0,510.0,0.19200000166893005,-0.00800000037997961
ZTF22aapudbx,18,634,58380.25,59897.25,True,False,11,-0.2630098,0.148939,-0.16966316,0.14876789,59785.45760420011,59897.14962959988,111.69202539976686,7.718491754545454,-17.30612792727273,5.42785107320313e-05,7.292804797778757e-05,AGN,stamp_classifier,0.87342566,1.1.6,AGN,2.03145760251501e+18,F:\ZTF_Adjusted_Dataset\stamps\AGN\ZTF22aapudbx,,1.0,g,20.320499420166016,0.19790664315223694,0.9991670250892639,0.0024999999441206455,0.0062500000931322575,0.31820282340049744,8.447175979614258,10.218179702758789,0.6840000152587891,1.3509997129440308,f,3.0,544.0,0.3569999933242798,0.0
ZTF19aazdjgj,63,818,58642.5,59854.25,True,False,33,0.013028,0.155075,0.11272145,0.12579335,58642.4210994998,59854.25403939979,1211.8329398999922,346.1404755212121,-3.776308387878788,4.9583507577960006e-05,3.2338249001573606e-05,AGN,stamp_classifier,0.87339765,dev,AGN,1.00327320261501e+18,F:\ZTF_Adjusted_Dataset\stamps\AGN\ZTF19aazdjgj,,2.0,r,20.109384536743164,0.1873575896024704,0.9982500076293945,0.9176669716835022,0.5,0.15352661907672882,20.092344284057617,29.65087890625,0.9340000152587891,1.940000057220459,f,26.0,96.0,0.8930000066757202,-0.0729999989271164
ZTF20aclkplx,9,742,59056.5,59853.25,True,False,5,,,,,59116.31157410005,59853.3564352002,737.0448611001484,24.94137064,-10.0198174,5.061628196474845e-05,5.723473595692746e-05,AGN,stamp_classifier,0.8732549,dev,AGN,1.38838333251501e+18,F:\ZTF_Adjusted_Dataset\stamps\AGN\ZTF20aclkplx,,1.0,g,20.484071731567383,0.21588818728923798,0.9710000157356262,0.5,0.03566670045256615,0.46390393376350403,20.948820114135742,21.47062873840332,0.6499999761581421,2.680000066757202,f,6.0,359.0,0.3050000071525574,0.019999999552965164
ZTF20aboljfz,237,1652,58675.44501159992,60934.33230319992,True,False,153,,,,,59054.458761599846,60934.33230319992,1879.873541600071,350.6533405991672,-5.111737275546815,0.0056309542570132,0.0056085588638941,AGN,stamp_classifier,0.8732502,27.5.6,AGN,1.30045876001501e+18,F:\ZTF_Adjusted_Dataset\stamps\AGN\ZTF20aboljfz,,1.0,g,20.646881103515625,0.19663000106811523,0.9585829973220825,0.5,0.009583329781889915,0.24450671672821045,1.028397560119629,9.422977447509766,0.6420000195503235,1.3226540088653564,f,2.0,247.0,0.3959999978542328,0.02199999988079071
ZTF18acqfutk,7,1514,58442.40747690015,59384.224618100096,True,True,1,,,,,59384.224618100096,59384.224618100096,0.0,173.6065531,43.0667332,,,AGN,stamp_classifier,0.87301797,correction_0.0.1,AGN,1.63022461581501e+18,F:\ZTF_Adjusted_Dataset\stamps\AGN\ZTF18acqfutk,,1.0,g,21.119157791137695,0.0855480432510376,0.9991670250892639,-999.0,-999.0,0.21357569098472595,-999.0,-999.0,0.6970000267028809,3.690000057220459,f,7.0,1514.0,0.29899999499320984,-0.017000000923871994
ZTF24abaqkgd,20,1227,60139.45730319992,60551.38478010008,True,False,3,,,,,60533.3426620001,60551.38478010008,18.04211809998378,348.5392858906114,17.282667306331994,0.0540746914464838,0.0516332580798983,AGN,stamp_classifier,0.87297684,24.5.2a6,AGN,2.77934266231501e+18,F:\ZTF_Adjusted_Dataset\stamps\AGN\ZTF24abaqkgd,,2.0,r,21.130481719970703,0.20226678252220154,0.9756550192832947,0.0,0.5,0.14195586740970612,5.404557704925537,23.109289169311523,0.9729999899864197,1.1083225011825562,f,18.0,1211.0,0.3179999887943268,0.02500000037252903
ZTF24abkmbgi,20,1335,59045.45990739996,60586.21682870016,True,False,4,,,,,60585.2416087999,60586.21682870016,0.9752199002541602,355.44402745000025,-1.5442379999999305,0.0459786396825789,0.0459619389939625,AGN,stamp_classifier,0.87293386,24.5.2a6,AGN,2.83128815371501e+18,F:\ZTF_Adjusted_Dataset\stamps\AGN\ZTF24abkmbgi,,1.0,g,21.283641815185547,0.20146332681179047,0.9958329796791077,0.5,0.5,0.213609516620636,1.3605889081954956,1.5486805438995361,0.8790000081062317,1.3286092281341553,f,18.0,1324.0,0.5789999961853027,0.027000000700354576
ZTF23abdejrx,23,1100,60170.36665510014,60586.26118060015,True,False,3,,,,,60586.19123840006,60586.26118060015,0.0699422000907361,356.5487673574223,-11.49893487969326,0.0526908475355774,0.0516332580798983,AGN,stamp_classifier,0.87290144,24.5.2a6,AGN,2.83221461261501e+18,F:\ZTF_Adjusted_Dataset\stamps\AGN\ZTF23abdejrx,,1.0,g,21.216270446777344,0.2011154443025589,0.8732079863548279,1.0,0.002708330051973462,0.06804279237985611,6.316117286682129,21.329559326171875,0.6970000267028809,2.3499999046325684,f,22.0,1098.0,0.47699999809265137,0.02800000086426735
ZTF20abpdqxg,190,1312,59054.45783559978,60586.4031134001,True,False,112,,,,,59054.45783559978,60586.4031134001,1531.945277800318,354.0603387901501,-4.7842297061770775,0.0344507082937745,0.0343306763873242,AGN,stamp_classifier,0.87286,24.5.2a6,AGN,1.30345290081501e+18,F:\ZTF_Adjusted_Dataset\stamps\AGN\ZTF20abpdqxg,,2.0,r,20.71689796447754,0.21707868576049805,0.9473090171813965,0.011374999769032001,0.002083329949527979,0.0957280620932579,19.062345504760742,22.44918441772461,0.5600000023841858,1.2012944221496582,f,2.0,251.0,0.6930000185966492,0.029999999329447746
ZTF20aalrisa,298,2765,58314.23333329987,60798.34495369997,True,False,67,,,,,58856.558553200215,60798.34495369997,1941.7864004997537,213.5863601149258,31.057624808955225,0.0092698585416928,0.0079410135918851,AGN,stamp_classifier,0.87259513,26.0.1,AGN,1.14445718041501e+18,F:\ZTF_Adjusted_Dataset\stamps\AGN\ZTF20aalrisa,,1.0,g,20.965072631835938,0.20707659423351288,0.1670210063457489,0.5,0.5,0.2414119988679886,1.204070806503296,4.079927921295166,0.6650000214576721,1.7100000381469727,f,31.0,634.0,0.7049999833106995,-0.00800000037997961
ZTF24ablaork,45,1385,58697.43759260001,60586.37533560023,True,False,4,,,,,60586.28223379981,60586.37533560023,0.0931018004193902,1.17180121452119,-3.349080731552233,0.0365726884554325,0.0365102269718167,AGN,stamp_classifier,0.87256867,24.5.2a6,AGN,2.83237533241501e+18,F:\ZTF_Adjusted_Dataset\stamps\AGN\ZTF24ablaork,,2.0,r,21.356199264526367,0.1887475997209549,0.5,0.6432920098304749,0.0062500000931322575,0.09034789353609085,0.27592772245407104,9.355535507202148,0.9610000252723694,1.2247238159179688,f,45.0,1385.0,0.7799999713897705,0.07999999821186066
ZTF20abolhnp,21,1189,58785.215983800124,60888.39817130007,True,True,13,,,,,59045.45944439992,60888.39817130007,1842.9387269001452,349.09574740707154,-11.456169535987602,0.0204587792296381,0.0200511771049948,AGN,stamp_classifier,0.87251335,27.5.6,AGN,1.30045829311501e+18,F:\ZTF_Adjusted_Dataset\stamps\AGN\ZTF20abolhnp,,1.0,g,20.498926162719727,0.21134395897388458,0.9578869938850403,0.9245830178260803,0.9845420122146606,0.36852821707725525,4.660170078277588,14.983575820922852,0.7900000214576721,1.3821941614151,f,4.0,208.0,0.2980000078678131,0.010999999940395355
ZTF19abceiut,64,687,58662.5,60170.25,True,False,46,0.25624,0.358322,0.071266934,0.3744635,58662.44113430008,60170.3676041998,1507.926469899714,356.2080955413044,-17.418875776086956,6.108729846268029e-05,5.388933592634338e-05,AGN,stamp_classifier,0.8724391,1.2.0,AGN,9.0844113201501e+17,F:\ZTF_Adjusted_Dataset\stamps\AGN\ZTF19abceiut,,1.0,g,20.36782455444336,0.21542859077453613,0.9971669912338257,0.9887499809265137,0.0016666699666529894,0.26251327991485596,7.975454330444336,17.35909080505371,0.6230000257492065,1.256540060043335,f,1.0,85.0,0.28200000524520874,0.008999999612569809
ZTF18abtjbfi,2457,7105,58338.39699070016,60965.22942129988,True,False,1019,,,,,58338.39699070016,60965.22942129988,2626.832430599723,326.86128553550816,25.81425644058104,0.0024231457468083,0.0021813410669871,AGN,stamp_classifier,0.87238115,27.5.6,AGN,,F:\ZTF_Adjusted_Dataset\stamps\AGN\ZTF18abtjbfi,,,,,,,,,,,,,,,,,,
ZTF18abwekoc,729,3326,58350.35451389989,61030.09421300003,True,False,296,,,,,58367.30569439987,61030.09421300003,2662.788518600166,337.08969249512614,30.14478281455033,0.0047746090275817,0.0041288868550984,AGN,stamp_classifier,0.8723375,27.5.7a32.dev1,AGN,6.2229869111501e+17,F:\ZTF_Adjusted_Dataset\stamps\AGN\ZTF18abwekoc,,1.0,g,20.782548904418945,0.2074018269777298,0.0024999999441206455,0.822393000125885,0.9607920050621033,0.3850281536579132,13.26489543914795,14.825383186340332,0.6380000114440918,2.5299999713897705,f,19.0,341.0,0.4650000035762787,-0.004000000189989805
ZTF20abmssud,295,1755,58727.37731479993,60976.23366900021,True,False,143,,,,,59048.418831000105,60976.23366900021,1927.814838000108,353.05627328543346,-1.058199168647656,0.005940929138136,0.0059399158334321,AGN,stamp_classifier,0.8722549,27.5.7a32.dev1,AGN,1.33141400411501e+18,F:\ZTF_Adjusted_Dataset\stamps\AGN\ZTF20abmssud,,1.0,g,20.499282836914062,0.2057485282421112,0.9944170117378235,0.5,-999.0,0.1368660032749176,28.87224769592285,-999.0,0.6029999852180481,2.700000047683716,f,12.0,275.0,0.9089999794960022,-0.01600000075995922
ZTF19abjagfc,5,146,58669.46061340021,58691.45857639983,True,True,3,,,,,58669.46061340021,58691.45857639983,21.99796299962327,355.5534763,1.0316956,1.2471166743741454e-05,3.354206314475148e-05,AGN,stamp_classifier,0.8719962,corr_bulk_0.0.1,AGN,9.37458571515015e+17,F:\ZTF_Adjusted_Dataset\stamps\AGN\ZTF19abjagfc,,1.0,g,20.690088272094727,0.20248767733573914,0.9925829768180847,0.9207919836044312,0.05124400183558464,0.2751721143722534,16.885826110839844,23.924718856811523,0.6439999938011169,1.2439112663269043,t,5.0,146.0,0.6010000109672546,0.003000000026077032
ZTF19abkcvem,492,1746,58353.38365740003,61031.14346060017,True,False,379,,,,,58675.44501159992,61031.14346060017,2355.6984490002505,349.3990667845867,-5.15207914037768,0.0013961916285412,0.0013905507780751,AGN,stamp_classifier,0.87188953,27.5.7a32.dev1,AGN,1.031216420415015e+18,F:\ZTF_Adjusted_Dataset\stamps\AGN\ZTF19abkcvem,,1.0,g,20.087963104248047,0.17971092462539673,0.9506670236587524,0.00645832996815443,0.0,0.08186885714530945,8.79779052734375,14.318583488464355,0.9089999794960022,4.690000057220459,t,24.0,116.0,0.4650000035762787,0.014999999664723873
ZTF24abkxwel,34,1314,59045.45990739996,60586.42651619995,True,False,3,,,,,60586.28665510006,60586.42651619995,0.1398610998876392,354.0469590000053,-5.367617849999735,0.0603687960099753,0.0601040769242788,AGN,stamp_classifier,0.87143713,24.5.2a6,AGN,2.83230993081501e+18,F:\ZTF_Adjusted_Dataset\stamps\AGN\ZTF24abkxwel,,1.0,g,21.265796661376953,0.21222254633903503,0.9987499713897705,0.5,0.01766669936478138,0.3699900805950165,1.618287444114685,14.955480575561523,0.8960000276565552,1.5399667024612427,f,33.0,1309.0,0.8619999885559082,-0.014000000432133675
ZTF25abenkuc,48,1952,59031.47978009982,60883.39106479986,True,False,5,,,,,60858.40188660007,60883.39106479986,24.989178199786693,341.49239623032395,9.49825140737384,0.0340128088350007,0.0335465144341046,AGN,stamp_classifier,0.8713502,27.5.6,AGN,3.12939106051501e+18,F:\ZTF_Adjusted_Dataset\stamps\AGN\ZTF25abenkuc,,2.0,r,20.937583923339844,0.21605314314365387,0.9482200145721436,0.9429579973220825,0.007416670210659504,0.06782625615596771,7.466854095458984,18.423507690429688,0.8709999918937683,1.1679741144180298,f,48.0,1952.0,0.5090000033378601,-0.029999999329447746
ZTF20abmlvzk,298,2934,59047.45423609996,61056.119756899774,True,False,159,,,,,59047.45423609996,61056.119756899774,2008.665520799812,1.2179742260682682,-6.103205624533587,0.0049020987004901,0.0048743134225187,AGN,stamp_classifier,0.8712652,27.5.7a32.dev1,AGN,1.293454231115015e+18,F:\ZTF_Adjusted_Dataset\stamps\AGN\ZTF20abmlvzk,,1.0,g,20.3820743560791,0.20090614259243011,0.9885420203208923,0.5,0.0198512002825737,0.17292174696922302,13.744574546813965,22.09052848815918,0.843999981880188,1.2349941730499268,t,1.0,379.0,0.515999972820282,0.027000000700354576
ZTF20abntpuv,110,1180,59014.38908560015,60536.41400460014,True,False,67,0.1443,0.297991,0.17019044,0.321577,59052.40217590006,60536.41400460014,1484.0118287000803,335.2293870948474,4.112827060174503,0.0286620220312388,0.0285882095727884,AGN,stamp_classifier,0.87124515,24.5.2a6,AGN,1.298402172815015e+18,F:\ZTF_Adjusted_Dataset\stamps\AGN\ZTF20abntpuv,,2.0,r,21.03583526611328,0.2158002406358719,0.9267079830169678,0.5,0.15292300283908844,0.4348903000354767,22.995901107788086,24.042274475097656,0.6060000061988831,1.178739070892334,t,2.0,262.0,0.44999998807907104,0.013000000268220901
ZTF20acduwjl,20,529,59046.439571800176,59436.46089120023,True,True,8,-0.411968,0.2573867,-0.18744694,0.35372126,59107.34689809987,59436.46089120023,329.1139931003563,10.7239416125,-10.126444525,8.811000328317551e-05,5.128842113814226e-05,AGN,stamp_classifier,0.870972,correction_1.0.6,AGN,1.36333377251501e+18,F:\ZTF_Adjusted_Dataset\stamps\AGN\ZTF20acduwjl,,1.0,g,20.687068939208984,0.17973685264587402,0.7721250057220459,0.010791700333356857,0.026017900556325912,0.19295062124729156,6.628936290740967,7.577073097229004,0.6710000038146973,1.2065402269363403,f,8.0,341.0,0.7839999794960022,-0.03400000184774399
ZTF21acekmjv,44,911,59377.43311339989,59517.24817130016,True,True,6,-0.33950043,0.1590366,-0.17359304,0.44326723,59488.20200229995,59517.24817130016,29.046169000212103,350.41992400000004,5.9790882,5.2058851311305015e-05,6.688144735262803e-05,AGN,stamp_classifier,0.870958,correction_1.0.6,AGN,1.76324817401501e+18,F:\ZTF_Adjusted_Dataset\stamps\AGN\ZTF21acekmjv,,2.0,r,20.88463592529297,0.20449860394001007,0.9977080225944519,1.0,1.0,0.08220648020505905,7.7892608642578125,19.597936630249023,0.875,1.1378453969955444,f,44.0,911.0,0.37299999594688416,0.013000000268220901
ZTF20abnwaxe,1,233,59052.4583101999,59052.4583101999,True,True,1,,,,,59052.4583101999,59052.4583101999,0.0,352.1224505,-18.6952638,,,AGN,stamp_classifier,0.87095714,corr_bulk_0.0.1,AGN,1.298458313115015e+18,F:\ZTF_Adjusted_Dataset\stamps\AGN\ZTF20abnwaxe,,1.0,g,20.56048011779785,0.20156019926071167,1.0,0.9954169988632202,0.06188099831342697,0.260247141122818,15.882582664489746,23.23689079284668,0.3779999911785126,2.3499999046325684,t,1.0,233.0,0.35499998927116394,0.004999999888241291
ZTF24abkjujd,45,1414,59410.46099539986,60586.338784699794,True,False,12,,,,,60585.20949070016,60586.338784699794,1.1292939996346831,18.371406449998947,-1.140592825000384,0.0325064415598087,0.0324999986703195,AGN,stamp_classifier,0.87091583,24.5.2a6,AGN,2.83120949331501e+18,F:\ZTF_Adjusted_Dataset\stamps\AGN\ZTF24abkjujd,,2.0,r,21.198318481445312,0.19999971985816956,0.9860420227050781,0.8999459743499756,0.9884999990463257,0.11122570931911469,8.597338676452637,25.81389808654785,0.9169999957084656,1.332169532775879,f,34.0,1391.0,0.29499998688697815,-0.008999999612569809
ZTF19abfhyot,300,1402,58667.463391200174,60989.2427662001,True,False,156,,,,,58667.463391200174,60989.2427662001,2321.779374999925,359.5713977118362,-10.181538492453637,0.0060739518502683,0.0059783028897605,AGN,stamp_classifier,0.8708872,27.5.7a32.dev1,AGN,9.5346144201501e+17,F:\ZTF_Adjusted_Dataset\stamps\AGN\ZTF19abfhyot,,2.0,r,20.37566566467285,0.20482175052165985,0.9700000286102295,0.9962499737739563,0.0,0.15254034101963043,5.357624053955078,18.635343551635742,0.6069999933242798,2.549999952316284,f,28.0,155.0,0.6790000200271606,0.009999999776482582
ZTF19abegmjc,472,1294,58670.44033560017,61017.19207180012,True,False,317,,,,,58670.44033560017,61017.19207180012,2346.751736199949,359.038836749632,-9.241401787313292,0.0041534533740171,0.0040995434490037,AGN,stamp_classifier,0.8705335,27.5.7a32.dev1,AGN,9.1644033381501e+17,F:\ZTF_Adjusted_Dataset\stamps\AGN\ZTF19abegmjc,,1.0,g,20.721744537353516,0.20981094241142273,1.0,1.0,0.9935420155525208,0.09864787012338638,4.632252216339111,22.1270809173584,0.6470000147819519,1.2130656242370605,f,2.0,121.0,0.24699999392032623,-0.017000000923871994
ZTF25abezduo,10,2067,58862.10873840004,60884.46444439981,True,False,2,,,,,60884.463506899774,60884.46444439981,0.0009375000372529,20.708446199999766,15.959223950000002,0.0478044386232773,0.0459619390912516,AGN,stamp_classifier,0.8703833,27.5.6,AGN,3.13046444151501e+18,F:\ZTF_Adjusted_Dataset\stamps\AGN\ZTF25abezduo,,1.0,g,21.021989822387695,0.21674074232578278,0.9987499713897705,0.9890000224113464,0.0,0.4187958538532257,15.777634620666504,16.548233032226562,0.4790000021457672,1.2337150573730469,f,10.0,2067.0,0.41999998688697815,-0.014999999664723873
ZTF20abpviby,22,1237,59061.45447919984,61031.122303199954,True,True,11,,,,,59061.45447919984,61031.122303199954,1969.66782400012,27.23020959981088,-17.30622362784716,0.0217989140850395,0.0208120436381397,AGN,stamp_classifier,0.87035674,27.5.7a32.dev1,AGN,1.307454472815015e+18,F:\ZTF_Adjusted_Dataset\stamps\AGN\ZTF20abpviby,,2.0,r,20.252948760986328,0.18617060780525208,0.9966670274734497,0.9983329772949219,0.0,0.2795236110687256,20.720561981201172,27.82146453857422,0.7990000247955322,1.649999976158142,t,1.0,222.0,0.746999979019165,-0.041999999433755875
ZTF19abqrxpu,44,489,58694.5,60205.25,True,False,12,0.060069,0.22328083,0.04891415,0.2605598,59061.45250000013,60205.36780089978,1143.915300899651,7.2016588,-25.458945325,7.213988935661396e-05,6.374952584539856e-05,AGN,stamp_classifier,0.87024504,1.2.1,AGN,1.30745249261501e+18,F:\ZTF_Adjusted_Dataset\stamps\AGN\ZTF19abqrxpu,,2.0,r,20.334739685058594,0.19878990948200226,0.9762499928474426,0.0006249999860301614,0.0,0.4536626636981964,9.91508674621582,16.81751823425293,0.9779999852180481,2.5199999809265137,f,7.0,199.0,0.972000002861023,-0.04500000178813934
ZTF21ackolny,19,481,58711.5,60207.5,True,False,7,-0.22571759,-0.047105,0.056191187,0.04768666,59521.20953699993,60207.399131900165,686.1895949002355,17.62680282857143,-21.40689114285714,4.117336170806176e-05,4.368595720810447e-05,AGN,stamp_classifier,0.87000906,1.2.1,AGN,1.76725254551501e+18,F:\ZTF_Adjusted_Dataset\stamps\AGN\ZTF21ackolny,,2.0,r,20.445117950439453,0.20460228621959686,0.9954169988632202,0.7150599956512451,0.0,0.16479720175266266,23.235198974609375,29.593421936035156,0.6629999876022339,1.2426413297653198,f,6.0,308.0,0.7590000033378601,0.012000000104308128
ZTF20abofalt,16,465,58667.44041670021,59524.23096060008,True,True,5,0.17585182,0.74425626,0.042292494,0.70725095,59053.45895829983,59524.23096060008,470.7720023002476,2.6282206,-15.95598374,5.042732394250188e-05,4.213665862438744e-05,AGN,stamp_classifier,0.8699478,correction_1.0.6,AGN,1.29945895361501e+18,F:\ZTF_Adjusted_Dataset\stamps\AGN\ZTF20abofalt,,2.0,r,20.71881866455078,0.20537270605564117,0.6715149879455566,0.9935420155525208,0.7707080245018005,0.12856940925121307,20.7989444732666,22.144481658935547,0.8259999752044678,1.2208501100540161,f,7.0,259.0,0.47200000286102295,-0.013000000268220901
ZTF20aauecde,5,1514,58431.486805600114,59384.224618100096,True,True,1,,,,,59384.224618100096,59384.224618100096,0.0,173.0142254,43.0967756,,,AGN,stamp_classifier,0.8698171,correction_0.0.1,AGN,1.63022461581501e+18,F:\ZTF_Adjusted_Dataset\stamps\AGN\ZTF20aauecde,,1.0,g,22.12915802001953,0.21156096458435059,1.0,1.0,0.35862499475479126,0.16639980673789978,19.476268768310547,24.02424430847168,0.7039999961853027,2.5299999713897705,f,5.0,1514.0,0.6420000195503235,-0.032999999821186066
ZTF21abxeegz,73,688,58782.33136569988,61029.16813659994,True,False,42,,,,,59459.46186339995,61029.16813659994,1569.7062731999904,21.50067174943043,-25.39592840837554,0.0119611883647029,0.0108053278353425,AGN,stamp_classifier,0.86975753,27.5.7a32.dev1,AGN,1.70546186261501e+18,F:\ZTF_Adjusted_Dataset\stamps\AGN\ZTF21abxeegz,,2.0,r,20.35936164855957,0.21401533484458923,0.9981669783592224,0.04799700155854225,-999.0,0.17319053411483765,15.712953567504883,-999.0,0.6110000014305115,1.2039201259613037,f,2.0,273.0,0.17800000309944153,-0.009999999776482582
ZTF23abfjign,22,1511,60141.46317130001,60586.30993060023,True,False,7,,,,,60585.2416087999,60586.30993060023,1.068321800325066,354.8956029299583,-2.228922525227046,0.0318564567575558,0.0318323531273459,AGN,stamp_classifier,0.86967415,24.5.2a6,AGN,2.83124160381501e+18,F:\ZTF_Adjusted_Dataset\stamps\AGN\ZTF23abfjign,,1.0,g,21.329164505004883,0.21315151453018188,0.633213996887207,0.0037499999161809683,0.0,0.41416043043136597,5.829338550567627,19.862457275390625,0.9629999995231628,1.299775242805481,f,16.0,1494.0,0.6790000200271606,0.03400000184774399
ZTF24abkonyj,37,1417,58695.41644679988,60586.34320600005,True,False,4,,,,,60585.32144680014,60586.34320600005,1.021759199909866,3.56748266667392,4.793748666666716,0.0376595009982851,0.0375277660943366,AGN,stamp_classifier,0.8696516,24.5.2a6,AGN,2.83136802421501e+18,F:\ZTF_Adjusted_Dataset\stamps\AGN\ZTF24abkonyj,,1.0,g,21.246496200561523,0.2047639787197113,0.9950000047683716,0.0,0.005791670177131891,0.5509845018386841,18.856168746948242,22.616077423095703,0.9350000023841858,1.3890310525894165,f,35.0,1400.0,0.3449999988079071,0.014000000432133675
ZTF19abkhlzr,81,952,58694.48098379979,61030.16936339997,True,False,24,,,,,58694.48098379979,61030.16936339997,2335.6883796001785,9.286609291367116,-23.39452452136621,0.0160658679030768,0.0147451338524073,AGN,stamp_classifier,0.8693422,27.5.7a32.dev1,AGN,9.4048098381501e+17,F:\ZTF_Adjusted_Dataset\stamps\AGN\ZTF19abkhlzr,,2.0,r,20.56505012512207,0.20860114693641663,0.9983329772949219,0.008291670121252537,0.0,0.23054663836956024,7.688083648681641,11.95542049407959,0.7630000114440918,1.2552828788757324,f,1.0,57.0,0.7480000257492065,-0.008999999612569809
ZTF20acizkjp,39,1709,58694.426921300124,60884.38155090017,True,True,11,,,,,59116.295347199775,60884.38155090017,1768.0862037003972,349.81906055122164,3.198965764029309,0.0208445248437927,0.0208120436381397,AGN,stamp_classifier,0.869286,27.5.6,AGN,1.382250252615015e+18,F:\ZTF_Adjusted_Dataset\stamps\AGN\ZTF20acizkjp,,1.0,g,20.501100540161133,0.2063015252351761,0.9869049787521362,0.9892290234565735,0.0062500000931322575,0.32357141375541687,9.835423469543457,10.938581466674805,0.7509999871253967,1.2104597091674805,t,14.0,551.0,1.5069999694824219,-0.04399999976158142
ZTF19ackkorb,114,3093,58724.44910879992,60553.34412040003,True,False,17,,,,,58775.15831020009,60553.34412040003,1778.1858101999387,8.028000800008002,23.90428870000037,0.0410487829352033,0.0375277657501131,AGN,stamp_classifier,0.8691869,24.5.2a6,AGN,1.03216474081501e+18,F:\ZTF_Adjusted_Dataset\stamps\AGN\ZTF19ackkorb,,1.0,g,20.710315704345703,0.2045871913433075,0.9818120002746582,0.00916667003184557,0.026000000536441803,0.45747166872024536,3.4257705211639404,18.240964889526367,0.7149999737739563,1.296125888824463,f,12.0,321.0,0.4580000042915344,-0.004000000189989805
ZTF20abmzaqt,426,2055,58662.5,60113.5,True,False,42,0.1414,0.033048,0.23254511,0.12847774,59045.35699070012,60113.44601849979,1068.089027799666,328.21586423333326,9.429576947619047,6.116874965857641e-05,9.083459703532332e-05,AGN,stamp_classifier,0.8690352,1.2.0,AGN,1.30337049041501e+18,F:\ZTF_Adjusted_Dataset\stamps\AGN\ZTF20abmzaqt,,2.0,r,20.785850524902344,0.20099124312400818,0.9898930191993713,0.5,0.0016666699666529894,0.16293717920780182,13.403016090393066,17.247150421142578,0.6499999761581421,1.1973448991775513,f,30.0,422.0,0.3840000033378601,-0.006000000052154064
ZTF20abmrxnd,338,1745,59030.4659258998,60967.27607640019,True,False,232,,,,,59030.4659258998,60967.27607640019,1936.810150500387,349.04100606012605,-1.5216440378293183,0.0036417555893747,0.0036404712671429,AGN,stamp_classifier,0.86890626,27.5.6,AGN,1.33141634361501e+18,F:\ZTF_Adjusted_Dataset\stamps\AGN\ZTF20abmrxnd,,1.0,g,20.290678024291992,0.1763451099395752,0.9970830082893372,0.0,-999.0,0.06117915362119675,15.271573066711426,-999.0,0.9010000228881836,2.25,f,20.0,283.0,0.6660000085830688,0.012000000104308128
ZTF19abkhhny,97,1820,58667.44629629981,60533.45486109983,True,True,25,-0.4862995,-0.0792522,-0.03540039,0.019511467,58667.44629629981,60533.45486109983,1866.008564800024,29.13272377466649,15.587716599784056,0.0536048319929249,0.0516332565626723,AGN,stamp_classifier,0.86889637,24.5.2a6,AGN,1.024165451015015e+18,F:\ZTF_Adjusted_Dataset\stamps\AGN\ZTF19abkhhny,,1.0,g,20.116865158081055,0.2048267275094986,0.9975000023841858,0.5,0.5,0.18434451520442963,12.098901748657227,29.301862716674805,0.7390000224113464,2.0399999618530273,t,47.0,340.0,0.2680000066757202,-0.008999999612569809
ZTF23aatlyqa,320,1851,59060.46211809991,60974.21361109987,True,False,166,,,,,60119.457245400175,60974.21361109987,854.7563656996936,355.34604416644635,0.7285464650208512,0.0049874396319584,0.0049870363304996,AGN,stamp_classifier,0.86884016,27.5.7a32.dev1,AGN,2.39244571531501e+18,F:\ZTF_Adjusted_Dataset\stamps\AGN\ZTF23aatlyqa,,2.0,r,20.569318771362305,0.20777763426303864,0.9336789846420288,1.0,0.061178598552942276,0.07798300683498383,23.583845138549805,29.435054779052734,0.9049999713897705,1.1854175329208374,f,48.0,892.0,0.5429999828338623,-0.019999999552965164
ZTF19abeyudj,154,3416,58672.426411999855,61055.1077083,True,False,96,,,,,58672.426411999855,61055.1077083,2382.681296300143,359.2079610739507,1.0921818532794896,0.0033581600818095,0.0033575499050255,AGN,stamp_classifier,0.86883706,27.5.7a32.dev1,AGN,9.18426410715015e+17,F:\ZTF_Adjusted_Dataset\stamps\AGN\ZTF19abeyudj,,1.0,g,20.578834533691406,0.21625378727912903,1.0,0.5,0.0014583299634978175,0.3250340223312378,1.3682985305786133,25.385244369506836,0.6349999904632568,1.5276137590408325,t,1.0,216.0,0.6729999780654907,0.03400000184774399
ZTF23abkdaep,8,1545,60232.33001160016,60533.39369209996,True,False,1,,,,,60533.39369209996,60533.39369209996,0.0,32.5710021,7.1899907,0.0856736898422241,0.0850000008940696,AGN,stamp_classifier,0.8688293,24.5.2a6,AGN,2.77939369591501e+18,F:\ZTF_Adjusted_Dataset\stamps\AGN\ZTF23abkdaep,,2.0,r,21.019912719726562,0.1907690465450287,0.9820830225944519,0.0043750000186264515,0.0033333299215883017,0.28767508268356323,27.717851638793945,27.84307289123535,0.7960000038146973,1.1973448991775513,f,8.0,1545.0,0.18700000643730164,0.0010000000474974513
ZTF18abqxups,2,112,58694.48289350001,58695.44013890019,True,True,1,,,,,58695.44013890019,58695.44013890019,0.0,21.7681898,-15.9924029,,,AGN,stamp_classifier,0.86866736,corr_bulk_0.0.1,AGN,9.41440134115015e+17,F:\ZTF_Adjusted_Dataset\stamps\AGN\ZTF18abqxups,,1.0,g,20.689374923706055,0.20088015496730804,0.9552289843559265,0.0012499999720603228,0.0018749999580904841,0.30436310172080994,5.210205554962158,27.6918888092041,0.6179999709129333,1.2875704765319824,t,2.0,112.0,0.25099998712539673,0.02199999988079071
ZTF20acmpoqq,81,1918,58507.16265049996,61020.21353009995,True,True,13,,,,,59118.47152779997,61020.21353009995,1901.7420022999868,36.005122818028745,24.615647017149904,0.0212325278850808,0.0193029659961213,AGN,stamp_classifier,0.86864406,27.5.7a32.dev1,AGN,1.39038363311501e+18,F:\ZTF_Adjusted_Dataset\stamps\AGN\ZTF20acmpoqq,,1.0,g,21.043109893798828,0.20088717341423035,0.9975000023841858,1.0,0.004791670013219118,0.12239663302898407,18.963186264038086,19.32275390625,0.6930000185966492,1.1666215658187866,f,6.0,704.0,0.1899999976158142,-0.009999999776482582
ZTF19aawooky,440,2012,58606.27287039999,60846.25631939992,True,False,150,,,,,58612.2743286998,60846.25631939992,2233.981990700122,208.5314983297349,20.621813277413224,0.006359168723363,0.005951708163392,AGN,stamp_classifier,0.86850613,27.5.6,AGN,8.8227539401501e+17,F:\ZTF_Adjusted_Dataset\stamps\AGN\ZTF19aawooky,,1.0,g,20.828746795654297,0.20605669915676117,0.0016666699666529894,0.5,0.014270800165832043,0.28906071186065674,0.7378265857696533,15.963132858276367,0.6700000166893005,1.7000000476837158,f,5.0,161.0,0.5339999794960022,0.01600000075995922
ZTF21aceulas,26,319,58701.455324099865,59526.23201389983,True,True,15,-0.04847983,0.013042,-0.010899866,0.06445436,59459.33408559999,59526.23201389983,66.89792829984799,359.91788503333333,-26.990891346666665,6.994770154814515e-05,5.18020665151391e-05,AGN,stamp_classifier,0.8684703,correction_1.0.6,AGN,1.73427202091501e+18,F:\ZTF_Adjusted_Dataset\stamps\AGN\ZTF21aceulas,,1.0,g,20.49299430847168,0.21406415104866028,0.9477919936180115,0.0,0.0017500000540167093,0.10361825674772263,11.901057243347168,16.977508544921875,0.6499999761581421,1.3034143447875977,f,18.0,301.0,0.6380000114440918,0.029999999329447746
ZTF19ablozbk,2,376,58397.398321799934,58696.44260419998,True,True,1,,,,,58696.44260419998,58696.44260419998,0.0,30.0134909,-6.337434,,,AGN,stamp_classifier,0.86846745,corr_bulk_0.0.1,AGN,9.42442600615015e+17,F:\ZTF_Adjusted_Dataset\stamps\AGN\ZTF19ablozbk,,1.0,g,20.688676834106445,0.2084304243326187,0.9937499761581421,0.39879199862480164,0.0,0.250615656375885,25.54863166809082,26.045494079589844,0.796999990940094,1.2527648210525513,t,2.0,376.0,0.4189999997615814,-0.00800000037997961
ZTF19aaxvurq,99,2097,58607.5,59786.5,True,False,41,-0.0766,0.099848,0.11651376,0.3076478,58634.466319399886,59786.38472220022,1151.9184028003365,336.2295502707317,25.35737189756098,6.585023631287942e-05,4.992803565037274e-05,AGN,stamp_classifier,0.8684471,dev,AGN,8.8944534281501e+17,F:\ZTF_Adjusted_Dataset\stamps\AGN\ZTF19aaxvurq,,1.0,g,20.80491828918457,0.20812451839447021,0.0016666699666529894,0.7475950121879578,0.8764700293540955,0.20437097549438477,15.06463623046875,18.614526748657227,0.40799999237060547,1.5399999618530273,f,7.0,91.0,0.9459999799728394,-0.028999999165534973
ZTF19abnsgdh,284,1911,58646.447789399885,61056.119756899774,True,True,147,,,,,58691.47756939987,61056.119756899774,2364.642187499907,359.41983942204644,-2.234525174744732,0.00455709895251,0.0045536336194252,AGN,stamp_classifier,0.86841327,27.5.7a32.dev1,AGN,9.46461044715015e+17,F:\ZTF_Adjusted_Dataset\stamps\AGN\ZTF19abnsgdh,,1.0,g,20.7431583404541,0.21703879535198212,0.9885830283164978,0.9991670250892639,0.002916669938713312,0.4338197708129883,16.224443435668945,19.645811080932617,0.7020000219345093,1.2247238159179688,t,5.0,88.0,0.6779999732971191,-0.0430000014603138
ZTF19ablpjqz,15,578,58696.46192129981,59462.3770486,True,True,4,,,,,58696.46192129981,59462.3770486,765.9151273001917,3.172446125,-10.069851675,2.611096512968551e-05,5.597358752129013e-05,AGN,stamp_classifier,0.868327,correction_1.0.6,AGN,9.42461922815015e+17,F:\ZTF_Adjusted_Dataset\stamps\AGN\ZTF19ablpjqz,,2.0,r,20.707130432128906,0.21382033824920654,0.9873329997062683,0.9927080273628235,0.07495830208063126,0.14142803847789764,18.111331939697266,22.699411392211914,0.7070000171661377,1.2628071308135986,t,1.0,156.0,0.5350000262260437,-0.014999999664723873
ZTF20abmsqqi,28,916,58872.0,60182.5,True,False,16,0.238416,0.135017,0.105821215,0.08398016,59045.36123839999,60182.40278939996,1137.041550999973,354.3486109125,-1.73515538125,8.170583720658832e-05,0.0001186273280418,AGN,stamp_classifier,0.86831206,1.2.0,AGN,1.306423034315015e+18,F:\ZTF_Adjusted_Dataset\stamps\AGN\ZTF20abmsqqi,,2.0,r,20.53854751586914,0.21356554329395294,0.9460830092430115,1.0,0.0,0.4114670157432556,16.068387985229492,18.657644271850586,0.7429999709129333,2.3499999046325684,t,7.0,236.0,0.7239999771118164,-0.02800000086426735
ZTF19abdrwbr,553,1546,58635.39996530023,60969.22858799994,True,False,416,,,,,58641.44153939979,60969.22858799994,2327.7870486001484,335.7223855393065,5.7775548579757485,0.0035582875692722,0.0035402121683222,AGN,stamp_classifier,0.86825836,27.5.7a32.dev1,AGN,9.14445984115015e+17,F:\ZTF_Adjusted_Dataset\stamps\AGN\ZTF19abdrwbr,,1.0,g,20.535545349121094,0.21291129291057587,0.42476800084114075,0.20618699491024017,0.006750000175088644,0.38335564732551575,10.584291458129883,16.7452449798584,0.7310000061988831,1.9299999475479126,t,9.0,60.0,0.2529999911785126,-0.004000000189989805
ZTF21abypbjf,29,369,58380.5,59854.25,True,False,13,-0.104344,-0.077272,0.07115433,0.0061431387,59442.46039350005,59854.356250000186,411.8958565001376,18.833927253846152,-22.47509809230769,3.896963808327317e-05,6.94463157354087e-05,AGN,stamp_classifier,0.86816925,dev,AGN,1.70937703331501e+18,F:\ZTF_Adjusted_Dataset\stamps\AGN\ZTF21abypbjf,,2.0,r,20.249744415283203,0.21228443086147308,0.9889580011367798,0.9417499899864197,0.014166699722409248,0.1567571610212326,23.18077850341797,27.5335636138916,0.6700000166893005,1.3202643394470215,f,6.0,298.0,0.5870000123977661,0.007000000216066837
ZTF20abmsfbk,15,607,58812.16119210003,59081.37633100012,True,True,13,0.35779953,0.21794805,0.13951492,0.1693738,59027.4815508998,59081.37633100012,53.89478010032326,353.4946966923077,5.6708883384615385,5.709349731437937e-05,4.92416750740071e-05,AGN,stamp_classifier,0.8681679,corr_bulk_0.0.1,AGN,1.32737633331501e+18,F:\ZTF_Adjusted_Dataset\stamps\AGN\ZTF20abmsfbk,,2.0,r,20.612831115722656,0.20736046135425568,1.0,0.9944999814033508,0.0047380998730659485,0.4147796630859375,21.045848846435547,22.820030212402344,0.6600000262260437,1.1447625160217285,f,15.0,607.0,0.5540000200271606,0.009999999776482582
ZTF22abpnfzg,30,2498,59022.5,60224.25,True,False,11,0.29808444,0.214366,0.13055553,0.18401581,59881.27076390013,60224.2411342999,342.97037039976567,346.44395615454545,32.101583863636364,5.809776869632245e-05,6.064643885228419e-05,AGN,stamp_classifier,0.8681556,1.2.1,AGN,2.15217872231501e+18,F:\ZTF_Adjusted_Dataset\stamps\AGN\ZTF22abpnfzg,,1.0,g,20.86370277404785,0.21411198377609253,0.9991670250892639,0.9979169964790344,0.05706550180912018,0.24061496555805206,19.915918350219727,24.326557159423828,0.4860000014305115,1.2603040933609009,f,9.0,2245.0,0.23000000417232513,-0.009999999776482582
ZTF19abfipnv,584,2456,58322.46314809984,60969.2976505002,True,False,288,,,,,58667.44584489986,60973.34037039988,2305.8945255000144,26.661993067079067,13.185950067547603,0.0042959907478323,0.0041827262864521,AGN,stamp_classifier,0.8681213,27.5.7a32.dev1,AGN,9.1947243451501e+17,F:\ZTF_Adjusted_Dataset\stamps\AGN\ZTF19abfipnv,,1.0,g,20.35808563232422,0.2151714563369751,0.0159463994204998,0.5,0.5,0.39265909790992737,2.600698947906494,4.737662315368652,0.5920000076293945,1.368417739868164,f,20.0,133.0,1.0440000295639038,0.19499999284744263
ZTF19abkfaew,38,1412,58693.42486110004,60972.29314809991,True,True,10,,,,,59048.41932869982,60972.29314809991,1923.8738194000907,6.41298022674032,-16.90241369451248,0.0219432332683044,0.0209953142224406,AGN,stamp_classifier,0.86811596,27.5.7a32.dev1,AGN,1.29441932471501e+18,F:\ZTF_Adjusted_Dataset\stamps\AGN\ZTF19abkfaew,,2.0,r,20.424800872802734,0.21402376890182495,1.0,0.9599999785423279,0.002708330051973462,0.23485422134399414,23.201330184936523,24.623817443847656,0.5680000185966492,1.2451798915863037,f,6.0,257.0,0.5320000052452087,-0.014000000432133675
ZTF20aboekpt,24,1258,59053.45943289995,60586.42209490016,True,True,3,,,,,59053.45943289995,60586.42209490016,1532.962662000209,5.063049299998033,-4.279517399997611,0.0852376514428388,0.0850000002787145,AGN,stamp_classifier,0.8680155,24.5.2a6,AGN,1.299459431915015e+18,F:\ZTF_Adjusted_Dataset\stamps\AGN\ZTF20aboekpt,,2.0,r,20.641845703125,0.2088959515094757,0.9991670250892639,0.0060416702181100845,0.028666699305176735,0.6136221885681152,10.958573341369629,20.67112922668457,0.7400000095367432,1.2012944221496582,t,1.0,280.0,0.6179999709129333,0.003000000026077032
ZTF21abrmnmn,75,1308,59112.30024310015,60943.26893519983,True,True,9,,,,,59412.44127310021,60943.26893519983,1530.8276620996185,2.0902422457898897,-15.50901493997779,0.025635817629552,0.0247023759153192,AGN,stamp_classifier,0.8679303,27.5.6,AGN,1.68037414371501e+18,F:\ZTF_Adjusted_Dataset\stamps\AGN\ZTF21abrmnmn,,2.0,r,20.660688400268555,0.18745778501033783,0.9757080078125,0.0016666699666529894,0.012291699647903442,0.17821793258190155,15.301783561706543,15.894309997558594,0.6240000128746033,1.1960254907608032,f,10.0,471.0,0.597000002861023,-0.008999999612569809
ZTF20aboctsk,106,2153,59053.40615739999,60990.17984949984,True,True,24,,,,,59053.40615739999,60990.17984949984,1936.7736920998432,348.8334124011208,9.064635283884629,0.0154344996853711,0.0152417415465285,AGN,stamp_classifier,0.867781,27.5.7a32.dev1,AGN,1.30637788041501e+18,F:\ZTF_Adjusted_Dataset\stamps\AGN\ZTF20aboctsk,,1.0,g,20.626056671142578,0.20620441436767578,0.9865829944610596,0.8649700284004211,-999.0,0.39585620164871216,4.813713550567627,-999.0,0.8349999785423279,1.227299451828003,f,2.0,375.0,0.6380000114440918,0.012000000104308128
ZTF22abjulfe,167,2659,59726.5,60259.25,True,False,25,0.328436,0.487367,0.30997258,0.5696997,59874.14905089978,60259.144814800005,384.9957639002241,331.659138084,8.588937344,5.994559811427504e-05,4.116902233480048e-05,AGN,stamp_classifier,0.8677464,1.2.1,AGN,2.12014905151501e+18,F:\ZTF_Adjusted_Dataset\stamps\AGN\ZTF22abjulfe,,2.0,r,20.771276473999023,0.20597374439239502,0.9883750081062317,1.0,0.9975000023841858,0.14768902957439423,9.309219360351562,15.274236679077148,0.6499999761581421,1.2130656242370605,f,19.0,1970.0,0.5350000262260437,-0.013000000268220901
ZTF21abrdxee,256,1496,59047.45912039978,60935.33234950015,True,False,143,,,,,59425.41940970021,60935.33234950015,1509.9129397999495,355.50904644814256,-10.638393259097684,0.0057073808026595,0.0056092814117513,AGN,stamp_classifier,0.8676905,27.5.6,AGN,1.682421122815015e+18,F:\ZTF_Adjusted_Dataset\stamps\AGN\ZTF21abrdxee,,1.0,g,20.4932804107666,0.18734052777290344,0.9951670169830322,0.9939169883728027,0.0,0.40152010321617126,11.227137565612793,12.585232734680176,0.4860000014305115,1.2091546058654785,t,12.0,444.0,0.4320000112056732,0.024000000208616257
ZTF21abxmamz,149,1127,59048.5,60261.25,True,False,113,0.03403,0.164453,0.09549152,0.20063436,59435.41605320014,60261.20509260008,825.7890393999405,353.2508213707965,9.705815235398228,4.820797518911358e-05,5.323920400344358e-05,AGN,stamp_classifier,0.86764085,1.2.1,AGN,1.706392040915015e+18,F:\ZTF_Adjusted_Dataset\stamps\AGN\ZTF21abxmamz,,1.0,g,20.69317054748535,0.2141624093055725,0.9777500033378601,0.9740949869155884,0.8394579887390137,0.23473700881004333,16.782045364379883,21.655012130737305,0.7300000190734863,1.2702867984771729,t,16.0,629.0,0.3269999921321869,-0.012000000104308128
ZTF22aayfgib,11,877,58693.5,59793.5,True,True,3,0.2750225,1.0510066,0.2673111,1.045349,59765.45819440018,59793.37785879988,27.919664399698377,340.52282956666664,-2.4544026,0.0001005270776222,1.9451735141278544e-05,AGN,stamp_classifier,0.86757034,dev,AGN,2.03937785431501e+18,F:\ZTF_Adjusted_Dataset\stamps\AGN\ZTF22aayfgib,,2.0,r,20.804977416992188,0.20755231380462646,0.9727740287780762,0.5,0.006874999962747097,0.17685407400131226,15.659948348999023,22.309907913208008,0.8539999723434448,1.1433824300765991,f,11.0,877.0,0.35600000619888306,0.03700000047683716
ZTF23abctvfr,24,1275,59436.421122699976,60585.33248839993,True,False,1,,,,,60585.33248839993,60585.33248839993,0.0,357.4912454,-6.722807699999999,0.0654500275850296,0.0649999976158142,AGN,stamp_classifier,0.8675543,24.5.2a6,AGN,2.83133248561501e+18,F:\ZTF_Adjusted_Dataset\stamps\AGN\ZTF23abctvfr,,1.0,g,21.253095626831055,0.21071037650108337,0.5,0.5,0.04458329826593399,0.5083916783332825,6.203365325927734,15.025223731994629,0.9419999718666077,1.3649519681930542,f,24.0,1275.0,0.7910000085830688,0.04899999871850014
ZTF24abkkmth,21,1599,60140.41363430023,60586.34984950023,True,False,15,,,,,60555.30728009995,60586.34984950023,31.04256940027699,358.0249955591558,7.076994213918954,0.0219259262728287,0.0217588830195254,AGN,stamp_classifier,0.8675422,24.5.2a6,AGN,2.83123498591501e+18,F:\ZTF_Adjusted_Dataset\stamps\AGN\ZTF24abkkmth,,1.0,g,21.334421157836914,0.21631525456905365,0.9983329772949219,0.9920830130577087,0.5,0.27712324261665344,15.909558296203613,22.831586837768555,0.9860000014305115,1.3142712116241455,f,9.0,1579.0,0.49399998784065247,0.007000000216066837
ZTF20abolehi,105,1040,59018.5,60143.5,True,False,40,-0.065,0.07001,0.06779975,0.124772765,59024.4755092999,60143.44976849994,1118.9742592000405,352.5815789425,14.34742147,5.85240817768731e-05,5.360160349675698e-05,AGN,stamp_classifier,0.8675112,1.2.0,AGN,1.325351116315015e+18,F:\ZTF_Adjusted_Dataset\stamps\AGN\ZTF20abolehi,,1.0,g,20.545013427734375,0.20631614327430725,0.7354459762573242,0.7467920184135437,0.5,0.09265202283859253,13.775919914245605,15.214475631713867,0.7649999856948853,2.380000114440918,t,23.0,380.0,0.5440000295639038,-0.02500000037252903
ZTF23abfjpgl,38,1482,59054.45783559978,60586.35646989988,True,False,10,,,,,60585.2416087999,60586.35646989988,1.1148610999807715,355.0677562749998,0.1864733249996943,0.0325001737933588,0.0324999987047164,AGN,stamp_classifier,0.86750084,24.5.2a6,AGN,2.83124160541501e+18,F:\ZTF_Adjusted_Dataset\stamps\AGN\ZTF23abfjpgl,,1.0,g,20.923452377319336,0.18216586112976074,0.9937499761581421,0.9935420155525208,0.5,0.38955917954444885,15.578269958496094,16.91617774963379,0.9869999885559082,1.2900205850601196,f,29.0,1463.0,0.6579999923706055,0.020999999716877937
ZTF23abebneq,10,889,60195.363911999855,60949.35491900006,True,False,6,,,,,60195.363911999855,60949.35491900006,753.9910070002079,8.242327349970875,-26.854378149999995,0.0297437821714887,0.0265361379068113,AGN,stamp_classifier,0.8673827,27.5.6,AGN,2.44936047081501e+18,F:\ZTF_Adjusted_Dataset\stamps\AGN\ZTF23abebneq,,1.0,g,20.404098510742188,0.19086460769176483,0.9955829977989197,0.12475000321865082,0.4542979896068573,0.2908196449279785,13.616963386535645,23.742856979370117,0.6639999747276306,1.4059779644012451,f,2.0,589.0,0.3449999988079071,-0.010999999940395355
ZTF18abwzzly,11,1375,58378.41047450015,59522.26510420023,True,True,2,,,,,59501.40402780008,59522.26510420023,20.861076400149614,19.3303254,-4.831481,1.4849242405108984e-05,8.909545442814176e-06,AGN,stamp_classifier,0.8672893,correction_1.0.6,AGN,1.76826510131501e+18,F:\ZTF_Adjusted_Dataset\stamps\AGN\ZTF18abwzzly,,1.0,g,20.7243595123291,0.21689049899578094,0.9991670250892639,0.9956250190734863,0.3398570120334625,0.3998141288757324,18.012277603149414,19.550050735473633,0.4020000100135803,1.2489781379699707,f,11.0,1375.0,0.42800000309944153,-0.0010000000474974513
ZTF22abkgeii,17,728,59054.5,59854.25,True,False,5,0.09831,0.617679,0.143935,0.673361,59824.35391200008,59854.276180599816,29.92226859973744,353.67204528,-9.38361942,2.7362602220331627e-05,7.444620205192825e-05,AGN,stamp_classifier,0.867282,dev,AGN,2.10027618341501e+18,F:\ZTF_Adjusted_Dataset\stamps\AGN\ZTF22abkgeii,,2.0,r,20.672189712524414,0.19631950557231903,0.9835420250892639,0.0012499999720603228,-999.0,0.23108626902103424,23.335309982299805,-999.0,0.7699999809265137,1.153008222579956,f,17.0,728.0,0.5649999976158142,0.023000000044703484
ZTF19abkemwb,239,976,58670.5,60254.25,True,False,107,0.216632,0.133575,0.069253325,0.04695749,58670.4626042,60254.201481500175,1583.738877300173,352.84732875794384,-10.870527567289718,8.145043409697492e-05,5.779750398693231e-05,AGN,stamp_classifier,0.8671418,1.2.1,AGN,9.40427822315015e+17,F:\ZTF_Adjusted_Dataset\stamps\AGN\ZTF19abkemwb,,1.0,g,20.770523071289062,0.21450543403625488,0.5476670265197754,0.47821998596191406,0.0,0.12763521075248718,4.278923034667969,18.588340759277344,0.6449999809265137,1.2156660556793213,t,3.0,42.0,1.2089999914169312,0.03400000184774399
ZTF21abmwxyp,275,1544,59111.33083330002,60990.2823379999,True,False,164,,,,,59403.39818290016,60990.2823379999,1586.8841550997458,344.7528548733468,-8.184158055473885,0.0033507315722195,0.0033166063811737,AGN,stamp_classifier,0.86704487,27.5.7a32.dev1,AGN,1.66041856371501e+18,F:\ZTF_Adjusted_Dataset\stamps\AGN\ZTF21abmwxyp,,1.0,g,20.344629287719727,0.1926582306623459,0.9950000047683716,0.04408330097794533,-999.0,0.24659167230129242,28.915191650390625,-999.0,0.7570000290870667,1.1894066333770752,f,5.0,386.0,0.1379999965429306,-0.009999999776482582
ZTF22abjgova,1,694,59851.25,59851.25,True,True,1,,,,,59851.31207180023,59851.31207180023,0.0,359.2358447,-12.5340802,,,AGN,stamp_classifier,0.8670098,dev,AGN,2.09731207041501e+18,F:\ZTF_Adjusted_Dataset\stamps\AGN\ZTF22abjgova,,2.0,r,20.5880126953125,0.2163788378238678,1.0,0.7032139897346497,0.04408330097794533,0.21029914915561676,5.842996120452881,6.913336277008057,0.9430000185966492,1.153008222579956,f,1.0,694.0,0.33799999952316284,-0.004999999888241291
ZTF18aceinsy,119,1520,58429.20591440005,60974.19332179986,True,False,59,,,,,58429.20591440005,60974.19332179986,2544.987407399807,337.66527946090275,6.86057123507704,0.0091949521985265,0.0091291140477314,AGN,stamp_classifier,0.86691475,27.5.7a32.dev1,AGN,6.7520591541501e+17,F:\ZTF_Adjusted_Dataset\stamps\AGN\ZTF18aceinsy,,1.0,g,20.778881072998047,0.21022793650627136,0.16034500300884247,0.9822919964790344,0.984000027179718,0.30207666754722595,5.416745185852051,23.48168182373047,0.6399999856948853,1.2208501100540161,f,1.0,22.0,0.5460000038146973,0.03200000151991844
ZTF21acmcjfd,33,647,59051.5,59784.5,True,False,8,0.08200836,-0.16873118,0.163769,-0.04425172,59520.27545139985,59784.4202083,264.1447569001466,348.1319316875,-2.888236075,5.553823489579437e-05,3.137777876133468e-05,AGN,stamp_classifier,0.866901,dev,AGN,1.77016693211501e+18,F:\ZTF_Adjusted_Dataset\stamps\AGN\ZTF21acmcjfd,,1.0,g,20.724224090576172,0.18466201424598694,0.9677079916000366,0.2169400006532669,0.15970200300216675,0.32411321997642517,12.963113784790039,20.42206573486328,0.7149999737739563,1.1840848922729492,f,21.0,556.0,0.515999972820282,-0.013000000268220901
ZTF18acekjdx,1,132,58429.26145830005,58429.26145830005,True,True,1,,,,,58429.26145830005,58429.26145830005,0.0,12.4296882,-18.0826623,,,AGN,stamp_classifier,0.8666025,corr_bulk_0.0.1,AGN,6.7526145191501e+17,F:\ZTF_Adjusted_Dataset\stamps\AGN\ZTF18acekjdx,,2.0,r,20.62639045715332,0.2165037840604782,0.9975000023841858,0.16608299314975739,0.008750000037252903,0.4258464276790619,21.35800552368164,25.66130828857422,0.7879999876022339,1.3947029113769531,f,1.0,132.0,0.5329999923706055,-0.019999999552965164
ZTF20abwfhks,58,658,58642.4210994998,59526.1661111,True,True,26,-0.4122,-0.034805,-0.19087727,0.05760349,59077.41418980016,59526.1661111,448.751921299845,346.6569902576924,-4.110565200000001,5.651598835093429e-05,4.367991758229015e-05,AGN,stamp_classifier,0.8664851,correction_1.0.6,AGN,1.331416342615015e+18,F:\ZTF_Adjusted_Dataset\stamps\AGN\ZTF20abwfhks,,1.0,g,20.626781463623047,0.20608842372894287,0.9922500252723694,0.5289350152015686,-999.0,0.24506276845932007,8.608851432800293,-999.0,0.902999997138977,1.2012944221496582,t,12.0,272.0,0.7639999985694885,0.009999999776482582
ZTF20abmzsmj,226,1595,59049.41863430012,60949.33278940013,True,True,58,,,,,59049.41863430012,60949.33278940013,1899.9141551000064,14.344167652924328,-0.0879259662290228,0.0096316757585734,0.0096316640646064,AGN,stamp_classifier,0.86624324,27.5.6,AGN,1.29541863581501e+18,F:\ZTF_Adjusted_Dataset\stamps\AGN\ZTF20abmzsmj,,2.0,r,20.68112564086914,0.21299724280834198,0.9933329820632935,0.5,0.023541700094938278,0.24085184931755066,8.517441749572754,8.654261589050293,0.8119999766349792,1.232434630393982,f,1.0,352.0,0.9290000200271606,-0.041999999433755875
ZTF20abmknyp,113,1256,59044.45980319986,60972.22833329998,True,True,52,,,,,59044.45980319986,60972.22833329998,1927.7685301001184,358.8904953274003,-10.532222366533128,0.0106258887438734,0.0104468664575862,AGN,stamp_classifier,0.8662259,27.5.7a32.dev1,AGN,1.29341901211501e+18,F:\ZTF_Adjusted_Dataset\stamps\AGN\ZTF20abmknyp,,2.0,r,20.645517349243164,0.20500509440898895,0.9977499842643738,0.5,0.0,0.6230265498161316,12.09250259399414,12.253584861755371,0.7379999756813049,1.1760571002960205,f,2.0,289.0,0.675000011920929,0.020999999716877937
ZTF20abgduvg,98,1290,59018.46280089999,60583.1944213002,True,False,41,,,,,59018.46280089999,60583.1944213002,1564.7316204002127,334.76715295000014,-7.351590299997137,0.032769375759737,0.0324999981715648,AGN,stamp_classifier,0.866184,24.5.2a6,AGN,1.29741424631501e+18,F:\ZTF_Adjusted_Dataset\stamps\AGN\ZTF20abgduvg,,2.0,r,20.65142059326172,0.19936178624629974,0.9977080225944519,0.7214999794960022,0.5,0.11356355249881744,10.468233108520508,13.530444145202637,0.6919999718666077,1.8700000047683716,f,3.0,229.0,0.2549999952316284,-0.017999999225139618
ZTF21ackpfde,13,1406,58757.5,59822.5,True,True,1,,,,,59822.47513889987,59822.47513889987,0.0,27.9316609,15.4784545,,,AGN,stamp_classifier,0.86615694,dev,AGN,2.06847513151501e+18,F:\ZTF_Adjusted_Dataset\stamps\AGN\ZTF21ackpfde,,2.0,r,20.81158447265625,0.20546147227287292,0.964792013168335,0.0,0.0637499988079071,0.36721736192703247,17.053661346435547,29.172985076904297,0.4880000054836273,1.2298697233200073,f,13.0,1406.0,0.3919999897480011,0.019999999552965164
ZTF22aarhnvj,57,1648,59751.5,59814.25,True,False,16,0.1765,0.105454326,-0.0283063,0.07500285,59761.43270830018,59814.331122700125,52.89841439994052,0.01643163125,26.61268038125,4.7235124201522864e-05,5.134330490266197e-05,AGN,stamp_classifier,0.86613756,dev,AGN,2.01543068431501e+18,F:\ZTF_Adjusted_Dataset\stamps\AGN\ZTF22aarhnvj,,1.0,g,20.667158126831055,0.21190589666366577,0.9892500042915344,0.978958010673523,0.0012499999720603228,0.03566732630133629,20.336320877075195,23.14162826538086,0.6850000023841858,2.509999990463257,f,15.0,1506.0,0.296999990940094,-0.024000000208616257
ZTF24abkxwyx,10,1342,59459.35771990009,60586.30993060023,True,False,8,,,,,60585.21831020014,60586.30993060023,1.09162040008232,356.20944222893024,0.143422052076371,0.0258167114185577,0.0258166290744315,AGN,stamp_classifier,0.86603653,24.5.2a6,AGN,2.83230993551501e+18,F:\ZTF_Adjusted_Dataset\stamps\AGN\ZTF24abkxwyx,,1.0,g,21.439794540405273,0.19937238097190857,0.9962499737739563,0.0012499999720603228,-999.0,0.45562198758125305,24.16307830810547,-999.0,0.7620000243186951,1.3070433139801025,f,10.0,1342.0,0.4050000011920929,-0.0020000000949949026
ZTF21abkqlbg,564,2283,59377.43265049998,61024.13034720021,True,False,251,,,,,59377.43265049998,61024.13034720021,1646.6976967002263,349.5826213038496,13.974756744171907,0.0043168554071981,0.0041890860060528,AGN,stamp_classifier,0.86592466,27.5.7a32.dev1,AGN,1.65142368551501e+18,F:\ZTF_Adjusted_Dataset\stamps\AGN\ZTF21abkqlbg,,2.0,r,20.664749145507812,0.18740664422512054,0.994583010673523,0.9890000224113464,0.0,0.19410595297813416,23.793235778808594,24.06873893737793,0.6240000128746033,1.2039201259613037,f,2.0,757.0,0.48100000619888306,-0.04399999976158142
ZTF21abrzslb,85,1353,58732.37662040023,60973.248472199775,True,False,48,,,,,59415.459618099965,60973.248472199775,1557.78885409981,16.09565923792313,-17.61323808237231,0.0104996993021754,0.0100074813418706,AGN,stamp_classifier,0.86590105,27.5.7a32.dev1,AGN,1.68146141211501e+18,F:\ZTF_Adjusted_Dataset\stamps\AGN\ZTF21abrzslb,,2.0,r,20.724809646606445,0.21211563050746918,0.9829170107841492,0.9975000023841858,-999.0,0.4250147044658661,7.943305015563965,-999.0,0.7760000228881836,1.1973448991775513,f,13.0,406.0,0.7379999756813049,-0.028999999165534973
ZTF19aboygzl,240,768,58390.29548610002,61030.08550930023,True,False,197,,,,,58693.46087960014,61030.08550930023,2336.6246297000907,1.4770114021857748,-22.593308869979158,0.0054260745344844,0.0050096508059228,AGN,stamp_classifier,0.8658664,27.5.7a32.dev1,AGN,9.5139760371501e+17,F:\ZTF_Adjusted_Dataset\stamps\AGN\ZTF19aboygzl,,1.0,g,20.319719314575195,0.21358399093151093,1.0,-999.0,-999.0,0.1547868400812149,-999.0,-999.0,0.5090000033378601,1.3521679639816284,f,3.0,86.0,0.16300000250339508,0.0
ZTF18abwpaqw,1,61,58377.30841440009,58377.30841440009,True,True,1,,,,,58377.30841440009,58377.30841440009,0.0,358.1308938,-20.4565069,,,AGN,stamp_classifier,0.865865,corr_bulk_0.0.1,AGN,6.233084103150107e+17,F:\ZTF_Adjusted_Dataset\stamps\AGN\ZTF18abwpaqw,,2.0,r,20.27015495300293,0.20791380107402802,0.9676730036735535,0.5,0.003958330024033785,0.5192337036132812,14.442747116088867,23.75474739074707,0.41600000858306885,1.3474891185760498,f,1.0,61.0,0.5809999704360962,0.04500000178813934
ZTF20abmzriz,320,1862,59046.44003470009,61021.187048600055,True,False,120,,,,,59046.44003470009,61021.187048600055,1974.7470138999636,18.12770706611741,-5.160053610513176,0.0066929492838809,0.0066658249640325,AGN,stamp_classifier,0.86577785,27.5.7a32.dev1,AGN,1.29541863011501e+18,F:\ZTF_Adjusted_Dataset\stamps\AGN\ZTF20abmzriz,,2.0,r,20.432706832885742,0.2121448665857315,0.9981250166893005,0.9140480160713196,0.00800000037997961,0.10611867904663086,7.793464660644531,22.129390716552734,0.7260000109672546,1.6200000047683716,f,2.0,289.0,0.9390000104904175,0.01899999938905239
ZTF20acegphg,82,3725,59050.47506939992,60920.41956020007,True,False,2,,,,,60291.10856480012,60920.41956020007,629.3109953999519,10.047034399972768,25.06699075,0.0663537329024284,0.0601040770330592,AGN,stamp_classifier,0.8657417,27.5.6,AGN,2.53710856231501e+18,F:\ZTF_Adjusted_Dataset\stamps\AGN\ZTF20acegphg,,2.0,r,20.766416549682617,0.21503141522407532,0.9483749866485596,0.9950000047683716,0.2102379947900772,0.4231339395046234,7.5972161293029785,13.31714153289795,0.5920000076293945,1.0939840078353882,f,59.0,2765.0,0.4650000035762787,-0.00800000037997961
ZTF20abmtmus,4,225,58777.18431709986,59048.440347199794,True,True,3,0.13047409,0.11513233,0.017072678,0.08487685,59045.35796299996,59048.440347199794,3.08238419983536,343.73226780000005,-3.403476766666667,9.229739975676935e-05,2.4648394132989085e-05,AGN,stamp_classifier,0.8657011,corr_bulk_0.0.1,AGN,1.294440341615015e+18,F:\ZTF_Adjusted_Dataset\stamps\AGN\ZTF20abmtmus,,1.0,g,20.75157356262207,0.20858845114707947,1.0,0.9991670250892639,0.029708299785852432,0.27194297313690186,5.013062953948975,10.827985763549805,0.6930000185966492,1.1854175329208374,t,4.0,225.0,0.3409999907016754,0.009999999776482582
ZTF20ablwblo,40,1514,59045.36123839999,60586.379756900016,True,True,24,,,,,59045.36123839999,60586.379756900016,1541.01851850003,355.200220800006,-2.0758951999988837,0.0850558135533681,0.0849999938174867,AGN,stamp_classifier,0.8656554,24.5.2a6,AGN,1.391273983815015e+18,F:\ZTF_Adjusted_Dataset\stamps\AGN\ZTF20ablwblo,,1.0,g,20.286785125732422,0.17674753069877625,1.0,-999.0,-999.0,0.7203652858734131,-999.0,-999.0,0.6970000267028809,3.2300000190734863,t,32.0,493.0,0.7760000228881836,-0.06499999761581421
ZTF20abpdrvv,93,1796,58655.435000000056,60663.09334489983,True,False,19,,,,,59048.41834490001,60663.09334489983,1614.6749999998135,345.6025943611275,10.85483742860429,0.0160880880906421,0.0158002309206425,AGN,stamp_classifier,0.86560977,26.0.1,AGN,1.30345478281501e+18,F:\ZTF_Adjusted_Dataset\stamps\AGN\ZTF20abpdrvv,,2.0,r,20.864364624023438,0.20995526015758514,0.9918749928474426,0.9981250166893005,0.0,0.11638937890529633,20.198577880859375,29.05323028564453,0.5960000157356262,1.2285852432250977,f,6.0,370.0,0.8859999775886536,0.00800000037997961
ZTF19abcehsa,64,1576,58642.42063659988,60948.28943290003,True,False,39,,,,,58642.42063659988,60948.28943290003,2305.868796300143,342.3076980899873,-11.298447280104474,0.010908348062074,0.0106969435454185,AGN,stamp_classifier,0.86560816,27.5.6,AGN,9.1846114261501e+17,F:\ZTF_Adjusted_Dataset\stamps\AGN\ZTF19abcehsa,,2.0,r,20.507518768310547,0.20107869803905487,0.38298499584198,0.5,0.049507901072502136,0.4082831144332886,10.890231132507324,11.342671394348145,0.5730000138282776,1.4199999570846558,f,7.0,33.0,0.9629999995231628,0.10199999809265137
ZTF22abcisun,19,678,59517.25,59824.25,True,False,9,0.2074,0.20676,0.12350515,0.1798559,59786.379965300206,59824.31572919991,37.93576389970258,339.9132366888889,2.7748544,3.359086350559329e-05,4.711661065904684e-05,AGN,stamp_classifier,0.8655468,dev,AGN,2.06039400181501e+18,F:\ZTF_Adjusted_Dataset\stamps\AGN\ZTF22abcisun,,2.0,r,20.744525909423828,0.1977868378162384,1.0,0.9285420179367065,0.0032500000670552254,0.06824300438165665,14.55595588684082,15.468280792236328,0.8619999885559082,1.1322814226150513,f,17.0,668.0,0.7120000123977661,0.014000000432133675
ZTF19aaahcef,343,2119,58379.35761569999,61056.10086809984,True,False,172,,,,,58667.45812499989,61056.10086809984,2388.6427430999465,9.930366615758295,-4.816885421473678,0.004795642547662,0.0047787050035783,AGN,stamp_classifier,0.86535037,27.5.7a32.dev1,AGN,9.1644125041501e+17,F:\ZTF_Adjusted_Dataset\stamps\AGN\ZTF19aaahcef,,1.0,g,20.597394943237305,0.19477330148220062,0.3588390052318573,0.08652079850435257,0.5,0.350643515586853,11.877223014831543,28.584754943847656,0.6119999885559082,1.2439112663269043,f,14.0,199.0,0.4309999942779541,-0.0020000000949949026
ZTF19abmqjvm,146,740,58694.48098379979,60917.39865740016,True,False,97,,,,,58694.48098379979,60917.39865740016,2222.917673600372,11.02448156581746,-26.70115326982563,0.0080527284094812,0.0071940041443532,AGN,stamp_classifier,0.8653188,27.5.6,AGN,9.4448121011501e+17,F:\ZTF_Adjusted_Dataset\stamps\AGN\ZTF19abmqjvm,,2.0,r,20.25653076171875,0.21256470680236816,0.9943749904632568,0.35279199481010437,0.0012499999720603228,0.26121944189071655,7.435993671417236,14.38428783416748,0.6069999933242798,1.3695710897445679,f,2.0,59.0,0.44600000977516174,-0.01600000075995922
ZTF19abbpbhk,17,2327,58660.46391199995,61096.55622689985,True,False,5,,,,,58660.46391199995,61096.55622689985,2436.092314899899,303.29205896728314,1.6015225952981893,0.0335596244668579,0.0335465144341046,AGN,stamp_classifier,0.8652527,27.5.7a32.dev1,AGN,9.0646391071501e+17,F:\ZTF_Adjusted_Dataset\stamps\AGN\ZTF19abbpbhk,,2.0,r,15.616385459899902,0.09658650308847427,0.9866669774055481,0.5,0.5,0.22292308509349823,3.1702258586883545,3.8529231548309326,0.9959999918937683,1.199979305267334,f,2.0,79.0,0.972000002861023,-0.05000000074505806
ZTF21abrdbao,40,1386,58429.2311689998,60586.20798610011,True,False,5,,,,,60566.377141200006,60586.20798610011,19.83084490010515,2.0817344810036458,-6.672175251529179,0.0519853441356465,0.0516332579419687,AGN,stamp_classifier,0.86519563,24.5.2a6,AGN,2.83123277611501e+18,F:\ZTF_Adjusted_Dataset\stamps\AGN\ZTF21abrdbao,,1.0,g,21.015520095825195,0.18755148351192474,0.9810420274734497,0.0024999999441206455,0.0012499999720603228,0.2664507031440735,11.86024284362793,20.8140869140625,0.9700000286102295,1.3649519681930542,f,37.0,1371.0,0.6850000023841858,-0.017000000923871994
ZTF19abnqvlv,23,248,58634.43250000011,58705.443240699824,True,True,5,0.22460747,0.21608634,0.23123741,0.2498433,58690.453819400165,58705.443240699824,14.989421299658716,345.70877254,7.81281268,4.640207970567197e-05,5.6584335288100085e-05,AGN,stamp_classifier,0.8651568,corr_bulk_0.0.1,AGN,9.5144324521501e+17,F:\ZTF_Adjusted_Dataset\stamps\AGN\ZTF19abnqvlv,,2.0,r,20.599693298339844,0.21448712050914764,0.016666699200868607,0.9975000023841858,0.9956250190734863,0.42603176832199097,10.90512466430664,13.921586036682129,0.7490000128746033,1.247713327407837,f,23.0,248.0,0.6779999732971191,0.004999999888241291
ZTF20abnwazc,46,1133,58732.37931710016,60941.293599499855,True,True,4,,,,,59052.4583101999,60941.293599499855,1888.8352892999535,352.39762657168484,-14.882200461582793,0.0355222403124079,0.0343306785766476,AGN,stamp_classifier,0.8650841,27.5.6,AGN,1.29845831631501e+18,F:\ZTF_Adjusted_Dataset\stamps\AGN\ZTF20abnwazc,,1.0,g,20.606809616088867,0.17515495419502258,0.9872080087661743,0.0046131000854074955,0.013500000350177288,0.019511763006448746,22.0173397064209,26.303804397583008,0.6499999761581421,2.5299999713897705,f,3.0,230.0,0.41999998688697815,0.026000000536441803
ZTF20abswhde,80,1494,59047.45912039978,60586.330972199794,True,True,20,,,,,59047.45912039978,60586.330972199794,1538.8718518000096,357.1181820000028,-13.276462199995525,0.0873341496955636,0.0849999950481967,AGN,stamp_classifier,0.8650338,24.5.2a6,AGN,1.322439801015015e+18,F:\ZTF_Adjusted_Dataset\stamps\AGN\ZTF20abswhde,,1.0,g,20.02239227294922,0.2045297771692276,0.9908329844474792,0.5,0.021666700020432472,0.6182966232299805,24.41752815246582,25.860761642456055,0.5860000252723694,2.990000009536743,t,5.0,321.0,0.753000020980835,-0.027000000700354576
ZTF20abuduvd,92,1294,59047.41901620012,60586.424294000026,True,False,45,,,,,59050.47789350012,60586.424294000026,1535.946400499903,355.97718309999726,-9.659741499988671,0.0862224780280501,0.0849999873562604,AGN,stamp_classifier,0.8649261,24.5.2a6,AGN,1.33142938471501e+18,F:\ZTF_Adjusted_Dataset\stamps\AGN\ZTF20abuduvd,,1.0,g,20.628721237182617,0.2166995257139206,0.9852920174598694,0.9223330020904541,0.9742860198020935,0.5974814295768738,17.82122039794922,23.98174285888672,0.546999990940094,1.292466163635254,f,9.0,305.0,0.8270000219345093,-0.014999999664723873
ZTF20abwovhk,97,1682,59046.43910880014,60944.29822919984,True,True,19,,,,,59062.47996529983,60944.29822919984,1881.8182639000008,3.673449234187228,-8.325600676021093,0.01704842450052,0.0168687543113333,AGN,stamp_classifier,0.8649215,27.5.6,AGN,1.33239223411501e+18,F:\ZTF_Adjusted_Dataset\stamps\AGN\ZTF20abwovhk,,2.0,r,20.543506622314453,0.1770867109298706,0.9673749804496765,0.00937500037252903,0.024791700765490532,0.26271089911460876,18.13161849975586,19.639423370361328,0.8349999785423279,1.159834861755371,f,7.0,323.0,0.28600001335144043,0.003000000026077032
ZTF19abmpmcd,1159,4853,58447.32958329981,61059.14577550022,True,False,270,,,,,58691.46968750004,61059.14577550022,2367.676088000182,25.324407535925168,30.83707311620826,0.005180590372977,0.0044482019537716,AGN,stamp_classifier,0.8648389,27.5.7a32.dev1,AGN,,F:\ZTF_Adjusted_Dataset\stamps\AGN\ZTF19abmpmcd,,,,,,,,,,,,,,,,,,
ZTF21abtvfyj,163,2432,59400.5,60204.5,True,True,7,0.14429855,0.49807215,0.01576217,0.51201034,60194.31997689977,60204.3828125,10.062835600227118,353.7172177285714,25.698589800000004,3.424654309504069e-05,3.460390151452332e-05,AGN,stamp_classifier,0.86480886,1.2.1,AGN,2.45038281211501e+18,F:\ZTF_Adjusted_Dataset\stamps\AGN\ZTF21abtvfyj,,2.0,r,21.082462310791016,0.21040867269039154,0.9922500252723694,0.9809579849243164,-999.0,0.46347522735595703,9.192620277404785,-999.0,0.6190000176429749,1.125287652015686,f,163.0,2432.0,0.5210000276565552,0.009999999776482582
ZTF19ablpklz,22,1381,58662.4424883998,60586.30108800018,True,True,11,,,,,58667.44086810015,60586.30108800018,1918.8602199000304,2.3349766600087016,-7.682681879999439,0.0293321792786615,0.0290688825674197,AGN,stamp_classifier,0.8646493,24.5.2a6,AGN,9.4246192621501e+17,F:\ZTF_Adjusted_Dataset\stamps\AGN\ZTF19ablpklz,,2.0,r,20.654029846191406,0.21286602318286896,1.0,0.017041699960827827,0.5,0.31705939769744873,6.661788463592529,6.93114709854126,0.527999997138977,2.3499999046325684,f,11.0,170.0,0.4690000116825104,-0.004000000189989805
ZTF21acnmqns,28,752,58669.46106480016,59526.2135648001,True,True,5,-0.12380028,0.10048743,0.009169261,0.15037748,59502.380324100144,59526.2135648001,23.83324069995433,353.77763462,10.02468078,8.435965859929954e-05,4.036541836776034e-05,AGN,stamp_classifier,0.8645741,correction_1.0.6,AGN,1.772213562615015e+18,F:\ZTF_Adjusted_Dataset\stamps\AGN\ZTF21acnmqns,,1.0,g,20.687856674194336,0.20735952258110046,0.9725000262260437,0.9975000023841858,0.9449999928474426,0.042274631559848785,18.411027908325195,19.57917594909668,0.7649999856948853,1.350000023841858,t,28.0,752.0,0.5479999780654907,0.00800000037997961
ZTF19abjpbai,115,2719,58430.26049769996,60942.299294000026,True,False,16,,,,,59841.32517360011,60942.299294000026,1100.974120399915,5.102888042817072,34.3329966828427,0.0207869798391248,0.0171653392883238,AGN,stamp_classifier,0.86452866,27.5.6,AGN,2.10036361441501e+18,F:\ZTF_Adjusted_Dataset\stamps\AGN\ZTF19abjpbai,,1.0,g,20.870677947998047,0.20606011152267456,0.9950000047683716,0.0,0.04675000160932541,0.23724764585494995,11.486642837524414,15.550394058227539,0.7749999761581421,1.2349941730499268,f,34.0,1632.0,0.1809999942779541,0.008999999612569809
ZTF20abgduxo,414,2132,59014.39003469981,61028.1118402998,True,False,304,,,,,59014.39003469981,61028.1118402998,2013.721805599984,344.0807567346683,18.10326664274522,0.0044290854379384,0.00420983685635,AGN,stamp_classifier,0.8645132,27.5.7a32.dev1,AGN,1.29840405281501e+18,F:\ZTF_Adjusted_Dataset\stamps\AGN\ZTF20abgduxo,,2.0,r,20.68450355529785,0.18261593580245972,0.36947301030158997,0.0008333330042660236,0.003583329962566495,0.14584340155124664,6.074941635131836,8.559660911560059,0.8270000219345093,2.5399999618530273,f,9.0,341.0,0.41999998688697815,0.010999999940395355
ZTF21abxcsiz,17,375,58715.4682407002,59526.23153939983,True,True,10,0.03816373,0.19736215,0.05017709,0.20629233,59430.46033560019,59526.23153939983,95.7712037996389,8.36112683,-20.9391926,6.33206136352259e-05,8.347353539363294e-05,AGN,stamp_classifier,0.86446255,correction_1.0.6,AGN,1.705396285615015e+18,F:\ZTF_Adjusted_Dataset\stamps\AGN\ZTF21abxcsiz,,2.0,r,20.614635467529297,0.21709991991519928,0.959555983543396,0.0012499999720603228,0.0041666701436042786,0.4166017472743988,2.8086488246917725,19.18390464782715,0.4819999933242798,1.3286092281341553,t,4.0,294.0,0.5889999866485596,-0.0010000000474974513
ZTF21abjwluc,1,353,59401.45932869986,59401.45932869986,True,True,1,,,,,59401.45932869986,59401.45932869986,0.0,1.2349441,-16.2260456,,,AGN,stamp_classifier,0.86442345,correction_0.0.1,AGN,1.647459324315015e+18,F:\ZTF_Adjusted_Dataset\stamps\AGN\ZTF21abjwluc,,2.0,r,20.32736587524414,0.2147246152162552,0.9941669702529907,0.22062499821186066,0.043916698545217514,0.2516005039215088,9.640917778015137,28.091693878173828,0.5870000123977661,1.5674047470092773,t,1.0,353.0,0.503000020980835,0.004999999888241291
ZTF21acgwxbx,81,1570,59428.40571760014,60914.34925930016,True,True,27,,,,,59517.208449100144,60914.34925930016,1397.1408102000132,343.5040193906789,-9.028272524096996,0.0135254922561911,0.0133579248590239,AGN,stamp_classifier,0.864392,27.5.6,AGN,1.77116668431501e+18,F:\ZTF_Adjusted_Dataset\stamps\AGN\ZTF21acgwxbx,,2.0,r,20.490741729736328,0.2034778743982315,0.9950000047683716,0.994333028793335,0.0012499999720603228,0.152796670794487,18.369054794311523,23.252065658569336,0.8930000066757202,1.2000000476837158,f,53.0,605.0,0.2879999876022339,0.004000000189989805
ZTF19abooohy,48,1339,58400.25,60202.25,True,False,14,0.15294439,0.223785,0.009765548,0.21635956,58703.41814809991,60202.2708796002,1498.8527315002866,348.8931406714286,12.420599178571427,3.772455695429805e-05,5.321467667059921e-05,AGN,stamp_classifier,0.8643226,1.2.1,AGN,9.7638253391501e+17,F:\ZTF_Adjusted_Dataset\stamps\AGN\ZTF19abooohy,,2.0,r,20.354978561401367,0.16778582334518433,0.9675120115280151,0.992917001247406,-999.0,0.1384870707988739,27.284574508666992,-999.0,0.9810000061988831,1.0542962551116943,f,8.0,158.0,0.20399999618530273,0.003000000026077032
ZTF19acaohtw,71,491,58673.4790277998,59218.12999999989,True,True,46,-0.058200836,0.11912469,0.07374382,0.20009188,59044.46026619989,59218.12999999989,173.669733799994,3.322757880434782,-0.1099396847826087,6.772660931049816e-05,5.325276400710228e-05,AGN,stamp_classifier,0.86430705,corr_bulk_0.0.1,AGN,1.33237634551501e+18,F:\ZTF_Adjusted_Dataset\stamps\AGN\ZTF19acaohtw,,2.0,r,20.43536949157715,0.18405203521251678,0.8455830216407776,0.0018749999580904841,0.15600599348545074,0.06388303637504578,16.286510467529297,20.963056564331055,0.890999972820282,1.1026095151901245,f,34.0,380.0,0.1860000044107437,0.0020000000949949026
ZTF22absnvuv,45,1918,58695.41509260005,60555.37115739984,True,False,3,,,,,60536.38372689998,60555.37115739984,18.987430499866605,358.7188614333334,17.891107633333334,0.051568519694038,0.0490747733973095,AGN,stamp_classifier,0.8642375,24.5.2a6,AGN,2.80137115311501e+18,F:\ZTF_Adjusted_Dataset\stamps\AGN\ZTF22absnvuv,,2.0,r,20.793554306030273,0.20556163787841797,0.7554230093955994,0.9925000071525574,0.11679200083017349,0.25780215859413147,26.13079071044922,29.861196517944336,0.5759999752044678,1.142000675201416,f,45.0,1918.0,0.6690000295639038,0.014999999664723873
ZTF19abwqchx,20,143,58641.44350690022,58730.38253469998,True,True,5,0.10224724,0.4743866,0.10287285,0.53565395,58706.39709489979,58730.38253469998,23.98543980019167,347.91883283999994,10.15753654,4.546051033187396e-05,4.15339981217802e-05,AGN,stamp_classifier,0.86421734,corr_bulk_0.0.1,AGN,9.7638253221501e+17,F:\ZTF_Adjusted_Dataset\stamps\AGN\ZTF19abwqchx,,2.0,r,20.788951873779297,0.19479727745056152,0.9896669983863831,0.5,0.0,0.1183844655752182,7.057687759399414,7.143130779266357,0.9330000281333923,1.0452722311019897,f,20.0,143.0,0.5270000100135803,0.01899999938905239
ZTF21acjengo,485,3809,58736.45726849977,60941.29251160007,True,False,72,,,,,59766.43408560008,60941.29251160007,1174.8584259999916,9.292745899910413,23.03188271092979,0.0090900448775888,0.0083654525729042,AGN,stamp_classifier,0.86419135,27.5.6,AGN,2.03944629061501e+18,F:\ZTF_Adjusted_Dataset\stamps\AGN\ZTF21acjengo,,1.0,g,20.927417755126953,0.2166384905576706,1.0,0.0024999999441206455,0.8519790172576904,0.15522098541259766,10.27200984954834,14.583233833312988,0.6000000238418579,1.238823652267456,f,90.0,1772.0,0.19699999690055847,-0.0010000000474974513
ZTF22aaptvel,263,1886,58693.41562499991,61030.14905089978,True,False,99,,,,,59737.430162,61030.14905089978,1292.718888899777,346.8158625822714,3.263369948167712,0.0069651071570516,0.0069538124781232,AGN,stamp_classifier,0.863997,27.5.7a32.dev1,AGN,2.003436491815015e+18,F:\ZTF_Adjusted_Dataset\stamps\AGN\ZTF22aaptvel,,1.0,g,20.541370391845703,0.21043628454208374,0.9865000247955322,0.0,0.010083300061523914,0.27783650159835815,5.411629676818848,16.18922233581543,0.578000009059906,1.296125888824463,t,33.0,950.0,0.14900000393390656,-0.014999999664723873
ZTF22aasvxph,100,1858,58423.22045140015,60911.3213657001,True,False,25,,,,,59785.42622689996,60911.3213657001,1125.8951388001442,345.56899095398694,7.291705585165009,0.0144970226206153,0.0143797825116552,AGN,stamp_classifier,0.86393166,27.5.6,AGN,2.05834082551501e+18,F:\ZTF_Adjusted_Dataset\stamps\AGN\ZTF22aasvxph,,2.0,r,20.700075149536133,0.19341535866260529,0.9132919907569885,0.7616900205612183,0.04770829901099205,0.13863025605678558,17.9637393951416,25.428497314453125,0.7229999899864197,1.1322814226150513,f,41.0,935.0,0.6209999918937683,0.03999999910593033
ZTF24abakcoe,99,2220,58654.43475690018,60892.42482639989,True,False,17,,,,,60502.43771990016,60892.42482639989,389.9871064997278,337.86808902457057,11.577996636681483,0.0176739274194245,0.0173143049777666,AGN,stamp_classifier,0.86384946,27.5.6,AGN,2.77835680291501e+18,F:\ZTF_Adjusted_Dataset\stamps\AGN\ZTF24abakcoe,,2.0,r,21.099220275878906,0.21218644082546234,0.5351250171661377,0.984375,0.034315500408411026,0.07300067692995071,17.711639404296875,19.297115325927734,0.9160000085830688,1.1294890642166138,f,65.0,1910.0,0.871999979019165,0.0860000029206276
ZTF24ablazuz,8,1406,59055.4193171002,60586.38542820001,True,False,5,,,,,60585.2239351999,60586.38542820001,1.161493000108749,15.993750719998609,-4.67911106,0.0291660884374014,0.0290688826412569,AGN,stamp_classifier,0.86380523,24.5.2a6,AGN,2.83238542051501e+18,F:\ZTF_Adjusted_Dataset\stamps\AGN\ZTF24ablazuz,,1.0,g,21.51685333251953,0.20557346940040588,0.9889580011367798,0.5,0.23261600732803345,0.230856254696846,18.791378021240234,20.184955596923828,0.9409999847412109,1.2801917791366577,f,8.0,1406.0,0.7379999756813049,0.02199999988079071
ZTF20abmrxhi,17,271,58838.09388889978,59086.2926852,True,True,15,-0.2784977,0.29082346,0.01524353,0.38280025,59018.46466440009,59086.2926852,67.82802079990506,349.62559889333335,-2.97935844,6.975304873998612e-05,5.057412946779033e-05,AGN,stamp_classifier,0.8637742,corr_bulk_0.0.1,AGN,1.33229268171501e+18,F:\ZTF_Adjusted_Dataset\stamps\AGN\ZTF20abmrxhi,,1.0,g,20.689485549926758,0.21552084386348724,0.9934999942779541,0.5,-999.0,0.2886507213115692,11.105640411376953,-999.0,0.578000009059906,1.2540245056152344,f,17.0,271.0,0.8040000200271606,0.039000000804662704
ZTF19ableyzv,317,2497,58662.44158559991,61031.10795139987,True,False,187,,,,,58667.463391200174,61031.10795139987,2363.644560199697,359.3646742261223,-13.443801873854852,0.0051963828344734,0.0050539936217281,AGN,stamp_classifier,0.8637647,27.5.7a32.dev1,AGN,9.47440160715015e+17,F:\ZTF_Adjusted_Dataset\stamps\AGN\ZTF19ableyzv,,1.0,g,20.36477279663086,0.21007859706878662,0.9975000023841858,0.6573330163955688,-999.0,0.20483066141605377,11.972579956054688,-999.0,0.6489999890327454,2.3399999141693115,t,15.0,136.0,0.41100001335144043,-0.019999999552965164
ZTF19abctzxl,53,360,58487.1292940001,58760.20041669998,True,True,12,-0.026399612,0.21525481,0.085886,0.33496538,58665.45583330002,58760.20041669998,94.74458339996636,351.79087057500004,6.009744558333334,3.8510662626458514e-05,5.976233928619192e-05,AGN,stamp_classifier,0.8637543,corr_bulk_0.0.1,AGN,9.4042601371501e+17,F:\ZTF_Adjusted_Dataset\stamps\AGN\ZTF19abctzxl,,1.0,g,20.556095123291016,0.2023187279701233,0.41612499952316284,0.5,0.9480829834938049,0.3679388463497162,26.704124450683594,27.885730743408203,0.6980000138282776,1.649999976158142,f,7.0,208.0,0.9459999799728394,-0.05400000140070915
ZTF23abdrdyx,10,1211,59144.31675929995,60586.340983800124,True,False,3,,,,,60585.21168980002,60586.340983800124,1.1292940001003444,13.864078427442914,-13.312637746572282,0.0453480370940206,0.0441294487808,AGN,stamp_classifier,0.8637398,24.5.2a6,AGN,2.83234098071501e+18,F:\ZTF_Adjusted_Dataset\stamps\AGN\ZTF23abdrdyx,,1.0,g,21.469871520996094,0.21312861144542694,0.9745540022850037,0.9947919845581055,0.0,0.21934013068675995,18.552465438842773,21.673261642456055,0.9179999828338623,1.3214596509933472,f,10.0,1211.0,0.7889999747276306,0.010999999940395355
ZTF20abntnwf,76,1072,58668.5,60200.25,True,False,21,-0.189228,0.096238,-0.103181034,0.19224127,59049.44064809987,60200.25402780017,1150.8133797002956,332.7097651047619,-1.9822418285714287,5.0195900996590246e-05,4.541879724140866e-05,AGN,stamp_classifier,0.863528,1.2.1,AGN,1.29839886431501e+18,F:\ZTF_Adjusted_Dataset\stamps\AGN\ZTF20abntnwf,,2.0,r,20.903921127319336,0.21060055494308472,0.5608749985694885,1.0,0.9277920126914978,0.1998705118894577,20.90818214416504,27.347549438476562,0.9110000133514404,1.1182501316070557,f,9.0,305.0,0.8980000019073486,0.052000001072883606
ZTF24ablbohk,21,1503,59134.27069440018,60586.40660879994,True,False,2,,,,,60586.33657409996,60586.40660879994,0.0700346999801695,14.3118449058805,5.956803353497444,0.0519135709486809,0.0516332581488631,AGN,stamp_classifier,0.8634289,24.5.2a6,AGN,2.83240660331501e+18,F:\ZTF_Adjusted_Dataset\stamps\AGN\ZTF24ablbohk,,2.0,r,21.40752601623535,0.1754423975944519,0.9954169988632202,0.003666670061647892,0.06408330053091049,0.4705639183521271,18.611618041992188,24.494375228881836,0.984000027179718,1.1960254907608032,f,21.0,1503.0,0.4440000057220459,-0.02500000037252903
ZTF23abedxdu,6,1610,59459.25,60203.5,True,True,2,0.3178749,0.24527267,0.3178749,0.24527267,60201.47098380001,60203.47390050022,2.002916700206697,22.23936935,16.5834879,9.12167747839306e-06,2.7860007180257647e-05,AGN,stamp_classifier,0.8634095,1.2.1,AGN,2.44947390081501e+18,F:\ZTF_Adjusted_Dataset\stamps\AGN\ZTF23abedxdu,,2.0,r,20.86322593688965,0.21188613772392273,0.9797919988632202,0.7076249718666077,0.0,0.08170614391565323,9.147448539733887,18.50320053100586,0.49399998784065247,1.2727702856063843,f,6.0,1610.0,0.4690000116825104,0.009999999776482582
ZTF21abryqvg,140,889,59430.46033560019,61030.16936339997,True,False,80,,,,,59430.46033560019,61030.16936339997,1599.7090277997777,6.308747845353339,-22.084035094623697,0.0085090989492011,0.0078848153171757,AGN,stamp_classifier,0.8633874,27.5.7a32.dev1,AGN,1.681417516315015e+18,F:\ZTF_Adjusted_Dataset\stamps\AGN\ZTF21abryqvg,,1.0,g,20.331392288208008,0.2131650298833847,1.0,0.0031250000465661287,0.00766666978597641,0.2368524819612503,9.257099151611328,16.5816650390625,0.6079999804496765,1.3980950117111206,t,2.0,275.0,0.382999986410141,-0.009999999776482582
ZTF20abojlex,543,1712,59030.46546299989,61030.14905089978,True,False,342,,,,,59030.46546299989,61030.14905089978,1999.6835878998968,345.67211112193354,6.175789166932484,0.0034431436703166,0.0034231613280575,AGN,stamp_classifier,0.86336666,27.5.7a32.dev1,AGN,1.32534971361501e+18,F:\ZTF_Adjusted_Dataset\stamps\AGN\ZTF20abojlex,,1.0,g,20.54737663269043,0.2164873331785202,0.9611610174179077,0.984345018863678,0.5,0.14172330498695374,15.818930625915527,20.131610870361328,0.7009999752044678,1.1973448991775513,f,13.0,454.0,0.5989999771118164,0.01600000075995922
ZTF20abmyrda,176,1366,59045.36030089995,60885.38108799979,True,False,84,,,,,59045.36030089995,60885.38108799979,1840.020787099842,352.10784667478225,-9.655746818607064,0.0078178887418667,0.0077071349388002,AGN,stamp_classifier,0.8633525,27.5.6,AGN,1.29539291391501e+18,F:\ZTF_Adjusted_Dataset\stamps\AGN\ZTF20abmyrda,,2.0,r,20.380382537841797,0.1984516978263855,0.37142300605773926,0.8464879989624023,-999.0,0.0704207792878151,28.781574249267578,-999.0,0.8240000009536743,1.1625542640686035,f,3.0,207.0,0.5839999914169312,0.00800000037997961
ZTF23abcthlw,37,1267,60200.2837152998,60586.354259300046,True,False,10,,,,,60585.23940970004,60586.354259300046,1.1148496000096202,359.66368933638995,-12.556064025517513,0.0268101675694433,0.0261689678681334,AGN,stamp_classifier,0.86330825,24.5.2a6,AGN,2.83223789041501e+18,F:\ZTF_Adjusted_Dataset\stamps\AGN\ZTF23abcthlw,,2.0,r,21.348159790039062,0.20079974830150604,0.8447920083999634,0.02233329974114895,0.004000000189989805,0.1411510556936264,5.170423984527588,15.000534057617188,0.9670000076293945,1.2130656242370605,f,34.0,1262.0,0.5730000138282776,-0.02800000086426735
ZTF21abnerqe,6,597,59130.19553240016,59415.40127310017,True,True,2,,,,,59410.420856500044,59415.40127310017,4.980416600126773,335.55960455,5.0674161,1.484924252820424e-06,7.014499269321043e-05,AGN,stamp_classifier,0.86326957,correction_1.0.6,AGN,1.66140127421501e+18,F:\ZTF_Adjusted_Dataset\stamps\AGN\ZTF21abnerqe,,2.0,r,20.68912124633789,0.17432840168476105,0.9720540046691895,0.9098330140113831,0.5,0.133965864777565,19.846010208129883,19.908634185791016,0.7829999923706055,1.106896996498108,f,6.0,597.0,0.48500001430511475,0.013000000268220901
ZTF19abletne,73,1431,58643.458240699954,60592.33278940013,True,True,42,,,,,58669.46200230019,60592.33278940013,1922.8707870999351,2.730008382788696,5.003839405078925,0.0218421271169097,0.0217588828801736,AGN,stamp_classifier,0.86324495,24.5.2a6,AGN,9.95320904715015e+17,F:\ZTF_Adjusted_Dataset\stamps\AGN\ZTF19abletne,,1.0,g,20.40070915222168,0.20198121666908264,0.4060629904270172,0.5,-999.0,0.25239789485931396,15.37363052368164,-999.0,0.8820000290870667,2.759999990463257,t,37.0,137.0,0.38499999046325684,0.008999999612569809
ZTF23abeywlh,25,1584,59046.5,60205.5,True,True,3,,,,,60195.44141199999,60205.39378469996,9.952372699975967,9.676650033333331,20.039250133333336,5.232172907424598e-05,0.0001006726046809,AGN,stamp_classifier,0.86320275,1.2.1,AGN,2.45139378361501e+18,F:\ZTF_Adjusted_Dataset\stamps\AGN\ZTF23abeywlh,,2.0,r,20.935049057006836,0.1856285184621811,0.9962499737739563,0.025416700169444084,0.23051799833774567,0.293916255235672,15.176570892333984,20.233963012695312,0.6700000166893005,1.1378453969955444,f,25.0,1584.0,0.22300000488758087,0.0010000000474974513
ZTF21ackywgo,244,1704,59076.41190969991,61023.24645829992,True,False,95,,,,,59520.29187500011,61023.24645829992,1502.954583299812,359.316888538587,-1.6654335539500846,0.0070346298915945,0.0070316581675352,AGN,stamp_classifier,0.86311847,27.5.7a32.dev1,AGN,1.76819136441501e+18,F:\ZTF_Adjusted_Dataset\stamps\AGN\ZTF21ackywgo,,2.0,r,20.534021377563477,0.20575623214244843,0.8920419812202454,0.0,0.0037916700821369886,0.3885020315647125,20.83233070373535,24.498010635375977,0.5559999942779541,1.4750304222106934,f,5.0,645.0,1.3070000410079956,0.06199999898672104
ZTF20abswpzg,171,1202,58724.41968750022,61021.17184029985,True,False,101,,,,,59053.417963000014,61021.17184029985,1967.7538772998375,2.1985630027938994,-18.260786496389905,0.0071575244952038,0.006797072458474,AGN,stamp_classifier,0.8631074,27.5.7a32.dev1,AGN,1.32245917221501e+18,F:\ZTF_Adjusted_Dataset\stamps\AGN\ZTF20abswpzg,,1.0,g,20.177581787109375,0.20999279618263245,0.5649369955062866,0.05937499925494194,0.7892739772796631,0.13089558482170105,5.277218818664551,14.381003379821777,0.6949999928474426,2.9600000381469727,f,5.0,264.0,0.9079999923706055,-0.006000000052154064
ZTF24abalcyn,20,1843,59736.46668979991,60579.2652083002,True,False,7,,,,,60527.39175930014,60579.2652083002,51.87344900006429,17.596681795878013,28.51165590043889,0.0587596259154827,0.051633257804039,AGN,stamp_classifier,0.8630988,24.5.2a6,AGN,2.77841224551501e+18,F:\ZTF_Adjusted_Dataset\stamps\AGN\ZTF24abalcyn,,2.0,r,20.96233558654785,0.21379120647907257,1.0,0.5,0.024107100442051888,0.04817545786499977,10.177322387695312,26.715499877929688,0.8090000152587891,1.1907333135604858,f,11.0,1761.0,0.7409999966621399,-0.012000000104308128
ZTF22aayufbd,130,1296,59089.36236110004,60916.40030089999,True,False,38,,,,,59785.44098380022,60916.40030089999,1130.959317099769,1.2312302917154527,-11.879140423294906,0.011784075664212,0.0115317076458487,AGN,stamp_classifier,0.86300534,27.5.6,AGN,2.04245211001501e+18,F:\ZTF_Adjusted_Dataset\stamps\AGN\ZTF22aayufbd,,2.0,r,20.541400909423828,0.19441844522953033,1.0,0.0016666699666529894,0.5,0.07726278901100159,12.599149703979492,26.64970588684082,0.628000020980835,1.259050726890564,f,14.0,582.0,0.45399999618530273,0.014000000432133675
ZTF22abjockk,137,1358,58690.48292820016,61031.129166699946,True,False,55,,,,,59822.39865740016,61031.129166699946,1208.730509299785,15.102139882754518,-15.8888127939812,0.0099342015374083,0.0095546629649915,AGN,stamp_classifier,0.8629598,27.5.7a32.dev1,AGN,2.09835350401501e+18,F:\ZTF_Adjusted_Dataset\stamps\AGN\ZTF22abjockk,,1.0,g,20.581241607666016,0.19945868849754333,0.9970830082893372,0.0062916697934269905,-999.0,0.1748204082250595,4.879194259643555,-999.0,0.6359999775886536,1.3034143447875977,f,44.0,653.0,0.36800000071525574,-0.004999999888241291
ZTF21absjyur,35,794,59080.5,59850.25,True,False,11,0.4418,0.33250335,0.3961161,0.33317932,59429.439652800094,59850.33707180014,420.89741900004447,24.5588041,-6.119596436363636,5.697295849764728e-05,3.43079079142796e-05,AGN,stamp_classifier,0.8629435,dev,AGN,1.68246333071501e+18,F:\ZTF_Adjusted_Dataset\stamps\AGN\ZTF21absjyur,,2.0,r,20.645221710205078,0.19970938563346863,0.9898210167884827,0.5,0.012041700072586536,0.23794075846672058,16.32823371887207,20.337575912475586,0.8529999852180481,1.0925397872924805,f,12.0,548.0,0.30000001192092896,0.009999999776482582
ZTF18abvjjxo,5,1553,58367.3992360998,60586.3454167,True,True,2,,,,,58373.3290161998,60586.3454167,2213.0164005002007,7.605028200000019,-2.928702699999969,0.065085008602297,0.0649999974782266,AGN,stamp_classifier,0.8629015,24.5.2a6,AGN,6.1932901251501e+17,F:\ZTF_Adjusted_Dataset\stamps\AGN\ZTF18abvjjxo,,2.0,r,20.456571578979492,0.20857395231723785,0.9993749856948853,0.5,0.3706899881362915,0.28286147117614746,16.413625717163086,26.57029914855957,0.6380000114440918,3.4100000858306885,f,2.0,59.0,0.8460000157356262,0.0020000000949949026
ZTF21acjezqj,33,867,59429.5,59880.25,True,False,8,-0.11600004,0.044071,0.07004696,0.13770981,59518.25633100001,59880.23298610002,361.9766551000066,4.0710236250000005,-10.07204225,7.817993440042757e-05,4.814611688836287e-05,AGN,stamp_classifier,0.8628856,1.1.6,AGN,1.76919177251501e+18,F:\ZTF_Adjusted_Dataset\stamps\AGN\ZTF21acjezqj,,1.0,g,20.618696212768555,0.19627998769283295,0.9987499713897705,0.01291669998317957,0.011333299800753593,0.45094579458236694,5.318945407867432,14.050689697265625,0.718999981880188,2.3399999141693115,f,22.0,672.0,0.28299999237060547,-0.013000000268220901
ZTF19abdyumn,100,1740,58669.4596874998,60885.3032176001,True,False,31,,,,,58669.4596874998,60885.3032176001,2215.8435301003046,342.15018691089153,2.39615114810824,0.012653886005999,0.0126428216674141,AGN,stamp_classifier,0.862856,27.5.6,AGN,9.15459681215015e+17,F:\ZTF_Adjusted_Dataset\stamps\AGN\ZTF19abdyumn,,1.0,g,20.7293701171875,0.20090018212795258,0.9987499713897705,0.9645360112190247,0.7874580025672913,0.18955035507678986,8.28091812133789,29.021240234375,0.5839999914169312,1.3416177034378052,t,1.0,159.0,0.5440000295639038,-0.014000000432133675
ZTF21acmhhqt,2,337,59522.25153939985,59524.294930600096,True,True,2,,,,,59522.25153939985,59524.294930600096,2.043391200248152,7.32298155,-21.3340061,5.727564927343959e-06,9.941921343603884e-05,AGN,stamp_classifier,0.8627877,correction_1.0.6,AGN,1.77029493571501e+18,F:\ZTF_Adjusted_Dataset\stamps\AGN\ZTF21acmhhqt,,1.0,g,20.317848205566406,0.20034480094909668,0.9895830154418945,0.9378330111503601,0.05904170125722885,0.3582874536514282,3.2324163913726807,14.541425704956055,0.7160000205039978,2.7300000190734863,f,2.0,337.0,0.27000001072883606,-0.0010000000474974513
ZTF22acavrkl,45,1966,59386.44590280019,60609.283321800176,True,True,13,,,,,60182.343009300064,60609.283321800176,426.94031250011176,354.1204462352403,36.16658819044478,0.0425250640631569,0.034330678394204,AGN,stamp_classifier,0.8627807,24.5.2a6,AGN,2.44641407551501e+18,F:\ZTF_Adjusted_Dataset\stamps\AGN\ZTF22acavrkl,,2.0,r,21.116804122924805,0.2164531797170639,0.994687020778656,0.03133330121636391,0.00937500037252903,0.1503903567790985,18.301389694213867,19.766674041748047,0.7329999804496765,1.1350668668746948,f,20.0,1606.0,0.7950000166893005,0.07199999690055847
ZTF19aboreny,44,1893,58694.47253469983,60532.43498839997,True,True,5,,,,,58694.47253469983,60532.43498839997,1837.9624537001364,39.03160679999943,33.7443652000001,0.0781696950757754,0.0649999970654641,AGN,stamp_classifier,0.8627484,24.5.2a6,AGN,9.4948842431501e+17,F:\ZTF_Adjusted_Dataset\stamps\AGN\ZTF19aboreny,,1.0,g,20.763427734375,0.2131248265504837,0.9877079725265503,0.9894999861717224,0.9526249766349792,0.5376465916633606,18.98048210144043,25.093883514404297,0.5680000185966492,1.3924369812011719,f,7.0,219.0,0.8669999837875366,-0.03999999910593033
ZTF24abjobch,9,1283,60580.315497700125,60586.330972199794,True,False,2,,,,,60585.30921299989,60586.330972199794,1.021759199909866,355.9199234000008,-9.087065800000117,0.0860803496622258,0.0850000005863921,AGN,stamp_classifier,0.8626568,24.5.2a6,AGN,2.83130921471501e+18,F:\ZTF_Adjusted_Dataset\stamps\AGN\ZTF24abjobch,,2.0,r,21.480749130249023,0.19777752459049225,0.9353330135345459,0.0012499999720603228,-999.0,0.1108565703034401,17.457143783569336,-999.0,0.9710000157356262,1.2234339714050293,f,8.0,1269.0,0.5419999957084656,-0.027000000700354576
ZTF20acmkiig,210,1580,59049.459039399866,60935.40012730006,True,False,101,,,,,59115.33746530023,60935.40012730006,1820.0626619998368,14.916469197787874,-3.376103602794532,0.0074851791023193,0.0074721883315221,AGN,stamp_classifier,0.862647,27.5.6,AGN,1.39023318241501e+18,F:\ZTF_Adjusted_Dataset\stamps\AGN\ZTF20acmkiig,,2.0,r,20.879453659057617,0.21714094281196594,0.87152099609375,0.33302998542785645,0.011583300307393074,0.1090732216835022,6.422059059143066,12.154410362243652,0.6200000047683716,1.125287652015686,f,18.0,393.0,0.5249999761581421,-0.03200000151991844
ZTF24abkkmgj,38,1616,59488.2901504999,60586.466886600014,True,False,20,,,,,60564.290983799845,60586.466886600014,22.17590280016884,358.9164567222153,5.906205589357957,0.0287407759189377,0.0285882101229595,AGN,stamp_classifier,0.8626348,24.5.2a6,AGN,2.83123498371501e+18,F:\ZTF_Adjusted_Dataset\stamps\AGN\ZTF24abkkmgj,,1.0,g,21.13504981994629,0.2031034380197525,0.9987499713897705,0.9993749856948853,0.03691669926047325,0.33337265253067017,13.338570594787598,16.983413696289062,0.984000027179718,1.3274202346801758,f,20.0,1591.0,0.6600000262260437,0.003000000026077032
ZTF20abntvdt,32,721,58678.47722220002,59052.40451390017,True,True,1,,,,,59052.40451390017,59052.40451390017,0.0,351.3840807,15.9950757,,,AGN,stamp_classifier,0.8626164,corr_bulk_0.0.1,AGN,1.298404511515015e+18,F:\ZTF_Adjusted_Dataset\stamps\AGN\ZTF20abntvdt,,2.0,r,20.81789207458496,0.21592900156974792,0.9941669702529907,0.8917379975318909,-999.0,0.25522738695144653,3.413149833679199,-999.0,0.7350000143051147,2.3499999046325684,t,32.0,721.0,0.5720000267028809,0.004000000189989805
ZTF21absiqda,412,2341,59053.45895829983,60974.28693290008,True,False,260,,,,,59429.41957180016,60974.28693290008,1544.867361099925,0.2528025946624012,-13.383705778754718,0.0045289211269625,0.0044059234265114,AGN,stamp_classifier,0.86260617,27.5.7a32.dev1,AGN,1.68241969571501e+18,F:\ZTF_Adjusted_Dataset\stamps\AGN\ZTF21absiqda,,1.0,g,20.354660034179688,0.19375987350940704,0.8222740292549133,0.9879999756813049,0.0012499999720603228,0.129798024892807,8.164839744567871,16.917993545532227,0.7720000147819519,1.232434630393982,f,5.0,369.0,0.7540000081062317,-0.028999999165534973
ZTF21ackzubw,57,954,59428.5,59881.25,True,False,13,0.036800385,0.08705553,-0.028770337,0.06815118,59520.289513899945,59881.31740739988,361.0278934999369,352.64919700769224,14.37074226923077,5.869407211960564e-05,6.6605847899199e-05,AGN,stamp_classifier,0.86249703,1.1.6,AGN,1.768234686315015e+18,F:\ZTF_Adjusted_Dataset\stamps\AGN\ZTF21ackzubw,,1.0,g,20.550878524780273,0.176627054810524,0.9694030284881592,0.43516701459884644,0.5,0.16986750066280365,11.354203224182129,16.985950469970703,0.8429999947547913,3.0199999809265137,t,19.0,742.0,0.38600000739097595,0.012000000104308128
ZTF22abggiyi,27,1341,59840.3911342998,60586.41103010019,True,False,4,,,,,60586.29445599997,60586.41103010019,0.1165741002187132,10.728066921406135,-12.67428881941017,0.0414395886791403,0.0404298346785146,AGN,stamp_classifier,0.86245906,24.5.2a6,AGN,2.83234098091501e+18,F:\ZTF_Adjusted_Dataset\stamps\AGN\ZTF22abggiyi,,1.0,g,21.13644027709961,0.2043207883834839,0.9342640042304993,0.977666974067688,0.5,0.25911059975624084,19.517675399780273,24.84467124938965,0.7419999837875366,1.7899999618530273,f,25.0,1338.0,0.5040000081062317,-0.014000000432133675
ZTF21abjznli,137,1731,59385.4348726999,61031.17626160011,True,True,56,,,,,59385.4348726999,61031.17626160011,1645.7413889002055,0.5746493222126368,-3.328211727632717,0.004972598963253,0.0049642117623912,AGN,stamp_classifier,0.862379,27.5.7a32.dev1,AGN,1.64843753251501e+18,F:\ZTF_Adjusted_Dataset\stamps\AGN\ZTF21abjznli,,2.0,r,20.328481674194336,0.2047518640756607,1.0,0.9981250166893005,0.013571400195360184,0.06904824078083038,16.468843460083008,16.702852249145508,0.6930000185966492,1.4205018281936646,f,2.0,530.0,0.1459999978542328,0.00800000037997961
ZTF21abxaosz,42,1677,59086.37303239992,60916.40076390002,True,True,11,,,,,59436.420648099855,60916.40076390002,1479.9801158001646,352.52988260569583,-0.0568128008941134,0.0222834911953674,0.0222834795291236,AGN,stamp_classifier,0.8623443,27.5.6,AGN,1.71235701631501e+18,F:\ZTF_Adjusted_Dataset\stamps\AGN\ZTF21abxaosz,,2.0,r,20.620885848999023,0.1999540477991104,0.9947500228881836,1.0,0.0,0.09427924454212189,14.124857902526855,14.64084529876709,0.7009999752044678,1.178739070892334,f,18.0,566.0,0.8370000123977661,0.03099999949336052
ZTF19acamdnl,47,1647,58694.3833912001,60553.43165510008,True,True,10,,,,,60124.4165277998,60553.43165510008,429.0151273002848,348.48749156707254,10.707122869497573,0.0349389784814958,0.0343306784550185,AGN,stamp_classifier,0.8623149,24.5.2a6,AGN,2.39944061221501e+18,F:\ZTF_Adjusted_Dataset\stamps\AGN\ZTF19acamdnl,,2.0,r,20.927379608154297,0.20874635875225067,0.9704999923706055,0.5,0.0016666699666529894,0.2035667449235916,4.394796848297119,24.384078979492188,0.7990000247955322,1.0925397872924805,f,21.0,1268.0,0.5139999985694885,-0.008999999612569809
ZTF20aciqxum,69,781,58698.481678199954,61027.14697920019,True,True,51,,,,,59108.38546299981,61027.14697920019,1918.7615162003783,12.94756169490686,-24.7811403098586,0.010800207162061,0.0098056752318992,AGN,stamp_classifier,0.86230814,27.5.7a32.dev1,AGN,1.46612719281501e+18,F:\ZTF_Adjusted_Dataset\stamps\AGN\ZTF20aciqxum,,1.0,g,19.933385848999023,0.20064932107925415,0.9962499737739563,0.5,0.5,0.636711835861206,1.7100166082382202,12.074283599853516,0.7910000085830688,4.190000057220459,f,31.0,275.0,0.5400000214576721,-0.012000000104308128
ZTF21acbmhcy,10,516,58428.25,60228.5,True,False,4,,,,,59461.39809030015,60228.37767359987,766.9795832997188,13.792202475,-23.659639675,4.910318217771689e-05,0.0001465235220022,AGN,stamp_classifier,0.86220604,1.2.1,AGN,1.71542028471501e+18,F:\ZTF_Adjusted_Dataset\stamps\AGN\ZTF21acbmhcy,,1.0,g,20.263029098510742,0.198261097073555,0.9881250262260437,0.0062500000931322575,0.03099999949336052,0.12971250712871552,17.402238845825195,29.53116226196289,0.6520000100135803,1.2985599040985107,f,4.0,301.0,0.7630000114440918,0.01899999938905239
ZTF24abjuqln,9,1256,59524.29825229989,60585.30921299989,True,False,2,,,,,60585.23940970004,60585.30921299989,0.0698032998479902,0.1845557,-7.73851784978056,0.0521078104948843,0.0516332581488631,AGN,stamp_classifier,0.8621918,24.5.2a6,AGN,2.83130921501501e+18,F:\ZTF_Adjusted_Dataset\stamps\AGN\ZTF24abjuqln,,2.0,r,21.230487823486328,0.20982101559638977,0.9943749904632568,0.0,-999.0,0.3690066635608673,25.793506622314453,-999.0,0.9589999914169312,1.2540245056152344,f,9.0,1256.0,0.4749999940395355,-0.013000000268220901
ZTF22abrizic,20,1462,59518.25,59881.25,True,True,3,,,,,59858.33210649993,59881.28504629992,22.95293979998678,8.026246333333333,16.249628233333333,2.5197685079258963e-05,2.066333306501645e-05,AGN,stamp_classifier,0.86219084,1.1.6,AGN,2.12728504081501e+18,F:\ZTF_Adjusted_Dataset\stamps\AGN\ZTF22abrizic,,2.0,r,20.568639755249023,0.1890426129102707,0.9832080006599426,0.989791989326477,0.011916699819266796,0.12681685388088226,10.841322898864746,17.095508575439453,0.7279999852180481,1.186748743057251,f,20.0,1462.0,0.3619999885559082,-0.004999999888241291
ZTF23abexqzt,16,1633,58383.5,60205.5,True,True,2,-0.25211334,0.39254716,-0.25211334,0.39254716,60198.38609950012,60205.382338,6.996238499879837,28.5852098,21.486652900000003,8.90954544407025e-06,6.222539674306533e-06,AGN,stamp_classifier,0.86212605,1.2.1,AGN,2.45138233581501e+18,F:\ZTF_Adjusted_Dataset\stamps\AGN\ZTF23abexqzt,,2.0,r,20.976512908935547,0.21310555934906006,1.0,0.5,0.535207986831665,0.48437032103538513,20.954246520996094,22.581310272216797,0.7369999885559082,1.150266170501709,f,16.0,1633.0,0.33799999952316284,-0.017999999225139618
ZTF20acmmfgy,7,277,59112.36045139981,59436.41923609981,True,True,3,,,,,59144.317245400045,59436.41923609981,292.10199069976807,0.5731324000000001,-21.4773011,9.13400240856123e-06,6.141587742680937e-05,AGN,stamp_classifier,0.86211973,correction_1.0.6,AGN,1.39031724591501e+18,F:\ZTF_Adjusted_Dataset\stamps\AGN\ZTF20acmmfgy,,1.0,g,20.377065658569336,0.19913049042224884,0.9829170107841492,0.9787499904632568,0.011458300054073334,0.34113770723342896,13.102010726928711,19.91257667541504,0.6359999775886536,2.9200000762939453,f,2.0,224.0,0.6690000295639038,-0.006000000052154064
ZTF19abffold,106,1036,58673.25,59849.25,True,False,23,-0.347085,0.149232,-0.08169804,0.13921764,58694.38616900006,59849.173171299975,1154.7870022999125,331.8279699652174,5.291638786956522,5.848209212240307e-05,4.839366322484515e-05,AGN,stamp_classifier,0.8621095,dev,AGN,,F:\ZTF_Adjusted_Dataset\stamps\AGN\ZTF19abffold,,,,,,,,,,,,,,,,,,
ZTF20abntqdu,28,616,59022.4765625,59188.11112269992,True,True,8,0.60089684,0.3374505,0.3265648,0.26907554,59022.4765625,59188.11112269992,165.6345601999201,346.9954791875,16.646607624999998,4.331352270617343e-05,1.2634844111348453e-05,AGN,stamp_classifier,0.86200476,corr_bulk_0.0.1,AGN,1.301405710515015e+18,F:\ZTF_Adjusted_Dataset\stamps\AGN\ZTF20abntqdu,,1.0,g,20.929128646850586,0.20583133399486542,0.9872919917106628,0.9192079901695251,0.9783809781074524,0.215109720826149,21.226478576660156,27.635826110839844,0.7519999742507935,1.3154720067977905,t,6.0,475.0,0.7250000238418579,-0.0430000014603138
ZTF20aboeiza,585,2264,59044.46026619989,61029.12798610004,True,False,289,,,,,59044.46026619989,61029.12798610004,1984.6677199001424,358.36527670543995,-0.4728913007628819,0.003636025087335,0.0036359012351045,AGN,stamp_classifier,0.8619978,27.5.7a32.dev1,AGN,1.36135305621501e+18,F:\ZTF_Adjusted_Dataset\stamps\AGN\ZTF20aboeiza,,2.0,r,20.193096160888672,0.20637495815753937,1.0,0.9940000176429749,0.02500000037252903,0.15804341435432434,23.29947853088379,24.656282424926758,0.9179999828338623,2.759999990463257,f,44.0,399.0,0.39899998903274536,0.019999999552965164
ZTF23abevwpj,4,550,60170.5,60205.25,True,True,3,,,,,60182.39710649988,60205.33565969998,22.938553200103343,13.117254966666666,-22.94492383333333,4.791683768084576e-05,5.179732940327588e-05,AGN,stamp_classifier,0.86198306,1.2.1,AGN,2.45133565441501e+18,F:\ZTF_Adjusted_Dataset\stamps\AGN\ZTF23abevwpj,,1.0,g,20.613096237182617,0.2076375037431717,0.9966670274734497,-999.0,-999.0,0.06810837984085083,-999.0,-999.0,0.7139999866485596,1.3022024631500244,f,4.0,550.0,0.37400001287460327,-0.004999999888241291
ZTF23abcufgt,34,1395,60200.32692130003,60586.44113430008,True,False,19,,,,,60562.33637729986,60586.44113430008,24.104757000226527,2.904591959993408,-9.229826999999956,0.0294501786565606,0.0290688824689701,AGN,stamp_classifier,0.8619758,24.5.2a6,AGN,2.83121390471501e+18,F:\ZTF_Adjusted_Dataset\stamps\AGN\ZTF23abcufgt,,2.0,r,21.006967544555664,0.1277734488248825,0.9740949869155884,-999.0,-999.0,0.15924780070781708,-999.0,-999.0,0.9129999876022339,1.2156660556793213,f,18.0,1369.0,0.4519999921321869,-0.01899999938905239
ZTF20abgdtac,50,1768,58785.21869210014,60905.35386569984,True,False,10,,,,,59018.46420140006,60905.35386569984,1886.889664299786,345.4481323611212,3.8003740186312176,0.0225584783646473,0.022508872780325,AGN,stamp_classifier,0.86191416,27.5.6,AGN,1.26446420201501e+18,F:\ZTF_Adjusted_Dataset\stamps\AGN\ZTF20abgdtac,,2.0,r,20.683345794677734,0.19858326017856598,0.9964579939842224,0.9487919807434082,0.0,0.36559873819351196,14.223671913146973,21.903141021728516,0.7639999985694885,1.1679741144180298,f,2.0,408.0,0.37400001287460327,-0.020999999716877937
ZTF19abxicld,354,1345,58670.48071759986,61029.098796300124,True,False,212,,,,,58704.46091439994,61029.098796300124,2324.637881900184,6.362561426078309,-14.917641526172757,0.0049734215008907,0.0048058014710292,AGN,stamp_classifier,0.861912,27.5.7a32.dev1,AGN,9.9531863631501e+17,F:\ZTF_Adjusted_Dataset\stamps\AGN\ZTF19abxicld,,1.0,g,20.4066162109375,0.21276725828647614,0.5,0.2968130111694336,0.0008333330042660236,0.18777726590633392,0.20285935699939728,9.74282169342041,0.6759999990463257,1.3130693435668945,f,7.0,144.0,0.3009999990463257,-0.004000000189989805
ZTF18acekwxr,1,149,58429.27403939981,58429.27403939981,True,True,1,,,,,58429.27403939981,58429.27403939981,0.0,19.5820802,-19.236451,,,AGN,stamp_classifier,0.8619103,corr_bulk_0.0.1,AGN,6.752740300150102e+17,F:\ZTF_Adjusted_Dataset\stamps\AGN\ZTF18acekwxr,,2.0,r,20.687843322753906,0.21444015204906464,0.9919580221176147,0.5,0.0,0.11544442921876907,11.146406173706055,18.56830406188965,0.6570000052452087,1.6100000143051147,f,1.0,149.0,0.5170000195503235,0.004000000189989805
ZTF23abmjjdg,34,1326,60202.348217600025,60586.379756900016,True,False,14,,,,,60559.33665509988,60586.379756900016,27.043101800139997,355.09978392743653,-3.497720806895195,0.0286415636995746,0.0285882101931941,AGN,stamp_classifier,0.86185676,24.5.2a6,AGN,2.83133469211501e+18,F:\ZTF_Adjusted_Dataset\stamps\AGN\ZTF23abmjjdg,,1.0,g,21.178997039794922,0.17147329449653625,1.0,0.0,0.10313700139522552,0.213634192943573,9.330994606018066,12.25707721710205,0.9750000238418579,1.3178703784942627,f,25.0,1310.0,0.6190000176429749,-0.03099999949336052
ZTF19abahkyo,149,1329,58641.5,60212.5,True,False,77,-0.02313,0.309561,0.0555767,0.38489804,59046.42251159996,60212.38864579983,1165.9661341998726,350.8108772246753,10.9163705974026,5.366592361115172e-05,6.507979307625453e-05,AGN,stamp_classifier,0.8618564,1.2.1,AGN,1.30642872161501e+18,F:\ZTF_Adjusted_Dataset\stamps\AGN\ZTF19abahkyo,,2.0,r,20.84144401550293,0.18222956359386444,0.9970830082893372,1.0,0.0,0.18445441126823425,6.535272598266602,10.359244346618652,0.7730000019073486,1.1154226064682007,f,11.0,368.0,0.7879999876022339,0.04500000178813934
ZTF24abkxixi,27,1456,59785.44476850005,60586.43229170004,True,False,3,,,,,60586.29224540014,60586.43229170004,0.1400462999008596,15.415320699998595,-4.90156020000069,0.0652385798294726,0.0649999973406391,AGN,stamp_classifier,0.86183685,24.5.2a6,AGN,2.832292240815015e+18,F:\ZTF_Adjusted_Dataset\stamps\AGN\ZTF24abkxixi,,1.0,g,21.4355525970459,0.18156948685646057,0.9845830202102661,0.026041699573397636,0.0,0.2125830203294754,15.892303466796875,25.047733306884766,0.9319999814033508,1.3545012474060059,t,25.0,1450.0,0.5899999737739563,-0.023000000044703484
ZTF21ackyzly,239,1949,58703.46061340021,60949.28568289988,True,True,95,,,,,59522.19331019977,60949.28568289988,1427.0923727001064,357.04670731050265,4.180302603508218,0.0071554987242095,0.0071364620122039,AGN,stamp_classifier,0.8618212,27.5.6,AGN,1.76819331251501e+18,F:\ZTF_Adjusted_Dataset\stamps\AGN\ZTF21ackyzly,,2.0,r,20.810441970825195,0.20086321234703064,0.745398998260498,0.0,0.6708449721336365,0.09880257397890091,6.2952351570129395,10.926318168640137,0.6439999938011169,1.1433824300765991,f,14.0,891.0,0.2529999911785126,-0.009999999776482582
ZTF20acqjwbs,88,1055,59018.5,60204.5,True,False,28,,,,,59144.21200230019,60204.41002310021,1060.1980208000168,355.1121488714286,10.830946625,7.636101805519592e-05,6.666679791629702e-05,AGN,stamp_classifier,0.8618201,1.2.1,AGN,,F:\ZTF_Adjusted_Dataset\stamps\AGN\ZTF20acqjwbs,,,,,,,,,,,,,,,,,,
ZTF18aceirpg,22,1274,58378.31589120021,60586.4009027998,True,False,6,,,,,60585.21611109981,60586.4009027998,1.1847916999831796,359.2747216000003,-7.041295700000784,0.0654939480539079,0.0649999969278766,AGN,stamp_classifier,0.8618108,24.5.2a6,AGN,2.83121611551501e+18,F:\ZTF_Adjusted_Dataset\stamps\AGN\ZTF18aceirpg,,2.0,r,21.33347511291504,0.20646297931671143,0.620464026927948,0.24549299478530884,0.0,0.717382550239563,6.948291778564453,14.35951042175293,0.8759999871253967,1.2527648210525513,f,17.0,1253.0,1.1720000505447388,0.06400000303983688
ZTF21abjstnt,37,580,59048.5,59847.25,True,False,22,0.1717,0.354931,-0.0063656527,0.42798674,59400.45638890006,59847.25281250011,446.7964236000553,349.82327613636363,-16.290994240909097,4.819346474298688e-05,6.29813325258096e-05,AGN,stamp_classifier,0.8617115,dev,AGN,1.64645638341501e+18,F:\ZTF_Adjusted_Dataset\stamps\AGN\ZTF21abjstnt,,2.0,r,20.441612243652344,0.21657885611057281,0.9937499761581421,0.0012499999720603228,-999.0,0.30394265055656433,14.545706748962402,-999.0,0.7730000019073486,2.3499999046325684,f,11.0,329.0,0.2549999952316284,0.0
ZTF20abmrsjy,171,1395,59048.40018519992,60944.33365740022,True,False,80,,,,,59048.40018519992,60944.33365740022,1895.9334722002968,349.8181152366587,-7.299366771585744,0.0078074160252453,0.0077441432728862,AGN,stamp_classifier,0.8616745,27.5.6,AGN,1.29440018581501e+18,F:\ZTF_Adjusted_Dataset\stamps\AGN\ZTF20abmrsjy,,2.0,r,20.53327178955078,0.19823157787322998,0.47710999846458435,0.9610710144042969,0.0,0.2235509306192398,4.959618091583252,21.005624771118164,0.7739999890327454,1.1433824300765991,f,1.0,204.0,1.3109999895095825,0.10899999737739563
ZTF19abfqvbg,71,1626,58366.25,59788.5,True,False,12,-0.044,0.316229,0.10532033,0.35612234,58646.42131939996,59788.40018519992,1141.9788657999595,329.9324464166666,14.898651550000002,4.870069689622409e-05,4.2734135812499065e-05,AGN,stamp_classifier,0.8616545,dev,AGN,9.2046513481501e+17,F:\ZTF_Adjusted_Dataset\stamps\AGN\ZTF19abfqvbg,,2.0,r,20.608097076416016,0.21335041522979736,0.15546399354934692,0.965749979019165,0.012833300046622753,0.1728142648935318,17.73668098449707,21.694612503051758,0.6029999852180481,1.199979305267334,f,17.0,140.0,0.9860000014305115,0.11100000143051147
ZTF21abqpeaz,49,588,58662.5,59851.25,True,False,18,-0.05048,0.38069183,-0.035250608,0.37062916,59400.415914400015,59851.31253470015,450.8966203001328,357.0974590388889,-19.15555338888889,4.239033101086942e-05,5.335093459537002e-05,AGN,stamp_classifier,0.8616361,dev,AGN,1.67440759011501e+18,F:\ZTF_Adjusted_Dataset\stamps\AGN\ZTF21abqpeaz,,2.0,r,20.288455963134766,0.21071232855319977,0.9547320008277893,0.1006459966301918,-999.0,0.3399741053581238,17.975881576538086,-999.0,0.7310000061988831,1.1747138500213623,f,18.0,339.0,0.328000009059906,-0.02500000037252903
ZTF18acejxji,1,146,58429.25229169987,58429.25229169987,True,True,1,,,,,58429.25229169987,58429.25229169987,0.0,5.3819562,-19.4096884,,,AGN,stamp_classifier,0.8615587,corr_bulk_0.0.1,AGN,6.752522900150104e+17,F:\ZTF_Adjusted_Dataset\stamps\AGN\ZTF18acejxji,,2.0,r,20.61341667175293,0.21644510328769684,0.9160950183868408,1.0,0.03129170089960098,0.22830672562122345,14.75754165649414,18.044946670532227,0.7979999780654907,1.4026049375534058,f,1.0,146.0,0.4189999997615814,-0.02800000086426735
ZTF21abxcryu,104,494,59438.5,59936.25,True,False,92,0.184726,0.267402,0.2545901,0.29085198,59438.43976850016,59936.16251160018,497.722743100021,6.237592114130434,-21.97274502173913,5.998534542927593e-05,5.428638310244059e-05,AGN,stamp_classifier,0.86147493,1.1.6,AGN,1.70539628631501e+18,F:\ZTF_Adjusted_Dataset\stamps\AGN\ZTF21abxcryu,,2.0,r,20.193199157714844,0.21529977023601532,1.0,0.988631010055542,0.6271370053291321,0.2476210743188858,18.201217651367188,20.925390243530273,0.6800000071525574,1.3486603498458862,f,2.0,284.0,0.5299999713897705,-0.006000000052154064
ZTF19abkdsaw,99,1221,58486.14745370019,60944.33612270001,True,False,44,,,,,58693.42531249998,60944.33612270001,2250.910810200032,17.168824665285776,-19.99949802982533,0.0110153640869382,0.010351089057912,AGN,stamp_classifier,0.8614623,27.5.6,AGN,9.4545734071501e+17,F:\ZTF_Adjusted_Dataset\stamps\AGN\ZTF19abkdsaw,,1.0,g,20.056976318359375,0.166620135307312,0.014375000260770321,-999.0,-999.0,0.4035877287387848,-999.0,-999.0,0.9340000152587891,2.1500000953674316,f,10.0,112.0,1.0110000371932983,0.057999998331069946
ZTF24abkttpu,65,1719,60170.36618060013,60935.33042819984,True,False,29,,,,,60586.193449100014,60935.33042819984,349.13697909982875,354.2960541640864,-5.0498196424284165,0.0133149712968546,0.0132632894002297,AGN,stamp_classifier,0.8614062,27.5.6,AGN,2.83219344081501e+18,F:\ZTF_Adjusted_Dataset\stamps\AGN\ZTF24abkttpu,,2.0,r,21.229150772094727,0.18863405287265778,1.0,0.2938750088214874,0.5,0.3779745399951935,3.5171637535095215,16.944278717041016,0.9789999723434448,1.2221426963806152,f,12.0,1302.0,0.7850000262260437,0.009999999776482582
ZTF22aaspbnr,125,1025,59042.5,60263.25,True,False,44,-0.0618,0.219896,-0.10590977,0.35414472,59768.416631899774,60263.14393519983,494.7273033000529,347.8637784295455,-0.865367368181818,4.077173313874345e-05,5.864026623851419e-05,AGN,stamp_classifier,0.86138374,1.2.1,AGN,2.01441663371501e+18,F:\ZTF_Adjusted_Dataset\stamps\AGN\ZTF22aaspbnr,,1.0,g,20.617904663085938,0.21652157604694366,0.9966670274734497,0.9930710196495056,0.0,0.06694123148918152,10.851383209228516,22.3292293548584,0.7739999890327454,1.2362719774246216,f,34.0,596.0,0.5979999899864197,-0.03200000151991844
ZTF20acmkijb,76,1633,58785.31927079987,60966.20634259982,True,True,16,,,,,59116.33606480016,60966.20634259982,1849.870277799666,9.543825833807922,6.240088949892846,0.0180703886886179,0.0179633240582304,AGN,stamp_classifier,0.86138284,27.5.6,AGN,1.39023270441501e+18,F:\ZTF_Adjusted_Dataset\stamps\AGN\ZTF20acmkijb,,2.0,r,20.666400909423828,0.20968575775623322,0.9977080225944519,0.06877979636192322,0.0033333299215883017,0.19453997910022736,14.08574390411377,18.560964584350586,0.8029999732971191,1.1111680269241333,f,24.0,433.0,0.33899998664855957,0.004999999888241291
ZTF20acbnqdb,142,656,59112.30071760016,60678.1155555998,True,False,109,,,,,59112.30071760016,60678.1155555998,1565.814837999642,0.607064961546889,-20.906240013214727,0.0069627806329816,0.006504390058044,AGN,stamp_classifier,0.86134136,26.0.1,AGN,,F:\ZTF_Adjusted_Dataset\stamps\AGN\ZTF20acbnqdb,,,,,,,,,,,,,,,,,,
ZTF19abkflox,228,1092,58362.5,60237.25,True,False,175,-0.218,0.237607,-0.057534218,0.3102092,58693.43857639981,60237.25075230002,1543.8121759002097,4.922924892571428,-22.09350496,7.006411186964977e-05,6.310349098681515e-05,AGN,stamp_classifier,0.8612941,1.2.1,AGN,9.6937589511501e+17,F:\ZTF_Adjusted_Dataset\stamps\AGN\ZTF19abkflox,,2.0,r,20.29975700378418,0.20699168741703033,0.9964579939842224,0.002083329949527979,0.0012499999720603228,0.3303240239620209,13.577251434326172,18.271211624145508,0.6930000185966492,1.3142712116241455,f,16.0,170.0,0.9509999752044678,-0.03400000184774399
ZTF22aawpkyi,16,512,59786.5,59880.25,True,False,14,0.3917616,0.14738141,0.33768156,0.086496264,59786.44143520016,59880.15065969992,93.70922449976206,355.6468192857143,-19.69570395,8.54900791123843e-05,7.940517082577454e-05,AGN,stamp_classifier,0.86126566,1.1.6,AGN,2.03244143041501e+18,F:\ZTF_Adjusted_Dataset\stamps\AGN\ZTF22aawpkyi,,1.0,g,20.65535545349121,0.2021571695804596,0.9121670126914978,0.009047619998455048,0.0008333330042660236,0.27999940514564514,11.292365074157715,19.175783157348633,0.6660000085830688,1.2012944221496582,f,1.0,427.0,1.2079999446868896,0.035999998450279236
ZTF21acqptfi,94,1288,59459.39440969983,60586.424294000026,True,True,30,,,,,59812.37789350003,60586.424294000026,774.0464004999958,355.9737165249952,-9.069298117085651,0.0347652999714704,0.0343306780495882,AGN,stamp_classifier,0.8612462,24.5.2a6,AGN,2.064399354715015e+18,F:\ZTF_Adjusted_Dataset\stamps\AGN\ZTF21acqptfi,,2.0,r,20.728302001953125,0.20673628151416779,0.9449309706687927,0.015833299607038498,0.9987499713897705,0.306937038898468,19.83252716064453,20.66966438293457,0.7900000214576721,1.1960254907608032,t,21.0,678.0,0.5630000233650208,0.03099999949336052
ZTF20aboqmky,7,466,58379.25,59797.5,True,False,3,,,,,59055.41744210012,59797.39825229999,741.9808101998642,351.71766743333336,-18.4503306,7.042764609785087e-05,3.328843642969482e-05,AGN,stamp_classifier,0.86119837,dev,AGN,1.30141744311501e+18,F:\ZTF_Adjusted_Dataset\stamps\AGN\ZTF20aboqmky,,1.0,g,20.25701332092285,0.19250650703907013,0.9840419888496399,0.03679170086979866,0.0016666699666529894,0.306892991065979,4.862504959106445,7.970941066741943,0.746999979019165,2.3499999046325684,f,3.0,234.0,0.3540000021457672,0.008999999612569809
ZTF22abfexmh,1,337,59826.35553239984,59826.35553239984,False,False,1,,,,,59826.35553239984,59826.35553239984,0.0,6.339115,-21.388276,,,AGN,stamp_classifier,0.86115956,0.0.0,AGN,2.07235553631501e+18,F:\ZTF_Adjusted_Dataset\stamps\AGN\ZTF22abfexmh,,1.0,g,20.1383113861084,0.1788274198770523,1.0,0.5550619959831238,0.5,0.32269465923309326,5.412965774536133,18.52970314025879,0.44200000166893005,1.4588857889175415,f,1.0,337.0,0.38499999046325684,-0.00800000037997961
ZTF24abkoebj,31,1552,59520.31247689994,60586.466886600014,True,False,8,,,,,60585.23498839978,60586.466886600014,1.2318982002325356,358.42708218624654,1.503529489233512,0.0298207423300656,0.029810475464839,AGN,stamp_classifier,0.861138,24.5.2a6,AGN,2.83135134061501e+18,F:\ZTF_Adjusted_Dataset\stamps\AGN\ZTF24abkoebj,,2.0,r,21.262237548828125,0.20678310096263885,0.9732499718666077,0.10216700285673141,0.5,0.1896040141582489,8.705135345458984,10.91003131866455,0.8939999938011169,1.247713327407837,f,25.0,1532.0,0.9129999876022339,-0.017000000923871994
ZTF19abdrwgt,23,1402,58668.445983800106,61030.14951389981,True,True,12,,,,,58668.445983800106,61030.14951389981,2361.7035300997086,340.0299306625999,3.3036142334623926,0.0226499595902242,0.0226123195384214,AGN,stamp_classifier,0.8611322,27.5.7a32.dev1,AGN,9.1444598191501e+17,F:\ZTF_Adjusted_Dataset\stamps\AGN\ZTF19abdrwgt,,1.0,g,20.7273006439209,0.19235463440418243,0.5531460046768188,0.028875000774860382,0.0010000000474974513,0.3818640410900116,10.613082885742188,14.750417709350586,0.527999997138977,1.2851155996322632,f,1.0,70.0,0.7009999752044678,0.012000000104308128
ZTF23aasrfsu,28,1380,60143.439942100085,60586.45804399997,True,False,9,,,,,60585.21168980002,60586.45804399997,1.2463541999459269,12.54940281885705,-13.083845445169969,0.0288803591358019,0.0281306202304032,AGN,stamp_classifier,0.86112624,24.5.2a6,AGN,2.83134248061501e+18,F:\ZTF_Adjusted_Dataset\stamps\AGN\ZTF23aasrfsu,,2.0,r,21.074033737182617,0.20766842365264893,0.9911670088768005,0.5,0.0033333299215883017,0.12467191368341446,22.909080505371094,23.590726852416992,0.9860000014305115,1.2234339714050293,f,23.0,1359.0,0.42899999022483826,-0.004000000189989805
ZTF18abqzqud,8,604,59472.43751160009,59524.31149310013,True,True,6,0.050899506,-0.22723007,0.09651804,-0.17879653,59498.317256900016,59524.31149310013,25.99423620011657,24.362200833333333,-13.77155945,8.126570412346276e-05,4.748691398669208e-05,AGN,stamp_classifier,0.86112475,correction_1.0.6,AGN,1.77031149521501e+18,F:\ZTF_Adjusted_Dataset\stamps\AGN\ZTF18abqzqud,,1.0,g,20.640274047851562,0.2066023051738739,1.0,0.5,0.5,0.1568554937839508,13.995442390441895,14.63124942779541,0.7480000257492065,1.178739070892334,f,8.0,604.0,0.328000009059906,0.014999999664723873
ZTF20abnttlr,452,3951,58643.4448958002,61030.131516200025,True,True,98,,,,,59028.45387730002,61030.131516200025,2001.6776389000008,342.2021997636824,18.19284799041784,0.007785151629767,0.0073959798274839,AGN,stamp_classifier,0.861098,27.5.7a32.dev1,AGN,1.30145390171501e+18,F:\ZTF_Adjusted_Dataset\stamps\AGN\ZTF20abnttlr,,2.0,r,20.7010498046875,0.21659819781780243,0.9950000047683716,0.9852920174598694,0.9826250076293945,0.38645488023757935,14.658798217773438,16.887556076049805,0.8119999766349792,1.1773988008499146,f,14.0,433.0,0.2809999883174896,0.008999999612569809
ZTF20ablciar,102,3296,59030.47746529989,61059.15653940011,True,False,40,,,,,59030.47746529989,61059.15653940011,2028.6790741002187,4.147443849950104,44.94434932432173,0.0168740362477526,0.011943328834893,AGN,stamp_classifier,0.861034,27.5.7a32.dev1,AGN,1.32347472041501e+18,F:\ZTF_Adjusted_Dataset\stamps\AGN\ZTF20ablciar,,2.0,r,20.53156852722168,0.2148119956254959,1.0,0.7464169859886169,0.9767500162124634,0.32427409291267395,11.986193656921387,13.554043769836426,0.6050000190734863,1.2039201259613037,f,25.0,1374.0,0.7519999742507935,-0.009999999776482582
ZTF20abojxyr,87,1285,59054.41765049985,60967.29465280008,True,True,14,,,,,59054.41765049985,60967.29465280008,1912.877002300229,8.96386296217039,-17.822420372049663,0.0213125462626963,0.0202897501563467,AGN,stamp_classifier,0.8610062,27.5.6,AGN,1.30041765211501e+18,F:\ZTF_Adjusted_Dataset\stamps\AGN\ZTF20abojxyr,,2.0,r,20.4228572845459,0.19103176891803741,1.0,0.004583329893648624,0.1974879950284958,0.3040523827075958,7.680049896240234,16.302627563476562,0.7369999885559082,3.119999885559082,f,1.0,270.0,0.5669999718666077,-0.03400000184774399
ZTF23abecnhl,13,1429,59848.37199069979,60585.36358800018,True,False,2,,,,,60585.3170138998,60585.36358800018,0.0465741003863513,13.065256399999742,0.5222551000002311,0.0650027020389661,0.0649999974782266,AGN,stamp_classifier,0.86098605,24.5.2a6,AGN,2.83131701601501e+18,F:\ZTF_Adjusted_Dataset\stamps\AGN\ZTF23abecnhl,,1.0,g,21.16461944580078,0.20045879483222961,0.9649580121040344,0.1574079990386963,0.007291669957339764,0.20047222077846527,27.075109481811523,28.17713165283203,0.8629999756813049,1.45563542842865,f,12.0,1427.0,0.8370000123977661,0.08299999684095383
ZTF20abmubvv,250,1540,58666.42206020001,60880.38828699989,True,False,151,,,,,59048.45975690009,60880.38828699989,1831.9285300998015,351.5019465863538,-0.3414528153987226,0.005856674433201,0.0058565704159203,AGN,stamp_classifier,0.8609833,27.5.6,AGN,1.306423036215015e+18,F:\ZTF_Adjusted_Dataset\stamps\AGN\ZTF20abmubvv,,2.0,r,20.532325744628906,0.18921123445034027,0.9972500205039978,0.9957919716835022,0.2948099970817566,0.15325617790222168,10.624022483825684,29.913619995117188,0.8709999918937683,1.1488927602767944,t,9.0,253.0,0.5189999938011169,-0.012000000104308128
ZTF21abyobhm,42,1006,59059.5,59770.5,True,False,11,-0.14890094,0.04405,0.009416117,0.22879341,59435.36113430001,59770.440497700125,335.07936340011656,346.9619551636364,9.293781518181818,6.26720714927426e-05,6.864579838853342e-05,AGN,stamp_classifier,0.86092836,dev,AGN,1.70933307081501e+18,F:\ZTF_Adjusted_Dataset\stamps\AGN\ZTF21abyobhm,,2.0,r,20.986955642700195,0.21673926711082458,0.9856669902801514,0.06836310029029846,0.011291700415313244,0.2864495515823364,17.901397705078125,19.76711082458496,0.8159999847412109,1.1733689308166504,f,17.0,832.0,0.4869999885559082,-0.03999999910593033
ZTF19abkccid,230,2191,58644.44430560013,61024.128865700215,True,False,36,,,,,58688.41040509986,61024.128865700215,2335.718460600357,352.72250822246656,5.349893415939062,0.0122233221038157,0.0121700756572722,AGN,stamp_classifier,0.8608562,27.5.7a32.dev1,AGN,9.5347921391501e+17,F:\ZTF_Adjusted_Dataset\stamps\AGN\ZTF19abkccid,,2.0,r,20.631235122680664,0.1922275871038437,0.9983329772949219,0.014291699975728989,0.007648809812963009,0.16443757712841034,11.486023902893066,11.55978012084961,0.8550000190734863,1.9900000095367432,f,28.0,218.0,0.3869999945163727,-0.0010000000474974513
ZTF20abmyqtr,4,423,58786.19903940009,59081.402638900094,True,True,3,0.24853706,0.7460552,0.21379852,0.73910034,59049.39342590002,59081.402638900094,32.009213000070304,3.2305564,6.856330066666668,1.5688530842592576e-05,6.460281211643813e-05,AGN,stamp_classifier,0.86082256,corr_bulk_0.0.1,AGN,1.29539342631501e+18,F:\ZTF_Adjusted_Dataset\stamps\AGN\ZTF20abmyqtr,,2.0,r,20.54644012451172,0.21537917852401733,1.0,0.9493929743766785,0.03520829975605011,0.22200573980808258,13.321049690246582,23.379018783569336,0.6970000267028809,1.2260123491287231,f,2.0,395.0,0.15399999916553497,-0.019999999552965164
ZTF22aasoohr,226,1157,59403.39724540012,61028.109479200095,True,False,133,,,,,59740.4209838002,61028.109479200095,1287.688495399896,337.78091258593975,-17.602122608018398,0.0041171842462334,0.0039244153862754,AGN,stamp_classifier,0.86079973,27.5.7a32.dev1,AGN,2.01439665281501e+18,F:\ZTF_Adjusted_Dataset\stamps\AGN\ZTF22aasoohr,,1.0,g,20.287412643432617,0.19727402925491333,0.6703720092773438,0.6898509860038757,0.5,0.23677317798137665,12.14067554473877,15.523407936096191,0.7649999856948853,1.297343373298645,f,15.0,383.0,0.5450000166893005,-0.006000000052154064
ZTF22aavuhco,7,429,59755.5,59786.5,True,False,7,-0.0006,0.353075,0.035131987,0.4101858,59755.43564809999,59786.44143520016,31.00578710017726,351.3838695285714,-17.902511571428573,0.000116132850845,3.930113290521478e-05,AGN,stamp_classifier,0.8607177,dev,AGN,2.03044063291501e+18,F:\ZTF_Adjusted_Dataset\stamps\AGN\ZTF22aavuhco,,2.0,r,20.593505859375,0.2065853476524353,0.9983329772949219,0.8672500252723694,-999.0,0.14072099328041077,17.3542423248291,-999.0,0.8230000138282776,1.2091546058654785,f,6.0,427.0,0.8429999947547913,-0.03500000014901161
ZTF18abwhrji,28,1061,58765.31440970022,60585.32585649984,True,False,9,,,,,59512.21571760019,60585.32585649984,1073.1101388996467,5.308056100000237,-13.039610099999036,0.0667204323427569,0.064999996515114,AGN,stamp_classifier,0.8605804,24.5.2a6,AGN,1.76725348061501e+18,F:\ZTF_Adjusted_Dataset\stamps\AGN\ZTF18abwhrji,,2.0,r,19.299131393432617,0.18708303570747375,0.994642972946167,0.8436669707298279,0.02583329938352108,0.27338722348213196,2.7084767818450928,7.51602029800415,0.9940000176429749,1.1182501316070557,f,12.0,545.0,0.3449999988079071,-0.017999999225139618
ZTF22abowczq,27,1695,59081.45012729988,60292.1109491,True,False,2,,,,,60290.21734949993,60292.1109491,1.8935996000654995,38.11975113793628,36.07458926637442,0.0638826940263345,0.0516332581488631,AGN,stamp_classifier,0.8605584,23.12.20,AGN,2.53811094581501e+18,F:\ZTF_Adjusted_Dataset\stamps\AGN\ZTF22abowczq,,2.0,r,21.29972267150879,0.21087567508220673,0.9895830154418945,0.5,0.9937499761581421,0.028310395777225494,5.6156721115112305,22.01930809020996,0.949999988079071,1.1378453969955444,f,27.0,1695.0,0.42100000381469727,-0.009999999776482582
ZTF20aboeheu,33,470,59050.43923609983,59526.23248839984,True,True,16,0.069703,0.326052,0.14081344,0.41414607,59050.43923609983,59526.23248839984,475.7932523000054,0.33027513125,-17.632933975,4.499009844769397e-05,5.285727323004943e-05,AGN,stamp_classifier,0.86055326,correction_1.0.6,AGN,1.29945895251501e+18,F:\ZTF_Adjusted_Dataset\stamps\AGN\ZTF20aboeheu,,2.0,r,20.570690155029297,0.21416151523590088,1.0,0.003083330113440752,-999.0,0.222551628947258,22.347497940063477,-999.0,0.7170000076293945,2.509999990463257,f,3.0,259.0,0.5370000004768372,-0.027000000700354576
ZTF20abnmfli,197,2488,58788.2062615999,61028.1071295999,True,False,80,,,,,59030.46638889983,61028.1071295999,1997.640740700066,351.47298081608835,4.418053749112467,0.0081089804616706,0.0080848847422813,AGN,stamp_classifier,0.86053157,27.5.7a32.dev1,AGN,1.35930619211501e+18,F:\ZTF_Adjusted_Dataset\stamps\AGN\ZTF20abnmfli,,2.0,r,20.24431610107422,0.1809755116701126,0.9916669726371765,0.9126669764518738,0.9235829710960388,0.1449422389268875,28.604848861694336,29.304712295532227,0.8410000205039978,1.9199999570846558,f,27.0,480.0,0.32100000977516174,0.00800000037997961
ZTF20acwrzts,96,1477,58694.426921300124,60536.3384027998,True,True,24,0.003507,0.096516,0.10720333,0.11787269,59169.21297449991,60536.3384027998,1367.1254282998852,350.44305981666656,1.8234105166661227,0.0265495819936645,0.0265361377383017,AGN,stamp_classifier,0.86051595,24.5.2a6,AGN,1.440141740815015e+18,F:\ZTF_Adjusted_Dataset\stamps\AGN\ZTF20acwrzts,,2.0,r,20.324092864990234,0.19690795242786407,0.9906250238418579,0.5,0.38295799493789673,0.11223512887954712,1.9130749702453613,15.120707511901855,0.4749999940395355,1.4931164979934692,t,16.0,566.0,0.8740000128746033,-0.03700000047683716
ZTF19abdyuju,216,2909,58644.44475689996,61024.18121530023,True,True,153,,,,,58644.44475689996,61024.18121530023,2379.7364584002644,353.9856234719296,-6.363586140489743,0.0033272763268363,0.003306775447835,AGN,stamp_classifier,0.8604938,27.5.7a32.dev1,AGN,1.05814072481501e+18,F:\ZTF_Adjusted_Dataset\stamps\AGN\ZTF19abdyuju,,1.0,g,19.762069702148438,0.19274218380451202,0.9745540022850037,0.32090499997138977,-999.0,0.17758628726005554,24.706811904907227,-999.0,0.9089999794960022,2.200000047683716,f,47.0,260.0,0.8970000147819519,-0.03700000047683716
ZTF21acjdnbs,140,1143,59053.5,60204.25,True,False,80,0.0985,0.10905602,0.023955498,0.36515352,59490.33347220021,60204.33447920019,714.0010069999844,0.4275033687499999,-20.63905748125,7.073333161211503e-05,6.281962342315117e-05,AGN,stamp_classifier,0.86049044,1.2.1,AGN,1.76318983101501e+18,F:\ZTF_Adjusted_Dataset\stamps\AGN\ZTF21acjdnbs,,1.0,g,20.469287872314453,0.1917949765920639,0.9983329772949219,-999.0,-999.0,0.3614848256111145,-999.0,-999.0,0.6079999804496765,2.25,f,15.0,400.0,0.9539999961853027,-0.009999999776482582
ZTF24abkkhtq,85,1543,59459.337881899904,61059.12936339993,True,False,42,,,,,60564.28952550003,61059.12936339993,494.8398378998973,6.056453895810406,2.8599191019906125,0.0113523935830238,0.0113382541474202,AGN,stamp_classifier,0.8604769,27.5.7a32.dev1,AGN,2.83122835221501e+18,F:\ZTF_Adjusted_Dataset\stamps\AGN\ZTF24abkkhtq,,1.0,g,21.0445499420166,0.15073786675930023,0.9941669702529907,0.8379579782485962,0.5,0.3872787356376648,18.734893798828125,23.044618606567383,0.6710000038146973,1.325039267539978,f,12.0,1159.0,0.5690000057220459,-0.009999999776482582
ZTF24abkzaon,48,1468,59085.41024310002,60586.338784699794,True,False,5,,,,,60558.399178199936,60586.338784699794,27.9396064998582,18.28801988000052,-3.7686302,0.0291318787837778,0.0290688826412569,AGN,stamp_classifier,0.86045,24.5.2a6,AGN,2.83233878181501e+18,F:\ZTF_Adjusted_Dataset\stamps\AGN\ZTF24abkzaon,,1.0,g,21.274185180664062,0.21711194515228271,0.9918749928474426,0.008750000037252903,0.5,0.2918761670589447,16.773897171020508,16.933927536010742,0.9160000085830688,1.3591558933258057,f,48.0,1468.0,0.8230000138282776,0.023000000044703484
ZTF19abdyvny,271,1703,58669.45921299979,61028.08453699993,True,False,184,,,,,58669.45921299979,61028.08453699993,2358.625324000139,346.99916068322176,-11.126198756486096,0.0031597924180732,0.003100402611591,AGN,stamp_classifier,0.86044693,27.5.7a32.dev1,AGN,9.1545921191501e+17,F:\ZTF_Adjusted_Dataset\stamps\AGN\ZTF19abdyvny,,1.0,g,20.791967391967773,0.21546925604343414,0.9928330183029175,0.5,0.0016666699666529894,0.43947258591651917,15.77599048614502,16.583587646484375,0.4880000054836273,1.3262302875518799,f,1.0,33.0,1.274999976158142,0.054999999701976776
ZTF20abmynge,412,1828,58811.17100689979,60974.28839119989,True,False,231,,,,,59049.39005789999,60974.28839119989,1924.898333299905,353.0978697043688,-2.268295686854047,0.0027501779057933,0.0027480229301785,AGN,stamp_classifier,0.8604293,27.5.7a32.dev1,AGN,1.30642303421501e+18,F:\ZTF_Adjusted_Dataset\stamps\AGN\ZTF20abmynge,,2.0,r,20.785673141479492,0.21260830760002136,0.9958329796791077,0.5,1.0,0.20937784016132355,24.562833786010742,27.594892501831055,0.8159999847412109,1.1280903816223145,f,4.0,279.0,0.28299999237060547,0.013000000268220901
ZTF23abctpyp,34,976,60173.37263889983,60586.37754630018,True,False,16,,,,,60585.21611109981,60586.37754630018,1.1614352003671229,359.05009775233424,-8.099914082256053,0.0215721000187232,0.0213568937887697,AGN,stamp_classifier,0.8602447,24.5.2a6,AGN,2.83126266371501e+18,F:\ZTF_Adjusted_Dataset\stamps\AGN\ZTF23abctpyp,,2.0,r,21.092679977416992,0.1881377249956131,0.996042013168335,0.10252100229263306,1.0,0.33649447560310364,3.4996235370635986,8.056056022644043,0.9639999866485596,1.274010181427002,f,20.0,958.0,0.5109999775886536,0.0020000000949949026
ZTF20abnwcno,3,232,58694.42827549996,59052.4583101999,True,True,1,,,,,59052.4583101999,59052.4583101999,0.0,353.1798131,-15.9357264,,,AGN,stamp_classifier,0.86008114,corr_bulk_0.0.1,AGN,1.298458314115015e+18,F:\ZTF_Adjusted_Dataset\stamps\AGN\ZTF20abnwcno,,1.0,g,20.571746826171875,0.21333619952201843,0.9877079725265503,0.0037499999161809683,0.004999999888241291,0.49399828910827637,11.267569541931152,29.64573097229004,0.7059999704360962,2.880000114440918,t,3.0,232.0,0.47999998927116394,0.03999999910593033
ZTF18abtxpyy,27,312,58368.350266200025,59172.21155089978,True,True,22,-0.23019981,0.12557891,-0.0003490448,0.22065692,59046.43863430014,59172.21155089978,125.77291659964249,2.7852519409090912,-14.375806736363636,5.101400049746558e-05,8.20656737326549e-05,AGN,stamp_classifier,0.8600643,corr_bulk_0.0.1,AGN,1.382232545515015e+18,F:\ZTF_Adjusted_Dataset\stamps\AGN\ZTF18abtxpyy,,1.0,g,20.27025604248047,0.15469849109649658,0.9877079725265503,0.002916669938713312,0.5,0.3572640120983124,18.403072357177734,18.474231719970703,0.9169999957084656,1.850000023841858,t,19.0,288.0,0.6240000128746033,-0.008999999612569809
ZTF24abkxtmd,31,1424,60123.41527780006,60586.30550929997,True,False,5,,,,,60585.40993059985,60586.30550929997,0.8955787001177669,3.1498000716181003,-1.1423192271352025,0.0318386813489857,0.0318323531596662,AGN,stamp_classifier,0.860046,24.5.2a6,AGN,2.83230550361501e+18,F:\ZTF_Adjusted_Dataset\stamps\AGN\ZTF24abkxtmd,,1.0,g,21.542146682739258,0.21531052887439728,0.964896023273468,0.9916669726371765,0.10486099869012833,0.3949160873889923,6.614966869354248,11.245946884155273,0.8149999976158142,1.3274202346801758,f,31.0,1424.0,0.9750000238418579,-0.0020000000949949026
ZTF20abmdbvf,18,465,58678.479039399885,59085.3334144,True,True,13,0.1268692,0.3034919,0.2338543,0.31015697,59043.45943289995,59085.3334144,41.87398150004447,357.55662429999995,1.8628635384615384,7.784489921026256e-05,4.137131732775412e-05,AGN,stamp_classifier,0.86002904,corr_bulk_0.0.1,AGN,1.33133341081501e+18,F:\ZTF_Adjusted_Dataset\stamps\AGN\ZTF20abmdbvf,,2.0,r,20.807750701904297,0.1978655606508255,0.9786249995231628,0.5,0.5,0.08178514242172241,13.481035232543945,14.080679893493652,0.628000020980835,2.3499999046325684,f,18.0,465.0,0.7570000290870667,-0.009999999776482582
ZTF21abrbzyk,82,1849,59018.3883795999,60935.32515050005,True,True,23,,,,,59430.36060190015,60935.32515050005,1504.9645485999065,354.444734455891,11.287450268926673,0.0156153279846711,0.0153132890852196,AGN,stamp_classifier,0.8600081,27.5.6,AGN,1.70433975241501e+18,F:\ZTF_Adjusted_Dataset\stamps\AGN\ZTF21abrbzyk,,2.0,r,20.539283752441406,0.16673000156879425,0.9941669702529907,0.9987499713897705,0.9733330011367798,0.034226249903440475,10.020317077636719,14.178199768066406,0.6840000152587891,1.186748743057251,f,9.0,769.0,0.2639999985694885,-0.03700000047683716
ZTF20acevdjh,14,1693,58864.25,59813.25,True,True,1,,,,,59813.338935200125,59813.338935200125,0.0,10.7848975,25.4250319,,,AGN,stamp_classifier,0.85994184,dev,AGN,2.05933893171501e+18,F:\ZTF_Adjusted_Dataset\stamps\AGN\ZTF20acevdjh,,1.0,g,20.70858383178711,0.2148035317659378,0.9966670274734497,0.9655359983444214,0.5908390283584595,0.49898210167884827,13.002721786499023,16.825571060180664,0.4869999885559082,1.3451436758041382,f,14.0,1693.0,0.5080000162124634,-0.023000000044703484
ZTF18adnmsyk,51,3031,58321.43630790012,61028.23606480006,True,True,4,,,,,59881.349664399866,61028.23606480006,1146.8864004001953,10.481965020646834,37.69207945984594,0.0433847210456752,0.0343306785766476,AGN,stamp_classifier,0.85992634,27.5.7a32.dev1,AGN,2.12734966091501e+18,F:\ZTF_Adjusted_Dataset\stamps\AGN\ZTF18adnmsyk,,1.0,g,20.56490707397461,0.2061680257320404,0.9987499713897705,0.004875000100582838,0.0008333330042660236,0.06973951309919357,8.634476661682129,14.790388107299805,0.6029999852180481,1.4115817546844482,f,28.0,2148.0,0.4050000011920929,0.008999999612569809
ZTF19abjqrvn,590,1665,58487.106250000186,60975.23144679982,True,False,312,,,,,58667.44222219987,60975.23144679982,2307.7892245999537,16.272919075480953,-2.2397450021508885,0.0040693478248107,0.0040662389817841,AGN,stamp_classifier,0.85985494,27.5.7a32.dev1,AGN,9.6941805381501e+17,F:\ZTF_Adjusted_Dataset\stamps\AGN\ZTF19abjqrvn,,1.0,g,20.37450408935547,0.20800453424453735,0.9975000023841858,0.0,-999.0,0.17497394979000092,11.232657432556152,-999.0,0.8069999814033508,2.2699999809265137,f,13.0,157.0,0.7940000295639038,0.05000000074505806
ZTF20acbnzyu,130,960,58710.43940970022,61029.15324069979,True,False,72,,,,,59106.397754599806,61029.15324069979,1922.7554860999808,7.619588091702244,-21.226831060723423,0.0087371771837716,0.0081443975205619,AGN,stamp_classifier,0.85983115,27.5.7a32.dev1,AGN,1.35831377561501e+18,F:\ZTF_Adjusted_Dataset\stamps\AGN\ZTF20acbnzyu,,1.0,g,20.47503089904785,0.18469293415546417,0.9749460220336914,-999.0,-999.0,0.3306506276130676,-999.0,-999.0,0.9010000228881836,2.130000114440918,f,5.0,207.0,0.7300000190734863,-0.014999999664723873
ZTF19abkbntt,54,2125,58607.5,59934.0,True,False,8,0.7941611,1.4410435,0.3943276,0.7399887,58668.3733680998,59934.11439809995,1265.7410300001502,333.63235978750004,12.964873575,3.981347357585293e-05,4.1572681620882845e-05,AGN,stamp_classifier,0.8598144,1.1.6,AGN,9.4239101401501e+17,F:\ZTF_Adjusted_Dataset\stamps\AGN\ZTF19abkbntt,,2.0,r,20.809619903564453,0.20597994327545166,0.9118329882621765,0.003645830089226365,0.0,0.18472588062286377,13.997905731201172,14.850777626037598,0.8510000109672546,1.154376745223999,f,14.0,125.0,1.0980000495910645,0.004999999888241291
ZTF23abdeknz,27,1116,58369.33031249978,60585.28594909981,True,False,2,,,,,60585.23940970004,60585.28594909981,0.0465393997728824,358.2908290999998,-9.463438400000294,0.0658968089577433,0.0649999974782266,AGN,stamp_classifier,0.85979295,24.5.2a6,AGN,2.83123940381501e+18,F:\ZTF_Adjusted_Dataset\stamps\AGN\ZTF23abdeknz,,1.0,g,20.86752700805664,0.16352619230747223,1.0,0.0062500000931322575,0.18754200637340546,0.29418861865997314,7.605685234069824,9.587848663330078,0.9679999947547913,1.297343373298645,f,26.0,1114.0,0.4440000057220459,0.028999999165534973
ZTF23aaafcux,214,2383,59821.467800899874,61059.15175929992,True,False,108,,,,,60526.40165509982,61059.15175929992,532.7501042000949,23.617894111982267,19.801339343812973,0.0037972333540647,0.0035727137031788,AGN,stamp_classifier,0.8597261,27.5.7a32.dev1,AGN,2.77845591381501e+18,F:\ZTF_Adjusted_Dataset\stamps\AGN\ZTF23aaafcux,,1.0,g,20.97158432006836,0.21170060336589813,0.9905830025672913,0.004416670184582472,0.5,0.38811519742012024,20.850614547729492,21.326990127563477,0.9179999828338623,1.1854175329208374,f,19.0,1767.0,0.7289999723434448,0.023000000044703484
ZTF22abkfugb,13,877,59765.5,59854.25,True,False,4,,,,,59826.33479169989,59854.27006939985,27.935277699958533,358.4249126,-20.10065875,3.31069982403362e-05,8.818762195848724e-05,AGN,stamp_classifier,0.85971814,dev,AGN,2.10027006141501e+18,F:\ZTF_Adjusted_Dataset\stamps\AGN\ZTF22abkfugb,,1.0,g,20.649600982666016,0.21499091386795044,1.0,0.8854399919509888,0.0,0.07630105316638947,5.7819671630859375,11.67539119720459,0.5400000214576721,1.2078481912612915,f,13.0,877.0,0.47200000286102295,0.02800000086426735
ZTF23abctuhg,27,1153,59854.26959489984,60586.354259300046,True,False,9,,,,,60585.23940970004,60586.354259300046,1.1148496000096202,355.1899332510542,-9.553457537066675,0.0348135014918132,0.03433067847529,AGN,stamp_classifier,0.85962397,24.5.2a6,AGN,2.831239404615015e+18,F:\ZTF_Adjusted_Dataset\stamps\AGN\ZTF23abctuhg,,1.0,g,21.351810455322266,0.200656920671463,0.994583010673523,0.019375000149011612,0.002083329949527979,0.09005922824144363,10.043245315551758,19.380229949951172,0.9900000095367432,1.2900205850601196,t,19.0,1135.0,0.4650000035762787,-0.007000000216066837
ZTF19abrmmtv,54,1811,58706.41896989988,61025.17548609991,True,True,13,,,,,58706.41896989988,61025.17548609991,2318.7565162000246,15.568434982733756,5.477821250673821,0.0184068082928747,0.0183227481644397,AGN,stamp_classifier,0.8596097,27.5.7a32.dev1,AGN,9.65376143515015e+17,F:\ZTF_Adjusted_Dataset\stamps\AGN\ZTF19abrmmtv,,2.0,r,20.32268714904785,0.21482589840888977,1.0,0.3705950081348419,0.15284499526023865,0.09922479838132858,20.201831817626953,23.714712142944336,0.8149999976158142,1.3707233667373657,t,2.0,134.0,0.6589999794960022,0.0
ZTF21abxbhxg,23,514,59430.47613430023,59521.25300930021,True,True,2,,,,,59518.295555599965,59521.25300930021,2.957453700248152,16.0581724,-20.2529103,3.988082245771294e-05,6.731656556681281e-05,AGN,stamp_classifier,0.85958374,correction_1.0.6,AGN,1.764295550615015e+18,F:\ZTF_Adjusted_Dataset\stamps\AGN\ZTF21abxbhxg,,2.0,r,20.618684768676758,0.21470551192760468,0.9887920022010803,0.537136971950531,0.0016666699666529894,0.07608649134635925,5.888535976409912,15.728379249572754,0.7260000109672546,1.2677985429763794,t,22.0,511.0,0.3709999918937683,-0.0020000000949949026
ZTF24abkltiu,12,1596,58722.416261599865,60586.34320600005,True,False,10,,,,,60585.25162040023,60586.34320600005,1.0915855998173356,5.559993873006825,6.634472159476762,0.0251791132342274,0.025010499217793,AGN,stamp_classifier,0.85957015,24.5.2a6,AGN,2.83127490541501e+18,F:\ZTF_Adjusted_Dataset\stamps\AGN\ZTF24abkltiu,,1.0,g,21.053787231445312,0.17285901308059692,0.9904999732971191,0.03341669961810112,0.0,0.15639658272266388,9.579679489135742,24.2530460357666,0.7940000295639038,1.3416177034378052,f,4.0,1575.0,0.5099999904632568,0.01899999938905239
ZTF20abmuazq,18,1006,59048.41979169985,60557.3770486,True,True,5,,,,,59048.41979169985,60557.3770486,1508.9572569001466,12.588311200000277,-14.270351700000727,0.0670695373330316,0.0649999970654641,AGN,stamp_classifier,0.859567,24.5.2a6,AGN,1.30048013621501e+18,F:\ZTF_Adjusted_Dataset\stamps\AGN\ZTF20abmuazq,,1.0,g,20.298778533935547,0.19419583678245544,0.9844170212745667,0.9357770085334778,0.10379199683666229,0.715822160243988,24.653356552124023,25.729923248291016,0.6100000143051147,2.509999990463257,f,4.0,253.0,0.6349999904632568,-0.006000000052154064
ZTF23aasribf,36,1353,58691.48040510016,60586.38763889996,True,False,2,,,,,60586.20135420002,60586.38763889996,0.1862846999429166,9.373073100005197,-12.28690685,0.0470394153708983,0.0459619390912516,AGN,stamp_classifier,0.85955596,24.5.2a6,AGN,2.83238763131501e+18,F:\ZTF_Adjusted_Dataset\stamps\AGN\ZTF23aasribf,,1.0,g,21.200353622436523,0.1871781349182129,0.9840829968452454,0.5,0.024833299219608307,0.4375862181186676,12.373273849487305,12.53989028930664,0.8629999756813049,1.2426413297653198,f,36.0,1353.0,0.5249999761581421,0.026000000536441803
ZTF22aawdbsu,68,904,59400.5,60194.25,True,False,16,,,,,59784.4197338,60194.34302080004,409.9232870000415,340.7917377875,-8.21870973125,5.843472569401018e-05,8.024345222503838e-05,AGN,stamp_classifier,0.85952127,1.2.1,AGN,2.05833987451501e+18,F:\ZTF_Adjusted_Dataset\stamps\AGN\ZTF22aawdbsu,,2.0,r,20.655534744262695,0.2167929708957672,0.9935420155525208,0.5,0.046104200184345245,0.18673565983772278,17.811614990234375,18.34595489501953,0.7950000166893005,1.142000675201416,f,44.0,721.0,0.546999990940094,-0.0010000000474974513
ZTF23abcuhmj,38,1393,59073.41812499985,60586.34762729984,True,False,10,,,,,60585.232777799945,60586.34762729984,1.1148494998924434,2.4849225473932632,-9.01310367021794,0.0264961287414411,0.0261689678681334,AGN,stamp_classifier,0.8595139,24.5.2a6,AGN,2.83125603471501e+18,F:\ZTF_Adjusted_Dataset\stamps\AGN\ZTF23abcuhmj,,2.0,r,21.231948852539062,0.1985657811164856,0.9768750071525574,0.029993999749422073,0.009416669607162476,0.18947136402130127,9.690649032592773,12.208198547363281,0.9319999814033508,1.2298697233200073,f,30.0,1373.0,0.7289999723434448,0.0560000017285347
ZTF21abqwcqs,412,1760,59169.18947920017,61030.22193290014,True,False,196,,,,,59405.43666670006,61030.22193290014,1624.7852662000803,3.039478196853037,-8.041565675244055,0.0050494989581843,0.0049998463172438,AGN,stamp_classifier,0.8594983,27.5.7a32.dev1,AGN,1.67646222441501e+18,F:\ZTF_Adjusted_Dataset\stamps\AGN\ZTF21abqwcqs,,1.0,g,20.459501266479492,0.21670755743980408,1.0,0.09903570264577866,0.005458329804241657,0.3505283296108246,10.11904525756836,18.272916793823242,0.7300000190734863,1.384476900100708,f,5.0,445.0,0.574999988079071,0.02800000086426735
ZTF18acejxit,1,146,58429.25229169987,58429.25229169987,True,True,1,,,,,58429.25229169987,58429.25229169987,0.0,5.281015,-19.5791093,,,AGN,stamp_classifier,0.8594926,corr_bulk_0.0.1,AGN,6.752522900150111e+17,F:\ZTF_Adjusted_Dataset\stamps\AGN\ZTF18acejxit,,2.0,r,20.37441635131836,0.19412420690059662,0.9975000023841858,0.002083329949527979,0.09536310285329819,0.3126339018344879,14.457656860351562,17.781665802001953,0.7300000190734863,2.3499999046325684,f,1.0,146.0,0.18000000715255737,0.004000000189989805
ZTF20aboledm,190,1361,59045.25,60252.25,True,False,110,0.10517218,0.311623,0.080013186,0.40078697,59045.36263890006,60252.163912000135,1206.801273100078,354.14934088181815,11.46650285,5.054074236617894e-05,4.910836687611032e-05,AGN,stamp_classifier,0.8594827,1.2.1,AGN,1.35927825241501e+18,F:\ZTF_Adjusted_Dataset\stamps\AGN\ZTF20aboledm,,2.0,r,20.752317428588867,0.20757447183132172,0.9470419883728027,1.0,0.2649939954280853,0.23247744143009186,22.754791259765625,23.053855895996094,0.7239999771118164,2.3499999046325684,f,23.0,537.0,1.0440000295639038,-0.054999999701976776
ZTF20abmcmjk,432,2139,58675.4463657001,60939.31758099981,True,False,156,,,,,59026.47439809982,60939.31758099981,1912.8431828999887,348.06388103034686,12.377232860939811,0.0058307930497294,0.005695270886389,AGN,stamp_classifier,0.859453,27.5.6,AGN,1.29242251381501e+18,F:\ZTF_Adjusted_Dataset\stamps\AGN\ZTF20abmcmjk,,2.0,r,20.705425262451172,0.20005926489830017,1.0,0.9927499890327454,0.4759399890899658,0.12810026109218597,12.460190773010254,14.086575508117676,0.8999999761581421,1.1322814226150513,f,20.0,484.0,0.2199999988079071,-0.006000000052154064
ZTF20abneovu,4,1135,58697.41799770016,60585.21611109981,True,True,2,,,,,59050.47789350012,60585.21611109981,1534.73821759969,357.7105289000005,-8.77798749999945,0.0860073935778325,0.0850000005863921,AGN,stamp_classifier,0.8594259,24.5.2a6,AGN,1.29647789401501e+18,F:\ZTF_Adjusted_Dataset\stamps\AGN\ZTF20abneovu,,2.0,r,20.40654945373535,0.19421811401844025,1.0,0.9857919812202454,-999.0,0.2499828189611435,16.173856735229492,-999.0,0.5929999947547913,1.2764863967895508,f,2.0,289.0,0.7910000085830688,-0.03500000014901161
ZTF19abkhocr,112,944,58662.5,60174.5,True,False,91,0.4323,0.405651,0.33800334,0.43384704,58693.41756939981,60174.38449069997,1480.9669213001616,353.2534258692308,-20.59817282857143,6.181875423958272e-05,6.270507561552253e-05,AGN,stamp_classifier,0.8594004,1.2.0,AGN,9.7237575101501e+17,F:\ZTF_Adjusted_Dataset\stamps\AGN\ZTF19abkhocr,,2.0,r,20.156892776489258,0.2056088149547577,0.8323450088500977,0.0,0.002083329949527979,0.2138625681400299,6.285679340362549,13.853958129882812,0.8709999918937683,1.2143665552139282,f,16.0,221.0,0.4950000047683716,0.02500000037252903
ZTF21abmykyd,54,546,59400.41545139998,59524.29825229989,True,True,32,-0.265769,0.24077,0.0051751034,0.302155,59400.41545139998,59524.29825229989,123.88280089991169,1.030271690625,-8.125414000000001,4.772679209277901e-05,4.751516566066636e-05,AGN,stamp_classifier,0.8593885,correction_1.0.6,AGN,1.66045918321501e+18,F:\ZTF_Adjusted_Dataset\stamps\AGN\ZTF21abmykyd,,2.0,r,20.337812423706055,0.18221613764762878,0.9821249842643738,1.0,0.0,0.12384135276079178,9.64232063293457,13.809459686279297,0.7940000295639038,1.1760571002960205,f,2.0,427.0,0.7329999804496765,0.013000000268220901
ZTF20abwyqbc,56,2271,59054.471180600114,60533.36440970004,True,False,25,-0.0836,0.116079,0.07816675,0.08944632,59084.35124999983,60533.36440970004,1449.0131597002037,0.5507445000130651,37.09079889999996,0.1065589044043957,0.0849999935098092,AGN,stamp_classifier,0.8593535,24.5.2a6,AGN,1.382239671515015e+18,F:\ZTF_Adjusted_Dataset\stamps\AGN\ZTF20abwyqbc,,1.0,g,20.85187530517578,0.19499817490577698,0.9795830249786377,0.9887499809265137,0.03725000098347664,0.2440633475780487,17.46144676208496,19.99102783203125,0.8460000157356262,1.1720225811004639,t,26.0,1028.0,0.6690000295639038,-0.013000000268220901
ZTF18acejxea,27,1021,59187.10620369995,60960.28189809993,True,False,8,,,,,58429.25229169987,60960.28189809993,2531.0296064000577,4.704828155335388,-19.27156352612896,0.0293382979177037,0.0276943223849495,AGN,stamp_classifier,0.8593459,27.5.6,AGN,6.752522900150103e+17,F:\ZTF_Adjusted_Dataset\stamps\AGN\ZTF18acejxea,,2.0,r,19.99541664123535,0.15320254862308502,0.9935420155525208,0.0,0.1903569996356964,0.14263714849948883,6.855027675628662,18.276641845703125,0.6790000200271606,1.4026049375534058,f,1.0,75.0,0.23800000548362732,-0.019999999552965164
ZTF21acfpsrx,563,4063,58344.37843749998,61021.16417820007,True,False,71,,,,,59769.42925930023,61021.16417820007,1251.7349188998342,8.334215945987005,27.63367742128601,0.0096577802679896,0.0085561278303062,AGN,stamp_classifier,0.8593223,27.5.7a32.dev1,AGN,2.02940832401501e+18,F:\ZTF_Adjusted_Dataset\stamps\AGN\ZTF21acfpsrx,,2.0,r,20.752765655517578,0.1980961263179779,0.9939579963684082,0.9987499713897705,0.0012499999720603228,0.13369493186473846,15.286073684692383,22.676532745361328,0.6880000233650208,1.1182501316070557,f,72.0,1764.0,0.4009999930858612,-0.02800000086426735
ZTF20abmdgrj,2,253,58749.316365700215,59046.43863430014,True,True,1,,,,,59046.43863430014,59046.43863430014,0.0,3.2049633,-16.0228398,,,AGN,stamp_classifier,0.8593192,corr_bulk_0.0.1,AGN,1.29243863361501e+18,F:\ZTF_Adjusted_Dataset\stamps\AGN\ZTF20abmdgrj,,2.0,r,20.602100372314453,0.21622714400291443,0.9348989725112915,0.0024999999441206455,0.07033330202102661,0.23774442076683044,5.4306793212890625,18.050573348999023,0.7210000157356262,1.2247238159179688,f,2.0,253.0,1.13100004196167,0.0020000000949949026
ZTF19abeglbk,24,262,58670.44033560017,58760.272419000044,True,True,8,-0.023967743,-0.12622938,0.15883827,-0.06272744,58670.44033560017,58760.272419000044,89.83208339987323,354.48574490000004,-10.3333576125,0.0001304554658533,6.115431155206818e-05,AGN,stamp_classifier,0.8593098,corr_bulk_0.0.1,AGN,9.1644033291501e+17,F:\ZTF_Adjusted_Dataset\stamps\AGN\ZTF19abeglbk,,1.0,g,20.582931518554688,0.18191805481910706,0.9957500100135803,0.002916669938713312,-999.0,0.15805207192897797,27.569271087646484,-999.0,0.6930000185966492,1.199979305267334,f,1.0,155.0,1.034000039100647,0.017000000923871994
ZTF21abshgvo,104,1101,59425.41940970021,60635.136759299785,True,False,60,,,,,59425.41940970021,60635.136759299785,1209.7173495995812,0.1489504823470456,-10.55149318035633,0.0094258143117923,0.0092664304451943,AGN,stamp_classifier,0.8592897,25.0.0,AGN,1.68237761171501e+18,F:\ZTF_Adjusted_Dataset\stamps\AGN\ZTF21abshgvo,,2.0,r,20.13054084777832,0.2032148689031601,0.9666249752044678,0.792917013168335,-999.0,0.10160191357135773,14.473152160644531,-999.0,0.8690000176429749,1.1800777912139893,f,2.0,431.0,0.7599999904632568,-0.014999999664723873
ZTF20abnmgxh,142,1089,59018.5,59851.25,True,False,82,0.3714,0.464712,0.13233815,0.5492879,59030.46638889983,59851.30733799981,820.8409490999766,352.57289740487806,3.980108002439024,4.83603727760653e-05,6.191559363132834e-05,AGN,stamp_classifier,0.85928506,dev,AGN,1.29739796201501e+18,F:\ZTF_Adjusted_Dataset\stamps\AGN\ZTF20abnmgxh,,2.0,r,20.41887664794922,0.20261983573436737,0.9841669797897339,0.991457998752594,0.0022499999031424522,0.42016738653182983,19.408475875854492,20.92354393005371,0.9049999713897705,2.890000104904175,f,4.0,480.0,0.7940000295639038,-0.03099999949336052
ZTF19acanhgn,156,898,58724.41968750022,60291.16456020018,True,False,125,0.31318,0.053234,0.07220834,0.061341923,58724.41968750022,60291.16456020018,1566.744872699957,0.8192301126401336,-20.1711936995988,0.0430715602667876,0.0404298306723367,AGN,stamp_classifier,0.8592672,1.2.1,AGN,1.02418212111501e+18,F:\ZTF_Adjusted_Dataset\stamps\AGN\ZTF19acanhgn,,1.0,g,19.946542739868164,0.20962324738502502,0.9965000152587891,0.9981669783592224,-999.0,0.5143476128578186,23.007715225219727,-999.0,0.6169999837875366,2.2100000381469727,f,5.0,148.0,0.5320000052452087,0.019999999552965164
ZTF19abozqdh,62,1621,58668.47193290014,60961.16850689985,True,False,16,,,,,58696.37736110017,60961.16850689985,2264.791145799681,343.03470882307107,-1.1903352804603915,0.0188881370668229,0.0188840609813135,AGN,stamp_classifier,0.8592643,27.5.6,AGN,9.5144511331501e+17,F:\ZTF_Adjusted_Dataset\stamps\AGN\ZTF19abozqdh,,2.0,r,20.444347381591797,0.2086520940065384,0.9815000295639038,0.9932500123977661,0.9931250214576721,0.1464296579360962,11.87547492980957,27.451099395751953,0.7319999933242798,1.1773988008499146,f,5.0,84.0,0.5529999732971191,-0.013000000268220901
ZTF18aaxpxnd,9,45,58186.35008100001,58280.20745369978,True,False,3,,,,,58274.19334489992,58280.20745369978,6.014108799863607,199.2363151333333,17.532963166666665,2.6107917064217387e-05,3.707645254543791e-05,AGN,stamp_classifier,0.85926163,corr_bulk_0.0.1,AGN,5.262074531150101e+17,F:\ZTF_Adjusted_Dataset\stamps\AGN\ZTF18aaxpxnd,,2.0,r,19.781475067138672,0.13796716928482056,0.012291699647903442,0.5,0.9761899709701538,0.45169830322265625,2.005955696105957,8.454445838928223,0.8650000095367432,1.2426413297653198,f,9.0,45.0,3.2739999294281006,0.3659999966621399
ZTF22abeuvsq,8,1401,58723.5,59824.5,True,True,4,-0.25736427,-0.072424956,-0.14075406,-0.029918505,59796.45767359994,59824.41152779991,27.953854199964557,22.4679812,18.7956312,2.509236271542502e-05,3.162520092216131e-05,AGN,stamp_classifier,0.8592605,dev,AGN,2.07041152241501e+18,F:\ZTF_Adjusted_Dataset\stamps\AGN\ZTF22abeuvsq,,1.0,g,20.78513526916504,0.2167973667383194,0.9649879932403564,0.9920830130577087,0.5967860221862793,0.23442167043685913,14.384502410888672,14.733013153076172,0.8069999814033508,1.205230951309204,f,8.0,1401.0,0.28200000524520874,0.029999999329447746
ZTF20abojejz,15,241,59045.44484949997,59130.23733799998,True,True,14,-0.42910004,0.3151094,-0.17291832,0.52195066,59045.44484949997,59130.23733799998,84.79248850001022,341.3764674,-8.473094271428574,6.104614899531268e-05,5.593117238140166e-05,AGN,stamp_classifier,0.85923314,corr_bulk_0.0.1,AGN,1.30039728441501e+18,F:\ZTF_Adjusted_Dataset\stamps\AGN\ZTF20abojejz,,2.0,r,20.671110153198242,0.20555797219276428,0.9991670250892639,0.004000000189989805,0.03945830091834068,0.16469091176986694,4.774900436401367,13.61511516571045,0.6439999938011169,1.3309838771820068,f,3.0,199.0,0.4650000035762787,-0.02800000086426735
ZTF19abocecv,24,775,58690.41734950012,60646.105428200215,True,True,2,,,,,58701.45578699978,60646.105428200215,1944.6496412004344,354.9099750999419,-20.87260865,0.0491900426098468,0.0459619390912516,AGN,stamp_classifier,0.85922724,25.0.0,AGN,9.47455785215015e+17,F:\ZTF_Adjusted_Dataset\stamps\AGN\ZTF19abocecv,,1.0,g,20.417152404785156,0.2152480036020279,0.9751250147819519,0.9950000047683716,0.5,0.26525524258613586,16.020767211914062,17.238218307495117,0.6169999837875366,1.401478886604309,t,3.0,92.0,0.5,-0.004999999888241291
ZTF18acejfmw,2,704,58429.23346060002,59408.457326400094,True,True,2,2.7559452,1.6313735,2.7559452,1.6313735,58429.23346060002,59408.457326400094,979.2238658000716,12.0950152,-19.99577255,4.666904756357937e-06,6.10233152185856e-05,AGN,stamp_classifier,0.8591932,correction_0.0.1,AGN,6.7523346031501e+17,F:\ZTF_Adjusted_Dataset\stamps\AGN\ZTF18acejfmw,,1.0,g,20.568347930908203,0.20788802206516266,0.9987499713897705,0.00708332983776927,0.0,0.10199186950922012,13.186664581298828,15.696258544921875,0.34700000286102295,1.4059779644012451,f,1.0,117.0,0.3700000047683716,-0.023000000044703484
ZTF20abmykjj,44,1991,59044.46120369993,60917.36076389998,True,True,25,,,,,59044.46120369993,60917.36076389998,1872.8995602000505,8.178409456078331,11.267731943433027,0.0156473471179556,0.0153457420257378,AGN,stamp_classifier,0.8591599,27.5.6,AGN,1.32742039241501e+18,F:\ZTF_Adjusted_Dataset\stamps\AGN\ZTF20abmykjj,,2.0,r,20.48479652404785,0.19041039049625397,0.9991670250892639,0.9987499713897705,0.0,0.4155725836753845,12.516350746154785,17.15467071533203,0.9700000286102295,2.5299999713897705,f,10.0,621.0,0.47099998593330383,0.006000000052154064
ZTF21abyxxth,361,1619,59018.46466440009,60933.27287039999,True,False,183,,,,,59512.15932870004,60933.27287039999,1421.113541699946,345.6788084555422,-5.145794651452961,0.0026286605653171,0.0026180662341615,AGN,stamp_classifier,0.85912085,27.5.6,AGN,1.77016693121501e+18,F:\ZTF_Adjusted_Dataset\stamps\AGN\ZTF21abyxxth,,1.0,g,20.869720458984375,0.20961615443229675,0.9975000023841858,0.09016670286655426,1.0,0.29002586007118225,6.874910831451416,14.708303451538086,0.6600000262260437,1.2182608842849731,f,58.0,648.0,0.6420000195503235,-0.03200000151991844
ZTF22abdmakm,24,819,58698.5,59873.25,True,False,9,-0.15493624,-0.121347,0.063853495,-0.08126159,59793.44292820012,59873.21059030015,79.76766210002825,356.6966890444444,-9.253485844444446,3.134852911998193e-05,5.1335492378670126e-05,AGN,stamp_classifier,0.8591134,1.1.6,AGN,2.06439935421501e+18,F:\ZTF_Adjusted_Dataset\stamps\AGN\ZTF22abdmakm,,2.0,r,20.49696159362793,0.20042625069618225,0.9190179705619812,0.9975000023841858,0.0008333330042660236,0.2618435025215149,8.14976692199707,11.917057037353516,0.8700000047683716,1.1960254907608032,f,18.0,773.0,0.5220000147819519,-0.007000000216066837
ZTF22aasdylf,8,562,59045.5,59786.5,True,False,2,,,,,59765.43662039982,59786.44190970017,21.005289300344884,354.3963775,-10.5707155,5.2750165879995925e-05,5.727564927595175e-05,AGN,stamp_classifier,0.85906965,dev,AGN,2.01143662161501e+18,F:\ZTF_Adjusted_Dataset\stamps\AGN\ZTF22aasdylf,,1.0,g,20.44480323791504,0.20333968102931976,0.9979169964790344,0.5,0.0,0.1407451331615448,11.139867782592773,17.63692855834961,0.6650000214576721,2.049999952316284,f,6.0,533.0,0.414000004529953,0.02199999988079071
ZTF24abktmjd,41,1740,59061.373645800166,61029.12798610004,True,False,11,,,,,60586.12822919991,61029.12798610004,442.999756900128,359.42564483668656,-3.8466825891372567,0.0235105684538574,0.0234576025418896,AGN,stamp_classifier,0.85904807,27.5.7a32.dev1,AGN,2.83218903311501e+18,F:\ZTF_Adjusted_Dataset\stamps\AGN\ZTF24abktmjd,,2.0,r,20.781797409057617,0.14719396829605103,0.9943749904632568,0.017833299934864044,0.00779167003929615,0.2568012475967407,13.754005432128906,18.681522369384766,0.9959999918937683,1.1679741144180298,f,12.0,1378.0,0.4830000102519989,0.0020000000949949026
ZTF18abvkpax,133,1581,58365.412754599936,61056.12163189985,True,False,29,,,,,58367.43643519981,61056.12163189985,2688.6851967000403,12.962287724237068,-8.238424080636102,0.012561060186689,0.0124314341246945,AGN,stamp_classifier,0.85901934,27.5.7a32.dev1,AGN,6.19395043715015e+17,F:\ZTF_Adjusted_Dataset\stamps\AGN\ZTF18abvkpax,,1.0,g,20.798959732055664,0.2138047069311142,0.8446670174598694,0.5,0.022749999538064003,0.43856173753738403,7.669008731842041,8.171547889709473,0.546999990940094,2.1600000858306885,t,9.0,35.0,0.675000011920929,0.05299999937415123
ZTF19aacnleq,15,604,58493.0,60205.25,True,True,1,,,,,60205.27673610021,60205.27673610021,0.0,342.5868053,-13.7464839,,,AGN,stamp_classifier,0.85900927,1.2.1,AGN,2.45127673491501e+18,F:\ZTF_Adjusted_Dataset\stamps\AGN\ZTF19aacnleq,,1.0,g,20.520381927490234,0.2129066437482834,1.0,0.21881499886512756,0.002916669938713312,0.14678774774074554,10.24886703491211,12.627304077148438,0.6620000004768372,1.274010181427002,f,15.0,604.0,0.34700000286102295,-0.004000000189989805
ZTF18acekwyl,1,149,58429.27403939981,58429.27403939981,True,True,1,,,,,58429.27403939981,58429.27403939981,0.0,19.0255533,-19.0896665,,,AGN,stamp_classifier,0.8589979,corr_bulk_0.0.1,AGN,6.7527403001501e+17,F:\ZTF_Adjusted_Dataset\stamps\AGN\ZTF18acekwyl,,2.0,r,20.72784423828125,0.18110749125480652,0.9975000023841858,0.5,-999.0,0.34378623962402344,27.309598922729492,-999.0,0.36800000071525574,1.4675183296203613,f,1.0,149.0,0.6259999871253967,0.04600000008940697
ZTF23abekaca,8,1346,58730.5,60204.25,True,True,4,-0.11961174,0.04789938,-0.07510313,0.07111003,60196.35818290012,60204.354039399885,7.995856499765068,7.906340399999999,9.5071879,5.613703471555094e-05,8.036902388344703e-05,AGN,stamp_classifier,0.8589818,1.2.1,AGN,2.45035403081501e+18,F:\ZTF_Adjusted_Dataset\stamps\AGN\ZTF23abekaca,,1.0,g,20.88208770751953,0.20093460381031036,0.9707080125808716,0.0,0.1020980030298233,0.08045963943004608,17.351619720458984,20.45404815673828,0.5299999713897705,1.368417739868164,f,8.0,1346.0,0.675000011920929,-0.03500000014901161
ZTF24abkmouq,26,1316,58667.44086810015,60585.30256940005,True,False,1,,,,,60585.30256940005,60585.30256940005,0.0,8.2666565,-9.2603233,0.0861224010586738,0.0850000008940696,AGN,stamp_classifier,0.8589561,24.5.2a6,AGN,2.83130256351501e+18,F:\ZTF_Adjusted_Dataset\stamps\AGN\ZTF24abkmouq,,2.0,r,21.485355377197266,0.20652881264686584,0.9958329796791077,0.0,0.5,0.2368769496679306,20.507219314575195,24.241901397705078,0.949999988079071,1.3009893894195557,f,26.0,1316.0,0.40799999237060547,-0.03099999949336052
ZTF21abxcmcl,230,1856,59056.46142360009,61031.107476899866,True,True,102,,,,,59436.42159719998,61031.107476899866,1594.6858796998858,3.9459257790320303,-5.021423578486632,0.0059463072569252,0.0059234854731701,AGN,stamp_classifier,0.85891634,27.5.7a32.dev1,AGN,1.70539393011501e+18,F:\ZTF_Adjusted_Dataset\stamps\AGN\ZTF21abxcmcl,,2.0,r,20.55111312866211,0.1925482451915741,0.991083025932312,0.8745650053024292,0.0,0.43040308356285095,15.051534652709961,28.988422393798828,0.7319999933242798,1.178739070892334,f,11.0,603.0,0.5849999785423279,0.010999999940395355
ZTF23abcukcl,36,2487,60200.33050929988,60586.39427080005,True,False,10,,,,,60585.28594909981,60586.39427080005,1.108321700245142,1.722437702120689,-12.111666729058747,0.0281311117273271,0.0275049271106281,AGN,stamp_classifier,0.858907,24.5.2a6,AGN,2.83220798131501e+18,F:\ZTF_Adjusted_Dataset\stamps\AGN\ZTF23abcukcl,,1.0,g,21.202241897583008,0.2141457349061966,1.0,0.5,-999.0,0.1899229884147644,27.462890625,-999.0,0.8529999852180481,2.3499999046325684,f,30.0,2471.0,0.6520000100135803,0.023000000044703484
ZTF20abnnxtu,49,1348,59045.445787,60881.43548610015,True,False,24,,,,,59045.445787,60881.43548610015,1835.989699100144,348.14294874085846,-5.995350434464554,0.0142305520464571,0.0141527158388691,AGN,stamp_classifier,0.8588312,27.5.6,AGN,1.29745630061501e+18,F:\ZTF_Adjusted_Dataset\stamps\AGN\ZTF20abnnxtu,,1.0,g,20.47066307067871,0.2000502049922943,0.9966670274734497,0.5,0.0,0.17793963849544525,16.869413375854492,19.20315170288086,0.75,1.4491127729415894,f,3.0,246.0,0.5979999899864197,-0.01899999938905239
ZTF22aaxwjyk,183,1533,59090.39934029989,60976.23697920004,True,False,75,,,,,59766.42490739981,60976.23697920004,1209.812071800232,344.07742498665107,21.78885841733334,0.0080830204393722,0.007505553224163,AGN,stamp_classifier,0.8587846,27.5.7a32.dev1,AGN,2.03636137631501e+18,F:\ZTF_Adjusted_Dataset\stamps\AGN\ZTF22aaxwjyk,,1.0,g,20.868728637695312,0.20339590311050415,0.896386981010437,0.9703750014305115,0.5,0.3075284957885742,15.644258499145508,26.81006622314453,0.597000002861023,1.2426413297653198,f,27.0,503.0,0.7639999985694885,0.03200000151991844
ZTF22aaszokq,140,1778,59385.43581019994,60939.29502309999,True,False,62,,,,,60559.33665509988,60939.29502309999,379.9583680001088,355.4325068133053,0.0526759532429847,0.0091207178955094,0.0091207137710407,AGN,stamp_classifier,0.8587252,27.5.6,AGN,2.83124160541501e+18,F:\ZTF_Adjusted_Dataset\stamps\AGN\ZTF22aaszokq,,1.0,g,20.934452056884766,0.15692348778247833,0.9991670250892639,0.676937997341156,0.023333299905061722,0.05851753056049347,11.548095703125,14.451753616333008,0.6779999732971191,2.3399999141693115,f,44.0,1318.0,0.628000020980835,0.023000000044703484
ZTF21abnfgol,122,1970,58688.41130790021,60891.36521989992,True,False,34,,,,,59406.45716439979,60891.36521989992,1484.9080555001274,352.3143448846627,5.662086740342345,0.0062675971768303,0.0062370178647654,AGN,stamp_classifier,0.8587099,27.5.6,AGN,1.66141653361501e+18,F:\ZTF_Adjusted_Dataset\stamps\AGN\ZTF21abnfgol,,2.0,r,20.79106330871582,0.1988484114408493,0.9841669797897339,0.5,0.017166700214147568,0.036374639719724655,8.28166675567627,14.891066551208496,0.722000002861023,1.1224778890609741,f,9.0,697.0,0.8960000276565552,-0.003000000026077032
ZTF19abrmpxt,565,1679,58691.38871529978,60663.10900459997,True,False,290,,,,,59018.465138900094,60663.10900459997,1644.6438656998798,349.2334443334566,6.07829616162401,0.003955361869835,0.0039331252699702,AGN,stamp_classifier,0.8586886,26.0.1,AGN,1.26446513441501e+18,F:\ZTF_Adjusted_Dataset\stamps\AGN\ZTF19abrmpxt,,2.0,r,20.74140739440918,0.2134472131729126,0.9878209829330444,0.1818149983882904,0.01291669998317957,0.20769231021404266,5.0525102615356445,12.267939567565918,0.6169999837875366,1.1894066333770752,f,23.0,429.0,0.3880000114440918,0.013000000268220901
ZTF24abkluiv,6,1535,60140.41172449989,60585.27711809985,True,False,1,,,,,60585.27711809985,60585.27711809985,0.0,6.139736599999999,0.7550011,0.0650056451559066,0.0649999976158142,AGN,stamp_classifier,0.858664,24.5.2a6,AGN,2.83127711601501e+18,F:\ZTF_Adjusted_Dataset\stamps\AGN\ZTF24abkluiv,,1.0,g,21.465898513793945,0.19745801389217377,0.9983329772949219,0.5,-999.0,0.36686545610427856,0.84583979845047,-999.0,0.9829999804496765,1.3034143447875977,f,6.0,1535.0,0.4580000042915344,-0.029999999329447746
ZTF18abwpgxr,366,1962,58374.2759953998,61054.12050929992,True,False,194,,,,,58374.2759953998,61054.12050929992,2679.8445139001124,340.97225360537146,5.044140410693586,0.0051796691351053,0.0051596095170639,AGN,stamp_classifier,0.8586464,27.5.7a32.dev1,AGN,6.3529788461501e+17,F:\ZTF_Adjusted_Dataset\stamps\AGN\ZTF18abwpgxr,,2.0,r,19.923242568969727,0.1830359399318695,0.018333299085497856,0.6817499995231628,0.027339300140738487,0.35930052399635315,10.522400856018066,20.52713394165039,0.45500001311302185,1.251503825187683,f,10.0,71.0,2.7690000534057617,0.12200000137090683
ZTF21acnodin,301,1622,58695.46299770009,61055.10578700015,True,False,132,,,,,59522.29494210007,61055.10578700015,1532.8108449000863,25.559103910208822,-7.09427273115815,0.0064173976211825,0.0063682677698603,AGN,stamp_classifier,0.85863453,27.5.7a32.dev1,AGN,1.77225421591501e+18,F:\ZTF_Adjusted_Dataset\stamps\AGN\ZTF21acnodin,,2.0,r,20.627208709716797,0.21267959475517273,0.9412919878959656,0.0017500000540167093,0.0024999999441206455,0.12820270657539368,7.52762508392334,13.358766555786133,0.8399999737739563,1.1933823823928833,f,18.0,544.0,0.18400000035762787,0.0010000000474974513
ZTF18abaerhp,4,1514,58282.19655090012,59384.224618100096,False,False,3,0.46944,0.40387714,1.6160274,0.40387714,58282.19655090012,59384.224618100096,1102.028067199979,173.3636939666667,43.11195026666667,0.0002528245307175,0.0001093658691394,AGN,stamp_classifier,0.85859007,correction_0.0.1,AGN,5.2819655581501e+17,F:\ZTF_Adjusted_Dataset\stamps\AGN\ZTF18abaerhp,,2.0,r,18.889543533325195,0.09696003049612045,0.9923329949378967,0.5,0.06383329629898071,0.781216561794281,4.175214767456055,11.788042068481445,0.996999979019165,1.2814245223999023,f,9.0,194.0,0.43299999833106995,0.0020000000949949026
ZTF20abnfyvl,38,2031,58811.1791782002,59434.43495369982,True,True,12,-0.5064,0.25730067,-0.21591471,0.41609836,59024.38434030023,59434.43495369982,410.050613399595,4.81994255,30.494267966666666,6.080935185269525e-05,4.9699557952367935e-05,AGN,stamp_classifier,0.85856795,correction_1.0.6,AGN,1.29847681131501e+18,F:\ZTF_Adjusted_Dataset\stamps\AGN\ZTF20abnfyvl,,1.0,g,20.847415924072266,0.20377390086650848,0.9831249713897705,0.32683899998664856,0.012416699901223183,0.24949295818805695,28.607282638549805,29.045963287353516,0.5989999771118164,1.7400000095367432,f,11.0,1165.0,0.4050000011920929,-0.02500000037252903
ZTF23abevwlk,6,496,60170.5,60205.25,True,True,4,0.16930008,0.14830102,0.14670563,0.13687705,60182.39710649988,60205.33565969998,22.938553200103343,13.358438225,-21.816981825,6.265138333142343e-05,6.163415584503759e-05,AGN,stamp_classifier,0.8585595,1.2.1,AGN,2.45133565631501e+18,F:\ZTF_Adjusted_Dataset\stamps\AGN\ZTF23abevwlk,,1.0,g,20.63231086730957,0.20925545692443848,0.9507200121879578,0.9940829873085022,-999.0,0.08932580798864365,18.390949249267578,-999.0,0.6539999842643738,1.3178703784942627,f,6.0,496.0,0.968999981880188,-0.014000000432133675
ZTF21abngayu,13,372,59117.33571759984,59460.39488429995,True,True,12,-0.1068,0.0746124,-0.063434444,0.13992317,59415.45868059993,59460.39488429995,44.93620370002464,3.188980675,-19.257071816666663,6.477165660996821e-05,4.864356134768473e-05,AGN,stamp_classifier,0.8585585,correction_1.0.6,AGN,1.66145868041501e+18,F:\ZTF_Adjusted_Dataset\stamps\AGN\ZTF21abngayu,,1.0,g,20.247264862060547,0.21493306756019592,0.9987499713897705,0.0012499999720603228,0.5,0.24043814837932587,21.317188262939453,21.405921936035156,0.6340000033378601,1.5700000524520874,f,3.0,350.0,0.6179999709129333,0.0010000000474974513
ZTF19abkemiy,95,1092,58694.5,59851.25,True,False,56,0.4408,0.05227319,0.29568657,0.75161207,58694.42601849977,59851.30733799981,1156.8813195000405,348.8009870375,3.2568775875,4.8732947831806064e-05,5.68209982392689e-05,AGN,stamp_classifier,0.85855794,dev,AGN,9.40426013115015e+17,F:\ZTF_Adjusted_Dataset\stamps\AGN\ZTF19abkemiy,,1.0,g,20.949377059936523,0.20796337723731995,0.9987499713897705,0.3347499966621399,0.002916669938713312,0.4950537085533142,8.315954208374023,11.087772369384766,0.6380000114440918,1.246447205543518,t,1.0,185.0,0.6150000095367432,0.029999999329447746
ZTF20abnfwsv,36,1849,58367.5,59869.25,True,False,2,,,,,59848.37971059978,59869.28131939983,20.90160880004987,6.1292604,24.3934827,2.4607315985214407e-05,4.016366517349289e-05,AGN,stamp_classifier,0.85854673,1.1.6,AGN,2.094379713115015e+18,F:\ZTF_Adjusted_Dataset\stamps\AGN\ZTF20abnfwsv,,1.0,g,20.89885139465332,0.21388044953346252,1.0,0.0024999999441206455,0.5,0.17403289675712585,8.843908309936523,15.707442283630371,0.5720000267028809,1.2104597091674805,t,35.0,1774.0,0.38499999046325684,-0.023000000044703484
ZTF21abxamvc,142,1425,59458.28915510001,61030.14762730012,True,True,91,,,,,59755.45902779978,61030.14762730012,1274.6885995003397,350.92313150449087,-9.323042949357758,0.0021505634980654,0.0021221559024417,AGN,stamp_classifier,0.8585429,27.5.7a32.dev1,AGN,2.00145902431501e+18,F:\ZTF_Adjusted_Dataset\stamps\AGN\ZTF21abxamvc,,2.0,r,20.488052368164062,0.20958015322685242,0.975957989692688,0.010833299718797207,0.008166669867932796,0.2358248382806778,15.959220886230469,20.07294464111328,0.7139999866485596,2.109999895095825,f,11.0,536.0,0.23199999332427979,0.014999999664723873
ZTF21abyzzpz,63,1743,59406.46241899999,60532.36012730002,True,True,9,0.23049927,0.14013343,0.18293342,0.14064606,60170.40248840023,60532.36012730002,361.9576388997957,9.440904099995402,22.173230900002352,0.0917879908084642,0.0849999984326493,AGN,stamp_classifier,0.8585391,24.5.2a6,AGN,2.44449148531501e+18,F:\ZTF_Adjusted_Dataset\stamps\AGN\ZTF21abyzzpz,,2.0,r,20.610565185546875,0.17559804022312164,0.9553869962692261,0.04582739993929863,0.0024999999441206455,0.2145090103149414,10.729122161865234,21.71446990966797,0.9089999794960022,1.1322814226150513,f,55.0,1580.0,0.375,-0.007000000216066837
ZTF20ablxlxr,359,1505,58812.139826400205,60640.12924769986,True,False,170,,,,,59045.44484949997,60640.12924769986,1594.6843981998973,345.24253049111314,-13.277199661744667,0.005799083716249,0.0056440760975675,AGN,stamp_classifier,0.85852957,25.0.0,AGN,1.36024785071501e+18,F:\ZTF_Adjusted_Dataset\stamps\AGN\ZTF20ablxlxr,,1.0,g,20.16925621032715,0.17274023592472076,0.9817500114440918,1.0,0.0,0.11015255749225616,17.2200870513916,18.1595458984375,0.8970000147819519,2.5799999237060547,f,20.0,241.0,0.34599998593330383,0.019999999552965164
ZTF22aavvcgr,72,2119,59113.279664400034,60582.345601900015,True,False,11,,,,,60504.4546991,60582.345601900015,77.89090280001983,3.733033124331615,18.795437477875318,0.03148966432177,0.0298104754250221,AGN,stamp_classifier,0.85852426,24.5.2a6,AGN,2.77737671171501e+18,F:\ZTF_Adjusted_Dataset\stamps\AGN\ZTF22aavvcgr,,2.0,r,20.750701904296875,0.21394674479961395,1.0,0.9913750290870667,0.05297020077705383,0.09853535890579224,17.762727737426758,18.104248046875,0.7829999923706055,1.1294890642166138,f,52.0,2016.0,0.8119999766349792,-0.027000000700354576
ZTF19abwowbz,66,1079,58718.5,60252.25,True,False,48,0.041,0.313951,-0.0018000669,0.3297626,58718.39834489999,60252.18939810013,1533.7910532001406,352.42653221458323,-2.1979439833333334,4.9325777600004894e-05,5.410683416671109e-05,AGN,stamp_classifier,0.8584955,1.2.1,AGN,9.76331704715015e+17,F:\ZTF_Adjusted_Dataset\stamps\AGN\ZTF19abwowbz,,1.0,g,20.26278305053711,0.1859099566936493,0.7497259974479675,0.022291699424386024,0.0033333299215883017,0.1785726249217987,4.389816761016846,13.477383613586426,0.8180000185966492,2.0,t,5.0,78.0,0.8289999961853027,0.03700000047683716
ZTF19ablorxr,122,1253,58694.43982640002,61059.12701389985,True,False,60,,,,,59114.33776619984,61059.12701389985,1944.7892477000128,19.89663590825473,-17.194896159580857,0.0092788650161332,0.008864143092757,AGN,stamp_classifier,0.8584894,27.5.7a32.dev1,AGN,1.38838192291501e+18,F:\ZTF_Adjusted_Dataset\stamps\AGN\ZTF19ablorxr,,1.0,g,20.388891220092773,0.1824481338262558,0.9975000023841858,0.02187499962747097,0.0006249999860301614,0.3971911072731018,19.299177169799805,22.742048263549805,0.7559999823570251,1.3969651460647583,f,17.0,309.0,0.414000004529953,0.02800000086426735
ZTF18abwhrlh,107,2216,58376.35672450019,60586.30108800018,True,False,45,,,,,58662.4424883998,60586.30108800018,1923.858599600382,5.459952599997094,-13.557136100007332,0.0472792971507768,0.0459619369995367,AGN,stamp_classifier,0.85848534,24.5.2a6,AGN,9.19478546115015e+17,F:\ZTF_Adjusted_Dataset\stamps\AGN\ZTF18abwhrlh,,1.0,g,20.050304412841797,0.20726706087589264,0.4680359959602356,0.0016666699666529894,0.5,0.171172633767128,25.0479736328125,25.759017944335938,0.8429999947547913,2.3499999046325684,t,4.0,107.0,0.4909999966621399,0.014999999664723873
ZTF20abpdduy,10,395,59048.5,59788.5,True,False,8,0.095905945,0.152858,0.011190455,0.13146496,59048.39925929997,59788.39781250013,739.9985532001592,342.9567651,-16.777716462500003,6.1002084276272535e-05,5.000965442484025e-05,AGN,stamp_classifier,0.85848385,dev,AGN,1.30345716341501e+18,F:\ZTF_Adjusted_Dataset\stamps\AGN\ZTF20abpdduy,,2.0,r,20.494047164916992,0.20505860447883606,0.8690770268440247,0.0,0.5,0.3993360698223114,4.86651086807251,12.54327392578125,0.7400000095367432,2.9100000858306885,f,4.0,173.0,0.6179999709129333,0.014000000432133675
ZTF19aadfzqz,242,1445,58336.25,60109.25,True,False,58,-0.293242,-0.24725,-0.15154007,-0.03073906,58465.55046299985,60109.2183681,1643.6679051001556,201.68338163275865,26.04313282931034,5.0474031495197765e-05,5.8273164985177e-05,AGN,stamp_classifier,0.8584827,1.2.0,AGN,7.9337511251501e+17,F:\ZTF_Adjusted_Dataset\stamps\AGN\ZTF19aadfzqz,,1.0,g,20.23065757751465,0.20853015780448914,0.8000890016555786,0.5,0.002708330051973462,0.19257114827632904,0.20542016625404358,3.8097681999206543,0.8029999732971191,3.9800000190734863,f,13.0,136.0,0.8220000267028809,0.020999999716877937
ZTF21abxlspo,33,1213,58429.23391199997,60944.33612270001,True,False,14,,,,,59460.37846060004,60944.33612270001,1483.9576620999724,13.450973112305878,-18.59509004030486,0.0188978820961962,0.0179113315050937,AGN,stamp_classifier,0.8584798,27.5.6,AGN,1.70637846311501e+18,F:\ZTF_Adjusted_Dataset\stamps\AGN\ZTF21abxlspo,,1.0,g,20.51395034790039,0.21060241758823395,0.9966670274734497,0.9910420179367065,-999.0,0.33170777559280396,22.628755569458008,-999.0,0.4180000126361847,1.4414656162261963,f,4.0,426.0,0.5139999985694885,-0.003000000026077032
ZTF20abojecz,21,400,59045.5,59793.5,True,False,10,0.275232,0.835673,0.16797793,0.8809179,59045.44438660005,59793.376921299845,747.9325346997939,348.50009856,-17.95270664,3.638495415151803e-05,3.267055078957749e-05,AGN,stamp_classifier,0.8584772,dev,AGN,1.30039680201501e+18,F:\ZTF_Adjusted_Dataset\stamps\AGN\ZTF20abojecz,,2.0,r,20.453847885131836,0.20727185904979706,1.0,0.5,0.1926790028810501,0.13088248670101166,15.635791778564453,17.724063873291016,0.6380000114440918,1.412699818611145,f,3.0,185.0,0.6309999823570251,-0.01899999938905239
ZTF22aankzuf,24,742,59400.5,59770.5,True,False,11,-0.1322,0.060295,0.065675475,0.11991398,59731.454421299975,59770.40513890004,38.95071760006249,336.8291708,1.1908114363636366,7.834290012642903e-05,4.4061440573995286e-05,AGN,stamp_classifier,0.85845995,dev,AGN,1.983432041115015e+18,F:\ZTF_Adjusted_Dataset\stamps\AGN\ZTF22aankzuf,,1.0,g,20.655460357666016,0.21692240238189697,0.9900829792022705,0.5,0.735696017742157,0.20591634511947632,1.4924309253692627,10.119924545288086,0.4309999942779541,1.296125888824463,t,15.0,716.0,0.35499998927116394,0.013000000268220901
ZTF22aasdqbv,8,599,59060.5,59787.5,True,False,4,-0.07059,0.074872,0.011615286,0.09952929,59763.4352545999,59787.41864580009,23.983391200192276,353.482309775,-0.84610235,4.900805207103558e-05,7.566119657175297e-05,AGN,stamp_classifier,0.85845476,dev,AGN,2.011423654115015e+18,F:\ZTF_Adjusted_Dataset\stamps\AGN\ZTF22aasdqbv,,1.0,g,20.48370933532715,0.2123902589082718,0.9987499713897705,1.0,0.97086101770401,0.11537530273199081,15.110095977783203,15.29823112487793,0.47699999809265137,1.2826560735702515,t,3.0,564.0,0.4259999990463257,-0.0010000000474974513
ZTF20abmddys,156,1877,58693.47693290003,61059.12796299998,True,False,75,,,,,59046.443784699775,61059.12796299998,2012.684178300202,24.387325903336084,-4.222730268024465,0.0082689456208517,0.008246498101719,AGN,stamp_classifier,0.85837525,27.5.7a32.dev1,AGN,1.29446211231501e+18,F:\ZTF_Adjusted_Dataset\stamps\AGN\ZTF20abmddys,,1.0,g,20.5325927734375,0.2091221958398819,0.9918450117111206,0.9295830130577087,0.0,0.3311340808868408,12.478638648986816,26.746349334716797,0.8939999938011169,2.9200000762939453,f,7.0,333.0,0.6209999918937683,0.007000000216066837
ZTF20abmzdej,122,1803,58655.43142359983,60553.30754629988,True,False,45,,,,,59046.46086810017,60553.30754629988,1506.8466781997122,340.550894693007,12.90004723821255,0.0374555672513264,0.0365102259721241,AGN,stamp_classifier,0.8583606,24.5.2a6,AGN,1.32433164401501e+18,F:\ZTF_Adjusted_Dataset\stamps\AGN\ZTF20abmzdej,,2.0,r,20.554086685180664,0.20433016121387482,0.9950000047683716,0.9987499713897705,0.9786310195922852,0.1766470968723297,14.128779411315918,15.102952003479004,0.9509999752044678,2.5199999809265137,f,25.0,489.0,0.3370000123977661,-0.0010000000474974513
ZTF20abnweow,83,1713,59052.46032410022,60967.232731500175,True,False,21,,,,,59052.46032410022,60967.232731500175,1914.772407399956,2.846546340709196,-8.790698226817211,0.014798374764844,0.0146245409337721,AGN,stamp_classifier,0.85834926,27.5.6,AGN,1.298460324415015e+18,F:\ZTF_Adjusted_Dataset\stamps\AGN\ZTF20abnweow,,1.0,g,20.97214126586914,0.21320024132728577,0.27361899614334106,0.5,0.01291669998317957,0.2510029673576355,13.849437713623047,21.687917709350586,0.5080000162124634,1.2552828788757324,t,1.0,307.0,0.6740000247955322,0.05299999937415123
ZTF21acjsfjt,71,1889,58679.4728472,59518.30329860002,True,True,1,,,,,59518.30329860002,59518.30329860002,0.0,23.1044284,35.4598739,,,AGN,stamp_classifier,0.85832775,correction_1.0.6,AGN,1.76430329591501e+18,F:\ZTF_Adjusted_Dataset\stamps\AGN\ZTF21acjsfjt,,2.0,r,21.027280807495117,0.2117840200662613,0.9980000257492065,0.9950000047683716,0.30272001028060913,0.40687114000320435,16.084674835205078,21.080902099609375,0.6549999713897705,1.1693251132965088,f,71.0,1889.0,0.9800000190734863,0.06300000101327896
ZTF21abynoog,72,1325,59382.43484950019,59521.21060189977,True,True,10,0.022600174,0.209089,0.007338835,0.3000224,59434.36907410016,59521.21060189977,86.84152779961005,358.56557667,26.31839912,5.804165267455719e-05,3.0973063566139904e-05,AGN,stamp_classifier,0.858326,correction_1.0.6,AGN,1.70931996471501e+18,F:\ZTF_Adjusted_Dataset\stamps\AGN\ZTF21abynoog,,2.0,r,20.985605239868164,0.20805107057094574,0.9904170036315918,0.9935830235481262,-999.0,0.17178167402744293,20.804418563842773,-999.0,0.7300000190734863,1.1111680269241333,f,33.0,1174.0,0.5640000104904175,-0.014000000432133675
ZTF21aclmnlq,28,339,58693.43857639981,59523.18988429988,True,True,3,,,,,59520.27262730012,59523.18988429988,2.917256999760866,2.7861915666666666,-23.7546387,4.372600294240626e-05,1.745021489803152e-05,AGN,stamp_classifier,0.85832083,correction_1.0.6,AGN,1.76918988391501e+18,F:\ZTF_Adjusted_Dataset\stamps\AGN\ZTF21aclmnlq,,1.0,g,20.431814193725586,0.21105417609214783,0.9775000214576721,0.004583329893648624,0.002083329949527979,0.21623338758945465,7.17628812789917,13.727368354797363,0.7519999742507935,1.8300000429153442,f,28.0,339.0,0.6669999957084656,-0.03200000151991844
ZTF19abniciz,1067,2782,58390.27687499998,61055.09912039992,True,False,688,,,,,58693.47693290003,61055.09912039992,2361.622187499888,19.89271079108384,-6.218931442903208,0.0027404807922685,0.0027243536129253,AGN,stamp_classifier,0.85831326,27.5.7a32.dev1,AGN,9.4545689531501e+17,F:\ZTF_Adjusted_Dataset\stamps\AGN\ZTF19abniciz,,1.0,g,20.479598999023438,0.21584399044513702,0.9879580140113831,0.0008333330042660236,0.0,0.24409061670303345,18.770401000976562,22.30333709716797,0.8429999947547913,1.2375484704971313,f,4.0,253.0,0.6389999985694885,0.00800000037997961
ZTF19abkhnfa,135,794,58694.48098379979,61029.15324069979,True,False,75,,,,,58694.48098379979,61029.15324069979,2334.6722568999976,10.936819116735505,-25.86701843806852,0.0093217962125594,0.0083878365750874,AGN,stamp_classifier,0.8583001,27.5.7a32.dev1,AGN,9.4048098181501e+17,F:\ZTF_Adjusted_Dataset\stamps\AGN\ZTF19abkhnfa,,2.0,r,20.39417839050293,0.20353610813617706,1.0,0.0,0.0,0.26946985721588135,16.302043914794922,19.212818145751953,0.843999981880188,1.2439112663269043,f,1.0,53.0,0.42399999499320984,-0.004999999888241291
ZTF21acmcknq,57,1557,58670.43940970022,60883.42298609996,True,False,23,,,,,59524.16599539993,60883.42203699984,1359.2560415999033,339.0737019624275,0.071522399124496,0.0142099525686252,0.0142099411937685,AGN,stamp_classifier,0.8582962,27.5.6,AGN,1.77016599581501e+18,F:\ZTF_Adjusted_Dataset\stamps\AGN\ZTF21acmcknq,,1.0,g,20.743505477905273,0.214381143450737,0.9966670274734497,1.0,0.0,0.16793453693389893,11.009466171264648,12.113666534423828,0.7120000123977661,1.2091546058654785,f,14.0,762.0,0.38499999046325684,-0.020999999716877937
ZTF20abueimb,45,781,59046.44284720021,59524.24626159994,True,True,24,0.0113,0.0917,-0.024973765,0.068672016,59054.47869209992,59524.24626159994,469.7675695000216,16.2319275875,12.638653254166668,4.590218629324921e-05,6.152476333657296e-05,AGN,stamp_classifier,0.858296,correction_1.0.6,AGN,1.32542341381501e+18,F:\ZTF_Adjusted_Dataset\stamps\AGN\ZTF20abueimb,,2.0,r,20.676342010498047,0.21344976127147675,0.5243539810180664,0.5,0.004999999888241291,0.295082688331604,12.592533111572266,12.883726119995117,0.878000020980835,1.0735883712768555,f,18.0,407.0,0.5569999814033508,0.014999999664723873
ZTF24abatdcc,30,1418,59047.464502300136,60534.43550929986,True,False,6,,,,,60522.45570599986,60534.43550929986,11.979803299997002,30.77748253999883,9.992331219999969,0.0295166209207245,0.0290688826289507,AGN,stamp_classifier,0.8582877,24.5.2a6,AGN,2.77946234231501e+18,F:\ZTF_Adjusted_Dataset\stamps\AGN\ZTF24abatdcc,,1.0,g,20.85007095336914,0.20509836077690125,0.9889580011367798,0.016755999997258186,0.021083299070596695,0.05745336785912514,13.918374061584473,22.73796844482422,0.7250000238418579,1.2104597091674805,f,29.0,1417.0,0.3140000104904175,0.01600000075995922
ZTF22abdstus,32,2010,59517.21090279985,60586.41767359991,True,True,11,,,,,59798.39773150021,60586.41767359991,788.0199420996942,2.46662619998889,-13.340604300008929,0.0873572792986276,0.0849999978172942,AGN,stamp_classifier,0.85826796,24.5.2a6,AGN,2.06537924151501e+18,F:\ZTF_Adjusted_Dataset\stamps\AGN\ZTF22abdstus,,1.0,g,20.47124481201172,0.21436932682991028,0.9933329820632935,0.5442320108413696,0.9478809833526611,0.14449580013751984,9.491074562072754,17.353788375854492,0.6510000228881836,1.3106622695922852,f,5.0,651.0,0.7770000100135803,0.006000000052154064
ZTF20abgtqqh,21,2127,58337.5,59880.25,True,False,2,0.27345228,1.0678008,0.27345228,1.0678008,59020.46819439996,59880.23586810008,859.7676737001166,5.967488749999999,23.7593104,7.162991693409815e-05,8.117585847925273e-05,AGN,stamp_classifier,0.85826486,1.1.6,AGN,1.266468191215015e+18,F:\ZTF_Adjusted_Dataset\stamps\AGN\ZTF20abgtqqh,,2.0,r,20.61138153076172,0.19500695168972015,0.9836670160293579,0.7601460218429565,0.1095540001988411,0.2647589147090912,11.440162658691406,23.99217987060547,0.8119999766349792,1.1907333135604858,t,4.0,558.0,1.0260000228881836,-0.05400000140070915
ZTF18abxscln,1,25,58380.4181597,58380.4181597,True,True,1,,,,,58380.4181597,58380.4181597,0.0,16.3542469,-23.3520261,,,AGN,stamp_classifier,0.85823953,corr_bulk_0.0.1,AGN,6.2641815381501e+17,F:\ZTF_Adjusted_Dataset\stamps\AGN\ZTF18abxscln,,2.0,r,20.433399200439453,0.2077854722738266,0.9833329916000366,0.02570829913020134,-999.0,0.44357815384864807,17.217300415039062,-999.0,0.5740000009536743,1.4931164979934692,f,1.0,25.0,0.2840000092983246,-0.007000000216066837
ZTF18acerujk,1,160,58429.52863429999,58429.52863429999,True,False,1,,,,,58429.52863429999,58429.52863429999,0.0,179.0678812,45.0293909,,,AGN,stamp_classifier,0.8582153,corr_bulk_0.0.1,AGN,6.755286301150112e+17,F:\ZTF_Adjusted_Dataset\stamps\AGN\ZTF18acerujk,,2.0,r,20.754915237426758,0.18731868267059326,0.0008333330042660236,0.5,0.5,0.032172802835702896,12.144157409667969,15.467193603515625,0.34599998593330383,1.5623599290847778,f,1.0,160.0,0.5099999904632568,0.010999999940395355
ZTF21abxamlx,142,1188,58667.46248839982,61030.14715280011,True,False,105,,,,,59459.31425930001,61030.14715280011,1570.8328935001043,349.045584751847,-16.293669928754998,0.0073966184720941,0.0070995427153561,AGN,stamp_classifier,0.85821366,27.5.7a32.dev1,AGN,1.70535678391501e+18,F:\ZTF_Adjusted_Dataset\stamps\AGN\ZTF21abxamlx,,2.0,r,20.638307571411133,0.21231073141098022,0.9918749928474426,0.9390829801559448,0.5,0.2833706736564636,10.286690711975098,14.666083335876465,0.6779999732971191,1.2875704765319824,f,9.0,378.0,0.5989999771118164,0.0010000000474974513
ZTF21abrxcms,173,2178,58695.42762729991,61026.10771990009,True,True,82,,,,,59415.45769680012,61026.10771990009,1610.6500230999663,352.64706887304953,5.938834254475096,0.0080559549103831,0.0080127178014026,AGN,stamp_classifier,0.8581164,27.5.7a32.dev1,AGN,1.68136065361501e+18,F:\ZTF_Adjusted_Dataset\stamps\AGN\ZTF21abrxcms,,2.0,r,20.76768684387207,0.20294281840324402,0.9933329820632935,0.5,-999.0,0.14124776422977448,27.15556526184082,-999.0,0.7689999938011169,1.121070384979248,f,10.0,809.0,0.7239999771118164,-0.003000000026077032
ZTF19abloqdi,359,2714,58670.44078700012,60635.14453699999,True,True,177,,,,,58670.44078700012,60635.14453699999,1964.7037499998696,5.305437226136175,-2.0209395604961164,0.0053625532139847,0.0053592176067301,AGN,stamp_classifier,0.8581067,25.0.0,AGN,9.4243244461501e+17,F:\ZTF_Adjusted_Dataset\stamps\AGN\ZTF19abloqdi,,1.0,g,20.815805435180664,0.21704432368278503,0.9820830225944519,0.01764580048620701,0.0,0.20259204506874084,5.806042194366455,26.654329299926758,0.652999997138977,1.2039201259613037,f,6.0,295.0,0.8429999947547913,0.027000000700354576
ZTF19abdkdcz,142,1604,58487.12655089982,60969.27373840008,True,False,37,,,,,58667.44177079992,60969.27373840008,2301.831967600156,12.718659399731234,-8.449231823502918,0.0115388458303657,0.0114136081315246,AGN,stamp_classifier,0.8581011,27.5.7a32.dev1,AGN,9.72405423715015e+17,F:\ZTF_Adjusted_Dataset\stamps\AGN\ZTF19abdkdcz,,1.0,g,20.091318130493164,0.18342727422714233,0.9962499737739563,0.002083329949527979,0.6172739863395691,0.18871620297431946,15.748322486877441,16.683826446533203,0.8619999885559082,2.880000114440918,t,25.0,199.0,0.4749999940395355,0.01899999938905239
ZTF18abwpwrs,1,15,58377.35517359991,58377.35517359991,True,True,1,,,,,58377.35517359991,58377.35517359991,0.0,14.1189209,-21.6656327,,,AGN,stamp_classifier,0.858058,corr_bulk_0.0.1,AGN,6.233551758150103e+17,F:\ZTF_Adjusted_Dataset\stamps\AGN\ZTF18abwpwrs,,1.0,g,20.60829734802246,0.16368916630744934,1.0,-999.0,-999.0,0.0776456966996193,-999.0,-999.0,0.5260000228881836,1.6200000047683716,f,1.0,15.0,0.6589999794960022,-0.004000000189989805
ZTF20abnvtlo,20,702,58812.16571759991,59085.37208329979,True,True,10,,,,,59028.45862270007,59085.37208329979,56.9134605997242,343.77480283,23.16019186,6.331966606744353e-05,4.333900475733343e-05,AGN,stamp_classifier,0.8580437,corr_bulk_0.0.1,AGN,1.29845221151501e+18,F:\ZTF_Adjusted_Dataset\stamps\AGN\ZTF20abnvtlo,,1.0,g,21.070148468017578,0.18558797240257263,0.9792919754981995,0.9792709946632385,0.5051670074462891,0.08925792574882507,12.019970893859863,22.424272537231445,0.7979999780654907,2.3499999046325684,f,4.0,594.0,0.25099998712539673,0.00800000037997961
ZTF19abvfsth,134,1176,58696.46056709997,60935.33282409981,True,False,86,,,,,58699.43864580011,60935.33282409981,2235.894178299699,358.9988966900549,-17.443224512505587,0.0075695404724963,0.0072214508021191,AGN,stamp_classifier,0.8580226,27.5.6,AGN,9.7339672281501e+17,F:\ZTF_Adjusted_Dataset\stamps\AGN\ZTF19abvfsth,,1.0,g,20.52529525756836,0.2171361744403839,0.994687020778656,0.9714170098304749,0.17941699922084808,0.5267888307571411,8.645272254943848,20.31394386291504,0.45899999141693115,1.7100000381469727,f,4.0,152.0,0.4230000078678131,0.024000000208616257
ZTF23abdqrde,10,1356,60202.36976849986,60586.37091440009,True,False,1,,,,,60586.37091440009,60586.37091440009,0.0,2.8777955000000004,-11.1768451,0.0866433158516883,0.0850000008940696,AGN,stamp_classifier,0.8580069,24.5.2a6,AGN,2.83237091311501e+18,F:\ZTF_Adjusted_Dataset\stamps\AGN\ZTF23abdqrde,,2.0,r,21.270544052124023,0.21022169291973114,0.9991670250892639,0.007333329878747463,0.0031250000465661287,0.10929331183433533,13.887988090515137,16.377573013305664,0.9779999852180481,1.2337150573730469,f,10.0,1356.0,0.6489999890327454,-0.003000000026077032
ZTF23abctqcp,50,1259,59459.39440969983,60585.21611109981,True,False,1,,,,,60585.21611109981,60585.21611109981,0.0,359.5743754,-9.6134193,0.086210660636425,0.0850000008940696,AGN,stamp_classifier,0.8579993,24.5.2a6,AGN,2.83121611391501e+18,F:\ZTF_Adjusted_Dataset\stamps\AGN\ZTF23abctqcp,,2.0,r,21.24125099182129,0.182602658867836,0.9994999766349792,0.027791699394583702,0.0,0.31747865676879883,16.374801635742188,18.779590606689453,0.9800000190734863,1.231152892112732,f,50.0,1259.0,0.9539999961853027,-0.05700000002980232
ZTF20abmdcok,201,1982,58863.09108800022,61029.13177079987,True,False,120,,,,,59046.44098380022,61029.13177079987,1982.6907869996503,355.609875554497,3.861183295526332,0.0043546333499951,0.0043447488128801,AGN,stamp_classifier,0.8579595,27.5.7a32.dev1,AGN,1.32341185281501e+18,F:\ZTF_Adjusted_Dataset\stamps\AGN\ZTF20abmdcok,,1.0,g,20.5185546875,0.1795434057712555,1.0,0.9586250185966492,0.507161021232605,0.33663687109947205,9.005266189575195,25.339540481567383,0.8479999899864197,2.5199999809265137,f,12.0,454.0,0.6060000061988831,0.026000000536441803
ZTF23aawzxwq,77,1529,58675.44501159992,60885.39829860022,True,True,18,,,,,60168.38060190016,60885.39829860022,717.0176967000589,346.2110462609588,-1.8786572032268072,0.0155088088756643,0.0155004723383305,AGN,stamp_classifier,0.85794,27.5.6,AGN,2.41438060421501e+18,F:\ZTF_Adjusted_Dataset\stamps\AGN\ZTF23aawzxwq,,1.0,g,20.801733016967773,0.2168523222208023,0.9975000023841858,0.5,1.0,0.2988361418247223,1.3375883102416992,11.789498329162598,0.8209999799728394,1.2349941730499268,f,18.0,957.0,0.38600000739097595,-0.00800000037997961
ZTF19abkfmqf,75,485,58694.5,60207.5,True,False,36,-0.2529,-0.215425,0.040097885,-0.09911185,58694.45924769994,60207.39819440013,1512.9389467001893,6.789752038888889,-23.89382330555556,5.978957041292269e-05,6.105645605014014e-05,AGN,stamp_classifier,0.8579335,1.2.1,AGN,9.69393174215015e+17,F:\ZTF_Adjusted_Dataset\stamps\AGN\ZTF19abkfmqf,,2.0,r,20.064931869506836,0.13246707618236542,0.9870830178260803,0.03741670027375221,0.010583300143480301,0.32246315479278564,4.636429309844971,8.682698249816895,0.9359999895095825,1.909999966621399,t,18.0,90.0,1.059000015258789,0.04100000113248825
ZTF19abuyakw,7,140,58676.46306709992,58726.40449069999,True,True,4,-0.21894836,0.1741417,-0.1325512,0.22822092,58696.47892360017,58726.40449069999,29.925567099824548,13.4032977,8.67652515,3.1246546476137574e-05,9.15207262500725e-05,AGN,stamp_classifier,0.8578809,corr_bulk_0.0.1,AGN,9.7240449151501e+17,F:\ZTF_Adjusted_Dataset\stamps\AGN\ZTF19abuyakw,,1.0,g,20.884052276611328,0.21525722742080688,0.5835649967193604,0.9942499995231628,0.5,0.31562766432762146,4.523695945739746,4.529677867889404,0.6100000143051147,1.1880784034729004,f,7.0,140.0,0.6809999942779541,0.06300000101327896
ZTF21abymoqx,41,1232,59055.5,59812.25,True,True,1,,,,,59812.34129629983,59812.34129629983,0.0,343.2760461,13.0615042,,,AGN,stamp_classifier,0.8578426,dev,AGN,2.05834129331501e+18,F:\ZTF_Adjusted_Dataset\stamps\AGN\ZTF21abymoqx,,2.0,r,20.924726486206055,0.18638911843299866,0.9624999761581421,0.976082980632782,0.006874999962747097,0.259788453578949,9.003995895385742,25.562833786010742,0.8799999952316284,1.1140062808990479,f,41.0,1232.0,0.5590000152587891,-0.03500000014901161
ZTF20abwhdzj,17,1341,59062.4860417,60292.15166669991,True,True,3,,,,,59062.4860417,60292.15166669991,1229.6656249999069,38.21975520000175,22.75051949999921,0.0704838182993828,0.0649999973406391,AGN,stamp_classifier,0.85783535,corr_bulk_0.0.1,AGN,1.33147774111501e+18,F:\ZTF_Adjusted_Dataset\stamps\AGN\ZTF20abwhdzj,,2.0,r,20.609046936035156,0.20482982695102692,0.9721670150756836,0.7986729741096497,-999.0,0.2039819061756134,23.563688278198242,-999.0,0.8899999856948853,2.5199999809265137,f,2.0,695.0,1.0989999771118164,0.003000000026077032
ZTF19abegfxl,189,1217,58427.170347199775,61030.12773150019,True,False,123,,,,,58670.43498839997,61030.12773150019,2359.692743100226,341.5093512167999,-16.714908538640053,0.005673912082661,0.0054341760176181,AGN,stamp_classifier,0.85780334,27.5.7a32.dev1,AGN,9.1643498391501e+17,F:\ZTF_Adjusted_Dataset\stamps\AGN\ZTF19abegfxl,,1.0,g,20.58016586303711,0.19971390068531036,0.44024398922920227,0.012875000014901161,0.9757500290870667,0.13236618041992188,3.2613072395324707,15.888094902038574,0.6669999957084656,1.2690433263778687,f,3.0,26.0,0.5080000162124634,0.012000000104308128
ZTF20abntvbi,60,1120,59018.5,60181.25,True,False,33,0.108788,0.30677,-0.022259137,0.25173396,59025.33978010016,60181.3568171002,1156.0170370000417,346.2086637424242,17.361547827272727,6.19699878481389e-05,4.887941330896354e-05,AGN,stamp_classifier,0.857752,1.2.0,AGN,1.29840405271501e+18,F:\ZTF_Adjusted_Dataset\stamps\AGN\ZTF20abntvbi,,2.0,r,20.942665100097656,0.21338050067424774,0.996999979019165,0.9975000023841858,0.015625,0.16522251069545746,15.046289443969727,23.319589614868164,0.5740000009536743,1.1447625160217285,f,6.0,454.0,1.0509999990463257,-0.04699999839067459
ZTF19acmemib,173,1908,58487.12837960012,61056.119756899774,True,False,65,,,,,58760.35149310017,61056.119756899774,2295.768263799604,359.63515897034614,-0.5446743663388631,0.0082768891132182,0.0082765147693666,AGN,stamp_classifier,0.85774624,27.5.7a32.dev1,AGN,1.05717055631501e+18,F:\ZTF_Adjusted_Dataset\stamps\AGN\ZTF19acmemib,,1.0,g,19.87704849243164,0.20150591433048248,0.5,0.5,1.0,0.08616826683282852,6.199282169342041,28.945348739624023,0.5680000185966492,4.53000020980835,f,16.0,184.0,0.3889999985694885,0.003000000026077032
ZTF21abwrjwk,16,1185,59400.45451389998,60586.30993060023,True,False,5,,,,,60585.28815970011,60586.30993060023,1.0217709001153708,354.78937446666686,0.642010933333274,0.0375301233417507,0.0375277660678579,AGN,stamp_classifier,0.85770863,24.5.2a6,AGN,2.83133469531501e+18,F:\ZTF_Adjusted_Dataset\stamps\AGN\ZTF21abwrjwk,,1.0,g,21.03925132751465,0.17650732398033142,0.9979169964790344,0.5259760022163391,0.9987499713897705,0.11092928051948547,17.558605194091797,22.482118606567383,0.9350000023841858,1.299775242805481,f,13.0,1174.0,0.7960000038146973,0.0
ZTF19adjbuxx,5,432,58694.5,60169.5,True,True,1,,,,,60169.46077550016,60169.46077550016,0.0,2.9210048,-24.5946261,,,AGN,stamp_classifier,0.8576665,1.2.0,AGN,2.41546077201501e+18,F:\ZTF_Adjusted_Dataset\stamps\AGN\ZTF19adjbuxx,,1.0,g,20.300249099731445,0.17803612351417542,0.9987499713897705,0.03613099828362465,0.5,0.0981203243136406,16.453828811645508,26.447174072265625,0.6869999766349792,1.2349941730499268,f,5.0,432.0,0.5099999904632568,-0.0010000000474974513
ZTF19ablovwp,155,1476,58487.1651504999,61030.086932899896,True,True,39,,,,,58667.44086810015,61030.086932899896,2362.6460647997446,3.440351400495136,-12.315558121838851,0.0117719608917937,0.0115010606317784,AGN,stamp_classifier,0.85763365,27.5.7a32.dev1,AGN,9.42438350915015e+17,F:\ZTF_Adjusted_Dataset\stamps\AGN\ZTF19ablovwp,,1.0,g,20.43254852294922,0.21445174515247345,1.0,-999.0,-999.0,0.1935616284608841,-999.0,-999.0,0.6990000009536743,1.4199999570846558,t,7.0,148.0,1.0429999828338623,0.0020000000949949026
ZTF22abductf,77,1469,59461.402338000014,60586.47281249985,True,True,35,,,,,59798.44479170023,60586.47281249985,788.0280207996257,12.727444696209885,5.736583501162114,0.0234596634895206,0.0233421757883807,AGN,stamp_classifier,0.8576063,24.5.2a6,AGN,2.06546499371501e+18,F:\ZTF_Adjusted_Dataset\stamps\AGN\ZTF22abductf,,2.0,r,20.9279842376709,0.21546173095703125,0.9863690137863159,0.4890210032463074,0.005333330016583204,0.2621843218803406,4.512642860412598,7.765201091766357,0.546999990940094,1.1827507019042969,f,15.0,956.0,0.9470000267028809,0.07000000029802322
ZTF20acrxora,350,3163,58699.44180560019,60913.2662037001,True,False,168,,,,,59169.231886600144,60913.2662037001,1744.034317099955,357.0815275294468,0.9559507059470432,0.0047508457100539,0.0047501842771498,AGN,stamp_classifier,0.85758495,27.5.6,AGN,1.44020552101501e+18,F:\ZTF_Adjusted_Dataset\stamps\AGN\ZTF20acrxora,,1.0,g,20.126937866210938,0.21659740805625916,1.0,0.9853749871253967,0.002083329949527979,0.48191678524017334,7.442616939544678,17.65872573852539,0.550000011920929,4.769999980926514,f,23.0,882.0,0.6299999952316284,-0.0010000000474974513
ZTF18acvwmsn,929,3783,58464.51535880007,60438.31081019994,True,False,351,-0.0855,0.545189,-0.12009223,0.8261972,58465.517696800176,60438.31081019994,1972.793113399763,198.10667961151813,22.23639416013659,0.0174633177859499,0.0161645773624652,AGN,stamp_classifier,0.8575833,24.4.1,AGN,7.3954199611501e+17,F:\ZTF_Adjusted_Dataset\stamps\AGN\ZTF18acvwmsn,,1.0,g,20.47687339782715,0.20770519971847534,0.0,0.5,0.0,0.341178297996521,1.2835155725479126,22.76203155517578,0.5640000104904175,1.2875704765319824,f,23.0,302.0,1.1929999589920044,0.03400000184774399
ZTF21acnlvxu,394,1892,59045.45990739996,61030.0874073999,True,False,232,,,,,59520.29045139998,61030.0874073999,1509.7969559999185,357.55423247418474,-2.1039882821751417,0.0032319272247631,0.0032297482707069,AGN,stamp_classifier,0.8575728,27.5.7a32.dev1,AGN,1.77219041351501e+18,F:\ZTF_Adjusted_Dataset\stamps\AGN\ZTF21acnlvxu,,1.0,g,20.531864166259766,0.18375264108181,0.9822919964790344,0.5,0.5,0.2987004518508911,1.137007474899292,15.303590774536133,0.7170000076293945,1.2298697233200073,f,16.0,573.0,0.30000001192092896,-0.009999999776482582
ZTF19abegeam,129,1442,58667.5,60253.25,True,False,67,-0.5485,-0.186921,-0.23023991,-0.047756203,58667.4399652998,60253.20993060013,1585.7699653003365,351.10802317462685,-13.389948292537314,0.0001137012903952,9.07422411966124e-05,AGN,stamp_classifier,0.85756755,1.2.1,AGN,9.16434534815015e+17,F:\ZTF_Adjusted_Dataset\stamps\AGN\ZTF19abegeam,,1.0,g,20.559633255004883,0.2088291049003601,0.879190981388092,0.5,0.0,0.21525244414806366,1.39005446434021,12.960261344909668,0.5189999938011169,1.2699999809265137,t,2.0,165.0,0.8149999976158142,-0.0020000000949949026
ZTF20abodain,15,306,58812.14208329981,59165.17114580004,True,True,12,0.23430443,0.1449482,0.24607468,0.14646333,59050.41810189979,59165.17114580004,114.75304390024394,359.4937966083334,-18.652912291666667,6.952701840253697e-05,5.399293654707022e-05,AGN,stamp_classifier,0.8575213,corr_bulk_0.0.1,AGN,1.299417963115015e+18,F:\ZTF_Adjusted_Dataset\stamps\AGN\ZTF20abodain,,1.0,g,20.453481674194336,0.21381579339504242,0.9937499761581421,0.7230420112609863,0.04795829951763153,0.303579181432724,6.114806652069092,19.24350929260254,0.7300000190734863,1.246447205543518,t,3.0,255.0,0.8289999961853027,-0.008999999612569809
ZTF20abphqad,154,1303,58998.5,59874.25,True,False,84,-0.25185,-0.14274,-0.058615223,0.016759593,59046.46086810017,59874.191967600025,827.7310994998552,338.5201549988095,12.36132195595238,5.309154742872083e-05,4.103993456629956e-05,AGN,stamp_classifier,0.8575108,1.1.6,AGN,1.30541300471501e+18,F:\ZTF_Adjusted_Dataset\stamps\AGN\ZTF20abphqad,,1.0,g,20.778886795043945,0.214758038520813,0.9952920079231262,0.9220830202102661,0.0,0.18654921650886536,15.197122573852539,16.719236373901367,0.7379999756813049,2.240000009536743,f,16.0,457.0,0.6110000014305115,-0.014000000432133675
ZTF19aaczngw,287,2951,58247.19638889981,61029.54145829985,True,False,20,,,,,58522.4424883998,61029.54145829985,2507.0989699000493,175.79004557800502,42.76797114108004,0.0216809285860107,0.0159161765798331,AGN,stamp_classifier,0.8574488,27.5.7a32.dev1,AGN,7.8935322541501e+17,F:\ZTF_Adjusted_Dataset\stamps\AGN\ZTF19aaczngw,,2.0,r,20.561473846435547,0.2077762484550476,0.0,0.4521610140800476,0.9832500219345093,0.21326524019241333,15.05876636505127,28.106040954589844,0.7160000205039978,1.2702867984771729,f,41.0,369.0,0.8889999985694885,0.04699999839067459
ZTF20accrkiz,283,2783,58514.15482639987,60311.13569439994,True,False,62,0.227774,0.238017,0.20488897,0.25021362,59114.32357640006,60311.13569439994,1196.8121179998852,7.729071465385619,23.13102687272384,0.0479871897745594,0.0441294462405497,AGN,stamp_classifier,0.85743296,1.2.1,AGN,1.36032357111501e+18,F:\ZTF_Adjusted_Dataset\stamps\AGN\ZTF20accrkiz,,1.0,g,20.548751831054688,0.17167964577674866,0.9956669807434082,0.0033333299215883017,0.0033333299215883017,0.39183661341667175,13.868537902832031,19.37799644470215,0.7919999957084656,1.251503825187683,f,3.0,700.0,0.6380000114440918,0.035999998450279236
ZTF20abntrsw,1,403,59052.40265050018,59052.40265050018,True,True,1,,,,,59052.40265050018,59052.40265050018,0.0,342.0549126,10.4241751,,,AGN,stamp_classifier,0.85743237,corr_bulk_0.0.1,AGN,1.29840265231501e+18,F:\ZTF_Adjusted_Dataset\stamps\AGN\ZTF20abntrsw,,2.0,r,20.799697875976562,0.1940421611070633,0.9987499713897705,0.9991670250892639,0.0,0.20048953592777252,14.85828971862793,21.823253631591797,0.8740000128746033,1.150266170501709,f,1.0,403.0,0.6039999723434448,-0.050999999046325684
ZTF20abnwege,96,1560,58691.43718749983,60594.31949070003,True,True,59,,,,,59046.440497700125,60594.31949070003,1547.878992999904,6.156887039999525,0.1447060199991874,0.0290689752727419,0.029068881976722,AGN,stamp_classifier,0.8574137,24.5.2a6,AGN,1.382295866315015e+18,F:\ZTF_Adjusted_Dataset\stamps\AGN\ZTF20abnwege,,2.0,r,20.43917465209961,0.21579214930534363,0.9301729798316956,0.04500000178813934,0.018708299845457077,0.39112186431884766,11.343606948852539,20.810041427612305,0.8299999833106995,1.283886432647705,t,23.0,448.0,0.8600000143051147,0.028999999165534973
ZTF20abnugqm,98,675,59052.41784719983,60970.18930559978,True,False,47,,,,,59052.41784719983,60970.18930559978,1917.771458399948,348.588854354069,-23.67913082208709,0.0119335105066817,0.0109288154221809,AGN,stamp_classifier,0.85738724,27.5.7a32.dev1,AGN,1.29841784341501e+18,F:\ZTF_Adjusted_Dataset\stamps\AGN\ZTF20abnugqm,,2.0,r,20.467193603515625,0.2122027426958084,0.9938750267028809,0.04383330047130585,0.005416669882833958,0.2445523887872696,12.815560340881348,18.296390533447266,0.8790000081062317,1.227299451828003,f,1.0,158.0,0.7289999723434448,0.017999999225139618
ZTF18abxtavy,62,1930,58833.1754977,60948.41641200008,True,False,11,,,,,60648.20134259993,60948.41641200008,300.2150694001466,39.13009947987703,6.726850875275486,0.0224379455788735,0.0222834795291236,AGN,stamp_classifier,0.85737944,27.5.6,AGN,2.89420134581501e+18,F:\ZTF_Adjusted_Dataset\stamps\AGN\ZTF18abxtavy,,1.0,g,20.67807960510254,0.21020418405532837,0.9977080225944519,0.961667001247406,0.04658329859375954,0.2162625640630722,25.615312576293945,25.96485137939453,0.8190000057220459,1.1773988008499146,f,15.0,1665.0,0.47099998593330383,-0.0010000000474974513
ZTF20abmdaeg,35,1574,59046.440497700125,60586.27560190018,True,True,9,,,,,59046.440497700125,60586.27560190018,1539.8351042000577,10.940508612716934,-3.096654381930968,0.0404889561402204,0.04042983451297,AGN,stamp_classifier,0.8573644,24.5.2a6,AGN,1.30643960171501e+18,F:\ZTF_Adjusted_Dataset\stamps\AGN\ZTF20abmdaeg,,2.0,r,20.439119338989258,0.19106245040893555,0.9987499713897705,0.6289709806442261,0.007499999832361937,0.17877979576587677,20.149330139160156,20.614978790283203,0.7730000019073486,2.5299999713897705,f,5.0,381.0,0.35899999737739563,-0.006000000052154064
ZTF24aballar,47,5106,60230.38388889981,60582.41315970011,True,False,20,,,,,60504.454224499874,60582.41315970011,77.95893520023674,12.480106382872474,25.901679640437624,0.0290913392250385,0.0261689677783494,AGN,stamp_classifier,0.85735416,24.5.2a6,AGN,2.77842901291501e+18,F:\ZTF_Adjusted_Dataset\stamps\AGN\ZTF24aballar,,1.0,g,20.85785484313965,0.20982618629932404,0.8703590035438538,1.0,0.9016249775886536,0.27422377467155457,5.6839375495910645,24.179174423217773,0.8560000061988831,1.277722716331482,f,16.0,4836.0,0.2280000001192093,0.006000000052154064
ZTF21acjeejp,72,1681,59165.18961809995,61029.1091781999,True,True,13,,,,,59498.33714119997,61029.1091781999,1530.7720369999297,11.947080669220773,-10.133446369337868,0.0199780501157306,0.0196664049127159,AGN,stamp_classifier,0.857351,27.5.7a32.dev1,AGN,1.772233422415015e+18,F:\ZTF_Adjusted_Dataset\stamps\AGN\ZTF21acjeejp,,2.0,r,20.685531616210938,0.18770481646060944,0.9958329796791077,0.0012499999720603228,0.9637079834938049,0.3838984966278076,9.229599952697754,13.935065269470215,0.8050000071525574,1.125287652015686,t,21.0,710.0,0.46299999952316284,0.014999999664723873
ZTF20abpemws,105,734,59046.47934029997,59526.31706020003,True,True,56,0.1287,-0.040693,0.08621471,-0.09864,59046.47934029997,59526.31706020003,479.8377199000679,20.281827967857144,-5.291516710714285,7.498907097859205e-05,5.80858289041212e-05,AGN,stamp_classifier,0.857325,correction_1.0.6,AGN,1.33246215121501e+18,F:\ZTF_Adjusted_Dataset\stamps\AGN\ZTF20abpemws,,1.0,g,20.562637329101562,0.20453928411006927,0.9975000023841858,0.0012499999720603228,0.5,0.3389911949634552,20.730316162109375,22.981353759765625,0.5950000286102295,1.809999942779541,f,14.0,341.0,0.36399999260902405,0.02500000037252903
ZTF24abkwgvm,13,1483,59060.46403940022,60586.430092600174,True,False,4,,,,,60586.26677080011,60586.430092600174,0.1633218000642955,11.510642900001075,3.2028682999990656,0.0651016901756787,0.0649999972030516,AGN,stamp_classifier,0.85732144,24.5.2a6,AGN,2.83226677271501e+18,F:\ZTF_Adjusted_Dataset\stamps\AGN\ZTF24abkwgvm,,2.0,r,20.93494987487793,0.17802488803863525,0.9987499713897705,0.0844167023897171,0.0,0.09093660861253738,25.848894119262695,26.699932098388672,0.9670000076293945,1.2851155996322632,f,10.0,1476.0,0.48500001430511475,-0.004999999888241291
ZTF19abkhnho,1,52,58694.48098379979,58694.48098379979,True,True,1,,,,,58694.48098379979,58694.48098379979,0.0,10.2771987,-27.9439527,,,AGN,stamp_classifier,0.85731757,corr_bulk_0.0.1,AGN,9.4048098071501e+17,F:\ZTF_Adjusted_Dataset\stamps\AGN\ZTF19abkhnho,,2.0,r,20.25311279296875,0.17936375737190247,1.0,0.0,0.022041700780391693,0.15973356366157532,16.498340606689453,25.7250919342041,0.7120000123977661,1.2026079893112183,f,1.0,52.0,0.26100000739097595,0.014000000432133675
ZTF22aasefax,74,910,59739.5,60121.5,True,False,46,0.1893,0.114277,0.20687641,0.07221275,59739.44879630022,60121.45846060012,382.00966429989785,344.8034725021739,-1.206250908695652,5.974070448632893e-05,6.148214492784261e-05,AGN,stamp_classifier,0.8572594,1.2.0,AGN,2.01144288451501e+18,F:\ZTF_Adjusted_Dataset\stamps\AGN\ZTF22aasefax,,2.0,r,20.70543098449707,0.19443076848983765,0.9975000023841858,0.9837499856948853,0.9979169964790344,0.3809525668621063,20.815662384033203,21.641368865966797,0.8899999856948853,1.1294890642166138,f,11.0,602.0,0.7730000019073486,0.02500000037252903
ZTF20abphqya,31,660,59045.36263890006,59466.33372690016,True,True,9,0.0786,-0.144777,0.2106265,-0.041773647,59045.36263890006,59466.33372690016,420.9710880001076,352.74180581111113,8.949322333333333,7.271503359432219e-05,5.507065915723458e-05,AGN,stamp_classifier,0.8572434,correction_1.0.6,AGN,1.30541581121501e+18,F:\ZTF_Adjusted_Dataset\stamps\AGN\ZTF20abphqya,,1.0,g,20.933713912963867,0.2120569795370102,0.9787920117378235,0.004583329893648624,0.9983329772949219,0.18076780438423157,11.509981155395508,23.721128463745117,0.6330000162124634,2.380000114440918,f,7.0,360.0,0.5989999771118164,-0.026000000536441803
ZTF22abkjxpn,16,1233,58736.5,59854.5,True,False,4,,,,,59824.43679400021,59854.380636599846,29.94384259963408,27.463392525,14.0330276,3.795772868234261e-05,9.051913241628266e-05,AGN,stamp_classifier,0.8571978,dev,AGN,2.10038063631501e+18,F:\ZTF_Adjusted_Dataset\stamps\AGN\ZTF22abkjxpn,,1.0,g,20.977670669555664,0.20473745465278625,0.4152289927005768,0.1088389977812767,0.7884460091590881,0.21084266901016235,5.816288471221924,18.216773986816406,0.7620000243186951,1.1266897916793823,f,16.0,1233.0,0.2680000066757202,-0.006000000052154064
ZTF20abphpgk,589,3495,58701.41413189983,61030.12451389991,True,False,138,,,,,59053.40287039988,61030.12451389991,1976.72164350003,338.70187840955845,17.603429591915404,0.0054671613434789,0.0052111481567339,AGN,stamp_classifier,0.85715604,27.5.7a32.dev1,AGN,1.30541160271501e+18,F:\ZTF_Adjusted_Dataset\stamps\AGN\ZTF20abphpgk,,1.0,g,20.820453643798828,0.2083074003458023,0.9825829863548279,0.9762920141220093,0.9975000023841858,0.0917057991027832,6.285937309265137,8.377079963684082,0.5189999938011169,1.274010181427002,f,8.0,567.0,0.5270000100135803,0.014999999664723873
ZTF24abklxxz,31,1422,60168.41422449984,60586.35204860009,True,False,10,,,,,60557.35775459977,60586.35204860009,28.994294000323865,4.337181840000322,-0.2070674799998331,0.0290690725037781,0.0290688825797259,AGN,stamp_classifier,0.85713667,24.5.2a6,AGN,2.83128375501501e+18,F:\ZTF_Adjusted_Dataset\stamps\AGN\ZTF24abklxxz,,1.0,g,21.082828521728516,0.1866644322872162,0.9920830130577087,0.00791667029261589,-999.0,0.09238526970148087,20.162761688232422,-999.0,0.6859999895095825,1.2936872243881226,f,24.0,1404.0,0.8019999861717224,-0.003000000026077032
ZTF19abdywht,249,1562,58643.4586920999,60586.21020830004,True,False,157,,,,,58643.4586920999,60586.21020830004,1942.7515162001364,357.3656788998551,2.445127300058386,0.0650592156597595,0.0649999761521713,AGN,stamp_classifier,0.85713387,24.5.2a6,AGN,9.79370610815015e+17,F:\ZTF_Adjusted_Dataset\stamps\AGN\ZTF19abdywht,,1.0,g,20.504274368286133,0.183139368891716,1.0,0.8567079901695251,0.017500000074505806,0.6279674768447876,14.455759048461914,18.200037002563477,0.7139999866485596,2.700000047683716,t,46.0,270.0,0.9570000171661377,0.041999999433755875
ZTF21abzjqrw,31,1964,59202.16975690005,61030.16987269977,True,True,6,,,,,59461.41660880018,61030.16987269977,1568.7532638995908,6.002048457553055,-4.714292769081808,0.0275982952201551,0.0275049271523276,AGN,stamp_classifier,0.85711974,27.5.7a32.dev1,AGN,1.71140236121501e+18,F:\ZTF_Adjusted_Dataset\stamps\AGN\ZTF21abzjqrw,,1.0,g,20.598438262939453,0.21613481640815735,1.0,0.9817079901695251,0.3160240054130554,0.3763599097728729,16.25390625,27.217864990234375,0.8270000219345093,1.2814245223999023,f,6.0,618.0,0.5879999995231628,0.02500000037252903
ZTF23abctpts,40,1991,60200.2837152998,60586.37754630018,True,False,5,,,,,60585.21611109981,60586.37754630018,1.1614352003671229,358.8436867000009,-13.50755593333332,0.0504708400601595,0.0490747732788844,AGN,stamp_classifier,0.85711384,24.5.2a6,AGN,2.83126266061501e+18,F:\ZTF_Adjusted_Dataset\stamps\AGN\ZTF23abctpts,,2.0,r,21.081893920898438,0.16812875866889954,0.9866669774055481,0.42197299003601074,0.0,0.34830033779144287,23.849567413330078,26.25415802001953,0.9800000190734863,1.2603040933609009,f,37.0,1973.0,0.6589999794960022,-0.008999999612569809
ZTF24abkxaum,69,1218,58667.46384260012,60586.28223379981,True,False,3,,,,,60586.12822919991,60586.28223379981,0.1540045998990535,358.5435657373108,-4.275814979748385,0.0442526181847438,0.0441294487808,AGN,stamp_classifier,0.85710835,24.5.2a6,AGN,2.832282233015015e+18,F:\ZTF_Adjusted_Dataset\stamps\AGN\ZTF24abkxaum,,2.0,r,21.259599685668945,0.19227567315101624,0.994583010673523,0.03500000014901161,0.5,0.2668960690498352,14.289494514465332,29.834712982177734,0.9599999785423279,1.1760571002960205,t,69.0,1218.0,0.574999988079071,-0.028999999165534973
ZTF23aapnkho,169,2272,58697.41236109985,61024.13034720021,True,False,72,,,,,60108.44430560013,61024.13034720021,915.6860416000708,346.422844336718,12.8967957285343,0.0092043754746872,0.008972182789162,AGN,stamp_classifier,0.85705715,27.5.7a32.dev1,AGN,2.36545630411501e+18,F:\ZTF_Adjusted_Dataset\stamps\AGN\ZTF23aapnkho,,2.0,r,20.571420669555664,0.2055097371339798,0.9788749814033508,0.9727920293807983,0.250667005777359,0.21504928171634674,20.176254272460938,26.517623901367188,0.8989999890327454,1.1652673482894897,f,15.0,1263.0,0.335999995470047,-0.006000000052154064
ZTF19abkfljp,24,982,58694.5,60200.5,True,False,13,,,,,58694.458738400135,60200.382071800064,1505.923333399929,358.88930406153844,-0.4700229692307692,4.915747719218007e-05,3.5419918704393946e-05,AGN,stamp_classifier,0.85701233,1.2.1,AGN,9.40458736215015e+17,F:\ZTF_Adjusted_Dataset\stamps\AGN\ZTF19abkfljp,,1.0,g,20.74098777770996,0.21046970784664154,0.9171249866485596,0.012374999932944775,0.0,0.26694223284721375,10.685693740844727,14.98584270477295,0.6639999747276306,2.3399999141693115,t,1.0,87.0,0.49000000953674316,0.007000000216066837
ZTF19abuanqu,562,3646,58723.39598379983,60938.35932870023,True,False,130,,,,,59034.46524310019,60938.35932870023,1903.8940856000409,0.434132256905776,29.384960204838315,0.0054465763061918,0.0047458340849656,AGN,stamp_classifier,0.8569806,27.5.6,AGN,1.299408035615015e+18,F:\ZTF_Adjusted_Dataset\stamps\AGN\ZTF19abuanqu,,1.0,g,20.822782516479492,0.21287262439727783,0.9816250205039978,0.5,0.039250001311302185,0.3025113046169281,9.324249267578125,14.248636245727539,0.7009999752044678,1.3022024631500244,t,11.0,621.0,0.2770000100135803,-0.014999999664723873
ZTF18acejfne,1,151,58429.23346060002,58429.23346060002,True,True,1,,,,,58429.23346060002,58429.23346060002,0.0,12.4308937,-20.7175108,,,AGN,stamp_classifier,0.8569765,corr_bulk_0.0.1,AGN,6.752334603150104e+17,F:\ZTF_Adjusted_Dataset\stamps\AGN\ZTF18acejfne,,1.0,g,20.841346740722656,0.21111735701560974,0.9958329796791077,0.5,-999.0,0.608432948589325,27.135908126831055,-999.0,0.37599998712539673,1.4059779644012451,f,1.0,151.0,0.9660000205039978,-0.04500000178813934
ZTF19abkfnnm,2,166,58694.45924769994,59130.360324100126,True,True,2,,,,,58694.45924769994,59130.360324100126,435.90107640018687,8.33507385,-26.06115445,0.0001007627163196,1.4919953081541825e-05,AGN,stamp_classifier,0.8569685,corr_bulk_0.0.1,AGN,9.40459242715015e+17,F:\ZTF_Adjusted_Dataset\stamps\AGN\ZTF19abkfnnm,,1.0,g,20.59626007080078,0.2080785036087036,1.0,0.5,0.5,0.5124922394752502,10.924389839172363,11.06353759765625,0.4259999990463257,1.3380824327468872,t,1.0,38.0,0.45500001311302185,0.01600000075995922
ZTF20abwystw,609,5650,59054.43516199989,60961.23938659998,True,True,100,,,,,59402.42844909988,60961.23938659998,1558.8109375000931,6.994900612362517,29.615726926641003,0.0086524131239632,0.0075220558161924,AGN,stamp_classifier,0.8569646,27.5.6,AGN,1.67540459101501e+18,F:\ZTF_Adjusted_Dataset\stamps\AGN\ZTF20abwystw,,2.0,r,20.408451080322266,0.19662714004516602,0.9802079796791077,0.37607699632644653,0.5,0.10344698280096054,10.593300819396973,23.920167922973633,0.8980000019073486,2.069999933242798,f,81.0,2075.0,0.4790000021457672,0.02500000037252903
ZTF19abkcuhi,85,1377,58694.39701389987,60864.446620400064,True,False,16,,,,,58694.39701389987,60864.446620400064,2170.049606500193,345.2279886787515,-7.595417541516008,0.0181223277785932,0.0179633240582304,AGN,stamp_classifier,0.8569161,27.5.6,AGN,9.4039701551501e+17,F:\ZTF_Adjusted_Dataset\stamps\AGN\ZTF19abkcuhi,,2.0,r,20.563940048217773,0.21527506411075592,0.6922500133514404,0.0,0.011333299800753593,0.16619573533535004,14.486577033996582,17.600053787231445,0.7360000014305115,1.1973448991775513,f,1.0,43.0,0.8820000290870667,0.05000000074505806
ZTF20abojjef,110,3469,59045.445787,61030.0874073999,True,False,49,,,,,59045.445787,61030.0874073999,1984.641620399896,351.19134928155364,-2.030481242504325,0.0095371641939741,0.0095311756469085,AGN,stamp_classifier,0.85691035,27.5.7a32.dev1,AGN,1.32434703351501e+18,F:\ZTF_Adjusted_Dataset\stamps\AGN\ZTF20abojjef,,2.0,r,20.346614837646484,0.21257977187633514,0.9738749861717224,1.0,1.0,0.24435929954051971,17.233118057250977,21.53021240234375,0.7110000252723694,1.1294890642166138,f,10.0,526.0,0.8190000057220459,-0.023000000044703484
ZTF24abbftfu,7,2215,60504.425775500014,60550.3857522998,True,False,2,,,,,60550.30634259991,60550.3857522998,0.0794096998870372,352.2854218246729,19.103182433187715,0.054642374826803,0.0516332581488631,AGN,stamp_classifier,0.85690963,24.5.2a6,AGN,2.79638575421501e+18,F:\ZTF_Adjusted_Dataset\stamps\AGN\ZTF24abbftfu,,2.0,r,20.716581344604492,0.18770557641983032,0.9753749966621399,0.8402079939842224,0.17101800441741943,0.06385596841573715,17.191429138183594,28.509851455688477,0.8500000238418579,1.1973448991775513,f,7.0,2215.0,0.2529999911785126,-0.0010000000474974513
ZTF22abdstsh,7,450,58469.25,59819.5,True,True,3,,,,,59793.442465300206,59819.37971059978,25.937245299573988,3.749489833333333,-19.7238683,3.010271305605268e-05,3.9669005532231705e-05,AGN,stamp_classifier,0.85689557,dev,AGN,2.06537971011501e+18,F:\ZTF_Adjusted_Dataset\stamps\AGN\ZTF22abdstsh,,1.0,g,20.3957576751709,0.2092520296573639,0.9922080039978027,0.5,0.002708330051973462,0.28594401478767395,10.58296012878418,25.216053009033203,0.6060000061988831,2.3499999046325684,f,7.0,450.0,0.800000011920929,0.007000000216066837
ZTF18acxanwu,2,1408,58602.28290509991,59384.224618100096,True,True,2,5.3822384,0.9675677,5.3822384,0.9675677,58467.53497690009,59384.224618100096,916.689641200006,173.25482885,43.21333825,3.330472940626651e-05,5.536646096579037e-05,AGN,stamp_classifier,0.85689354,correction_0.0.1,AGN,,F:\ZTF_Adjusted_Dataset\stamps\AGN\ZTF18acxanwu,,,,,,,,,,,,,,,,,,
ZTF19aaapdct,436,1624,58430.5,60087.25,True,False,109,0.067100726,0.249423,-0.09629437,0.23364606,58464.50378469983,60087.30629630014,1622.8025116003118,189.59627024862385,17.288440654128443,5.73218328499885e-05,4.933601443930232e-05,AGN,stamp_classifier,0.8568728,1.2.0,AGN,7.3955778181501e+17,F:\ZTF_Adjusted_Dataset\stamps\AGN\ZTF19aaapdct,,1.0,g,20.621519088745117,0.17903324961662292,0.9898329973220825,0.004583329893648624,0.736732006072998,0.27500781416893005,9.356771469116211,26.769258499145508,0.9409999847412109,2.140000104904175,f,15.0,156.0,0.2070000022649765,0.012000000104308128
ZTF24abkmawc,29,1664,60170.39870369993,60890.38231479982,True,False,14,,,,,60585.23498839978,60890.38231479982,305.14732640003785,355.26029096133703,6.261512299368551,0.0192752368232298,0.0191602488754985,AGN,stamp_classifier,0.8568608,27.5.6,AGN,2.83128153451501e+18,F:\ZTF_Adjusted_Dataset\stamps\AGN\ZTF24abkmawc,,1.0,g,21.4447078704834,0.20324884355068207,0.9904170036315918,0.0,0.1458510011434555,0.1046944409608841,7.997178077697754,9.029009819030762,0.9369999766349792,1.2677985429763794,f,7.0,1375.0,0.4869999885559082,0.023000000044703484
ZTF19abiziqm,64,987,58646.44174769986,60888.44388889987,True,False,27,,,,,58665.45628469996,60888.44388889987,2222.9876041999087,347.7443998788046,-3.3872068952948573,0.0137478132159281,0.0137237961070997,AGN,stamp_classifier,0.8568327,27.5.6,AGN,,F:\ZTF_Adjusted_Dataset\stamps\AGN\ZTF19abiziqm,,,,,,,,,,,,,,,,,,
ZTF23abcufbb,39,1178,59459.35135419993,60586.20798610011,True,True,6,,,,,60204.33495370019,60586.20798610011,381.8730323999189,7.534313484066413,-12.413080563585638,0.0413975766026302,0.0404298346122968,AGN,stamp_classifier,0.8568087,24.5.2a6,AGN,2.45033495011501e+18,F:\ZTF_Adjusted_Dataset\stamps\AGN\ZTF23abcufbb,,1.0,g,20.907703399658203,0.2165708988904953,0.9877079725265503,0.5,0.984404981136322,0.1393008679151535,0.8677031397819519,13.403961181640625,0.7269999980926514,1.2091546058654785,f,24.0,867.0,0.6589999794960022,-0.007000000216066837
ZTF19abnidsl,44,528,58674.5,59822.5,True,False,22,0.0009038108,0.091585,0.099558994,0.17913097,58674.446053199936,59822.39865740016,1147.952604200225,14.80144504090909,-14.076069413636365,5.709094381590928e-05,7.694837660623934e-05,AGN,stamp_classifier,0.8567919,dev,AGN,9.45457345715015e+17,F:\ZTF_Adjusted_Dataset\stamps\AGN\ZTF19abnidsl,,1.0,g,20.559717178344727,0.2075168341398239,0.9944999814033508,0.0,0.005625000223517418,0.20377355813980103,10.700080871582031,14.235590934753418,0.5270000100135803,1.2640568017959595,t,6.0,138.0,0.5339999794960022,0.02800000086426735
ZTF22abegmju,94,642,59467.37648149999,61049.10475690011,True,False,80,,,,,59819.41862270003,61049.10475690011,1229.6861342000775,12.788462981674162,-25.87130551446578,0.0087899774538021,0.0079090142995657,AGN,stamp_classifier,0.8567902,27.5.7a32.dev1,AGN,2.06839818301501e+18,F:\ZTF_Adjusted_Dataset\stamps\AGN\ZTF22abegmju,,1.0,g,20.173219680786133,0.21465854346752167,0.992917001247406,0.5,0.5,0.07890070229768753,16.169139862060547,17.287702560424805,0.6420000195503235,1.4115817546844482,f,3.0,353.0,0.4009999930858612,-0.013000000268220901
ZTF22aarsxon,2,453,59462.5,59763.5,True,True,1,,,,,59763.43430559989,59763.43430559989,0.0,2.1981258,-16.2742347,,,AGN,stamp_classifier,0.856745,dev,AGN,2.00943430381501e+18,F:\ZTF_Adjusted_Dataset\stamps\AGN\ZTF22aarsxon,,2.0,r,20.524389266967773,0.20225441455841064,0.9991670250892639,0.5,0.005208330228924751,0.08945020288228989,5.526151180267334,6.003162384033203,0.6660000085830688,1.3309838771820068,f,2.0,453.0,0.7200000286102295,-0.014999999664723873
ZTF19abualib,144,1350,58428.25,59852.25,True,False,16,0.12829971,0.09178198,-0.018074151,0.092814915,59755.4328240999,59852.275358799845,96.84253469994292,3.8626415625,17.626367012499998,4.579937226642814e-05,3.569672020389875e-05,AGN,stamp_classifier,0.8567312,dev,AGN,2.03141283181501e+18,F:\ZTF_Adjusted_Dataset\stamps\AGN\ZTF19abualib,,2.0,r,20.626569747924805,0.20706108212471008,0.9991670250892639,0.9987499713897705,0.0,0.4582465589046478,8.456024169921875,23.544384002685547,0.8209999799728394,1.0721166133880615,f,121.0,1277.0,0.5450000166893005,0.007000000216066837
ZTF18acejuul,1,132,58429.25275459979,58429.25275459979,True,True,1,,,,,58429.25275459979,58429.25275459979,0.0,1.707445,-12.4400582,,,AGN,stamp_classifier,0.85672504,corr_bulk_0.0.1,AGN,6.752527500150106e+17,F:\ZTF_Adjusted_Dataset\stamps\AGN\ZTF18acejuul,,2.0,r,20.660985946655273,0.1901775300502777,1.0,0.0012499999720603228,1.0,0.43592968583106995,18.61393165588379,21.13308334350586,0.8140000104904175,1.4523776769638062,f,1.0,132.0,0.29100000858306885,-0.014999999664723873
ZTF24abaqmuy,61,1898,59018.39512730017,60533.346747700125,True,False,2,,,,,60532.30293980008,60533.346747700125,1.043807900045067,351.2945834926068,30.008942345198,0.0596263267912956,0.0516332581488631,AGN,stamp_classifier,0.856661,24.5.2a6,AGN,2.77934674101501e+18,F:\ZTF_Adjusted_Dataset\stamps\AGN\ZTF24abaqmuy,,2.0,r,21.11549949645996,0.20399373769760132,0.9705420136451721,0.8310710191726685,0.9821959733963013,0.24262544512748718,3.673347234725952,20.6947078704834,0.8960000276565552,1.0750579833984375,f,61.0,1898.0,0.375,0.020999999716877937
ZTF22aapodkz,17,689,58705.5,59824.25,True,False,9,0.5694,0.2650576,0.20862702,0.13742833,59731.454421299975,59824.31572919991,92.86130789993332,336.0462452111111,2.1472399222222225,6.759738242090376e-05,6.079732267494397e-05,AGN,stamp_classifier,0.8566311,dev,AGN,2.00238659091501e+18,F:\ZTF_Adjusted_Dataset\stamps\AGN\ZTF22aapodkz,,2.0,r,20.50126075744629,0.20784737169742584,0.9497079849243164,0.9143540263175964,0.04383330047130585,0.024585803970694542,9.274950981140137,15.171454429626465,0.8859999775886536,1.1266897916793823,f,7.0,622.0,0.35100001096725464,-0.007000000216066837
ZTF21ackzwlc,35,1335,58638.44714119984,59522.23800930008,True,True,1,,,,,59522.23800930008,59522.23800930008,0.0,352.0115838,22.8273545,,,AGN,stamp_classifier,0.85662776,correction_1.0.6,AGN,1.76823800101501e+18,F:\ZTF_Adjusted_Dataset\stamps\AGN\ZTF21ackzwlc,,1.0,g,20.665420532226562,0.18115292489528656,0.9962499737739563,1.0,0.0008333330042660236,0.08313357084989548,17.337377548217773,20.76755142211914,0.6110000014305115,1.335720419883728,f,35.0,1335.0,0.32100000977516174,-0.013000000268220901
ZTF19abgjqsi,12,1432,58491.131794000044,60586.31991899992,True,True,6,,,,,58669.43684029998,60586.31991899992,1916.8830786999315,6.352653921057446,7.973950596287039,0.0368666837462181,0.0365102269230512,AGN,stamp_classifier,0.85661745,24.5.2a6,AGN,9.24478575215015e+17,F:\ZTF_Adjusted_Dataset\stamps\AGN\ZTF19abgjqsi,,2.0,r,20.560577392578125,0.21209053695201874,0.9975000023841858,0.5,0.0,0.4400317668914795,20.586734771728516,20.745866775512695,0.6389999985694885,1.1933823823928833,t,3.0,112.0,0.7419999837875366,-0.008999999612569809
ZTF19ablmxue,18,838,58641.44305559993,59517.13641199982,True,True,4,,,,,58696.38862269977,59517.13641199982,820.7477893000469,344.73647885,19.60621495,4.4304439212477045e-05,6.332332377052786e-05,AGN,stamp_classifier,0.85660505,correction_1.0.6,AGN,9.42388624715015e+17,F:\ZTF_Adjusted_Dataset\stamps\AGN\ZTF19ablmxue,,2.0,r,20.667652130126953,0.21513082087039948,0.9966670274734497,1.0,0.0,0.2473822981119156,11.102511405944824,21.45672035217285,0.6299999952316284,1.2599999904632568,t,2.0,97.0,0.19599999487400055,-0.019999999552965164
ZTF21abrewhv,20,423,59165.172557900194,59470.35866900021,True,True,3,,,,,59460.39393519983,59470.35866900021,9.964733800385147,349.40687993333336,-11.999381933333334,7.06012983661978e-05,3.5118845843536195e-06,AGN,stamp_classifier,0.8566026,correction_1.0.6,AGN,1.716358660915015e+18,F:\ZTF_Adjusted_Dataset\stamps\AGN\ZTF21abrewhv,,1.0,g,20.450986862182617,0.1966853141784668,0.9730420112609863,0.5,0.0012499999720603228,0.3664012551307678,18.236278533935547,18.34161949157715,0.8259999752044678,1.3190678358078003,t,20.0,423.0,0.2879999876022339,-0.0010000000474974513
ZTF21abybwky,316,1672,59045.45990739996,60933.22408560012,True,False,122,,,,,59763.447233799845,60933.22408560012,1169.7768518002704,353.0001890731367,-3.6308615859674656,0.0054802753009724,0.0054692749670441,AGN,stamp_classifier,0.8566016,27.5.6,AGN,2.03341864261501e+18,F:\ZTF_Adjusted_Dataset\stamps\AGN\ZTF21abybwky,,2.0,r,20.592050552368164,0.19275814294815063,0.988332986831665,-999.0,-999.0,0.4323723316192627,-999.0,-999.0,0.9660000205039978,1.3799999952316284,f,65.0,597.0,0.42399999499320984,-0.003000000026077032
ZTF22abjntya,20,1300,59522.25,59898.25,True,False,10,0.10569968,0.437238,0.2907413,0.588286,59824.3904281999,59898.254768500105,73.8643403002061,20.68301202,18.0558449,4.196574793827547e-05,5.033017650133677e-05,AGN,stamp_classifier,0.856599,1.1.6,AGN,2.09834736281501e+18,F:\ZTF_Adjusted_Dataset\stamps\AGN\ZTF22abjntya,,1.0,g,21.106304168701172,0.20694684982299805,1.0,0.5,0.7586870193481445,0.13285937905311584,7.751042366027832,25.379135131835938,0.5389999747276306,1.2117633819580078,f,16.0,1260.0,0.45500001311302185,0.017999999225139618
ZTF24abkzpgs,6,1575,58371.34815970017,60586.34984950023,True,False,1,,,,,60586.34984950023,60586.34984950023,0.0,355.756669,1.3393842,0.0650177672505378,0.0649999976158142,AGN,stamp_classifier,0.85656893,24.5.2a6,AGN,2.83234984151501e+18,F:\ZTF_Adjusted_Dataset\stamps\AGN\ZTF24abkzpgs,,1.0,g,21.347938537597656,0.18004390597343445,0.9925000071525574,0.5,0.12458299845457077,0.5758118629455566,0.5778597593307495,14.103927612304688,0.9750000238418579,1.2349941730499268,f,6.0,1575.0,0.1889999955892563,0.007000000216066837
ZTF20abwyqwq,104,2619,59087.391018500086,61056.10414349986,True,True,43,,,,,60146.449513900094,61056.10414349986,909.6546295997688,1.5265868069260686,33.88852992816157,0.0142654368454792,0.0118420803144613,AGN,stamp_classifier,0.8565664,27.5.7a32.dev1,AGN,2.39244951381501e+18,F:\ZTF_Adjusted_Dataset\stamps\AGN\ZTF20abwyqwq,,2.0,r,20.657625198364258,0.18679672479629517,1.0,0.9609460234642029,0.03662500157952309,0.26594772934913635,11.508698463439941,18.598461151123047,0.7329999804496765,1.2012944221496582,f,14.0,1780.0,0.6069999933242798,-0.02500000037252903
ZTF23abctukm,20,464,59526.25,60204.25,True,True,1,,,,,60204.33447920019,60204.33447920019,0.0,357.9207066,-24.890956,,,AGN,stamp_classifier,0.8565194,1.2.1,AGN,2.45033447291501e+18,F:\ZTF_Adjusted_Dataset\stamps\AGN\ZTF23abctukm,,1.0,g,20.791868209838867,0.21137608587741852,0.8759940266609192,0.0012499999720603228,0.0024999999441206455,0.39429396390914917,8.311458587646484,12.247483253479004,0.5950000286102295,1.399999976158142,f,20.0,464.0,0.9789999723434448,-0.03700000047683716
ZTF20abfpijz,73,597,58696.40276619978,59060.41623840016,True,True,24,-0.08239937,0.18949255,0.11520386,0.19963533,58987.452106500044,59060.41623840016,72.96413190010935,336.5433966416667,24.533736075,4.795985564885125e-05,6.0329502840802e-05,AGN,stamp_classifier,0.8565055,corr_bulk_0.0.1,AGN,1.26246706261501e+18,F:\ZTF_Adjusted_Dataset\stamps\AGN\ZTF20abfpijz,,2.0,r,20.67247200012207,0.20973971486091614,0.33413100242614746,0.5,0.9484999775886536,0.26786112785339355,11.495075225830078,16.297971725463867,0.9229999780654907,1.1336749792099,f,36.0,530.0,0.8420000076293945,-0.006000000052154064
ZTF21acmhwpj,30,1413,58667.46474540001,60586.35987270018,True,False,13,,,,,59520.3129745,60586.35987270018,1066.0468982001769,11.66523749999728,2.9739730000003832,0.0851146318200452,0.0849999972019392,AGN,stamp_classifier,0.85649186,24.5.2a6,AGN,1.77031003271501e+18,F:\ZTF_Adjusted_Dataset\stamps\AGN\ZTF21acmhwpj,,1.0,g,20.667469024658203,0.1808013916015625,0.9994999766349792,0.002916669938713312,0.005416669882833958,0.14600114524364471,20.32052993774414,24.16349983215332,0.47699999809265137,1.186748743057251,f,10.0,811.0,0.48399999737739563,0.017999999225139618
ZTF18acekwyg,1,149,58429.27403939981,58429.27403939981,True,True,1,,,,,58429.27403939981,58429.27403939981,0.0,19.5619633,-19.6373638,,,AGN,stamp_classifier,0.8564847,corr_bulk_0.0.1,AGN,6.752740300150107e+17,F:\ZTF_Adjusted_Dataset\stamps\AGN\ZTF18acekwyg,,2.0,r,20.76484489440918,0.21406978368759155,0.9408749938011169,0.00708332983776927,0.0035416700411587954,0.09709096699953079,24.93189811706543,27.973604202270508,0.6790000200271606,1.4675183296203613,f,1.0,149.0,0.7979999780654907,-0.04399999976158142
ZTF20abgdstk,219,1631,58353.38365740003,60942.31093750009,True,False,124,,,,,59018.46466440009,60942.31093750009,1923.846273100004,349.22703940443245,-3.633115617586959,0.0066992689988199,0.0066858052060022,AGN,stamp_classifier,0.8564692,27.5.6,AGN,1.321411712315015e+18,F:\ZTF_Adjusted_Dataset\stamps\AGN\ZTF20abgdstk,,1.0,g,20.16677474975586,0.17457330226898193,0.9975000023841858,-999.0,-999.0,0.7855103611946106,-999.0,-999.0,0.9629999995231628,3.009999990463257,t,19.0,240.0,0.6389999985694885,0.006000000052154064
ZTF20aclxalh,33,711,59051.5,59841.25,True,False,18,0.194244,0.574854,0.083243355,0.5984509,59130.25746530015,59841.33039350016,711.0729282000102,349.05218012222224,-11.10399386111111,4.591400600870135e-05,7.545015603523369e-05,AGN,stamp_classifier,0.8564548,dev,AGN,,F:\ZTF_Adjusted_Dataset\stamps\AGN\ZTF20aclxalh,,,,,,,,,,,,,,,,,,
ZTF22abcherx,56,2108,59218.0,60144.5,True,True,3,,,,,60135.40440970007,60144.42486110004,9.020451399963347,359.5802533666667,23.366710166666667,3.150259249596861e-05,3.406058328074551e-05,AGN,stamp_classifier,0.856444,1.2.0,AGN,2.390424860915015e+18,F:\ZTF_Adjusted_Dataset\stamps\AGN\ZTF22abcherx,,1.0,g,20.664506912231445,0.21659085154533386,0.9950000047683716,0.5,0.9872919917106628,0.09870902448892593,11.078341484069824,12.179457664489746,0.6029999852180481,1.4545503854751587,t,56.0,2108.0,0.28200000524520874,-0.013000000268220901
ZTF24abarewe,18,1824,59521.25695599988,60565.36937499978,True,False,7,,,,,60527.39175930014,60565.36937499978,37.97761569963768,14.826401074994164,24.900565924999764,0.0468557149488289,0.0425000003316557,AGN,stamp_classifier,0.8564297,24.5.2a6,AGN,2.77936887261501e+18,F:\ZTF_Adjusted_Dataset\stamps\AGN\ZTF24abarewe,,2.0,r,21.200275421142578,0.21220926940441132,0.9701250195503235,0.5,0.0018749999580904841,0.290230929851532,8.9400053024292,21.104555130004883,0.878000020980835,1.1322814226150513,f,12.0,1768.0,0.47099998593330383,0.008999999612569809
ZTF20ablxose,32,1191,59033.5,59854.25,True,False,7,,,,,59033.44907409977,59854.2681828998,820.8191088000312,351.8179666,10.2348473,6.561922991040347e-05,5.63485581000138e-05,AGN,stamp_classifier,0.85640836,dev,AGN,1.291447183015015e+18,F:\ZTF_Adjusted_Dataset\stamps\AGN\ZTF20ablxose,,1.0,g,20.78643035888672,0.2082972377538681,0.9833329916000366,0.012291699647903442,-999.0,0.3567396402359009,12.871551513671875,-999.0,0.8159999847412109,1.2527648210525513,t,3.0,551.0,0.6930000185966492,0.05400000140070915
ZTF21abyopub,33,1867,58490.11259259982,59521.214513900224,True,True,6,-0.036870956,0.40656528,0.117796086,0.4609439,59460.402627300005,59521.214513900224,60.81188660021871,21.31525953333333,29.811824883333333,5.88093076537611e-05,4.092463398320919e-05,AGN,stamp_classifier,0.8563915,correction_1.0.6,AGN,1.71242850151501e+18,F:\ZTF_Adjusted_Dataset\stamps\AGN\ZTF21abyopub,,1.0,g,20.76544952392578,0.2125585526227951,0.9965000152587891,0.5,0.07074999809265137,0.200999453663826,9.22362232208252,19.53801155090332,0.5,1.2362719774246216,f,14.0,1732.0,0.5870000123977661,-0.019999999552965164
ZTF23abbqqjf,160,1765,59843.39984950004,60989.18771990016,True,False,60,,,,,60585.2239351999,60989.18771990016,403.9637847002596,14.466070907480908,-0.5690431273179111,0.0095107951254675,0.0095103256033313,AGN,stamp_classifier,0.85635203,27.5.7a32.dev1,AGN,2.83122393581501e+18,F:\ZTF_Adjusted_Dataset\stamps\AGN\ZTF23abbqqjf,,1.0,g,21.214588165283203,0.1686401218175888,0.9975000023841858,0.5,0.5,0.2747074365615845,9.915695190429688,13.38308048248291,0.9679999947547913,1.2912440299987793,f,15.0,1273.0,0.42399999499320984,0.017000000923871994
ZTF20abnetym,71,1809,58871.10079859989,60533.45486109983,True,True,20,0.34600067,0.20387425,0.26721954,0.07988693,59046.44891199982,60533.45486109983,1487.0059491000138,27.963817799990736,21.47072294999887,0.0493893249940575,0.04596193821565,AGN,stamp_classifier,0.8563381,24.5.2a6,AGN,1.29647366631501e+18,F:\ZTF_Adjusted_Dataset\stamps\AGN\ZTF20abnetym,,2.0,r,20.84971046447754,0.20285345613956451,0.9956870079040527,0.9757500290870667,0.5,0.348019540309906,15.788250923156738,15.884764671325684,0.7400000095367432,1.232434630393982,f,6.0,799.0,0.6729999780654907,0.01600000075995922
ZTF18acejbvt,31,369,58429.23071759986,58775.185555600096,True,True,13,-0.023200989,-0.22976017,0.05872917,-0.18352602,58429.23071759986,58775.185555600096,345.95483800023794,1.865324907692308,-13.4456914,4.497854046725921e-05,4.917543424673861e-05,AGN,stamp_classifier,0.85630274,corr_bulk_0.0.1,AGN,6.7523071531501e+17,F:\ZTF_Adjusted_Dataset\stamps\AGN\ZTF18acejbvt,,1.0,g,20.5942325592041,0.21415086090564728,0.9460629820823669,0.03583329916000366,0.0033333299215883017,0.036615196615457535,20.90303611755371,27.81070899963379,0.593999981880188,1.7000000476837158,f,1.0,161.0,0.4749999940395355,-0.023000000044703484
ZTF21abxmanf,28,877,59085.5,59797.5,True,True,3,0.04175186,-0.16717464,0.27425194,0.004695976,59786.44379629986,59797.47012729989,11.02633100003004,355.13652920000004,10.9566881,4.356730428000327e-05,2.4673670176743577e-05,AGN,stamp_classifier,0.8562953,dev,AGN,2.04347012211501e+18,F:\ZTF_Adjusted_Dataset\stamps\AGN\ZTF21abxmanf,,2.0,r,20.703147888183594,0.17649228870868683,1.0,0.9895830154418945,0.9198750257492065,0.09630483388900757,15.178956985473633,17.148984909057617,0.8339999914169312,1.7999999523162842,f,28.0,877.0,0.6179999709129333,-0.004000000189989805
ZTF23aasrfjm,39,1316,60143.439942100085,60586.45804399997,True,False,11,,,,,60585.21168980002,60586.45804399997,1.2463541999459269,15.321379498165893,-8.550128670834557,0.0284467731579218,0.028130620208098,AGN,stamp_classifier,0.8562844,24.5.2a6,AGN,2.83124939321501e+18,F:\ZTF_Adjusted_Dataset\stamps\AGN\ZTF23aasrfjm,,2.0,r,21.244178771972656,0.21207763254642487,1.0,0.5,0.011500000022351742,0.2463109940290451,1.6879816055297852,7.456753253936768,0.953000009059906,1.3626364469528198,f,30.0,1291.0,0.9739999771118164,0.05000000074505806
ZTF23aaswzkp,232,3196,59023.34543980006,60880.422870399896,True,False,48,,,,,60118.45383099979,60880.422870399896,761.9690394001082,333.16645390107607,13.843240893233968,0.0106813818010156,0.0103711299805598,AGN,stamp_classifier,0.85626996,27.5.6,AGN,2.39437281591501e+18,F:\ZTF_Adjusted_Dataset\stamps\AGN\ZTF23aaswzkp,,2.0,r,20.77677345275879,0.21683195233345032,0.9366250038146973,0.9612500071525574,0.0008333330042660236,0.24009686708450317,10.310500144958496,16.707252502441406,0.8119999766349792,1.1693251132965088,f,42.0,2144.0,0.453000009059906,0.02500000037252903
ZTF18abqvdzk,5,654,59060.46497689979,59446.47743060021,True,True,3,,,,,59427.464826399926,59446.47743060021,19.012604200281203,16.808240833333333,12.057908866666669,6.12409449093123e-05,3.263515486877806e-05,AGN,stamp_classifier,0.8562673,correction_1.0.6,AGN,1.69247743391501e+18,F:\ZTF_Adjusted_Dataset\stamps\AGN\ZTF18abqvdzk,,1.0,g,20.735090255737305,0.20577877759933472,0.9953330159187317,0.9853960275650024,0.0012499999720603228,0.18029999732971191,17.471662521362305,29.17037010192871,0.699999988079071,1.274010181427002,f,5.0,654.0,0.3479999899864197,0.03400000184774399
ZTF22abzmopa,127,1967,59883.249027799815,60892.445185199846,True,False,59,,,,,60505.44370369986,60892.445185199846,387.0014814999886,6.095367670172301,11.366607997400536,0.0089864243430621,0.0088101661536767,AGN,stamp_classifier,0.8562546,27.5.6,AGN,2.75541064281501e+18,F:\ZTF_Adjusted_Dataset\stamps\AGN\ZTF22abzmopa,,1.0,g,20.413068771362305,0.21431852877140045,0.968874990940094,0.04054170101881027,0.021250000223517418,0.1441165953874588,18.582691192626953,18.87579917907715,0.6909999847412109,1.2727702856063843,f,17.0,1544.0,0.4129999876022339,-0.026000000536441803
ZTF19acvgmsi,20,1376,58812.17141199997,60586.20798610011,True,True,12,,,,,58812.17141199997,60586.20798610011,1774.0365741001442,2.141745227307944,-9.208253726471842,0.0265106048778654,0.0261689678501766,AGN,stamp_classifier,0.8562544,24.5.2a6,AGN,1.05817141461501e+18,F:\ZTF_Adjusted_Dataset\stamps\AGN\ZTF19acvgmsi,,2.0,r,20.42405891418457,0.2078515738248825,0.5814849734306335,0.014375000260770321,0.5,0.19966836273670197,6.186179161071777,6.4341936111450195,0.7310000061988831,2.3499999046325684,f,1.0,218.0,0.9319999814033508,0.07000000029802322
ZTF22abiaqlb,7,387,59459.25,59882.25,True,False,6,,,,,59822.357511600014,59882.229409699794,59.87189809978008,0.4161977166666666,-26.378535916666667,4.08588505304098e-05,6.341799166355083e-05,AGN,stamp_classifier,0.8562519,1.1.6,AGN,2.093292850815015e+18,F:\ZTF_Adjusted_Dataset\stamps\AGN\ZTF22abiaqlb,,1.0,g,20.36153793334961,0.20533989369869232,0.9987499713897705,0.0024999999441206455,-999.0,0.2408135086297989,19.05413818359375,-999.0,0.8259999752044678,1.3238471746444702,t,3.0,364.0,0.28299999237060547,-0.012000000104308128
ZTF19abkflpc,10,498,58694.5,59873.25,True,False,7,1.4084607,1.337785,1.1916081,1.267686,58694.45924769994,59873.31586810015,1178.8566204002127,7.404117485714285,-21.70043851428571,5.637500712725504e-05,6.952058276914137e-05,AGN,stamp_classifier,0.856226,1.1.6,AGN,9.4048098581501e+17,F:\ZTF_Adjusted_Dataset\stamps\AGN\ZTF19abkflpc,,2.0,r,19.739322662353516,0.14032140374183655,0.9951670169830322,0.024791700765490532,0.11386899650096893,0.6994996666908264,10.159004211425781,12.784355163574219,0.8579999804496765,1.3521679639816284,f,2.0,52.0,0.38600000739097595,0.003000000026077032
ZTF20aaflszl,258,2216,58863.09289349988,61024.13034720021,True,False,147,,,,,58863.09289349988,61024.13034720021,2161.0374537003227,351.0448974228455,9.187622531954675,0.0062886414650801,0.0062079630491145,AGN,stamp_classifier,0.8562234,27.5.7a32.dev1,AGN,1.10909289001501e+18,F:\ZTF_Adjusted_Dataset\stamps\AGN\ZTF20aaflszl,,2.0,r,19.989517211914062,0.1992192566394806,0.8137080073356628,0.0,0.009583329781889915,0.396579384803772,17.22323226928711,22.45194435119629,0.6800000071525574,1.4003517627716064,f,1.0,309.0,0.6159999966621399,-0.010999999940395355
ZTF24ablakta,20,1583,58691.457615700085,60586.373136600014,True,False,3,,,,,60585.304791700095,60586.373136600014,1.068344899918884,359.51237354083014,3.70923233668342,0.0442220854300956,0.0441294487808,AGN,stamp_classifier,0.85619795,24.5.2a6,AGN,2.83237313201501e+18,F:\ZTF_Adjusted_Dataset\stamps\AGN\ZTF24ablakta,,2.0,r,21.37057876586914,0.20816896855831146,0.9930830001831055,0.0,0.002916669938713312,0.5576165318489075,7.778191089630127,14.968164443969727,0.9729999899864197,1.1973448991775513,f,20.0,1583.0,0.6520000100135803,0.04699999839067459
ZTF20aafuvdi,336,938,58747.25,60209.25,True,False,165,0.067352,0.349258,0.21877761,0.32856205,59042.46091439994,60209.27261570003,1166.8117013000883,344.4035729527273,-11.580251543636365,4.095688477192964e-05,4.2872672077729554e-05,AGN,stamp_classifier,0.85618544,1.2.1,AGN,1.28846091221501e+18,F:\ZTF_Adjusted_Dataset\stamps\AGN\ZTF20aafuvdi,,2.0,r,20.325532913208008,0.21366500854492188,0.9890000224113464,-999.0,-999.0,0.13808219134807587,-999.0,-999.0,0.9580000042915344,1.079455018043518,f,6.0,199.0,0.3059999942779541,-0.02500000037252903
ZTF19aczmlyy,91,1906,58726.37847220013,60944.35284719989,True,True,34,,,,,58836.12731479993,60944.35284719989,2108.225532399956,19.816183500304856,-2.503736021401405,0.012165483227792,0.0121538694493339,AGN,stamp_classifier,0.8561685,27.5.6,AGN,1.082127314615015e+18,F:\ZTF_Adjusted_Dataset\stamps\AGN\ZTF19aczmlyy,,1.0,g,20.56185531616211,0.21210719645023346,0.9954169988632202,0.0,0.0008333330042660236,0.5119003057479858,13.18494701385498,13.905580520629883,0.8100000023841858,1.8200000524520874,t,8.0,232.0,0.3790000081062317,0.004999999888241291
ZTF20abgdukv,276,3692,59018.4674769002,60918.369131899904,True,False,155,,,,,59018.4674769002,60918.369131899904,1899.9016549997032,351.53598999790484,11.511418769771907,0.0059306597304123,0.0058113640982117,AGN,stamp_classifier,0.8561057,27.5.6,AGN,1.38030109291501e+18,F:\ZTF_Adjusted_Dataset\stamps\AGN\ZTF20abgdukv,,2.0,r,20.319490432739258,0.20745187997817993,0.9781039953231812,0.9450830221176147,-999.0,0.24682873487472534,26.41796112060547,-999.0,0.6729999780654907,2.5299999713897705,f,50.0,983.0,0.3499999940395355,-0.007000000216066837
ZTF21abxmgct,58,607,59079.34687499981,59526.211678199936,True,True,24,-0.278913,-0.039046,-0.11651908,0.023616366,59434.42157409992,59526.211678199936,91.790104100015,359.41555139166667,-4.252297658333333,5.320996896434603e-05,4.226312933818333e-05,AGN,stamp_classifier,0.85607815,correction_1.0.6,AGN,1.707413793115015e+18,F:\ZTF_Adjusted_Dataset\stamps\AGN\ZTF21abxmgct,,1.0,g,20.41703987121582,0.19627131521701813,0.9991670250892639,0.013124999590218067,0.49549999833106995,0.18688227236270905,9.043495178222656,20.177528381347656,0.6740000247955322,2.3499999046325684,t,25.0,525.0,0.6859999895095825,0.028999999165534973
