oid,ndethist,ncovhist,mjdstarthist,mjdendhist,corrected,stellar,ndet,g_r_max,g_r_max_corr,g_r_mean,g_r_mean_corr,firstmjd,lastmjd,deltajd,meanra,meandec,sigmara,sigmadec,class,classifier,probability,step_id_corr,target_class,candid_used,stamp_dir,stamp_error,fid,fid_band,magpsf,sigmapsf,sgscore1,sgscore2,sgscore3,distpsnr1,distpsnr2,distpsnr3,classtar,fwhm,isdiffpos,alert_ndethist,alert_ncovhist,chinr,sharpnr
ZTF18aaxfcmb,18,3436,58214.25,60169.25,True,False,4,3.247604,2.750127,0.60610944,2.270909,58469.53039349988,60169.28392359987,1699.753530099988,229.500398825,23.7278444,0.000170131721018,4.80290190061223e-05,VS,stamp_classifier,0.9689228,1.2.0,VS,,F:\ZTF_Adjusted_Dataset\stamps\VS\ZTF18aaxfcmb,,,,,,,,,,,,,,,,,,
ZTF18acdsbof,93,6062,58124.30597219989,61100.25745370006,True,False,33,,,,,58427.36395830009,61100.25745370006,2672.8934953999706,102.35044173645647,29.646902741831244,0.0089863707356719,0.007809967266101,VS,stamp_classifier,0.9663276,27.5.7a32.dev1,VS,6.733639506150156e+17,F:\ZTF_Adjusted_Dataset\stamps\VS\ZTF18acdsbof,,1.0,g,15.317928314208984,0.022638468071818352,1.0,0.09748809784650803,0.763018012046814,0.7830246090888977,9.850292205810547,15.160456657409668,0.9959999918937683,2.9830589294433594,t,2.0,277.0,0.32499998807907104,0.004999999888241291
ZTF17aadpvkd,23,5818,58041.50626160018,61085.23313659988,True,True,15,2.423879,0.389779,1.0244043,0.21663654,58427.36395830009,61085.23313659988,2657.869178299792,102.47847680850197,29.69461493366141,0.0102054064664562,0.0088652128605776,VS,stamp_classifier,0.96588504,27.5.7a32.dev1,VS,6.804534061150152e+17,F:\ZTF_Adjusted_Dataset\stamps\VS\ZTF17aadpvkd,,2.0,r,15.68759536743164,0.0951981395483017,1.0,0.5,0.5581369996070862,0.5532882809638977,4.451533794403076,11.022015571594238,0.9959999918937683,2.0010178089141846,t,10.0,302.0,0.675000011920929,-0.024000000208616257
ZTF21aaetser,26,3471,58308.17017359985,60632.55785880005,True,False,3,,,,,59206.5143749998,60632.55785880005,1426.0434838002548,218.68245947159667,8.466567875444388,0.0446156730324996,0.0441294487808,VS,stamp_classifier,0.9655817,25.0.0,VS,1.47554799141501e+18,F:\ZTF_Adjusted_Dataset\stamps\VS\ZTF21aaetser,,1.0,g,17.95237922668457,0.17098590731620789,0.9979169964790344,0.5,0.014541699551045895,1.5903899669647217,9.696027755737305,23.0919189453125,0.7670000195503235,2.2237565517425537,f,7.0,970.0,0.8289999961853027,-0.04600000008940697
ZTF18achzkro,57,5785,58041.50626160018,61076.19041670021,True,True,34,,,,,58425.42572919978,61076.19041670021,2650.7646875004284,102.4919654557252,29.74175422521489,0.0137025894644144,0.0118975500160303,VS,stamp_classifier,0.96481854,27.5.7a32.dev1,VS,6.804534061150152e+17,F:\ZTF_Adjusted_Dataset\stamps\VS\ZTF18achzkro,,2.0,r,15.646595001220703,0.09232784062623978,1.0,0.9548540115356445,0.43217000365257263,0.48651793599128723,10.841567993164062,11.284080505371094,0.9950000047683716,2.0010178089141846,t,7.0,301.0,1.1260000467300415,-0.02500000037252903
ZTF26aamilav,19,3914,58572.416516200174,61116.422395799775,False,False,1,,,,,61116.422395799775,61116.422395799775,0.0,223.1957555,6.8883375,0.0100727071985602,0.0099999997764825,VS,stamp_classifier,0.9643146,27.5.7a32.dev1,VS,3.362422395115015e+18,F:\ZTF_Adjusted_Dataset\stamps\VS\ZTF26aamilav,,3.0,i,13.689831733703613,0.016063429415225983,0.5,0.5,0.9597740173339844,1.866479754447937,3.039687395095825,20.079805374145508,0.9959999918937683,1.7127705812454224,t,19.0,3914.0,0.7049999833106995,0.04500000178813934
ZTF17aadkqgc,28,4832,58041.463981499895,61121.14399310015,True,False,10,,,,,58856.322743100114,61121.14399310015,2264.8212500000373,105.76317152908489,31.79477084634262,0.0287141969364949,0.0244053670320826,VS,stamp_classifier,0.964265,27.5.7a32.dev1,VS,1.129192143015015e+18,F:\ZTF_Adjusted_Dataset\stamps\VS\ZTF17aadkqgc,,2.0,r,14.984134674072266,0.06051544472575188,0.8756250143051147,0.391167014837265,0.6411700248718262,0.7735628485679626,5.667325496673584,15.106440544128418,0.996999979019165,1.4326761960983276,t,13.0,1670.0,4.210000038146973,0.004999999888241291
ZTF17aadpvla,40,5850,58041.46076390008,61095.217152799945,True,False,14,2.577341,0.4424925,1.0806582,0.22207837,58427.36395830009,61095.217152799945,2667.853194499854,102.41709361294376,29.69747946394393,0.0102616621944369,0.0089138267710385,VS,stamp_classifier,0.9634769,27.5.7a32.dev1,VS,6.73363950615016e+17,F:\ZTF_Adjusted_Dataset\stamps\VS\ZTF17aadpvla,,1.0,g,16.299861907958984,0.06391897052526474,0.9944170117378235,0.7034379839897156,0.956957995891571,1.0449409484863281,9.489615440368652,13.023540496826172,0.9139999747276306,2.9830589294433594,t,7.0,278.0,0.5740000009536743,-0.012000000104308128
ZTF18abqqqic,28,2906,58373.32673610002,60656.15067130001,True,True,8,,,,,58373.32673610002,60656.15067130001,2282.8239351999946,15.90645858703658,7.868474759463522,0.0269599245494056,0.0267060951524542,VS,stamp_classifier,0.9634708,25.0.0,VS,6.193267348150102e+17,F:\ZTF_Adjusted_Dataset\stamps\VS\ZTF18abqqqic,,2.0,r,15.080442428588867,0.045867372304201126,1.0,0.9856250286102295,0.6937680244445801,0.4253014326095581,20.660247802734375,21.450063705444336,0.996999979019165,1.6773751974105835,f,1.0,117.0,0.9900000095367432,0.04899999871850014
ZTF23abntiay,1700,2597,58262.3347800998,60697.569838,True,False,5,,,,,60690.5637730998,60697.569838,7.006064900197089,262.9455948600066,-7.35969288,0.0383289277469639,0.0380131560173365,VS,stamp_classifier,0.9624917,26.0.1,VS,2.9435698362150103e+18,F:\ZTF_Adjusted_Dataset\stamps\VS\ZTF23abntiay,,2.0,r,14.895063400268555,0.04407795891165733,0.9518629908561707,0.8227800130844116,0.19814300537109375,0.9394524097442627,9.054427146911621,11.462207794189453,0.9879999756813049,5.980000019073486,f,1700.0,2597.0,0.6269999742507935,-0.027000000700354576
ZTF18aawwbvg,15,4333,58431.47454860015,60683.30413189996,True,False,1,,,,,60683.30413189996,60683.30413189996,0.0,123.7646633,37.0018381,0.0813907831907272,0.0649999976158142,VS,stamp_classifier,0.96242213,26.0.1,VS,2.9293041306150103e+18,F:\ZTF_Adjusted_Dataset\stamps\VS\ZTF18aawwbvg,,1.0,g,10.45844841003418,0.13726092875003815,1.0,0.0,0.0,1.3184990882873535,15.217900276184082,15.996230125427246,0.8320000171661377,2.5118234157562256,f,15.0,4333.0,0.3100000023841858,-0.004999999888241291
ZTF17aadkrvl,27,5050,58041.463981499895,61066.22376159998,True,False,7,1.714938,0.994794,0.5175256,0.70077807,58602.20377309993,61066.22376159998,2464.0199885000475,105.94423886651198,35.45683160583197,0.0375812163261918,0.0306118847917051,VS,stamp_classifier,0.9618521,27.5.7a32.dev1,VS,8.4820377511501e+17,F:\ZTF_Adjusted_Dataset\stamps\VS\ZTF17aadkrvl,,1.0,g,14.96805191040039,0.14822952449321747,0.975832998752594,0.9966670274734497,0.9918749928474426,0.3678658902645111,18.11971664428711,20.54103660583496,0.9100000262260437,1.384476900100708,f,5.0,459.0,0.8920000195503235,-0.028999999165534973
ZTF17aadixop,23,4410,58041.46184029989,60671.281655100174,False,False,4,,,,,58435.34587959992,60671.281655100174,2235.935775500257,106.05459258754,35.80950354082874,0.0482950563125756,0.0391656863175284,VS,stamp_classifier,0.9615881,26.0.1,VS,6.84329166215015e+17,F:\ZTF_Adjusted_Dataset\stamps\VS\ZTF17aadixop,,2.0,r,14.802165985107422,0.15334701538085938,1.0,0.746999979019165,0.022541699931025505,0.10773921757936478,17.042179107666016,21.958518981933594,0.8659999966621399,1.5182831287384033,t,10.0,250.0,0.42399999499320984,-0.010999999940395355
ZTF17aadiymg,55,5972,58041.50626160018,61121.17909719981,True,False,19,2.184796,0.575908,2.3477907,0.59764165,58427.36395830009,61121.17909719981,2693.815138899721,102.20001467308944,29.72077447369553,0.0075219604779333,0.0065324602567538,VS,stamp_classifier,0.9615181,27.5.7a32.dev1,VS,6.73363950615016e+17,F:\ZTF_Adjusted_Dataset\stamps\VS\ZTF17aadiymg,,1.0,g,16.067861557006836,0.07360365986824036,1.0,0.5,0.5,0.7988436818122864,4.205533027648926,7.650273323059082,0.9779999852180481,2.9830589294433594,t,6.0,278.0,0.26899999380111694,-0.00800000037997961
ZTF18aabsixe,60,5890,58092.55896990001,61081.43226849986,True,False,41,,,,,58435.51802079985,61081.43226849986,2645.914247700013,120.24171313058308,15.30723190689343,0.0116388405493887,0.0112259419098451,VS,stamp_classifier,0.9612444,27.5.7a32.dev1,VS,6.815180257150153e+17,F:\ZTF_Adjusted_Dataset\stamps\VS\ZTF18aabsixe,,2.0,r,15.187276840209961,0.0647100880742073,0.9800000190734863,0.8897079825401306,0.9991670250892639,0.14002610743045807,17.52370262145996,26.512353897094727,0.996999979019165,2.3499999046325684,t,1.0,143.0,0.40299999713897705,0.014000000432133675
ZTF18acktboy,45,5197,58438.32916670013,61121.180092600174,True,False,14,,,,,58435.34587959992,61121.180092600174,2685.834213000257,106.01659735372556,35.36300239525546,0.0111052968658712,0.0090563881659507,VS,stamp_classifier,0.9611942,27.5.7a32.dev1,VS,6.84329166215015e+17,F:\ZTF_Adjusted_Dataset\stamps\VS\ZTF18acktboy,,2.0,r,15.007866859436035,0.19132204353809357,0.9850710034370422,0.46438100934028625,0.9974169731140137,0.06550879031419754,2.651815414428711,17.397619247436523,0.9750000238418579,1.5182831287384033,t,2.0,249.0,1.4479999542236328,0.04500000178813934
ZTF17aadpvlf,53,5809,58041.50626160018,61081.227037,True,False,28,,,,,58427.36395830009,61081.227037,2653.863078699913,102.55851691422968,29.76097543817735,0.0092507739834243,0.0080306312232303,VS,stamp_classifier,0.96101105,27.5.7a32.dev1,VS,6.81366936115015e+17,F:\ZTF_Adjusted_Dataset\stamps\VS\ZTF17aadpvlf,,2.0,r,16.625059127807617,0.09061461687088013,0.9954169988632202,0.06199999898672104,0.1421239972114563,0.7906556725502014,12.116310119628906,14.191118240356445,0.984000027179718,2.218780755996704,t,4.0,305.0,0.8690000176429749,-0.012000000104308128
ZTF17aadkozy,27,4382,58041.463981499895,60680.27000000002,True,True,10,,,,,58384.41656249994,60680.27000000002,2295.8534375000745,105.73130842873336,30.581384189790896,0.0261455229256686,0.022508872780325,VS,stamp_classifier,0.96100205,26.0.1,VS,6.304165600150103e+17,F:\ZTF_Adjusted_Dataset\stamps\VS\ZTF17aadkozy,,1.0,g,14.158818244934082,0.018474625423550606,1.0,0.5,0.6762139797210693,0.0755162462592125,11.099959373474121,23.79956817626953,0.9980000257492065,4.46999979019165,f,7.0,146.0,0.6039999723434448,-0.024000000208616257
ZTF26aaadqff,27,3400,58230.27545139985,61049.54197920021,True,False,1,,,,,61049.54197920021,61049.54197920021,0.0,214.7032549,47.9403695,0.1268839091062545,0.0850000008940696,VS,stamp_classifier,0.96052766,27.5.7a32.dev1,VS,3.2955419738150154e+18,F:\ZTF_Adjusted_Dataset\stamps\VS\ZTF26aaadqff,,2.0,r,14.267419815063477,0.047288890928030014,0.9660419821739197,0.07050599902868271,0.020571399480104446,1.2437788248062134,20.669897079467773,21.7462158203125,0.9940000176429749,2.8829312324523926,t,27.0,3400.0,2.5480000972747803,0.14399999380111694
ZTF22aacilhq,2495,4354,58173.48197920015,61118.40067130001,True,False,109,,,,,60661.50495370012,61118.40067130001,456.8957175998949,225.82262286685045,14.29323689114303,0.0023208475289237,0.0022490053424598,VS,stamp_classifier,0.9603778,27.5.7a32.dev1,VS,2.934452705115015e+18,F:\ZTF_Adjusted_Dataset\stamps\VS\ZTF22aacilhq,,1.0,g,15.364906311035156,0.03187517821788788,0.9529169797897339,0.9909170269966125,-999.0,0.971104621887207,17.694820404052734,-999.0,0.996999979019165,2.212367057800293,t,2211.0,3698.0,0.9049999713897705,-0.04600000008940697
ZTF18abvebsq,23,3054,58372.39260420017,60530.45709489984,True,True,5,-0.76953316,0.5263088,-1.229166,0.77137077,58372.39260420017,60530.45662039984,2158.0640161996707,29.11669550000305,15.43573749999376,0.0881807119814365,0.0849999996633594,VS,stamp_classifier,0.96007806,24.5.2a6,VS,6.1839260561501e+17,F:\ZTF_Adjusted_Dataset\stamps\VS\ZTF18abvebsq,,2.0,r,17.12490463256836,0.0935443714261055,0.9934380054473877,0.9734110236167908,0.0692083016037941,0.9389939308166504,18.25941276550293,25.173383712768555,0.996999979019165,1.2285852432250977,f,2.0,43.0,0.550000011920929,-0.004999999888241291
ZTF18aaejovk,31,3688,58384.5,60174.5,True,False,14,0.368259,0.584736,0.7103638,0.32647625,58384.41656249994,60174.5067592999,1790.0901967999523,106.04700055,30.57328228571429,0.000133162155343,8.89144174273987e-05,VS,stamp_classifier,0.95969033,1.2.0,VS,6.304165600150103e+17,F:\ZTF_Adjusted_Dataset\stamps\VS\ZTF18aaejovk,,1.0,g,13.469818115234375,0.012528768740594387,1.0,0.01862500049173832,0.008988100104033947,0.1032557487487793,7.4831318855285645,8.898141860961914,0.9929999709129333,4.760000228881836,f,1.0,146.0,0.5989999771118164,0.006000000052154064
ZTF18aaelnom,27,3087,58431.472696799785,59452.5094444002,True,True,4,,,,,58455.537419000175,59452.5094444002,996.9720254000276,119.3225645,39.6033034,3.733961256717636e-05,2.3029401498408185e-05,VS,stamp_classifier,0.95959526,correction_1.0.6,VS,7.01537412915015e+17,F:\ZTF_Adjusted_Dataset\stamps\VS\ZTF18aaelnom,,2.0,r,13.920522689819336,0.054151032119989395,0.9975000023841858,0.5,0.19349999725818634,0.16152256727218628,2.505002498626709,12.479425430297852,0.9850000143051147,3.990000009536743,t,2.0,273.0,1.059999942779541,-0.054999999701976776
ZTF20aczxhco,26,3652,58208.33855320001,60661.54143519979,True,False,1,,,,,60661.54143519979,60661.54143519979,0.0,210.1991632,15.338160999999998,0.0881393998861312,0.0850000008940696,VS,stamp_classifier,0.9594057,26.0.1,VS,2.907541434915015e+18,F:\ZTF_Adjusted_Dataset\stamps\VS\ZTF20aczxhco,,2.0,r,12.922773361206055,0.013995627872645855,0.9725000262260437,0.5,0.8690000176429749,0.4896155297756195,1.5729273557662964,14.949973106384277,0.9990000128746033,1.1679741144180298,t,26.0,3652.0,0.40299999713897705,0.01899999938905239
ZTF18aaejovs,35,4456,58384.41656249994,60970.49975690013,True,False,14,,,,,58384.41656249994,60970.49975690013,2586.083194400184,105.89691276678822,30.507566867060465,0.0235499561275436,0.0202897501563467,VS,stamp_classifier,0.95900285,27.5.7a32.dev1,VS,6.304165600150102e+17,F:\ZTF_Adjusted_Dataset\stamps\VS\ZTF18aaejovs,,1.0,g,13.551817893981934,0.015501697547733784,1.0,0.9394029974937439,0.5,0.09152688086032867,13.148757934570312,17.45024299621582,0.984000027179718,4.900000095367432,f,1.0,146.0,0.5950000286102295,-0.01600000075995922
ZTF18abbovxb,32,7132,58276.200428199954,60418.27703699982,False,False,2,,,,,58286.22211810015,60418.27703699982,2132.0549188996665,184.95419990000244,29.68718939999966,0.0978425960020395,0.0850000005863921,VS,stamp_classifier,0.95883864,24.4.1,VS,5.32222111415015e+17,F:\ZTF_Adjusted_Dataset\stamps\VS\ZTF18abbovxb,,1.0,g,17.24149513244629,0.049420665949583054,1.0,0.5,0.008791670203208923,2.5408272743225098,10.222016334533691,19.868694305419922,0.9710000157356262,1.3626364469528198,t,1.0,600.0,0.5770000219345093,-0.023000000044703484
ZTF17aaddley,33,4762,58041.463981499895,60970.49975690013,True,False,13,,,,,58384.41656249994,60970.49975690013,2586.083194400184,106.0546096748201,30.61239210784377,0.0248153642016664,0.0213568938034109,VS,stamp_classifier,0.9586337,27.5.7a32.dev1,VS,6.304165600150103e+17,F:\ZTF_Adjusted_Dataset\stamps\VS\ZTF17aaddley,,1.0,g,14.37681770324707,0.01911168172955513,0.9947919845581055,1.0,0.9017800092697144,0.0925002321600914,17.73773765563965,20.597558975219727,0.9850000143051147,4.329999923706055,f,7.0,146.0,0.6620000004768372,-0.019999999552965164
ZTF17aadkrvp,23,3891,58041.463981499895,60291.22031249991,True,True,3,,,,,58883.19214119995,60291.22031249991,1408.0281712999567,106.03272040000375,35.671745699999214,0.0800126860373475,0.0649999973406391,VS,stamp_classifier,0.9585823,correction_1.0.6,VS,1.1291921462150152e+18,F:\ZTF_Adjusted_Dataset\stamps\VS\ZTF17aadkrvp,,2.0,r,14.735708236694336,0.04352391138672829,0.9572920203208923,0.40006500482559204,0.5,0.520373523235321,16.202495574951172,21.87864875793457,0.996999979019165,1.4370776414871216,t,14.0,1818.0,0.3880000114440918,-0.008999999612569809
ZTF25aceutih,636,2637,58252.39729169989,61105.52998840017,True,False,4,,,,,61037.57214119984,61105.52998840017,67.95784720033407,262.53805415344567,12.43907472200368,0.0351559437289868,0.0343306785766476,VS,stamp_classifier,0.9579741,27.5.7a32.dev1,VS,3.283572140615015e+18,F:\ZTF_Adjusted_Dataset\stamps\VS\ZTF25aceutih,,2.0,r,14.397379875183105,0.030337253585457802,1.0,0.5,0.9910420179367065,1.1651870012283325,2.6931185722351074,17.477540969848633,0.9990000128746033,6.809999942779541,t,523.0,2612.0,1.3240000009536743,-0.09399999678134918
ZTF17aadkrvj,25,4816,58041.463981499895,60966.341053199954,True,True,6,1.6534694,1.0475633,0.6948528,0.5987766,58439.29641199997,60966.341053199954,2527.0446411999874,106.0991409941164,35.64057358564906,0.0383963094072028,0.0312042324829281,VS,stamp_classifier,0.9579361,27.5.6,VS,6.852964151150102e+17,F:\ZTF_Adjusted_Dataset\stamps\VS\ZTF17aadkrvj,,2.0,r,14.609634399414062,0.07016625255346298,0.9933329820632935,0.9754170179367065,0.5,0.12336654961109161,8.743809700012207,13.273237228393555,0.9950000047683716,2.3399999141693115,f,8.0,252.0,0.9710000157356262,-0.0020000000949949026
ZTF18aabsiyj,52,6046,58092.55896990001,61115.3658218002,True,True,15,,,,,58436.36452550022,61115.3658218002,2679.001296299976,120.26686483091092,15.406553699494914,0.0092313789561567,0.0088996493652775,VS,stamp_classifier,0.9577037,27.5.7a32.dev1,VS,6.8238030571501e+17,F:\ZTF_Adjusted_Dataset\stamps\VS\ZTF18aabsiyj,,2.0,r,15.105376243591309,0.03801913186907768,0.9918749928474426,0.5,0.3471989929676056,1.098148226737976,13.101621627807617,18.807886123657227,0.9950000047683716,2.397984266281128,f,2.0,145.0,0.210999995470047,0.007000000216066837
ZTF17aadpvkz,30,5839,58041.50626160018,61081.227037,True,False,15,,,,,58427.36395830009,61081.227037,2653.863078699913,102.26481288873975,29.667552413404795,0.0102823889422536,0.0089344903140661,VS,stamp_classifier,0.9576816,27.5.7a32.dev1,VS,6.883168806150102e+17,F:\ZTF_Adjusted_Dataset\stamps\VS\ZTF17aadpvkz,,2.0,r,14.779146194458008,0.059335820376873016,0.9975000023841858,0.5,0.5,0.24555927515029907,6.711836338043213,9.263896942138672,0.996999979019165,1.2375484704971313,f,7.0,328.0,0.6819999814033508,0.00800000037997961
ZTF17aadpvmj,47,5568,58041.50626160018,60970.43539350014,True,False,16,,,,,58431.43059029989,60970.43539350014,2539.0048032002524,102.22512038646336,29.785130705378723,0.0210337962206172,0.0182551134859083,VS,stamp_classifier,0.9574821,27.5.7a32.dev1,VS,6.883168806150102e+17,F:\ZTF_Adjusted_Dataset\stamps\VS\ZTF17aadpvmj,,2.0,r,15.171146392822266,0.061669252812862396,0.992917001247406,0.5,0.0,0.21117736399173737,6.488286018371582,13.941553115844727,0.996999979019165,1.2375484704971313,f,10.0,324.0,1.0609999895095825,-0.041999999433755875
ZTF18acgvfql,33,5675,58224.161365699954,60958.51114579989,True,False,11,,,,,58431.51423610002,60958.51114579989,2526.9969096998684,126.86364150817175,51.25979259492974,0.0325711992013377,0.0203827356217517,VS,stamp_classifier,0.9567402,27.5.6,VS,6.80511375715015e+17,F:\ZTF_Adjusted_Dataset\stamps\VS\ZTF18acgvfql,,1.0,g,16.4849796295166,0.10939477384090424,0.9693750143051147,0.5,0.5,0.8305575251579285,1.8802682161331177,3.174208402633667,0.9909999966621399,2.086007833480835,t,4.0,154.0,0.16599999368190765,-0.004999999888241291
ZTF17aadpvkj,27,5815,58041.50626160018,61081.227037,False,False,11,2.348234,0.5662845,1.2764199,0.23282774,58427.36395830009,61081.227037,2653.863078699913,102.43253491534271,29.70402964972932,0.0105212352131272,0.0091387094266429,VS,stamp_classifier,0.95673645,27.5.7a32.dev1,VS,6.804534061150152e+17,F:\ZTF_Adjusted_Dataset\stamps\VS\ZTF17aadpvkj,,2.0,r,15.855594635009766,0.09232784062623978,0.5,0.3128510117530823,0.017625000327825546,0.08040221035480499,12.602079391479492,14.466384887695312,0.9959999918937683,2.0010178089141846,t,7.0,302.0,0.8169999718666077,-0.004999999888241291
ZTF19aauaemf,31,3721,58288.39729169989,60487.33313659998,True,True,7,3.136911,1.02053,2.53135,0.8080494,58608.41994210007,60487.33313659998,1878.9131944999097,284.7590464999977,3.869999099994132,0.0851942654738021,0.0849999990480044,VS,stamp_classifier,0.9566099,24.5.1,VS,8.544199416150152e+17,F:\ZTF_Adjusted_Dataset\stamps\VS\ZTF19aauaemf,,1.0,g,16.5029239654541,0.12590284645557404,0.9962499737739563,0.5,0.5,1.0105016231536865,5.470548629760742,9.131009101867676,0.996999979019165,1.4205018281936646,t,3.0,500.0,0.5239999890327454,-0.014999999664723873
ZTF18acywujc,2799,3936,58041.465057900175,60537.5003819,True,False,86,-0.2476,-0.022671,0.09148854,0.33819893,58756.45420139981,60537.49991900008,1781.0457176002674,109.60751420007084,28.446715809998118,0.0305704166272854,0.0268793596547099,VS,stamp_classifier,0.9564682,24.5.2a6,VS,1.030517536215015e+18,F:\ZTF_Adjusted_Dataset\stamps\VS\ZTF18acywujc,,2.0,r,16.774259567260742,0.09986460208892822,0.9920830130577087,0.5,0.24976199865341187,0.8403923511505127,18.07549476623535,20.156766891479492,0.6449999809265137,2.4052159786224365,t,460.0,719.0,0.8069999814033508,0.03400000184774399
ZTF20aanzmzo,33,3067,58104.49700229988,61120.2806712999,True,False,1,,,,,61120.2806712999,61120.2806712999,0.0,154.7923643,1.75683,0.0100047029554843,0.0099999997764825,VS,stamp_classifier,0.9564351,27.5.7a32.dev1,VS,3.36628067131501e+18,F:\ZTF_Adjusted_Dataset\stamps\VS\ZTF20aanzmzo,,3.0,i,15.211029052734375,0.03892296552658081,0.9972919821739197,0.056666698306798935,0.0033333299215883017,0.8235939145088196,8.266980171203613,29.150928497314453,0.996999979019165,1.199979305267334,f,33.0,3067.0,0.7850000262260437,-0.04899999871850014
ZTF17aaddldq,51,4118,58041.463981499895,60540.50035879994,True,False,18,2.433232,1.206659,1.1019144,0.7624096,58493.23560190015,60540.50035879994,2047.2647568997927,105.7524750500215,30.546671950001244,0.0697898231252899,0.0601040752925722,VS,stamp_classifier,0.9562664,24.5.2a6,VS,7.3923560001501e+17,F:\ZTF_Adjusted_Dataset\stamps\VS\ZTF17aaddldq,,1.0,g,16.375734329223633,0.10152299702167511,0.9965620040893555,0.5,0.6736699938774109,0.4175059199333191,5.342446327209473,9.870148658752441,0.996999979019165,1.3568305969238281,f,6.0,270.0,0.8870000243186951,-0.03500000014901161
ZTF18aaajopd,20,4696,58131.4553704001,61115.358298600186,True,True,3,,,,,58619.15555559984,61115.358298600186,2496.202743000351,184.0394271002322,18.57176969127538,0.0103569004053079,0.00981756885162,VS,stamp_classifier,0.95591575,27.5.7a32.dev1,VS,8.6515555161501e+17,F:\ZTF_Adjusted_Dataset\stamps\VS\ZTF18aaajopd,,2.0,r,14.654915809631348,0.05936083197593689,0.9797919988632202,0.9841139912605286,0.0,0.27148640155792236,4.830076694488525,22.341415405273438,0.9269999861717224,2.3399999141693115,f,13.0,517.0,0.4580000042915344,-0.024000000208616257
ZTF21abcccxs,92,8380,58121.50818290003,61013.482997700106,True,True,3,,,,,60149.2801967999,61013.482997700106,864.2028009002097,213.85105675570588,36.7531053487291,0.0504602547651202,0.0404298347116235,VS,stamp_classifier,0.9557034,27.5.7a32.dev1,VS,2.42020186141501e+18,F:\ZTF_Adjusted_Dataset\stamps\VS\ZTF21abcccxs,,1.0,g,16.392723083496094,0.18704503774642944,0.9975000023841858,0.16270799934864044,0.0012499999720603228,1.1491564512252808,17.875083923339844,20.1429386138916,0.9940000176429749,1.6120973825454712,f,77.0,6534.0,0.35499998927116394,-0.0010000000474974513
ZTF17aadixoj,24,4169,58041.46184029989,60538.49211810017,True,False,7,3.249351,1.229227,2.852668,1.0056129,58425.41001159977,60538.49211810017,2113.0821065003984,106.08309859998434,35.60064159999981,0.1045389215578943,0.0849999990480044,VS,stamp_classifier,0.9553786,24.5.2a6,VS,6.7141001511501e+17,F:\ZTF_Adjusted_Dataset\stamps\VS\ZTF17aadixoj,,1.0,g,17.150604248046875,0.21345309913158417,0.9877499938011169,0.1565299928188324,0.17058299481868744,0.43833833932876587,7.37729549407959,20.49367904663086,0.9959999918937683,1.3286092281341553,f,8.0,224.0,0.6700000166893005,-0.03500000014901161
ZTF22aajcjko,32,1943,58771.48749999981,60943.51386569999,False,False,2,,,,,60935.51379630016,60943.51386569999,8.000069399829954,132.02033240000404,1.2937424999999998,0.0601194000466708,0.0601040770330592,VS,stamp_classifier,0.9551062,27.5.6,VS,3.1815137934150154e+18,F:\ZTF_Adjusted_Dataset\stamps\VS\ZTF22aajcjko,,2.0,r,12.248299598693848,0.08847508579492569,0.5,0.5,0.5,0.11794930696487427,1.405538558959961,2.39788818359375,1.0,2.0299999713897705,t,32.0,1931.0,20.93000030517578,-0.8339999914169312
ZTF18acvjmou,32,4249,58464.55645829998,61115.38853010023,True,True,15,,,,,58568.378576400224,61115.38853010023,2547.009953700006,232.5121169605519,9.091621982899124,0.009119993136608,0.0090054176830188,VS,stamp_classifier,0.955069,27.5.7a32.dev1,VS,8.3835839131501e+17,F:\ZTF_Adjusted_Dataset\stamps\VS\ZTF18acvjmou,,2.0,r,14.430288314819336,0.03366538882255554,1.0,0.0016666699666529894,0.0008333330042660236,0.6066385507583618,16.515409469604492,27.89316177368164,0.9990000128746033,1.1840848922729492,f,7.0,196.0,0.7480000257492065,0.003000000026077032
ZTF19aalpcmz,24,4670,58214.28263889998,61013.48202549992,True,True,2,,,,,58543.37265049992,61013.48202549992,2470.109375,204.92381959989797,22.58819935,0.0650977673535085,0.0601040770330592,VS,stamp_classifier,0.95478487,27.5.7a32.dev1,VS,7.89372650715015e+17,F:\ZTF_Adjusted_Dataset\stamps\VS\ZTF19aalpcmz,,2.0,r,16.3713321685791,0.08101557940244675,1.0,0.5,0.5,1.385196566581726,2.5249085426330566,4.053386688232422,0.9940000176429749,1.6574902534484863,t,1.0,319.0,0.7319999933242798,-0.03500000014901161
ZTF18aajyehq,49,4900,58104.2926852,60671.28118060017,True,False,15,,,,,58742.515393500216,60671.28118060017,1928.7657870999535,114.08993146807344,33.50441616489091,0.0228108233985868,0.0190206512066627,VS,stamp_classifier,0.9546164,26.0.1,VS,9.8851539461501e+17,F:\ZTF_Adjusted_Dataset\stamps\VS\ZTF18aajyehq,,1.0,g,16.283859252929688,0.108754463493824,1.0,0.9977080225944519,0.008583329617977142,0.6344175934791565,15.585394859313965,17.117515563964844,0.996999979019165,1.219556212425232,f,9.0,615.0,0.5450000166893005,0.006000000052154064
ZTF18aaemqfv,55,5812,58427.36761569977,61116.31378469989,True,False,17,,,,,58427.36761569977,61116.31378469989,2688.946169000119,113.34675961572844,36.72030310723568,0.0107797540170127,0.0086406606950595,VS,stamp_classifier,0.95445234,27.5.7a32.dev1,VS,6.73367614815015e+17,F:\ZTF_Adjusted_Dataset\stamps\VS\ZTF18aaemqfv,,1.0,g,15.124214172363281,0.023900406435132027,0.9614580273628235,0.9730830192565918,0.5,0.941124439239502,7.398146629333496,15.4385404586792,0.9959999918937683,2.3352723121643066,t,1.0,247.0,1.0499999523162842,0.07800000160932541
ZTF20aawmrdb,43,5452,58198.46037039999,60295.56040510023,False,False,7,,,,,58965.34925930016,60295.56040510023,1330.2111458000727,241.50364750001003,22.5191579999978,0.0920160836403516,0.0849999990480044,VS,stamp_classifier,0.95431626,1.2.0,VS,1.233315554815015e+18,F:\ZTF_Adjusted_Dataset\stamps\VS\ZTF20aawmrdb,,2.0,r,17.370031356811523,0.12382856011390686,0.9677079916000366,0.5,0.02500000037252903,1.4093979597091675,2.228322982788086,13.986063003540039,0.9860000014305115,5.570000171661377,t,12.0,1140.0,0.4000000059604645,0.017000000923871994
ZTF24aajnjnb,43,3883,58435.52121530008,61113.27430560021,True,False,2,,,,,61077.295567099936,61113.27430560021,35.97873850027099,124.98774543139947,-2.304654949146677,0.0099395454441905,0.0099315058256989,VS,stamp_classifier,0.95427775,27.5.7a32.dev1,VS,3.323295563515015e+18,F:\ZTF_Adjusted_Dataset\stamps\VS\ZTF24aajnjnb,,2.0,r,13.297901153564453,0.025508597493171692,1.0,0.19041700661182404,0.011041699908673763,0.10478536784648895,8.965373992919922,18.248815536499023,1.0,1.2451798915863037,t,43.0,3583.0,0.597000002861023,0.013000000268220901
ZTF23abgalcy,36,4535,58214.36679399992,61058.431053199805,False,False,4,,,,,60635.5599769,61058.431053199805,422.8710762998089,219.76618066193748,17.604103903265976,0.0410899714541917,0.0391656863175284,VS,stamp_classifier,0.9541747,27.5.7a32.dev1,VS,2.881559975915015e+18,F:\ZTF_Adjusted_Dataset\stamps\VS\ZTF23abgalcy,,2.0,r,13.806788444519043,0.029817577451467514,0.9664580225944519,0.5,0.029979199171066284,1.8239139318466187,10.86367416381836,14.17583179473877,1.0,2.9100000858306885,t,27.0,3973.0,0.1720000058412552,-0.012000000104308128
ZTF17aacriqk,55,5479,58041.50949069997,61079.322465300094,True,False,18,,,,,58380.46908560023,61079.322465300094,2698.853379699867,113.7045205054494,30.446088507251176,0.0199639947200381,0.017211086049621,VS,stamp_classifier,0.95416385,27.5.7a32.dev1,VS,6.264690800150103e+17,F:\ZTF_Adjusted_Dataset\stamps\VS\ZTF17aacriqk,,2.0,r,15.41063404083252,0.01754387654364109,0.9820830225944519,0.5,0.29891398549079895,0.6018672585487366,0.680341362953186,21.280977249145508,0.996999979019165,1.686761736869812,f,6.0,185.0,0.5299999713897705,-0.0010000000474974513
ZTF17aadqbyx,52,5087,58042.4503008998,60966.33774309978,True,False,17,,,,,58427.336666699965,60966.33774309978,2539.0010763998143,79.88103613629633,29.690977608828486,0.0219670084387771,0.0190829494034024,VS,stamp_classifier,0.95415723,27.5.6,VS,7.03253226115015e+17,F:\ZTF_Adjusted_Dataset\stamps\VS\ZTF17aadqbyx,,2.0,r,16.17078971862793,0.05954141169786453,1.0,0.7834399938583374,0.5003989934921265,0.6385412216186523,6.927599906921387,9.538338661193848,0.9959999918937683,1.6679357290267944,t,12.0,778.0,1.2660000324249268,0.006000000052154064
ZTF25aaxpqbc,44,3908,58231.310300900135,60852.31762730004,False,False,1,,,,,60852.31762730004,60852.31762730004,0.0,218.521664,9.6068344,0.0862089842557907,0.0850000008940696,VS,stamp_classifier,0.95410776,27.5.6,VS,3.098317621315015e+18,F:\ZTF_Adjusted_Dataset\stamps\VS\ZTF25aaxpqbc,,2.0,r,15.213579177856445,0.018204355612397194,1.0,0.5,0.0,2.027473211288452,4.413951396942139,21.85901641845703,0.9710000157356262,2.950000047683716,t,44.0,3908.0,0.3089999854564667,-0.008999999612569809
ZTF18adaymtc,19,3825,58436.37027780013,60683.34032410011,False,False,2,,,,,58480.423460599966,60683.34032410011,2202.9168635001406,124.62077920031972,28.6953564,0.0685192643205385,0.0601040770330592,VS,stamp_classifier,0.9539309,26.0.1,VS,7.26423466215015e+17,F:\ZTF_Adjusted_Dataset\stamps\VS\ZTF18adaymtc,,2.0,r,17.315109252929688,0.20607884228229523,0.9939579963684082,0.5,0.9574170112609863,1.8576713800430298,9.6467924118042,23.17381477355957,0.9959999918937683,1.505752444267273,t,2.0,201.0,0.3440000116825104,-0.014000000432133675
ZTF19adhkvck,24,3211,58574.1364352,60858.47530090017,True,False,3,,,,,60848.48040510016,60858.47530090017,9.99489580001682,49.90578696679662,23.3707315,0.0534608399596879,0.0490747733973095,VS,stamp_classifier,0.95387083,27.5.6,VS,3.104475300015015e+18,F:\ZTF_Adjusted_Dataset\stamps\VS\ZTF19adhkvck,,2.0,r,11.801734924316406,0.008622067049145699,1.0,0.5,0.2683509886264801,0.6208276152610779,0.8110269904136658,8.474767684936523,0.9860000014305115,6.510000228881836,t,24.0,3211.0,0.6209999918937683,0.06199999898672104
ZTF17aadkpaq,28,4698,58041.463981499895,61115.36916670017,True,False,9,0.772259,0.713865,0.6373458,0.47317773,58384.41656249994,61115.36916670017,2730.9526042002253,105.87090026516196,30.512577306444918,0.0108703457675393,0.0093649951061154,VS,stamp_classifier,0.95379347,27.5.7a32.dev1,VS,6.304165600150104e+17,F:\ZTF_Adjusted_Dataset\stamps\VS\ZTF17aadkpaq,,1.0,g,14.08581829071045,0.016138752922415733,0.9571869969367981,0.5,0.9987499713897705,0.05079777166247368,8.073975563049316,15.817184448242188,0.984000027179718,3.759999990463257,f,8.0,146.0,0.5059999823570251,-0.012000000104308128
ZTF20aamnyuu,23,3357,58129.25,59905.5,True,True,1,,,,,59905.39413189981,59905.39413189981,0.0,126.3658686,51.4191108,,,VS,stamp_classifier,0.95376456,1.1.6,VS,2.1513941306150152e+18,F:\ZTF_Adjusted_Dataset\stamps\VS\ZTF20aamnyuu,,1.0,g,14.166723251342773,0.04083564877510071,0.9950000047683716,0.5,0.0,1.0076287984848022,12.433364868164062,26.095909118652344,0.9779999852180481,2.0081067085266113,t,23.0,3357.0,0.5090000033378601,-0.008999999612569809
ZTF22aaqzpnr,29,3076,58464.55692130001,60910.194294000044,False,False,5,,,,,60505.20451389998,60910.194294000044,404.9897801000625,228.97360282732345,0.8782939901137253,0.0303602509349415,0.030356683701931,VS,stamp_classifier,0.9537291,27.5.6,VS,2.755270860215015e+18,F:\ZTF_Adjusted_Dataset\stamps\VS\ZTF22aaqzpnr,,2.0,r,14.0634126663208,0.018485186621546745,0.9630420207977295,0.9917920231819153,0.0,1.461821436882019,15.09652328491211,15.591365814208984,1.0,3.25,t,26.0,2651.0,1.149999976158142,-0.03700000047683716
ZTF19acyejjj,35,3095,58214.3686573999,60295.55494209984,True,True,2,,,,,58969.381840299815,60295.55494209984,1326.1731018000282,231.85459039999944,15.289268599999458,0.0881188061385582,0.0850000005863921,VS,stamp_classifier,0.9536743,corr_bulk_0.0.1,VS,1.21538184071501e+18,F:\ZTF_Adjusted_Dataset\stamps\VS\ZTF19acyejjj,,1.0,g,15.363659858703613,0.09446756541728973,0.9373040199279785,0.5,0.029416700825095177,0.22533580660820007,0.8715214729309082,22.522939682006836,0.9959999918937683,1.2985599040985107,f,6.0,357.0,0.2770000100135803,0.0
ZTF18aaenmnd,60,5634,58508.20348379994,61057.38193289982,True,False,23,1.536357,0.234857,2.1630304,0.27275383,58778.5143519002,61057.38193289982,2278.8675809996203,113.7151039872009,35.57340859905018,0.016815774456196,0.0136774600921317,VS,stamp_classifier,0.9536727,27.5.7a32.dev1,VS,1.092246445115015e+18,F:\ZTF_Adjusted_Dataset\stamps\VS\ZTF18aaenmnd,,1.0,g,16.107431411743164,0.04197979345917702,1.0,0.8021249771118164,0.8885769844055176,0.46494197845458984,14.404398918151855,17.169401168823242,0.996999979019165,1.4545503854751587,t,13.0,1421.0,1.4210000038146973,0.08299999684095383
ZTF17aadhzfb,29,5378,58041.46184029989,61066.22376159998,True,False,12,,,,,58439.29641199997,61066.22376159998,2626.9273496000096,106.02321628916756,33.41996333646321,0.0252549430098603,0.0210791893703527,VS,stamp_classifier,0.95348215,27.5.7a32.dev1,VS,6.852964135150102e+17,F:\ZTF_Adjusted_Dataset\stamps\VS\ZTF17aadhzfb,,2.0,r,14.639732360839844,0.0536656454205513,0.9987499713897705,0.5,0.0017500000540167093,0.09440761059522629,16.552366256713867,18.49848747253418,0.9940000176429749,2.3299999237060547,f,7.0,238.0,0.9639999866485596,-0.03799999877810478
ZTF19aadwtwu,24,4148,58505.26195599977,61120.34271989996,True,True,8,,,,,58512.433877300005,61120.34271989996,2607.9088425999507,120.27660721263318,16.563390550350114,0.0098302660489103,0.0094223579733964,VS,stamp_classifier,0.9534325,27.5.7a32.dev1,VS,7.8728664001501e+17,F:\ZTF_Adjusted_Dataset\stamps\VS\ZTF19aadwtwu,,2.0,r,15.017303466796875,0.13434942066669464,0.9975000023841858,0.8972740173339844,0.5,0.43931737542152405,7.692337989807129,11.652682304382324,0.996999979019165,1.46212899684906,f,8.0,375.0,1.1670000553131104,-0.026000000536441803
ZTF18acsrqib,28,5344,58103.55342590017,60814.37942129979,True,True,4,2.607582,0.7345786,1.529409,0.5473298,58543.36320600007,60814.37942129979,2271.016215299722,188.0250154928966,51.408388507037,0.0627891517388094,0.0391656863175284,VS,stamp_classifier,0.9533933,27.5.6,VS,7.89363205215015e+17,F:\ZTF_Adjusted_Dataset\stamps\VS\ZTF18acsrqib,,2.0,r,15.389568328857422,0.026249386370182037,1.0,0.5,0.010083300061523914,0.07250022143125534,1.0346522331237793,13.346529006958008,1.0,2.299999952316284,t,7.0,513.0,1.944000005722046,0.09200000017881393
ZTF18achuzwa,33,5103,58434.431053199805,60745.20534719992,True,False,11,,,,,58811.43564809999,60745.20534719992,1933.7696990999395,113.38148222557776,36.71477964905011,0.0271435890184494,0.0217588830401701,VS,stamp_classifier,0.9533765,26.0.1,VS,1.08544630611501e+18,F:\ZTF_Adjusted_Dataset\stamps\VS\ZTF18achuzwa,,2.0,r,14.095479965209961,0.13265754282474518,0.9470540285110474,0.5,0.9759169816970825,0.2813172936439514,1.4428565502166748,15.972615242004395,0.8870000243186951,1.4414656162261963,f,9.0,1424.0,0.9760000109672546,-0.028999999165534973
ZTF24aaecxut,21,3179,58440.48468750017,60965.54712959984,True,False,1,,,,,60965.54712959984,60965.54712959984,0.0,188.1947601,29.3738389,0.097539946436882,0.0850000008940696,VS,stamp_classifier,0.9532458,27.5.6,VS,3.2115471216150103e+18,F:\ZTF_Adjusted_Dataset\stamps\VS\ZTF24aaecxut,,2.0,r,14.988213539123535,0.03887295722961426,0.9996870160102844,0.5,0.21580399572849274,0.888945460319519,1.7218316793441772,17.163564682006836,0.996999979019165,1.902320384979248,f,21.0,3179.0,0.5910000205039978,-0.020999999716877937
ZTF18aabsifb,29,3729,58111.326770800166,61066.40020829998,True,True,11,,,,,58514.380092599895,61066.40020829998,2552.0201157000847,113.33425430031927,18.08752593586913,0.0240357104587833,0.0228479458890164,VS,stamp_classifier,0.95323306,27.5.7a32.dev1,VS,7.60380092915015e+17,F:\ZTF_Adjusted_Dataset\stamps\VS\ZTF18aabsifb,,2.0,r,14.257667541503906,0.15429243445396423,1.0,0.928957998752594,0.010416699573397636,0.23531201481819153,6.1172709465026855,15.403817176818848,0.9789999723434448,1.3776172399520874,t,5.0,252.0,0.8050000071525574,-0.017000000923871994
ZTF18adboqlp,80,4015,58103.40608800016,60970.50317130005,True,False,12,,,,,58480.42209490016,60970.50317130005,2490.081076399889,120.23259829555104,1.0180920495423964,0.0215584812828947,0.0215550776092861,VS,stamp_classifier,0.9531981,27.5.7a32.dev1,VS,7.55289291415015e+17,F:\ZTF_Adjusted_Dataset\stamps\VS\ZTF18adboqlp,,2.0,r,15.846183776855469,0.1858135163784027,0.9783040285110474,0.9831669926643372,0.0024999999441206455,0.14477543532848358,13.067333221435547,21.696914672851562,0.996999979019165,1.8989975452423096,t,40.0,347.0,0.9629999995231628,0.05900000035762787
ZTF18aabsixr,64,5168,58092.55896990001,61081.43226849986,True,False,28,,,,,58435.51802079985,61081.43226849986,2645.914247700013,120.15102391282112,15.275170993921952,0.0141729306928501,0.0136722245000269,VS,stamp_classifier,0.9531465,27.5.7a32.dev1,VS,6.815180257150154e+17,F:\ZTF_Adjusted_Dataset\stamps\VS\ZTF18aabsixr,,2.0,r,15.661089897155762,0.027215272188186646,0.9962499737739563,0.2064169943332672,0.03991670161485672,0.19590823352336884,10.105403900146484,12.000189781188965,0.996999979019165,2.440000057220459,t,1.0,143.0,0.5270000100135803,0.0
ZTF17aaazoyi,26,7712,58104.34839119995,60992.23770829989,True,True,24,,,,,58361.405451400205,60992.23770829989,2630.832256899681,12.066864578435949,36.79287232224088,0.0190330042822106,0.0152417415465285,VS,stamp_classifier,0.95314366,27.5.7a32.dev1,VS,6.074054548150103e+17,F:\ZTF_Adjusted_Dataset\stamps\VS\ZTF17aaazoyi,,1.0,g,15.173006057739258,0.010866096243262291,0.5,0.907131016254425,0.10743699967861176,0.6390584707260132,15.649679183959961,16.70587921142578,0.996999979019165,1.409342885017395,f,4.0,301.0,1.4329999685287476,-0.03700000047683716
ZTF17aadgfqu,15,4406,58041.463981499895,60611.45406250004,True,True,8,,,,,58439.29641199997,60611.45406250004,2172.1576505000703,106.07379009997008,33.47213170001351,0.1018996201601586,0.0849999987403268,VS,stamp_classifier,0.95312333,24.5.2a6,VS,6.852964135150104e+17,F:\ZTF_Adjusted_Dataset\stamps\VS\ZTF17aadgfqu,,2.0,r,14.753731727600098,0.04507914185523987,0.9987499713897705,0.603863000869751,0.1905830055475235,0.033962465822696686,11.163935661315918,17.201316833496094,1.0,3.819999933242798,f,6.0,238.0,1.1610000133514404,-0.03799999877810478
ZTF18aceakkp,76,5759,58104.28905089991,61081.22818290023,True,False,40,,,,,58428.27789349994,61081.22818290023,2652.9502894002944,58.777405459060446,29.70221366543411,0.0087867381892558,0.0076322692039562,VS,stamp_classifier,0.95293343,27.5.7a32.dev1,VS,6.742778903150103e+17,F:\ZTF_Adjusted_Dataset\stamps\VS\ZTF18aceakkp,,2.0,r,14.636335372924805,0.009376985020935535,0.9355419874191284,1.0,0.5,0.9993853569030762,1.4961822032928467,11.009498596191406,0.01899999938905239,2.5455405712127686,f,2.0,70.0,7.382999897003174,0.1899999976158142
ZTF17aadpvmi,51,5870,58041.50626160018,61101.16482640011,True,True,26,,,,,58427.36395830009,61101.16482640011,2673.800868100021,102.52188490460132,29.74345431215128,0.0072852988750267,0.0063255006814678,VS,stamp_classifier,0.95292044,27.5.7a32.dev1,VS,6.804534061150152e+17,F:\ZTF_Adjusted_Dataset\stamps\VS\ZTF17aadpvmi,,2.0,r,16.29459571838379,0.1023738756775856,0.9975000023841858,0.3613150119781494,0.9514579772949219,0.6922578811645508,5.942934513092041,13.154531478881836,0.9940000176429749,2.0010178089141846,t,5.0,301.0,0.5889999866485596,-0.008999999612569809
ZTF18aaaveyo,19,3272,58156.40775460005,60965.54712959984,True,True,8,,,,,58258.2115162001,60965.54712959984,2707.335613399744,188.63321213116427,32.24196088469895,0.0315748526415376,0.0267060951524542,VS,stamp_classifier,0.9528349,27.5.6,VS,5.3222211221501e+17,F:\ZTF_Adjusted_Dataset\stamps\VS\ZTF18aaaveyo,,1.0,g,16.847923278808594,0.03331521525979042,1.0,0.05433329939842224,0.0,0.6017128229141235,10.428481101989746,23.443204879760742,0.996999979019165,1.3439693450927734,f,10.0,231.0,0.37299999594688416,0.010999999940395355
ZTF18acrhjra,28,4113,58234.25,60080.25,True,False,8,2.544688,0.9359511,0.27254745,0.67311573,58448.548171299975,60080.266990699805,1631.71881939983,198.46659885000005,29.694197575,0.0001182262479917,5.414099977956687e-05,VS,stamp_classifier,0.9527566,1.2.0,VS,6.94548174915015e+17,F:\ZTF_Adjusted_Dataset\stamps\VS\ZTF18acrhjra,,2.0,r,16.366701126098633,0.05372653901576996,0.9627079963684082,0.0,0.5,1.1709007024765015,16.828365325927734,18.108678817749023,0.996999979019165,1.553238034248352,t,2.0,498.0,1.4709999561309814,0.12800000607967377
ZTF23aanarxq,57,4499,58214.17790509993,61078.40363429999,True,True,2,,,,,60198.505914399866,61078.40363429999,879.8977199001238,125.05468404163774,29.121285245200017,0.0591045813206348,0.0516332581488631,VS,stamp_classifier,0.9527314,27.5.7a32.dev1,VS,2.444505914815015e+18,F:\ZTF_Adjusted_Dataset\stamps\VS\ZTF23aanarxq,,2.0,r,14.48930835723877,0.05200376734137535,1.0,0.5,0.0016666699666529894,0.38214123249053955,6.9114837646484375,26.704721450805664,0.9990000128746033,1.2875704765319824,t,52.0,3093.0,1.2020000219345093,-0.019999999552965164
ZTF18aaocmlm,26,3415,58214.25831020018,61049.54197920021,True,False,1,,,,,61049.54197920021,61049.54197920021,0.0,215.8894483,48.94344799999999,0.1294146329164505,0.0850000008940696,VS,stamp_classifier,0.95272356,27.5.7a32.dev1,VS,3.29554197371501e+18,F:\ZTF_Adjusted_Dataset\stamps\VS\ZTF18aaocmlm,,2.0,r,14.496596336364746,0.04367084056138992,0.9966670274734497,0.0,0.0,0.3042021095752716,20.39606475830078,26.433006286621094,0.9959999918937683,2.614086627960205,f,26.0,3415.0,0.8109999895095825,0.04899999871850014
ZTF18aaexooq,21,3337,58131.373622700106,60678.233923600055,True,True,6,,,,,58435.380613400135,60678.233923600055,2242.85331019992,113.4454946112703,20.23033757839385,0.0349711072675459,0.0328137413185874,VS,stamp_classifier,0.9527132,26.0.1,VS,6.813806132150152e+17,F:\ZTF_Adjusted_Dataset\stamps\VS\ZTF18aaexooq,,2.0,r,16.038984298706055,0.040084946900606155,1.0,0.5,0.5,0.6908566951751709,6.782946586608887,12.919506072998047,0.9879999756813049,2.49352765083313,t,2.0,159.0,1.7309999465942383,0.039000000804662704
ZTF17aacsnko,57,7165,58041.51003469992,61113.28090280015,True,False,11,,,,,58435.39618059993,61113.28090280015,2677.8847222002223,121.71147374558204,29.83602874023706,0.0106226581062696,0.0092146543836573,VS,stamp_classifier,0.9526526,27.5.7a32.dev1,VS,6.81517535315015e+17,F:\ZTF_Adjusted_Dataset\stamps\VS\ZTF17aacsnko,,2.0,r,15.38204574584961,0.046249713748693466,0.9975000023841858,0.5,0.02812499925494194,0.33114928007125854,12.223934173583984,20.53411293029785,0.9959999918937683,2.612273931503296,t,4.0,367.0,0.4129999876022339,0.017999999225139618
ZTF18abyplrb,27,4762,58384.41656249994,60970.49975690013,True,False,19,,,,,58384.41656249994,60970.49975690013,2586.083194400184,106.06223338177143,30.59311372424544,0.0207940425680073,0.0178995783398705,VS,stamp_classifier,0.952621,27.5.7a32.dev1,VS,6.304165600150103e+17,F:\ZTF_Adjusted_Dataset\stamps\VS\ZTF18abyplrb,,1.0,g,14.124817848205566,0.01443993765860796,0.5,0.5,0.0483332984149456,0.02774633653461933,6.944087505340576,10.297828674316406,0.9929999709129333,5.920000076293945,f,1.0,146.0,0.9020000100135803,-0.03099999949336052
ZTF17aaauftj,32,4391,58092.25,60141.5,False,False,21,2.1529698,0.496276,0.79632324,0.37810442,58352.42342589982,60141.47866899986,1789.0552431000397,58.10110854285713,51.29460113809523,0.0003281500275351,0.0002053876809256,VS,stamp_classifier,0.9525761,1.2.0,VS,5.98423426015015e+17,F:\ZTF_Adjusted_Dataset\stamps\VS\ZTF17aaauftj,,1.0,g,16.56370735168457,0.18805207312107086,0.5,0.8306729793548584,0.2856900095939636,1.6991336345672607,13.045022010803223,17.977134704589844,0.9649999737739563,2.9100000858306885,t,1.0,69.0,0.41200000047683716,-0.023000000044703484
ZTF19aaqylvl,38,5215,58214.3856366002,60680.38906250009,True,True,3,,,,,59260.48599540023,60680.38906250009,1419.9030670998618,192.41641225793907,24.785741738688703,0.0445320460495705,0.0404298347116235,VS,stamp_classifier,0.9525708,26.0.1,VS,1.50648599191501e+18,F:\ZTF_Adjusted_Dataset\stamps\VS\ZTF19aaqylvl,,1.0,g,16.91164779663086,0.17963850498199463,1.0,0.5,0.014999999664723873,0.5850625038146973,2.986981153488159,12.051236152648926,0.902999997138977,1.340440273284912,f,14.0,2134.0,0.42399999499320984,-0.008999999612569809
ZTF18aabjmyw,30,4835,58129.288263900205,60307.44642359996,True,True,11,2.476616,0.949928,0.8625414,0.43277264,58503.28697919985,60307.44642359996,1804.1594444001091,116.38372960002552,44.01079490000218,0.118185400142933,0.0849999978172942,VS,stamp_classifier,0.9525045,correction_1.0.6,VS,7.4928697151501e+17,F:\ZTF_Adjusted_Dataset\stamps\VS\ZTF18aabjmyw,,2.0,r,16.509857177734375,0.09965125471353531,0.9950000047683716,0.5,0.0242708008736372,0.499762624502182,5.751145839691162,19.679744720458984,0.9869999885559082,2.331212043762207,f,8.0,308.0,0.8109999895095825,-0.026000000536441803
ZTF17aadpvmy,14,3393,58041.50626160018,59496.48800930008,True,True,3,2.618755,0.2506084,2.1823046,-0.005566599,58798.33355320012,59496.48800930008,698.154456099961,102.47404546666668,29.6886407,6.951491446812876e-05,0.0001223582036487,VS,stamp_classifier,0.9524168,correction_1.0.6,VS,1.0443335506150102e+18,F:\ZTF_Adjusted_Dataset\stamps\VS\ZTF17aadpvmy,,2.0,r,14.97896671295166,0.028973303735256195,0.5,0.25520798563957214,1.0,0.4422302544116974,8.949363708496094,15.846953392028809,0.9909999966621399,1.1933823823928833,f,8.0,913.0,0.9739999771118164,-0.013000000268220901
ZTF25aallkrf,21,3622,58311.17053239979,61121.48828699999,True,False,1,,,,,61121.48828699999,61121.48828699999,0.0,218.4160809,10.7344432,0.0101781068369746,0.0099999997764825,VS,stamp_classifier,0.95238703,27.5.7a32.dev1,VS,3.367488283015015e+18,F:\ZTF_Adjusted_Dataset\stamps\VS\ZTF25aallkrf,,3.0,i,14.906204223632812,0.031127844005823135,0.9935420155525208,0.5,0.00912499986588955,1.1339539289474487,8.622817993164062,15.135464668273926,0.9980000257492065,1.153008222579956,t,21.0,3622.0,0.9319999814033508,-0.029999999329447746
ZTF17aadkpam,36,3793,58041.463981499895,60307.37861109991,True,False,10,1.229259,1.23518,1.6233612,1.0221816,58384.41656249994,60307.37861109991,1922.962048599962,105.93888579998315,30.503534300005235,0.098653908214883,0.0849999981249717,VS,stamp_classifier,0.95235777,1.2.0,VS,6.304165600150102e+17,F:\ZTF_Adjusted_Dataset\stamps\VS\ZTF17aadkpam,,1.0,g,14.459817886352539,0.024632833898067474,1.0,0.8213750123977661,0.9698749780654907,0.15165047347545624,11.98619270324707,15.55693244934082,0.9829999804496765,4.980000019073486,f,7.0,146.0,0.7889999747276306,-0.0020000000949949026
ZTF19adbvbdc,54,4568,58124.306504600216,60683.31598380022,True,False,2,,,,,60655.23806709983,60683.31598380022,28.07791670039296,117.43543573998429,26.413999522711997,0.0576519450944154,0.0516332581488631,VS,stamp_classifier,0.95230675,26.0.1,VS,2.92931598351501e+18,F:\ZTF_Adjusted_Dataset\stamps\VS\ZTF19adbvbdc,,2.0,r,15.413227081298828,0.02946089580655098,0.9979169964790344,0.9950000047683716,0.003958330024033785,1.1485055685043335,10.530976295471191,11.870443344116211,0.9929999709129333,2.8976807594299316,f,54.0,4568.0,2.0999999046325684,-0.04800000041723251
ZTF18acglthr,65,6375,58431.37236109981,60991.45194440009,True,False,18,,,,,58431.37236109981,60991.45194440009,2560.0795833002776,102.29971219737476,44.1123004616151,0.0255024467620222,0.0183101669314516,VS,stamp_classifier,0.952221,27.5.7a32.dev1,VS,6.77391820715015e+17,F:\ZTF_Adjusted_Dataset\stamps\VS\ZTF18acglthr,,2.0,r,16.769466400146484,0.07792358845472336,0.9904170036315918,0.7167860269546509,1.0,0.44047874212265015,9.110753059387207,11.833467483520508,0.996999979019165,1.692368745803833,t,1.0,318.0,0.7049999833106995,0.02800000086426735
ZTF17aadpvks,15,3336,58041.50626160018,59456.450081000105,True,True,4,3.6947947,1.199434,2.827468,0.8498185,58427.36395830009,59456.450081000105,1029.0861227000132,102.4715127,29.7020582,4.880846920938133e-05,8.814401095164835e-05,VS,stamp_classifier,0.95216995,correction_1.0.6,VS,6.8831688061501e+17,F:\ZTF_Adjusted_Dataset\stamps\VS\ZTF17aadpvks,,2.0,r,15.232146263122559,0.08700364828109741,0.9762920141220093,0.009583329781889915,0.5,0.32394328713417053,12.153132438659668,17.159700393676758,0.996999979019165,1.2375484704971313,f,6.0,328.0,0.890999972820282,0.0020000000949949026
ZTF18aagzkvt,25,5479,58209.46196760005,60383.43100690004,True,False,11,0.87749755,1.012039,1.1955193,0.9911298,58258.25577550009,60383.43100690004,2125.175231399946,231.4681949812767,30.30364754999659,0.0598047779186609,0.0516332575281797,VS,stamp_classifier,0.9521505,1.2.0,VS,5.3129978141501504e+17,F:\ZTF_Adjusted_Dataset\stamps\VS\ZTF18aagzkvt,,2.0,r,13.733332633972168,0.009717325679957867,0.5,0.5,0.5,0.17602238059043884,0.7300365567207336,6.830244064331055,1.0,1.1706746816635132,t,17.0,572.0,0.7319999933242798,0.04399999976158142
ZTF22aahtyiv,19,3434,58226.33527779998,60506.24671299989,True,False,1,,,,,60506.24671299989,60506.24671299989,0.0,213.4119065,15.3596572,0.0881484746932983,0.0850000008940696,VS,stamp_classifier,0.95214933,24.5.2a6,VS,2.75224671151501e+18,F:\ZTF_Adjusted_Dataset\stamps\VS\ZTF22aahtyiv,,2.0,r,14.675542831420898,0.06289401650428772,0.9925000071525574,0.5,0.5,0.6370898485183716,0.7217460870742798,11.403974533081055,0.996999979019165,1.1840848922729492,f,19.0,3434.0,0.9169999957084656,-0.03500000014901161
ZTF18acidohz,28,3306,58428.49550929992,60678.21372690005,True,True,16,,,,,58428.49550929992,60678.21372690005,2249.718217600137,126.90922249941087,15.326498574560926,0.0195804340997372,0.0188840609813135,VS,stamp_classifier,0.95212024,26.0.1,VS,6.823812203150103e+17,F:\ZTF_Adjusted_Dataset\stamps\VS\ZTF18acidohz,,2.0,r,14.298255920410156,0.028681207448244095,0.996042013168335,0.5,0.02233329974114895,0.4237908720970154,0.8423386812210083,13.292398452758789,0.996999979019165,2.9100000858306885,f,3.0,124.0,0.8450000286102295,-0.009999999776482582
ZTF18abcgthj,20,3721,58257.441666699946,60487.33313659998,True,True,9,3.407953,1.107663,3.3145785,0.0025797507,58288.39729169989,60487.33313659998,2198.9358449000865,284.7624908000042,4.061254600004939,0.0852139790887568,0.0849999984326493,VS,stamp_classifier,0.95206016,24.5.1,VS,5.3439729291501504e+17,F:\ZTF_Adjusted_Dataset\stamps\VS\ZTF18abcgthj,,1.0,g,16.817880630493164,0.11296167969703674,0.9862499833106995,0.5,0.9766250252723694,0.25394901633262634,3.5472524166107178,29.608062744140625,0.9959999918937683,1.5255452394485474,t,1.0,34.0,0.7369999885559082,-0.028999999165534973
ZTF18absubim,1,17,58365.25035879994,58365.25035879994,True,True,1,,,,,58365.25035879994,58365.25035879994,0.0,280.7022499,-10.7639953,,,VS,stamp_classifier,0.95195216,corr_bulk_0.0.1,VS,6.1125035211501e+17,F:\ZTF_Adjusted_Dataset\stamps\VS\ZTF18absubim,,1.0,g,18.466848373413086,0.11967143416404724,0.5,0.5,0.5,1.0318130254745483,1.1165786981582642,1.7154934406280518,0.9940000176429749,1.3935704231262207,f,1.0,17.0,0.29499998688697815,0.014999999664723873
ZTF17aadihgk,21,3701,58041.5,60174.5,True,False,5,2.014415,1.054305,0.752051,0.7723817,58741.50837960001,60174.50915510021,1433.0007755002007,106.0071376,33.146184219999995,0.000221848405446,3.317569893828469e-05,VS,stamp_classifier,0.95194817,1.2.0,VS,9.87508371615015e+17,F:\ZTF_Adjusted_Dataset\stamps\VS\ZTF17aadihgk,,1.0,g,16.271087646484375,0.062626414000988,1.0,0.4544520080089569,0.0037499999161809683,0.36023417115211487,8.337298393249512,12.046249389648438,0.9850000143051147,1.1840848922729492,t,10.0,500.0,0.7580000162124634,-0.020999999716877937
ZTF18abyplqa,46,4748,58384.41656249994,61113.227256900165,True,False,31,,,,,58384.41656249994,61113.227256900165,2728.810694400221,105.91967048174855,30.569982190028576,0.0154288346063498,0.0132843590528604,VS,stamp_classifier,0.9519123,27.5.7a32.dev1,VS,6.304165600150102e+17,F:\ZTF_Adjusted_Dataset\stamps\VS\ZTF18abyplqa,,1.0,g,13.63881778717041,0.01486464124172926,0.9975000023841858,0.5,0.5,0.11489661037921906,2.840766668319702,6.551894664764404,1.0,6.849999904632568,f,1.0,146.0,0.5370000004768372,0.013000000268220901
ZTF18abuyhrm,117,4853,58371.471203700174,60645.37346060015,True,True,12,1.757217,0.7310845,-0.8001911,0.3980481,58371.471203700174,60645.37346060015,2273.902256899979,113.7308532488173,34.18180192378541,0.0273340249134924,0.0226123195384214,VS,stamp_classifier,0.9518073,25.0.0,VS,6.17471203515015e+17,F:\ZTF_Adjusted_Dataset\stamps\VS\ZTF18abuyhrm,,2.0,r,17.518001556396484,0.15307563543319702,0.5,0.5,0.05227980017662048,0.43916162848472595,5.223591327667236,12.720216751098633,0.996999979019165,1.4707424640655518,t,1.0,205.0,1.093999981880188,0.010999999940395355
ZTF18aabitvd,36,3262,58131.25,59905.5,True,False,11,1.367823,1.1499234,0.7721614,1.0310724,58435.39618059993,59905.40251159994,1470.0063310000114,122.25330846363636,22.4939373,0.0001270623096958,0.0001093650766926,VS,stamp_classifier,0.9517503,1.1.6,VS,6.82365430715015e+17,F:\ZTF_Adjusted_Dataset\stamps\VS\ZTF18aabitvd,,2.0,r,13.953892707824707,0.04320830479264259,1.0,0.5,0.6915950179100037,0.1972651183605194,6.938942909240723,11.040384292602539,0.9100000262260437,3.930000066757202,t,2.0,187.0,1.4459999799728394,0.0010000000474974513
ZTF18aagzknf,67,12626,58210.34253469994,61049.57747690007,True,False,15,,,,,58589.316990700085,61049.57747690007,2460.260486199986,231.0388741860728,36.99452203796531,0.022637949027118,0.0180807717468541,VS,stamp_classifier,0.95162004,27.5.7a32.dev1,VS,8.38320460315015e+17,F:\ZTF_Adjusted_Dataset\stamps\VS\ZTF18aagzknf,,2.0,r,15.397132873535156,0.0424768440425396,0.9918749928474426,0.9664580225944519,0.0833749994635582,0.06592976301908493,16.276870727539062,22.321340560913086,0.996999979019165,1.3333542346954346,t,26.0,2164.0,0.6880000233650208,0.05400000140070915
ZTF19aaofdhm,28,4069,58182.18649310013,60980.474699100014,True,False,4,,,,,58575.16936339997,60980.474699100014,2405.3053357000463,122.32157654337634,15.375168427797185,0.0356049673081654,0.0343306785766476,VS,stamp_classifier,0.951493,27.5.7a32.dev1,VS,8.2116936521501e+17,F:\ZTF_Adjusted_Dataset\stamps\VS\ZTF19aaofdhm,,1.0,g,16.260353088378906,0.09684505313634872,1.0,0.8543810248374939,0.0,1.3283025026321411,10.351935386657715,11.733819007873535,0.9610000252723694,1.2143665552139282,f,9.0,529.0,0.13500000536441803,-0.003000000026077032
ZTF19acfsicy,37,3636,58455.54829860013,61005.56842589984,True,False,1,,,,,61005.56842589984,61005.56842589984,0.0,219.10811150000004,8.1142511,0.0858595743775367,0.0850000008940696,VS,stamp_classifier,0.9514604,27.5.7a32.dev1,VS,3.2515684256150103e+18,F:\ZTF_Adjusted_Dataset\stamps\VS\ZTF19acfsicy,,2.0,r,15.028221130371094,0.04610665515065193,0.9854170083999634,0.5,0.476500004529953,0.943764328956604,11.531584739685059,18.591686248779297,0.996999979019165,1.82955002784729,f,37.0,3636.0,0.48500001430511475,-0.03700000047683716
ZTF18acmqssn,24,4255,58092.55896990001,61115.3658218002,True,True,3,,,,,58436.381226900034,61115.3658218002,2678.984594900161,120.5276357714486,18.11095298777845,0.0103293217457776,0.00981756885162,VS,stamp_classifier,0.95136774,27.5.7a32.dev1,VS,6.823812229150152e+17,F:\ZTF_Adjusted_Dataset\stamps\VS\ZTF18acmqssn,,2.0,r,15.711273193359375,0.07095815986394882,0.9987499713897705,0.9705420136451721,0.02583329938352108,0.8532966375350952,5.68679141998291,14.914060592651367,0.7929999828338623,2.2701337337493896,t,1.0,138.0,0.4410000145435333,-0.010999999940395355
ZTF18adlorzk,18,3426,58254.5,60169.25,False,False,1,,,,,60169.28392359987,60169.28392359987,0.0,229.6941105,25.8187739,,,VS,stamp_classifier,0.9512276,1.2.0,VS,2.415283922915015e+18,F:\ZTF_Adjusted_Dataset\stamps\VS\ZTF18adlorzk,,2.0,r,15.095856666564941,0.04985817149281502,1.0,0.9833509922027588,0.1330769956111908,1.4779579639434814,13.4310941696167,24.40704917907715,0.996999979019165,1.6839512586593628,t,18.0,3426.0,0.7620000243186951,0.09099999815225601
ZTF18aacobyq,36,5494,58427.54686339991,60958.50547449989,True,False,12,,,,,58455.536041699816,60958.50547449989,2502.969432800077,136.0638765766377,37.79208218938548,0.0272766322493894,0.0215550776092861,VS,stamp_classifier,0.9512151,27.5.6,VS,7.0153604001501e+17,F:\ZTF_Adjusted_Dataset\stamps\VS\ZTF18aacobyq,,2.0,r,15.451889038085938,0.04552732780575752,0.7829579710960388,0.9587079882621765,0.5,0.24838393926620483,0.2525613605976105,28.8814754486084,0.996999979019165,1.4973403215408325,f,4.0,281.0,1.4359999895095825,-0.027000000700354576
ZTF18acsutas,19,4965,58455.536041699816,60678.22515049996,True,True,5,,,,,58455.536041699816,60678.22515049996,2222.689108800143,136.30156747945898,40.79984467983525,0.0420508413516817,0.0318323531596662,VS,stamp_classifier,0.95117885,26.0.1,VS,7.015360435150152e+17,F:\ZTF_Adjusted_Dataset\stamps\VS\ZTF18acsutas,,2.0,r,14.55677604675293,0.04910140112042427,1.0,0.9764999747276306,0.06841070204973221,0.5124430656433105,17.103219985961914,17.359508514404297,0.5450000166893005,2.5399999618530273,t,1.0,281.0,1.3680000305175781,0.024000000208616257
ZTF18aaanxsc,113,4191,58132.41995370016,60307.42922449997,True,True,10,-0.0734148,0.3529131,0.3957014,0.3869197,58431.498136600014,60307.42922449997,1875.931087899953,147.6825315000076,29.74913929999871,0.0979029940969511,0.0849999981249718,VS,stamp_classifier,0.95114803,corr_bulk_0.0.1,VS,6.80538296115015e+17,F:\ZTF_Adjusted_Dataset\stamps\VS\ZTF18aaanxsc,,1.0,g,15.437649726867676,0.11735498905181885,1.0,0.005208330228924751,0.0020000000949949026,1.6988416910171509,22.38054656982422,25.689144134521484,0.996999979019165,1.9651901721954346,t,11.0,274.0,0.6299999952316284,0.02199999988079071
ZTF17aadkozt,32,3724,58041.463981499895,60294.51545140008,True,False,16,0.967259,0.883872,0.6967549,0.6169398,58384.41656249994,60295.461620400194,1911.04505790025,105.91515679456944,30.510896273766157,0.0469278051580679,0.0404298342812076,VS,stamp_classifier,0.95113224,1.2.0,VS,,F:\ZTF_Adjusted_Dataset\stamps\VS\ZTF17aadkozt,,,,,,,,,,,,,,,,,,
ZTF17aadpvlm,41,5641,58041.50626160018,61006.44568290003,True,True,10,,,,,58427.36395830009,61006.44568290003,2579.081724599935,102.2937262363064,29.67664854282036,0.0259070080489816,0.022508872780325,VS,stamp_classifier,0.95112884,27.5.7a32.dev1,VS,6.733639506150156e+17,F:\ZTF_Adjusted_Dataset\stamps\VS\ZTF17aadpvlm,,1.0,g,15.93186092376709,0.06585590541362762,0.9755210280418396,0.5,0.282490998506546,1.088926911354065,3.021925687789917,12.319668769836426,0.9589999914169312,2.9830589294433594,t,5.0,278.0,0.17000000178813934,0.0010000000474974513
ZTF17aadbpuu,32,4075,58041.50249999994,60528.49593750015,True,False,4,,,,,58435.386979199946,60528.49593750015,2093.108958300203,93.74022449999784,22.65489545000004,0.0651293535054911,0.0601040768154983,VS,stamp_classifier,0.9510469,24.5.2a6,VS,6.81386975715015e+17,F:\ZTF_Adjusted_Dataset\stamps\VS\ZTF17aadbpuu,,2.0,r,15.694598197937012,0.05385850369930267,1.0,0.9433330297470093,0.005416669882833958,0.9313400983810425,8.536036491394043,14.800827980041504,0.9950000047683716,2.155250072479248,t,1.0,131.0,0.8659999966621399,-0.03400000184774399
ZTF19adgghpf,20,3617,58514.380092599895,61115.368182899896,True,False,1,,,,,61115.368182899896,61115.368182899896,0.0,113.60174999999998,16.2191651,0.0104144932702183,0.0099999997764825,VS,stamp_classifier,0.9510363,27.5.7a32.dev1,VS,3.361368181315015e+18,F:\ZTF_Adjusted_Dataset\stamps\VS\ZTF19adgghpf,,3.0,i,14.333037376403809,0.03932851925492287,1.0,0.5,0.9622920155525208,0.5861773490905762,6.581246376037598,16.60943031311035,0.9900000095367432,2.254080295562744,t,20.0,3617.0,0.39800000190734863,-0.01600000075995922
ZTF19aczjifh,25,2936,58431.44659719989,59456.4514930998,True,True,2,,,,,59131.50718750013,59456.4514930998,324.94430559966713,104.07726655,44.06990195,3.3163308038327946e-05,2.3263813101588623e-05,VS,stamp_classifier,0.95099664,correction_1.0.6,VS,1.3775071802150152e+18,F:\ZTF_Adjusted_Dataset\stamps\VS\ZTF19aczjifh,,2.0,r,13.700906753540039,0.01229762751609087,1.0,0.775833010673523,0.9710000157356262,0.11631779372692108,11.103702545166016,21.092430114746094,0.9990000128746033,1.251503825187683,t,17.0,1842.0,0.9700000286102295,0.024000000208616257
ZTF19adgafxu,27,4363,58512.55444440013,60820.296122699976,True,False,2,,,,,60820.29565969994,60820.296122699976,0.0004630000330507,239.60305700000472,8.7711913,0.0608153024675024,0.0601040770330592,VS,stamp_classifier,0.95094746,27.5.6,VS,3.066296121415015e+18,F:\ZTF_Adjusted_Dataset\stamps\VS\ZTF19adgafxu,,2.0,r,13.363165855407715,0.05794118717312813,0.9358329772949219,0.5,0.5,1.1752086877822876,2.037292957305908,13.556790351867676,0.9670000076293945,2.630000114440918,t,27.0,4363.0,0.6359999775886536,0.02800000086426735
ZTF22aaumlxa,32,4315,58217.34865739988,61108.51311339997,True,False,3,,,,,60735.42532410007,61108.51311339997,373.08778929989785,225.785162156506,12.812163601337405,0.0414621473385289,0.0404298347116235,VS,stamp_classifier,0.9509244,27.5.7a32.dev1,VS,2.981425324515015e+18,F:\ZTF_Adjusted_Dataset\stamps\VS\ZTF22aaumlxa,,2.0,r,14.117616653442383,0.04586194083094597,1.0,0.2509489953517914,0.022148799151182175,1.1289087533950806,17.476736068725586,21.750993728637695,0.9789999723434448,1.5542542934417725,t,30.0,3775.0,0.40799999237060547,0.012000000104308128
ZTF25aaaqfob,25,2896,58512.297870399896,61066.41342590004,True,False,1,,,,,61066.41342590004,61066.41342590004,0.0,160.6281634,-13.421458,0.0873866155743599,0.0850000008940696,VS,stamp_classifier,0.9509038,27.5.7a32.dev1,VS,3.31241342611501e+18,F:\ZTF_Adjusted_Dataset\stamps\VS\ZTF25aaaqfob,,2.0,r,14.690530776977539,0.09655208140611649,1.0,0.9864580035209656,0.3371250033378601,0.4901123344898224,0.7767737507820129,15.794571876525879,0.8230000138282776,1.4739595651626587,f,25.0,2896.0,0.47699999809265137,0.0010000000474974513
ZTF17aabicqy,63,4369,58041.50949069997,60308.34256940009,True,False,8,0.5891146,0.40368733,1.9349419,0.56136847,58742.51585649978,60308.34256940009,1565.826712900307,114.0257870500626,32.4022902999988,0.0544375038885846,0.0459619387993844,VS,stamp_classifier,0.9508512,1.1.6,VS,9.8851585161501e+17,F:\ZTF_Adjusted_Dataset\stamps\VS\ZTF17aabicqy,,1.0,g,16.29995346069336,0.04798887297511101,0.9975000023841858,0.1630149930715561,0.0288332998752594,0.10526105016469955,10.434721946716309,15.642966270446777,0.996999979019165,1.2949070930480957,f,13.0,628.0,0.5630000233650208,-0.024000000208616257
ZTF25acldmcb,164,3886,58668.17398149986,61038.567592599895,False,False,1,,,,,61038.567592599895,61038.567592599895,0.0,230.1131597,5.7958263,0.0854367464780807,0.0850000008940696,VS,stamp_classifier,0.95084906,27.5.7a32.dev1,VS,3.284567593215015e+18,F:\ZTF_Adjusted_Dataset\stamps\VS\ZTF25acldmcb,,2.0,r,15.359954833984375,0.08271121978759766,0.9950000047683716,0.5,0.020500000566244125,1.968689203262329,3.039900064468384,13.838600158691406,0.9779999852180481,2.3345961570739746,t,164.0,3886.0,0.6389999985694885,0.008999999612569809
ZTF18actgpdt,20,3143,58101.27370369993,61113.27478010021,True,True,3,,,,,59196.39620369999,61113.27478010021,1916.878576400224,110.77893535824886,-5.53694874074077,0.0099106418101557,0.0098644002924035,VS,stamp_classifier,0.95083266,27.5.7a32.dev1,VS,1.461356951415015e+18,F:\ZTF_Adjusted_Dataset\stamps\VS\ZTF18actgpdt,,2.0,r,16.67498016357422,0.10612167418003082,0.9485710263252258,0.5,0.5818809866905212,1.1728733777999878,5.482356071472168,9.616421699523926,0.9929999709129333,1.8864847421646118,t,13.0,1646.0,0.4449999928474426,-0.00800000037997961
ZTF17aacqrjf,61,5571,58045.52828700002,61107.256169000175,True,False,41,,,,,58425.49766199989,61107.256169000175,2681.7585070002824,147.45330625106573,29.81110559526509,0.0127807219974173,0.0110894373658581,VS,stamp_classifier,0.95082694,27.5.7a32.dev1,VS,6.80538296115015e+17,F:\ZTF_Adjusted_Dataset\stamps\VS\ZTF17aacqrjf,,1.0,g,16.35664939880371,0.12871192395687103,0.9560419917106628,0.5,0.5,0.2721761167049408,1.1174052953720093,13.938940048217773,0.9959999918937683,1.9651901721954346,t,8.0,273.0,0.4350000023841858,0.019999999552965164
ZTF18acxzqsr,123,8597,58132.3423843002,60733.302511599846,True,False,27,,,,,58493.24275460001,60733.302511599846,2240.059756999836,124.53370367709152,43.95947356394492,0.0187219118321605,0.0134766115705411,VS,stamp_classifier,0.95082575,26.0.1,VS,7.3924275031501e+17,F:\ZTF_Adjusted_Dataset\stamps\VS\ZTF18acxzqsr,,1.0,g,16.94612693786621,0.1468641757965088,1.0,0.5,0.04612499848008156,0.8847034573554993,14.887049674987793,15.292530059814453,0.9959999918937683,1.49839448928833,f,14.0,459.0,0.3880000114440918,-0.01899999938905239
ZTF19aczbjyb,37,3616,58427.36395830009,60639.35956020001,True,False,1,,,,,60639.35956020001,60639.35956020001,0.0,98.1098413,30.172731,0.0983211249113083,0.0850000008940696,VS,stamp_classifier,0.9507953,25.0.0,VS,2.885359560315015e+18,F:\ZTF_Adjusted_Dataset\stamps\VS\ZTF19aczbjyb,,2.0,r,13.667778015136719,0.05751298367977142,1.0,0.994583010673523,0.3336080014705658,1.0054103136062622,12.228560447692871,14.816824913024902,0.9959999918937683,1.2702867984771729,t,37.0,3616.0,1.1749999523162842,-0.013000000268220901
ZTF19aalnrca,16,4677,58217.30674770009,60977.55324070016,True,False,5,,,,,58514.46195599996,60977.55324070016,2463.091284700204,186.3557234207485,7.926367685961549,0.0306495068956461,0.030356683701931,VS,stamp_classifier,0.9507707,27.5.7a32.dev1,VS,7.8937922111501e+17,F:\ZTF_Adjusted_Dataset\stamps\VS\ZTF19aalnrca,,1.0,g,15.725963592529297,0.0692458525300026,0.9867920279502869,0.5,0.9642919898033142,0.3146038055419922,11.571840286254883,24.23807144165039,0.9950000047683716,2.9100000858306885,f,7.0,318.0,2.1740000247955322,0.01899999938905239
ZTF18acmnlnu,71,6005,58092.55896990001,61105.209629599936,True,False,29,,,,,58436.36452550022,61105.209629599936,2668.845104099717,120.32420616048309,15.267866936856334,0.0138689507910891,0.0133794494771352,VS,stamp_classifier,0.95076275,27.5.7a32.dev1,VS,6.823812214150102e+17,F:\ZTF_Adjusted_Dataset\stamps\VS\ZTF18acmnlnu,,2.0,r,14.599333763122559,0.05056585371494293,0.9937499761581421,0.5,0.5,0.27290433645248413,7.7372612953186035,10.056194305419922,0.9950000047683716,2.3453919887542725,f,2.0,151.0,0.6620000004768372,-0.007000000216066837
ZTF18aaenlux,19,5050,58438.32916670013,61066.22376159998,True,True,2,,,,,59456.450081000105,61066.22376159998,1609.773680599872,105.8732462499194,35.42299275,0.0737568110383093,0.0601040770330592,VS,stamp_classifier,0.9507369,27.5.7a32.dev1,VS,1.7024500851150152e+18,F:\ZTF_Adjusted_Dataset\stamps\VS\ZTF18aaenlux,,2.0,r,13.359113693237305,0.01834782026708126,0.9775000214576721,0.5,0.968720018863678,0.8043811917304993,6.0093607902526855,15.683357238769531,0.6449999809265137,2.150850296020508,t,15.0,2897.0,0.7289999723434448,0.027000000700354576
ZTF17aadkrwn,24,2897,58041.463981499895,59456.450081000105,True,True,5,,,,,58435.34587959992,59456.450081000105,1021.1042014001868,106.01910246,35.464755360000005,0.0001263582921699,0.0001217353605189,VS,stamp_classifier,0.95069677,correction_1.0.6,VS,6.813458751150154e+17,F:\ZTF_Adjusted_Dataset\stamps\VS\ZTF17aadkrwn,,2.0,r,16.37102508544922,0.09467023611068726,0.9983329772949219,0.9910709857940674,0.9191669821739197,0.9948977828025818,15.971672058105469,19.15809440612793,0.9520000219345093,2.689113140106201,t,1.0,243.0,0.8220000267028809,-0.00800000037997961
ZTF18acyigar,33,3864,58214.393969899975,61049.57888890011,True,False,1,,,,,61049.57888890011,61049.57888890011,0.0,230.2409282,8.2556298,0.0656806305050849,0.0649999976158142,VS,stamp_classifier,0.95065635,27.5.7a32.dev1,VS,3.295578880715015e+18,F:\ZTF_Adjusted_Dataset\stamps\VS\ZTF18acyigar,,1.0,g,15.509737014770508,0.04255427047610283,1.0,0.5,0.440185010433197,1.3285373449325562,6.154966831207275,13.281121253967285,0.9819999933242798,2.3400001525878906,t,33.0,3864.0,0.5619999766349792,-0.032999999821186066
ZTF18aaemaav,32,4793,58124.30597219989,60912.50793980016,True,True,9,,,,,58427.36395830009,60912.50793980016,2485.143981500063,102.31192064267172,37.05123142237135,0.0329933858808484,0.0263319242989017,VS,stamp_classifier,0.9504555,27.5.6,VS,6.81345875315015e+17,F:\ZTF_Adjusted_Dataset\stamps\VS\ZTF18aaemaav,,2.0,r,15.21674633026123,0.03636666759848595,1.0,0.5,0.8203099966049194,0.8423092365264893,0.8860705494880676,9.309015274047852,0.9940000176429749,2.6785237789154053,t,3.0,256.0,0.7730000019073486,0.01899999938905239
ZTF19aacixdv,49,5155,58247.39920140011,61099.46748840017,True,False,15,,,,,58492.54663190013,61099.46748840017,2606.9208565000445,246.451718981154,9.0999443480593,0.0203807124030849,0.0201241996142469,VS,stamp_classifier,0.95040303,27.5.7a32.dev1,VS,7.5854413131501e+17,F:\ZTF_Adjusted_Dataset\stamps\VS\ZTF19aacixdv,,1.0,g,15.96924877166748,0.1032545194029808,0.9816669821739197,0.5,0.5,0.3890671730041504,1.3032068014144897,2.4380197525024414,0.996999979019165,1.4359785318374634,f,2.0,121.0,0.4300000071525574,-0.04399999976158142
ZTF18aawbhsu,27,6899,58259.5,60188.25,True,False,3,1.9156576,0.74278086,1.5001626,0.23563837,59372.32628470007,60188.18390050018,815.8576158001088,258.1464461333333,29.734965166666665,0.0001358059399875,8.1102671555995e-05,VS,stamp_classifier,0.95034105,1.2.0,VS,1.6183262811150152e+18,F:\ZTF_Adjusted_Dataset\stamps\VS\ZTF18aawbhsu,,2.0,r,13.548303604125977,0.02825554832816124,1.0,0.8734380006790161,0.5,0.1641896367073059,11.799266815185547,12.825413703918457,0.996999979019165,1.1168372631072998,t,22.0,4060.0,0.8399999737739563,-0.03500000014901161
ZTF19aaqhppi,64,2967,58482.52693289984,61116.37052079989,True,True,5,,,,,58846.54572919989,61116.37052079989,2269.8247915999964,183.7718774949388,12.575846044225978,0.0311028848290893,0.030356683701931,VS,stamp_classifier,0.9503134,27.5.7a32.dev1,VS,1.121457444515015e+18,F:\ZTF_Adjusted_Dataset\stamps\VS\ZTF19aaqhppi,,1.0,g,16.97140121459961,0.13986095786094666,1.0,0.5,0.002708330051973462,1.0416337251663208,3.4499104022979736,17.847545623779297,0.9649999737739563,1.9097756147384644,t,22.0,416.0,0.515999972820282,0.0010000000474974513
ZTF17aadphlz,27,3358,58041.393113399856,60858.49299769988,True,True,4,,,,,58431.28524310002,60858.49299769988,2427.207754599862,56.57319356222654,22.538843699623246,0.0424045504535384,0.0391656863175284,VS,stamp_classifier,0.9502643,27.5.6,VS,6.77285240215015e+17,F:\ZTF_Adjusted_Dataset\stamps\VS\ZTF17aadphlz,,2.0,r,16.255037307739258,0.05079887807369232,1.0,0.9987499713897705,0.5,0.7605624198913574,20.010499954223633,21.270835876464844,0.9819999933242798,2.211653470993042,t,1.0,54.0,0.9210000038146973,0.020999999716877937
ZTF17aaddsbz,30,3523,58041.5,60165.5,True,True,1,,,,,60165.49468749994,60165.49468749994,0.0,105.8095838,30.1183632,,,VS,stamp_classifier,0.9501064,1.2.0,VS,2.411494680315015e+18,F:\ZTF_Adjusted_Dataset\stamps\VS\ZTF17aaddsbz,,2.0,r,15.085688591003418,0.05505979433655739,0.9702079892158508,0.9948329925537109,0.06741669774055481,1.1196526288986206,19.081823348999023,19.81435775756836,0.996999979019165,1.585433006286621,t,30.0,3523.0,1.5440000295639038,-0.05299999937415123
ZTF18aanacqk,19,6364,58230.25,60263.5,True,False,7,-2.8150024,0.176545,-1.7940459,0.56642,58486.49340280006,60263.47059029993,1776.9771874998696,175.0766101714286,51.26042812857144,0.0001365361455713,0.0002235798866503,VS,stamp_classifier,0.9500953,1.2.1,VS,7.37556740315015e+17,F:\ZTF_Adjusted_Dataset\stamps\VS\ZTF18aanacqk,,2.0,r,16.000328063964844,0.04770367965102196,1.0,0.5,0.5,1.5344266891479492,1.569006085395813,19.05595588684082,0.996999979019165,1.4707424640655518,t,18.0,752.0,1.0119999647140503,0.0729999989271164
ZTF18aaewjfu,32,3988,58092.55896990001,61115.3658218002,True,True,7,,,,,58436.36452550022,61115.3658218002,2679.001296299976,120.25179414680186,16.868115245070427,0.0099957299410291,0.0095656653718255,VS,stamp_classifier,0.9500893,27.5.7a32.dev1,VS,6.82381221315015e+17,F:\ZTF_Adjusted_Dataset\stamps\VS\ZTF18aaewjfu,,2.0,r,14.306266784667969,0.03581828251481056,0.9966670274734497,0.9987499713897705,0.05070830136537552,0.3498421013355255,14.130704879760742,14.548872947692871,0.9950000047683716,3.5,t,2.0,138.0,0.48100000619888306,-0.028999999165534973
ZTF19adhjyzv,23,3807,58569.46343749994,61115.5076156999,True,False,3,,,,,61113.44452549983,61115.5076156999,2.063090200070292,250.29181741727743,2.052867848458778,0.0404558003712618,0.0404298347116235,VS,stamp_classifier,0.95005053,27.5.7a32.dev1,VS,3.36145021131501e+18,F:\ZTF_Adjusted_Dataset\stamps\VS\ZTF19adhjyzv,,2.0,r,14.489831924438477,0.03937281668186188,1.0,0.5,0.0033333299215883017,0.5867806077003479,0.9305928945541382,15.293113708496094,0.996999979019165,1.7146133184432983,f,21.0,3805.0,0.6110000014305115,0.05299999937415123
ZTF17aacirrk,28,3337,58041.46076390008,60760.23993059993,True,False,4,,,,,60671.28259260021,60760.23993059993,88.9573379997164,95.1099840948336,25.177124871613284,0.0403429285934626,0.0365102269718167,VS,stamp_classifier,0.9499912,26.0.1,VS,2.926201242915015e+18,F:\ZTF_Adjusted_Dataset\stamps\VS\ZTF17aacirrk,,2.0,r,14.517715454101562,0.04925794526934624,1.0,0.8235830068588257,0.7637709975242615,0.4951567053794861,12.888102531433105,13.22069263458252,0.9950000047683716,1.5953606367111206,t,28.0,3277.0,1.6540000438690186,-0.039000000804662704
ZTF18absltbp,118,8547,58132.3423843002,60723.28814810002,True,False,28,,,,,58363.48324069986,60723.28814810002,2359.804907400161,124.53353788976446,43.959506763554096,0.0186540665105616,0.0134277668850185,VS,stamp_classifier,0.94995373,26.0.1,VS,6.0948324031501e+17,F:\ZTF_Adjusted_Dataset\stamps\VS\ZTF18absltbp,,2.0,r,15.479896545410156,0.0242837592959404,0.5,0.5,0.04612499848008156,0.9088252782821655,13.532034873962402,13.904461860656738,0.996999979019165,1.8722026348114014,f,4.0,147.0,1.1970000267028809,-0.004000000189989805
ZTF24abrelhl,2064,2724,58219.51289349981,60689.560555600096,True,False,6,,,,,60676.57781249983,60689.560555600096,12.982743100263178,257.30358679998704,-6.2029603,0.0349054628093185,0.0347011050544307,VS,stamp_classifier,0.9499094,26.0.1,VS,2.93556055071501e+18,F:\ZTF_Adjusted_Dataset\stamps\VS\ZTF24abrelhl,,2.0,r,15.695001602172852,0.03767336159944534,0.9559999704360962,0.9816669821739197,0.09462500363588333,0.9222201704978943,13.365629196166992,13.394362449645996,0.9959999918937683,6.03000020980835,f,2064.0,2724.0,0.7670000195503235,-0.01899999938905239
ZTF20aabokwe,21,3825,58436.36543980008,60683.34032410011,True,False,1,,,,,60683.34032410011,60683.34032410011,0.0,124.7654413,28.4973429,0.0967184826731681,0.0850000008940696,VS,stamp_classifier,0.94989693,26.0.1,VS,2.92934032511501e+18,F:\ZTF_Adjusted_Dataset\stamps\VS\ZTF20aabokwe,,2.0,r,16.168027877807617,0.07730644196271896,1.0,0.9950600266456604,0.9918749928474426,1.2713825702667236,12.195966720581055,20.752573013305664,0.875,2.6488866806030273,f,21.0,3825.0,1.7289999723434448,-0.06400000303983688
ZTF18actsoyr,17,2946,58208.3589931,60383.434780099895,True,True,6,0.9418049,0.7697429,0.89073753,0.6931297,58698.19635420013,60383.434780099895,1685.238425899763,218.5188163000093,9.254837099996594,0.0861210509035231,0.0849999993556819,VS,stamp_classifier,0.9498768,corr_bulk_0.0.1,VS,9.44196351315015e+17,F:\ZTF_Adjusted_Dataset\stamps\VS\ZTF18actsoyr,,1.0,g,15.515524864196777,0.11286913603544235,0.9991670250892639,0.484250009059906,0.0012499999720603228,0.5855298042297363,5.632595062255859,11.811148643493652,0.9850000143051147,1.1854175329208374,t,2.0,293.0,0.31200000643730164,-0.004999999888241291
ZTF26aaacoeq,22,3363,58728.496088000014,61066.201249999925,True,False,1,,,,,61066.201249999925,61066.201249999925,0.0,70.73128,-2.4138648000000003,0.0850754901766777,0.0850000008940696,VS,stamp_classifier,0.94984883,27.5.7a32.dev1,VS,3.3122012442150154e+18,F:\ZTF_Adjusted_Dataset\stamps\VS\ZTF26aaacoeq,,2.0,r,15.279041290283203,0.0456794910132885,1.0,0.9970830082893372,0.002708330051973462,1.053139328956604,17.618165969848633,24.169784545898438,0.996999979019165,1.7311091423034668,t,22.0,3363.0,0.1899999976158142,-0.004999999888241291
ZTF17aackdei,19,3859,58041.50734949997,60533.50086810021,True,False,1,,,,,60533.50086810021,60533.50086810021,0.0,105.9195441,33.3950513,0.1018091589212417,0.0850000008940696,VS,stamp_classifier,0.9498067,24.5.2a6,VS,2.779500865715015e+18,F:\ZTF_Adjusted_Dataset\stamps\VS\ZTF17aackdei,,2.0,r,11.750426292419434,0.018585944548249245,1.0,0.5,0.3282639980316162,0.20158955454826355,8.14901351928711,8.873929977416992,0.9919999837875366,4.25,t,19.0,3859.0,0.5619999766349792,-0.03099999949336052
ZTF20abneato,29,4023,58469.55490740016,61116.42475689994,False,False,1,,,,,61116.42475689994,61116.42475689994,0.0,236.9413949,3.7451109,0.0100214006379246,0.0099999997764825,VS,stamp_classifier,0.9497662,27.5.7a32.dev1,VS,3.362424751615015e+18,F:\ZTF_Adjusted_Dataset\stamps\VS\ZTF20abneato,,3.0,i,15.40977954864502,0.09805712848901749,1.0,0.8136730194091797,0.5,1.6067382097244263,7.116516590118408,19.079158782958984,0.9959999918937683,1.5874234437942505,t,29.0,4023.0,0.7110000252723694,-0.008999999612569809
ZTF19aafvjbc,41,5390,58078.412835599855,61115.16684029997,True,True,13,,,,,58811.43564809999,61115.16684029997,2303.731192199979,114.23234797610334,29.614534301342974,0.0222034060943824,0.0193029659961213,VS,stamp_classifier,0.94974214,27.5.7a32.dev1,VS,1.07542315531501e+18,F:\ZTF_Adjusted_Dataset\stamps\VS\ZTF19aafvjbc,,2.0,r,15.939970016479492,0.1055779829621315,0.9647499918937683,1.0,0.5,0.5814020037651062,13.408656120300293,16.777135848999023,0.9959999918937683,1.2949070930480957,f,20.0,1422.0,0.20000000298023224,-0.003000000026077032
ZTF18acicsxn,39,4627,58076.41550929984,60970.50930560008,True,False,11,,,,,58434.49534719996,60970.50930560008,2536.013958400116,140.08608206351943,37.04902340779555,0.0293910609699298,0.0234576025418896,VS,stamp_classifier,0.9497213,27.5.7a32.dev1,VS,6.80495345615015e+17,F:\ZTF_Adjusted_Dataset\stamps\VS\ZTF18acicsxn,,2.0,r,16.73984718322754,0.1219870075583458,0.9975000023841858,0.46231499314308167,0.5,0.6138875484466553,10.611929893493652,14.333359718322754,0.9860000014305115,1.8822953701019287,t,3.0,108.0,0.2199999988079071,0.004999999888241291
ZTF25abuqfbx,20,3508,58442.48656249978,60948.53613429982,True,False,1,,,,,60948.53613429982,60948.53613429982,0.0,162.2577468,25.8200926,0.0944270193576812,0.0850000008940696,VS,stamp_classifier,0.9497162,27.5.6,VS,3.1945361356150103e+18,F:\ZTF_Adjusted_Dataset\stamps\VS\ZTF25abuqfbx,,2.0,r,15.047329902648926,0.039159879088401794,0.9971870183944702,0.0006249999860301614,-999.0,0.7605986595153809,20.92514991760254,-999.0,0.996999979019165,1.9482450485229492,f,20.0,3508.0,0.1469999998807907,0.007000000216066837
ZTF19abknekm,18,3552,58505.48266200023,61116.42333329981,True,True,4,,,,,58698.19543980016,61116.42333329981,2418.227893499657,225.40833326242577,8.967217580662819,0.0097823870233891,0.0096628236760532,VS,stamp_classifier,0.94968003,27.5.7a32.dev1,VS,9.44195431315015e+17,F:\ZTF_Adjusted_Dataset\stamps\VS\ZTF19abknekm,,1.0,g,14.084139823913574,0.04174265265464783,0.9566670060157776,0.5,0.0,0.10256125777959824,1.0885820388793945,22.113325119018555,0.9959999918937683,1.2851155996322632,t,5.0,314.0,0.4309999942779541,-0.02800000086426735
ZTF18aclrevg,94,5849,58101.27642360004,61116.19108799985,True,False,49,,,,,58435.51802079985,61116.19108799985,2680.6730671999976,120.20262750698782,15.211143114275856,0.0102011232693361,0.0098437315138524,VS,stamp_classifier,0.9495466,27.5.7a32.dev1,VS,6.815180257150154e+17,F:\ZTF_Adjusted_Dataset\stamps\VS\ZTF18aclrevg,,2.0,r,17.240276336669922,0.11675950139760971,0.9950000047683716,0.5,0.9835420250892639,0.30572575330734253,4.3428955078125,10.95992660522461,0.6449999809265137,2.3499999046325684,t,1.0,135.0,0.3540000021457672,-0.014999999664723873
ZTF17aacvxtq,40,4686,58045.52666669991,60958.50547449989,True,False,15,,,,,58436.36982640019,60958.50547449989,2522.1356480997056,134.67859760691138,36.87219110376545,0.0237765284366417,0.0190206512066627,VS,stamp_classifier,0.94953614,27.5.6,VS,6.8843520521501e+17,F:\ZTF_Adjusted_Dataset\stamps\VS\ZTF17aacvxtq,,1.0,g,16.03194808959961,0.10133596509695053,1.0,0.00916667003184557,0.022881900891661644,0.2352510243654251,20.516613006591797,21.28420639038086,0.996999979019165,1.2863435745239258,f,9.0,269.0,0.3240000009536743,-0.010999999940395355
ZTF25abaiqpj,33,3089,58434.49395829998,60943.53379630018,True,False,1,,,,,60943.53379630018,60943.53379630018,0.0,162.0972111,24.391264,0.093330018222332,0.0850000008940696,VS,stamp_classifier,0.9494964,27.5.6,VS,3.18953379191501e+18,F:\ZTF_Adjusted_Dataset\stamps\VS\ZTF25abaiqpj,,2.0,r,14.903448104858398,0.03667476400732994,0.9845830202102661,0.9857019782066345,0.02586900070309639,0.1975724995136261,14.394505500793457,16.873394012451172,0.996999979019165,1.903150200843811,f,33.0,3089.0,0.32100000977516174,-0.007000000216066837
ZTF17aadewsw,36,2853,58041.51003469992,59496.50517359981,True,True,7,1.640429,0.7029897,1.18255,0.42536604,58435.51556710014,59496.50517359981,1060.989606499672,121.5718368,29.902642657142856,7.224541507976723e-05,0.0001143539513551,VS,stamp_classifier,0.94948804,correction_1.0.6,VS,6.815155614150157e+17,F:\ZTF_Adjusted_Dataset\stamps\VS\ZTF17aadewsw,,2.0,r,15.22962474822998,0.044081173837184906,1.0,0.5,0.0012499999720603228,0.6654911637306213,3.3997955322265625,19.351356506347656,0.9940000176429749,3.175344228744507,t,3.0,326.0,0.3720000088214874,0.032999999821186066
ZTF18adlnnmd,24,4274,58214.393969899975,61011.57134260005,True,False,1,,,,,61011.57134260005,61011.57134260005,0.0,232.4053481,9.4642424,0.0861729532480239,0.0850000008940696,VS,stamp_classifier,0.9494687,27.5.7a32.dev1,VS,3.2575713400150103e+18,F:\ZTF_Adjusted_Dataset\stamps\VS\ZTF18adlnnmd,,2.0,r,14.715858459472656,0.054747335612773895,0.9987499713897705,0.7911189794540405,0.5,0.7652691602706909,8.459171295166016,9.370264053344727,0.996999979019165,1.961973786354065,f,24.0,4274.0,0.8999999761581421,-0.0010000000474974513
ZTF17aadkozs,31,4458,58041.463981499895,60970.49975690013,True,False,12,1.446259,1.394495,0.70063144,1.121882,58384.41656249994,60970.49975690013,2586.083194400184,105.84211621328171,30.6370694984508,0.0262807893267274,0.0226123195384214,VS,stamp_classifier,0.9494613,27.5.7a32.dev1,VS,6.304165600150103e+17,F:\ZTF_Adjusted_Dataset\stamps\VS\ZTF17aadkozs,,1.0,g,14.51381778717041,0.02845516987144947,1.0,0.5,0.5,0.04589545354247093,2.199192523956299,6.055816173553467,0.984000027179718,2.509999990463257,f,7.0,146.0,0.7860000133514404,-0.04600000008940697
ZTF20aamickx,18,5543,58121.50818290003,61016.50954859983,True,False,1,,,,,61016.50954859983,61016.50954859983,0.0,208.2188382,30.286591,0.0984350442886352,0.0850000008940696,VS,stamp_classifier,0.9494084,27.5.7a32.dev1,VS,3.2625095414150103e+18,F:\ZTF_Adjusted_Dataset\stamps\VS\ZTF20aamickx,,2.0,r,14.52716064453125,0.00786562543362379,0.9956250190734863,0.5,-999.0,1.0912158489227295,1.2859658002853394,-999.0,0.9959999918937683,2.568387746810913,f,18.0,5543.0,0.6710000038146973,0.013000000268220901
ZTF18adizbab,20,3260,58230.27450230019,61013.48252309999,True,False,1,,,,,61013.48252309999,61013.48252309999,0.0,217.5199614,41.5817854,0.1136349812150001,0.0850000008940696,VS,stamp_classifier,0.94938123,27.5.7a32.dev1,VS,3.2594825240150103e+18,F:\ZTF_Adjusted_Dataset\stamps\VS\ZTF18adizbab,,2.0,r,14.907328605651855,0.02416982315480709,0.9983329772949219,0.5,0.005833330098539591,0.7277544140815735,1.3354066610336304,16.479013442993164,0.9959999918937683,2.7956252098083496,f,20.0,3260.0,0.5920000076293945,0.04500000178813934
ZTF18adqeglr,1403,3135,58156.4499884001,60687.3714815001,True,False,9,,,,,60659.48987270007,60687.3714815001,27.881608800031245,207.68401872027096,37.61864481812796,0.0287103955696199,0.022741246803884,VS,stamp_classifier,0.9493704,26.0.1,VS,2.93337148101501e+18,F:\ZTF_Adjusted_Dataset\stamps\VS\ZTF18adqeglr,,2.0,r,15.040067672729492,0.029303476214408875,0.9468749761581421,0.007249999791383743,0.9954580068588257,1.3739036321640015,22.642961502075195,24.990549087524414,0.996999979019165,2.7466254234313965,f,1403.0,3135.0,0.20200000703334808,0.00800000037997961
ZTF17aadkreq,26,4792,58041.463981499895,60970.43491900014,True,True,12,1.46028,0.7823171,0.8476462,0.4598286,58435.34587959992,60970.43491900014,2535.08903940022,106.1185063877412,32.45648117491577,0.0267982198768435,0.0226123195384214,VS,stamp_classifier,0.94933724,27.5.7a32.dev1,VS,6.852964116150103e+17,F:\ZTF_Adjusted_Dataset\stamps\VS\ZTF17aadkreq,,2.0,r,15.19734001159668,0.055043045431375504,0.975832998752594,0.23533299565315247,0.9784169793128967,0.1444372981786728,8.753575325012207,14.123912811279297,0.01899999938905239,1.2527648210525513,f,10.0,242.0,1.2610000371932983,-0.026000000536441803
ZTF26aaecwdm,23,4105,58214.36724539986,61116.36672449997,False,False,1,,,,,61116.36672449997,61116.36672449997,0.0,225.4486544,10.0391633,0.0863216891884803,0.0850000008940696,VS,stamp_classifier,0.9492889,27.5.7a32.dev1,VS,3.362366721915015e+18,F:\ZTF_Adjusted_Dataset\stamps\VS\ZTF26aaecwdm,,2.0,r,15.630338668823242,0.025125449523329735,0.9954169988632202,0.5,0.00916667003184557,1.4827097654342651,4.795421600341797,16.580821990966797,0.996999979019165,1.6150329113006592,t,23.0,4105.0,0.39800000190734863,-0.017000000923871994
ZTF25acfwgpr,41,8706,58121.50818290003,61013.482997700106,True,False,1,,,,,61013.482997700106,61013.482997700106,0.0,213.9694863,37.0606863,0.1065166071057319,0.0850000008940696,VS,stamp_classifier,0.94925135,27.5.7a32.dev1,VS,3.25948299031501e+18,F:\ZTF_Adjusted_Dataset\stamps\VS\ZTF25acfwgpr,,2.0,r,14.579252243041992,0.028010817244648933,1.0,0.6335600018501282,0.007499999832361937,1.3302009105682373,10.06458568572998,11.089581489562988,0.996999979019165,2.84877347946167,f,41.0,8706.0,0.6230000257492065,0.03799999877810478
ZTF21abcbiwc,24,6682,58129.5,60234.5,True,True,1,,,,,60234.52887730021,60234.52887730021,0.0,177.1878714,29.6551994,,,VS,stamp_classifier,0.9492427,1.2.1,VS,2.480528876115015e+18,F:\ZTF_Adjusted_Dataset\stamps\VS\ZTF21abcbiwc,,2.0,r,13.342816352844238,0.06200964376330376,1.0,0.34808701276779175,0.04126790165901184,0.7707850337028503,16.5551700592041,24.473039627075195,0.996999979019165,1.3274202346801758,t,24.0,6682.0,1.4160000085830688,0.0989999994635582
ZTF25abuytwk,21,4291,58103.520161999855,60949.53734950023,True,False,1,,,,,60949.53734950023,60949.53734950023,0.0,169.7685468,29.181509,0.0973565429449081,0.0850000008940696,VS,stamp_classifier,0.9491899,27.5.6,VS,3.1955373448150103e+18,F:\ZTF_Adjusted_Dataset\stamps\VS\ZTF25abuytwk,,2.0,r,14.513762474060059,0.04002704843878746,0.9639580249786377,0.5,-999.0,1.2012028694152832,12.673602104187012,-999.0,0.996999979019165,1.6150329113006592,f,21.0,4291.0,0.28999999165534973,-0.006000000052154064
ZTF18acldtcd,29,5756,58435.36829859996,61113.22678240016,True,False,13,,,,,58435.36829859996,61113.22678240016,2677.858483800199,114.14202426357726,34.17405840606456,0.0229156991465908,0.0189589591892073,VS,stamp_classifier,0.9491886,27.5.7a32.dev1,VS,6.81368293515015e+17,F:\ZTF_Adjusted_Dataset\stamps\VS\ZTF18acldtcd,,2.0,r,15.586402893066406,0.028940977528691292,0.9831249713897705,0.9257500171661377,0.5,0.5510962009429932,8.759066581726074,14.449172019958496,0.996999979019165,2.2194924354553223,t,1.0,250.0,1.1699999570846558,0.020999999716877937
ZTF18aaredwh,19,2848,58121.494884300046,59550.47601850005,True,True,4,2.025169,1.292267,1.2598591,1.340812,58442.50978010008,59550.47601850005,1107.9662383999676,199.647630975,24.047384775,8.180445689306356e-05,1.3689746770523215e-05,VS,stamp_classifier,0.94913286,correction_1.0.6,VS,6.88509781315015e+17,F:\ZTF_Adjusted_Dataset\stamps\VS\ZTF18aaredwh,,1.0,g,15.249095916748047,0.054253607988357544,0.9972919821739197,0.9688869714736938,0.5,0.31948617100715637,13.609258651733398,17.86444664001465,0.9599999785423279,2.9200000762939453,t,4.0,456.0,0.4230000078678131,-0.020999999716877937
ZTF20aaeggcd,19,3091,58095.43938660016,61081.430381900165,True,False,1,,,,,61081.430381900165,61081.430381900165,0.0,123.322593,1.0056164,0.0650100111961364,0.0649999976158142,VS,stamp_classifier,0.9490522,27.5.7a32.dev1,VS,3.32743038111501e+18,F:\ZTF_Adjusted_Dataset\stamps\VS\ZTF20aaeggcd,,1.0,g,15.435333251953125,0.05681746453046799,0.9845830202102661,0.0016666699666529894,0.0020000000949949026,1.014021396636963,11.744792938232422,28.069934844970703,0.9959999918937683,1.6527204513549805,f,19.0,3091.0,0.15199999511241913,-0.007000000216066837
ZTF19aanrxof,198,5367,58248.23672450008,60689.41579859983,False,False,12,,,,,58572.274733799975,60689.41579859983,2117.1410647998564,177.1741454565908,27.17986561583349,0.0231947227796655,0.0206334901327348,VS,stamp_classifier,0.9489296,26.0.1,VS,8.1827473321501e+17,F:\ZTF_Adjusted_Dataset\stamps\VS\ZTF19aanrxof,,2.0,r,15.992060661315918,0.17984803020954132,0.9950000047683716,0.0055833300575613976,0.016249999403953552,2.5676815509796143,11.047506332397461,17.9842586517334,0.996999979019165,1.154376745223999,f,2.0,522.0,0.3009999990463257,0.0
ZTF18aahemyh,27,3340,58214.17881939979,61116.19156249985,True,True,4,,,,,58436.38030089997,61116.19156249985,2679.8112615998834,117.77162595000983,11.842916325,0.0434243325144036,0.0425000004470348,VS,stamp_classifier,0.9489056,27.5.7a32.dev1,VS,6.823803046150153e+17,F:\ZTF_Adjusted_Dataset\stamps\VS\ZTF18aahemyh,,2.0,r,13.700952529907227,0.019225535914301872,0.9975000023841858,0.9962499737739563,0.0,0.11491219699382782,14.505435943603516,16.886058807373047,1.0,4.860000133514404,t,2.0,79.0,0.6470000147819519,-0.017000000923871994
ZTF19aczbaca,11,3762,58092.160370400175,60964.419027800206,False,False,5,,,,,59166.44299770007,60964.419027800206,1797.976030100137,90.54625650329976,36.46596983561717,0.0377472104255715,0.030356683701931,VS,stamp_classifier,0.948881,27.5.6,VS,,F:\ZTF_Adjusted_Dataset\stamps\VS\ZTF19aczbaca,,,,,,,,,,,,,,,,,,
ZTF19aayhwvd,1,68,58642.40483799996,58642.40483799996,False,False,1,,,,,58642.40483799996,58642.40483799996,0.0,320.7767675,68.0229114,,,VS,stamp_classifier,0.94887465,corr_bulk_0.0.1,VS,8.88404832315015e+17,F:\ZTF_Adjusted_Dataset\stamps\VS\ZTF19aayhwvd,,1.0,g,18.18276596069336,0.15282250940799713,0.5,0.9381250143051147,0.5,0.8166633248329163,1.579628348350525,2.3568849563598633,0.01899999938905239,1.2208501100540161,t,1.0,68.0,0.996999979019165,-0.09099999815225601
ZTF18aaenlur,28,4413,58455.34356479999,60671.281655100174,True,False,12,,,,,58435.34587959992,60671.281655100174,2235.935775500257,106.21111843782236,36.057682798863645,0.0250053152112483,0.0202149173558117,VS,stamp_classifier,0.9488626,26.0.1,VS,6.81345875115015e+17,F:\ZTF_Adjusted_Dataset\stamps\VS\ZTF18aaenlur,,2.0,r,15.045433044433594,0.01992502622306347,0.9752079844474792,0.732795000076294,0.5,1.2013319730758667,1.6307308673858643,3.794299840927124,0.9959999918937683,2.689113140106201,t,1.0,233.0,1.3389999866485596,0.035999998450279236
ZTF20abatgmi,27,2702,58103.5447338,60971.55040509999,False,False,2,,,,,58991.18947920017,60971.55040509999,1980.3609258998183,176.36051349998925,8.08359645,0.0607072642897007,0.0601040770330592,VS,stamp_classifier,0.9488273,27.5.7a32.dev1,VS,1.23718947141501e+18,F:\ZTF_Adjusted_Dataset\stamps\VS\ZTF20abatgmi,,2.0,r,16.38973617553711,0.03272610902786255,1.0,0.9958329796791077,0.015291700139641762,1.6359601020812988,10.508124351501465,15.094243049621582,0.7350000143051147,2.3499999046325684,f,3.0,641.0,0.7960000038146973,-0.03200000151991844
ZTF23abrhoyy,2404,3772,58204.44322919985,60687.5662153,True,False,7,,,,,60674.5734490999,60687.5662153,12.99276620009914,257.2832787428616,2.3003458142857145,0.0321528906613456,0.0321269805437108,VS,stamp_classifier,0.94882625,26.0.1,VS,2.93356621331501e+18,F:\ZTF_Adjusted_Dataset\stamps\VS\ZTF23abrhoyy,,2.0,r,15.430177688598633,0.034661710262298584,1.0,0.5,0.5,1.256651759147644,1.6450098752975464,3.2964892387390137,0.9909999966621399,2.8927724361419678,f,2404.0,3772.0,1.062999963760376,-0.12200000137090683
ZTF25aabiyib,20,4430,58431.4301041998,60683.30466439994,True,False,1,,,,,60683.30466439994,60683.30466439994,0.0,105.9251995,34.5573322,0.0789257362484932,0.0649999976158142,VS,stamp_classifier,0.94882345,26.0.1,VS,2.9293046632150103e+18,F:\ZTF_Adjusted_Dataset\stamps\VS\ZTF25aabiyib,,1.0,g,14.882442474365234,0.043631039559841156,1.0,0.5,0.8390480279922485,1.280338168144226,1.4052733182907104,6.980250358581543,0.984000027179718,2.8153228759765625,f,20.0,4430.0,0.7319999933242798,0.0020000000949949026
ZTF25acgflqm,20,5543,58121.50818290003,61016.50954859983,True,False,1,,,,,61016.50954859983,61016.50954859983,0.0,207.9849706,30.273679,0.0984220951795578,0.0850000008940696,VS,stamp_classifier,0.94882077,27.5.7a32.dev1,VS,3.2625095414150103e+18,F:\ZTF_Adjusted_Dataset\stamps\VS\ZTF25acgflqm,,2.0,r,14.809127807617188,0.040058866143226624,0.9981250166893005,0.5,0.0018749999580904841,1.2726346254348755,7.862942218780518,18.559528350830078,0.9959999918937683,2.568387746810913,f,20.0,5543.0,1.0,-0.013000000268220901
ZTF22abfvdmx,17,5058,58198.5,60062.5,True,False,2,2.5538495,0.9186993,2.5538495,0.9186993,59837.17729170015,60062.457025500014,225.2797337998636,266.0688815,36.8121939,0.0001083287588775,5.331585130150723e-05,VS,stamp_classifier,0.9487635,1.2.0,VS,2.083177295615015e+18,F:\ZTF_Adjusted_Dataset\stamps\VS\ZTF22abfvdmx,,2.0,r,14.060376167297363,0.030371438711881638,0.9706249833106995,0.9920830130577087,0.3825620114803314,0.9102379083633423,11.018548965454102,12.876424789428711,0.996999979019165,1.4436546564102173,t,25.0,4927.0,0.3370000123977661,-0.0020000000949949026
ZTF18aclnqkv,31,4419,58104.45394679997,60826.258483800106,True,True,2,,,,,59262.34733799985,60826.258483800106,1563.911145800259,162.79613015002235,29.83524195,0.0692874643918046,0.0601040770330592,VS,stamp_classifier,0.94874597,27.5.6,VS,1.508347336115015e+18,F:\ZTF_Adjusted_Dataset\stamps\VS\ZTF18aclnqkv,,2.0,r,16.398357391357422,0.04689415544271469,1.0,0.5,0.06854169815778732,1.4687139987945557,8.024056434631348,9.11435317993164,0.01899999938905239,1.2912440299987793,t,8.0,474.0,0.08799999952316284,0.0010000000474974513
ZTF22aajlxqu,33,6219,58243.35754630016,60755.49626159994,True,False,2,,,,,60295.55291670002,60755.49626159994,459.9433448999189,234.36391789999095,15.4088801,0.0623451197987919,0.0601040770330592,VS,stamp_classifier,0.9487434,26.0.1,VS,2.54155291141501e+18,F:\ZTF_Adjusted_Dataset\stamps\VS\ZTF22aajlxqu,,2.0,r,15.581427574157715,0.10311847180128098,1.0,0.059470199048519135,0.0012499999720603228,1.1591495275497437,7.148982524871826,28.255714416503906,0.7590000033378601,2.256880283355713,f,43.0,4853.0,0.5509999990463257,0.03099999949336052
ZTF18acdrxob,39,4844,58124.30597219989,60970.44361109985,True,False,17,,,,,58427.36395830009,60970.44361109985,2543.079652799759,102.39054362229892,37.04466671070124,0.0220194055813538,0.0175751427811046,VS,stamp_classifier,0.94873536,27.5.7a32.dev1,VS,7.01493595315015e+17,F:\ZTF_Adjusted_Dataset\stamps\VS\ZTF18acdrxob,,2.0,r,15.157504081726074,0.14578324556350708,0.9918749928474426,0.07101789861917496,0.27323201298713684,0.4170825481414795,5.1947550773620605,7.029797077178955,0.996999979019165,1.5026034116744995,t,7.0,288.0,1.61899995803833,0.04100000113248825
ZTF25acahqks,36,3763,58757.15129629988,61121.47872690018,False,False,5,,,,,61053.5836920999,61121.47872690018,67.89503480028361,259.681354792713,-5.87461307419912,0.0357590050366679,0.0355712084652305,VS,stamp_classifier,0.9487245,27.5.7a32.dev1,VS,3.29958369391501e+18,F:\ZTF_Adjusted_Dataset\stamps\VS\ZTF25acahqks,,2.0,r,15.49903678894043,0.04890947788953781,1.0,0.44944000244140625,0.057750001549720764,1.385039210319519,18.831127166748047,21.35573959350586,0.9959999918937683,2.066234827041626,f,21.0,3669.0,0.22200000286102295,-0.0020000000949949026
ZTF18acdvqod,2874,6012,58095.53962960001,61070.41783560021,True,False,166,,,,,58423.48687499994,61070.41783560021,2646.9309606002644,171.4396952489469,48.72593952190111,0.0084850354838405,0.0055972509451641,VS,stamp_classifier,0.94870263,27.5.7a32.dev1,VS,6.93484963215015e+17,F:\ZTF_Adjusted_Dataset\stamps\VS\ZTF18acdvqod,,2.0,r,16.24030876159668,0.16547049582004547,0.9950000047683716,0.5,0.5,1.0848681926727295,2.3297975063323975,3.9235801696777344,0.9950000047683716,1.3380824327468872,t,171.0,397.0,0.3959999978542328,0.014999999664723873
ZTF18acqdofl,20,4772,58442.32405090006,60560.50598380016,True,False,1,,,,,60560.50598380016,60560.50598380016,0.0,127.361207,43.782482,0.1177331283688545,0.0850000008940696,VS,stamp_classifier,0.94869983,24.5.2a6,VS,2.806505986115015e+18,F:\ZTF_Adjusted_Dataset\stamps\VS\ZTF18acqdofl,,2.0,r,14.223612785339355,0.02768687531352043,0.9981250166893005,0.5,0.0,0.4005652666091919,3.221421241760254,19.100967407226562,0.996999979019165,1.2208501100540161,t,20.0,4772.0,0.8899999856948853,-0.013000000268220901
ZTF19aanznvl,26,5911,58427.40065969992,61066.26089120004,True,True,12,,,,,58562.14200229989,61066.26089120004,2504.1188889001496,54.706103589036815,51.22255783492258,0.037047633415829,0.0232028190024743,VS,stamp_classifier,0.94868094,27.5.7a32.dev1,VS,8.2015950521501e+17,F:\ZTF_Adjusted_Dataset\stamps\VS\ZTF19aanznvl,,1.0,g,15.997746467590332,0.20687387883663177,0.9677379727363586,0.9975000023841858,0.8726670145988464,0.6284313201904297,11.686657905578613,14.184260368347168,0.996999979019165,1.2912440299987793,f,7.0,663.0,0.8180000185966492,-0.04100000113248825
ZTF25aabjbmr,25,4655,58465.46740739979,60683.29962959979,False,False,1,,,,,60683.29962959979,60683.29962959979,0.0,90.1703405,36.8706937,0.0812508463859558,0.0649999976158142,VS,stamp_classifier,0.9486577,26.0.1,VS,2.929299624815015e+18,F:\ZTF_Adjusted_Dataset\stamps\VS\ZTF25aabjbmr,,1.0,g,15.44945240020752,0.037409357726573944,0.961667001247406,0.9987499713897705,0.09529169648885727,1.9753680229187012,12.465863227844238,15.850259780883789,0.8709999918937683,3.125730276107788,t,25.0,4655.0,0.5379999876022339,-0.03099999949336052
ZTF19acfsilo,16,3474,58208.3589931,60632.55879630009,True,True,6,,,,,59206.5143749998,60632.55879630009,1426.044421300292,218.48531741878836,9.09941094489344,0.0316019293884886,0.0312042324829281,VS,stamp_classifier,0.94864845,25.0.0,VS,1.471498551315015e+18,F:\ZTF_Adjusted_Dataset\stamps\VS\ZTF19acfsilo,,1.0,g,16.267253875732422,0.10531516373157501,1.0,0.9918749928474426,0.0039285700768232346,0.8119388818740845,18.71515655517578,21.285598754882812,0.8159999847412109,2.8554165363311768,t,9.0,960.0,0.5929999947547913,0.012000000104308128
ZTF18abyovzh,39,4062,58384.400879600085,61086.152557900175,True,False,10,,,,,58384.400879600085,61086.152557900175,2701.75167830009,68.59420517676276,-2.5312130251288227,0.009239408919474,0.0092303938514693,VS,stamp_classifier,0.9486156,27.5.7a32.dev1,VS,6.3040087351501e+17,F:\ZTF_Adjusted_Dataset\stamps\VS\ZTF18abyovzh,,1.0,g,14.520626068115234,0.0994708314538002,1.0,0.5,0.010416699573397636,0.39632347226142883,4.676686763763428,26.272661209106445,1.0,2.9000000953674316,f,1.0,62.0,0.5040000081062317,0.028999999165534973
ZTF18adqhbbh,28,3362,58211.46490739984,60710.5341897998,True,False,2,,,,,60528.24557870021,60710.5341897998,182.2886110995896,235.5858453499976,29.98346825,0.0693906530478511,0.0601040770330592,VS,stamp_classifier,0.9486019,26.0.1,VS,2.774245570615015e+18,F:\ZTF_Adjusted_Dataset\stamps\VS\ZTF18adqhbbh,,2.0,r,14.163440704345703,0.061691343784332275,1.0,0.5153989791870117,0.28378599882125854,0.936604917049408,17.153730392456055,19.864721298217773,0.9980000257492065,1.1516380310058594,t,29.0,3280.0,0.44600000977516174,-0.014000000432133675
ZTF24aazbvle,18,3448,58695.21410880005,60528.266875000205,True,False,1,,,,,60528.266875000205,60528.266875000205,0.0,225.4308408,9.135903,0.0860921218991279,0.0850000008940696,VS,stamp_classifier,0.9486002,24.5.2a6,VS,2.774266871315015e+18,F:\ZTF_Adjusted_Dataset\stamps\VS\ZTF24aazbvle,,2.0,r,15.251496315002441,0.07935061305761337,0.9977499842643738,0.9916669726371765,0.0012499999720603228,1.1013833284378052,14.531250953674316,17.723751068115234,0.996999979019165,1.6460195779800415,t,18.0,3448.0,0.6209999918937683,-0.04399999976158142
ZTF18acqfcrp,20,3550,58078.41718749981,60958.525868100114,True,True,3,,,,,58562.25193289993,60958.525868100114,2396.273935200181,154.87048573731153,29.290792908702997,0.0463566268423309,0.0404298347116235,VS,stamp_classifier,0.9485884,27.5.6,VS,8.0825193611501e+17,F:\ZTF_Adjusted_Dataset\stamps\VS\ZTF18acqfcrp,,1.0,g,16.94775390625,0.0647754892706871,0.9962499737739563,0.991457998752594,0.03162499889731407,0.9033724665641785,15.053022384643555,19.970821380615234,0.9800000190734863,1.742925763130188,f,4.0,376.0,0.6460000276565552,-0.03999999910593033
ZTF18aciaytk,24,4996,58434.47214120021,60661.34027779987,True,False,6,,,,,58434.47214120021,60661.34027779987,2226.86813659966,153.405259833395,54.08148221666666,0.0591528916008433,0.0347011050544307,VS,stamp_classifier,0.9484702,26.0.1,VS,,F:\ZTF_Adjusted_Dataset\stamps\VS\ZTF18aciaytk,,,,,,,,,,,,,,,,,,
ZTF17aaczddm,516,4766,58042.4503008998,60643.294930600096,True,False,155,3.163652,2.042889,1.6289791,1.4252988,58427.4426851999,60157.485740699805,1730.043055499904,79.69527101483871,29.63853125870968,0.0001556198831293,0.0001242829343254,VS,stamp_classifier,0.9484632,1.2.0,VS,6.8844846611501e+17,F:\ZTF_Adjusted_Dataset\stamps\VS\ZTF17aaczddm,,2.0,r,15.304676055908203,0.027341505512595177,0.9725000262260437,0.21516099572181702,0.3967230021953583,0.27368390560150146,14.978309631347656,21.626150131225586,0.996999979019165,1.3022024631500244,f,16.0,742.0,1.3730000257492065,0.004000000189989805
ZTF20acwezrl,19,3286,58464.55692130001,61116.42380789993,False,False,2,,,,,59192.55151619995,61116.42380789993,1923.8722916999832,227.81444289931736,0.8432667406146107,0.0099325815269093,0.0099315058256989,VS,stamp_classifier,0.9484307,27.5.7a32.dev1,VS,1.438551510715015e+18,F:\ZTF_Adjusted_Dataset\stamps\VS\ZTF20acwezrl,,2.0,r,16.000646591186523,0.05873347446322441,1.0,0.5,0.37506499886512756,1.4979727268218994,17.139202117919922,26.456483840942383,0.9739999771118164,2.0190844535827637,t,4.0,330.0,0.4749999940395355,0.02199999988079071
ZTF23aahgktd,2474,3341,58173.487939800136,60690.470694399904,True,False,14,,,,,60664.53451390006,60690.470694399904,25.93618049984798,233.52491214180407,33.829914175046305,0.0234930544040843,0.0195155372059844,VS,stamp_classifier,0.9484256,26.0.1,VS,2.93647069421501e+18,F:\ZTF_Adjusted_Dataset\stamps\VS\ZTF23aahgktd,,1.0,g,16.08206558227539,0.047402702271938324,1.0,0.9991670250892639,-999.0,0.8428493738174438,8.985869407653809,-999.0,0.996999979019165,2.859999895095825,f,2474.0,3341.0,0.30000001192092896,-0.004000000189989805
ZTF18abcprav,1931,2648,58210.44759259978,60660.55572920013,True,True,17,,,,,58291.2738194,60660.55572920013,2369.2819098001346,244.4549090105854,18.08166515761523,0.0197244624242487,0.0187503717420145,VS,stamp_classifier,0.94841933,25.0.0,VS,5.5718965241501e+17,F:\ZTF_Adjusted_Dataset\stamps\VS\ZTF18abcprav,,2.0,r,16.04964256286621,0.027212563902139664,0.9816669821739197,0.5,0.8792920112609863,1.227758526802063,8.01895523071289,19.198261260986328,0.9980000257492065,1.9299999475479126,f,6.0,10.0,0.37599998712539673,0.023000000044703484
ZTF18aahsvdf,36,3779,58129.5,59873.5,True,False,8,1.0313288,0.6815702,1.2438207,0.63764685,58602.25853009988,59873.5262616002,1271.267731500324,184.6822482,30.769031075,0.0001197767566276,4.632878617686368e-05,VS,stamp_classifier,0.9483323,1.1.6,VS,8.48258533715015e+17,F:\ZTF_Adjusted_Dataset\stamps\VS\ZTF18aahsvdf,,2.0,r,13.933324813842773,0.08215536177158356,0.9969170093536377,0.0037499999161809683,0.0041666701436042786,0.3148253262042999,12.883026123046875,21.081241607666016,0.996999979019165,2.0799999237060547,t,4.0,450.0,1.312999963760376,0.07199999690055847
ZTF18abjoaav,43,6074,58324.255115699954,61060.52746530017,True,False,18,,,,,58324.255115699954,61060.52746530017,2736.2723496002145,218.47593194188545,15.223900880703397,0.0186709926034989,0.0180157720238742,VS,stamp_classifier,0.94830894,27.5.7a32.dev1,VS,5.7725153611501e+17,F:\ZTF_Adjusted_Dataset\stamps\VS\ZTF18abjoaav,,1.0,g,14.398021697998047,0.039773739874362946,0.5,0.023416699841618538,0.04695830121636391,0.14209489524364471,5.474234104156494,15.651287078857422,1.0,2.640000104904175,f,7.0,65.0,0.7020000219345093,0.020999999716877937
ZTF18aagilfw,35,4829,58097.35055560013,60904.51564810006,True,True,3,,,,,58602.16513889981,60904.51564810006,2302.350509200245,117.5049372332154,26.447704833333336,0.0548112496251628,0.0490747733973095,VS,stamp_classifier,0.948261,27.5.6,VS,8.481651346150103e+17,F:\ZTF_Adjusted_Dataset\stamps\VS\ZTF18aagilfw,,2.0,r,15.153508186340332,0.11081743985414505,0.9975000023841858,0.5,0.0016666699666529894,0.1272980272769928,3.258244276046753,20.505943298339844,0.6669999957084656,1.3333542346954346,f,6.0,472.0,1.0779999494552612,-0.026000000536441803
ZTF24abrsqsn,24,3479,58431.35748839984,60680.17909719981,True,False,2,,,,,60671.23145829979,60680.17909719981,8.947638900019228,75.2372268506593,1.001301170967044,0.0516411454851832,0.0516332581488631,VS,stamp_classifier,0.94825834,26.0.1,VS,2.926179091115015e+18,F:\ZTF_Adjusted_Dataset\stamps\VS\ZTF24abrsqsn,,1.0,g,14.817962646484375,0.058074261993169785,1.0,0.5,0.9529579877853394,0.9048535823822021,20.894851684570312,23.16731834411621,0.9739999771118164,1.9547176361083984,t,24.0,3479.0,0.21299999952316284,-0.01600000075995922
ZTF19aaftayv,23,3380,58512.23893520003,59496.50517359981,True,True,5,1.713721,0.911379,1.5144733,0.97648954,58883.19260419998,59496.50517359981,613.31256939983,113.35478258,35.57278972,9.201539001566604e-05,3.904269457933757e-05,VS,stamp_classifier,0.9482506,correction_1.0.6,VS,1.129192606215015e+18,F:\ZTF_Adjusted_Dataset\stamps\VS\ZTF19aaftayv,,2.0,r,14.825331687927246,0.08612264692783356,1.0,0.018958300352096558,0.7140480279922485,0.19395963847637177,14.570066452026367,20.6971435546875,0.996999979019165,1.4567196369171143,t,10.0,1963.0,1.1100000143051147,0.004999999888241291
ZTF18aandsom,37,9133,58230.37836810015,61049.56855319999,True,False,14,,,,,58329.17619210016,61049.56855319999,2720.392361099832,246.98833425004156,30.55436853383605,0.021858847800943,0.0188236843030212,VS,stamp_classifier,0.94817513,27.5.7a32.dev1,VS,5.7517619131501005e+17,F:\ZTF_Adjusted_Dataset\stamps\VS\ZTF18aandsom,,1.0,g,16.780298233032227,0.049746133387088776,0.9610419869422913,0.8677979707717896,0.0016666699666529894,0.34668639302253723,9.176273345947266,12.03183364868164,0.9959999918937683,1.2628071308135986,f,6.0,1623.0,0.43799999356269836,-0.024000000208616257
ZTF18acvkhxe,25,4621,58464.55160879996,61015.5718866,True,False,1,,,,,61015.5718866,61015.5718866,0.0,239.7376006,11.1398253,0.0866322740912437,0.0850000008940696,VS,stamp_classifier,0.9481703,27.5.7a32.dev1,VS,3.26157188161501e+18,F:\ZTF_Adjusted_Dataset\stamps\VS\ZTF18acvkhxe,,2.0,r,14.973538398742676,0.04882597178220749,0.9962499737739563,0.5,0.23310400545597076,0.5957633852958679,2.610872745513916,13.824616432189941,0.996999979019165,1.2208501100540161,f,25.0,4621.0,0.699999988079071,0.014999999664723873
ZTF19aauaemg,25,4193,58378.21120369993,60967.10709490022,True,True,12,,,,,58608.41994210007,60967.10709490022,2358.68715280015,284.67518325066584,3.7394984211183897,0.0232523255619311,0.0232028190024743,VS,stamp_classifier,0.9481638,27.5.6,VS,8.544199416150152e+17,F:\ZTF_Adjusted_Dataset\stamps\VS\ZTF19aauaemg,,1.0,g,16.6942081451416,0.053682804107666016,0.988332986831665,0.9614940285682678,0.1994370073080063,0.7428134679794312,9.092705726623535,10.648932456970215,0.996999979019165,1.4205018281936646,t,3.0,500.0,0.7889999747276306,-0.02500000037252903
ZTF18aacspdk,13,6999,58384.41519680014,60991.45194440009,True,False,10,,,,,58384.41519680014,60991.45194440009,2607.036747599952,105.4282035128759,44.27263676577177,0.0306812535673196,0.0219685809919511,VS,stamp_classifier,0.9480773,27.5.7a32.dev1,VS,6.3041519141501e+17,F:\ZTF_Adjusted_Dataset\stamps\VS\ZTF18aacspdk,,1.0,g,15.172409057617188,0.08454343676567078,0.9708330035209656,0.5,0.8394700288772583,0.11551068723201752,11.119671821594238,11.618144989013672,0.9959999918937683,1.4920587539672852,f,1.0,189.0,0.6330000162124634,-0.013000000268220901
ZTF18acqosdb,31,3305,58434.5,60174.5,True,True,2,,,,,60171.49579859991,60174.49814809999,3.002349500078708,105.4348997,46.772411700000006,0.000315086781701,7.353910524865579e-06,VS,stamp_classifier,0.94807065,1.2.0,VS,2.420498141615015e+18,F:\ZTF_Adjusted_Dataset\stamps\VS\ZTF18acqosdb,,2.0,r,14.928997993469238,0.07468026876449585,0.9845830202102661,0.0037499999161809683,0.1402440071105957,1.28688383102417,14.723261833190918,15.337435722351074,0.9929999709129333,1.688632845878601,t,31.0,3305.0,1.1799999475479126,0.0
ZTF17aadkpcb,26,4144,58041.463981499895,60680.27000000002,True,False,14,,,,,58359.50903940015,60680.27000000002,2320.760960599873,105.82545595489437,30.504297092867148,0.0240405072352776,0.0207130868601653,VS,stamp_classifier,0.94804794,26.0.1,VS,6.304165600150102e+17,F:\ZTF_Adjusted_Dataset\stamps\VS\ZTF17aadkpcb,,1.0,g,15.178817749023438,0.03333926573395729,0.9860420227050781,0.9310420155525208,0.7912499904632568,0.19674469530582428,18.888591766357422,21.99433135986328,0.9890000224113464,3.9100000858306885,f,8.0,146.0,0.5260000228881836,-0.017999999225139618
ZTF20abhuufo,33,4335,58457.54968750011,60295.55197919998,True,False,15,,,,,58543.45989579987,60397.43179399986,1853.9718981999904,223.21809989992295,8.060802600007545,0.0607038410355164,0.0601040756189135,VS,stamp_classifier,0.9480173,corr_bulk_0.0.1,VS,1.271188980715015e+18,F:\ZTF_Adjusted_Dataset\stamps\VS\ZTF20abhuufo,,2.0,r,16.34610366821289,0.1424129605293274,0.9975000023841858,0.0012499999720603228,0.0012499999720603228,2.2441470623016357,20.7369327545166,21.373268127441406,0.9810000061988831,4.670000076293945,t,2.0,388.0,0.7940000295639038,0.010999999940395355
ZTF20aaazxzj,34,3977,58539.423692100216,61070.56004629983,True,False,5,,,,,60464.33599539986,61070.56004629983,606.2240508999676,243.54363349003933,5.349697693168767,0.0336932757253927,0.0335465144341046,VS,stamp_classifier,0.94797295,27.5.7a32.dev1,VS,2.731253264615015e+18,F:\ZTF_Adjusted_Dataset\stamps\VS\ZTF20aaazxzj,,1.0,g,14.682847023010254,0.039630867540836334,0.9854170083999634,0.5,0.5,0.9441174864768982,1.2454568147659302,23.5330810546875,0.996999979019165,1.3009893894195557,t,24.0,3139.0,0.5960000157356262,-0.028999999165534973
ZTF17aacsobk,25,4902,58041.50734949997,61006.44615740003,True,True,4,,,,,58473.38371529989,61006.44615740003,2533.062442100141,106.11658249591756,33.55045968368681,0.0411935487722018,0.0343306785766476,VS,stamp_classifier,0.94794685,27.5.7a32.dev1,VS,7.19383713515015e+17,F:\ZTF_Adjusted_Dataset\stamps\VS\ZTF17aacsobk,,1.0,g,15.953434944152832,0.14897355437278748,1.0,0.9904170036315918,0.9930830001831055,0.2428950071334839,13.883459091186523,19.948741912841797,0.9950000047683716,1.3369020223617554,t,8.0,284.0,0.5770000219345093,-0.023000000044703484
ZTF17aacrkme,69,4837,58041.50949069997,61106.22874999978,True,False,15,,,,,58742.51585649978,61106.22874999978,2363.712893499993,113.32415308187964,32.900881125193465,0.0215346886615277,0.0180807717468541,VS,stamp_classifier,0.9479239,27.5.7a32.dev1,VS,1.02452728291501e+18,F:\ZTF_Adjusted_Dataset\stamps\VS\ZTF17aacrkme,,1.0,g,17.071943283081055,0.15814030170440674,1.0,0.5,0.023749999701976776,0.7452580332756042,2.320730686187744,15.976739883422852,0.996999979019165,1.5603374242782593,f,13.0,838.0,0.26100000739097595,-0.004999999888241291
ZTF17aabcgjq,16,3295,58104.37009260012,60560.35703699989,True,True,6,,,,,58361.4208217999,60560.35703699989,2198.936215199996,16.337495150163107,29.77128325000031,0.0692431779253887,0.0601040765979375,VS,stamp_classifier,0.94785994,24.5.2a6,VS,6.0742082531501e+17,F:\ZTF_Adjusted_Dataset\stamps\VS\ZTF17aabcgjq,,1.0,g,16.727590560913086,0.13152079284191132,1.0,0.7412800192832947,0.04899999871850014,0.7401357293128967,5.2013139724731445,17.784435272216797,0.996999979019165,1.5471270084381104,f,2.0,13.0,0.4740000069141388,0.02500000037252903
ZTF19acfshhz,45,3679,58214.39259260008,60632.55879630009,True,False,1,,,,,60632.55785880005,60632.55785880005,0.0,218.4288165,8.1189933,0.0858605876564979,0.0850000008940696,VS,stamp_classifier,0.9478298,25.0.0,VS,2.87855785031501e+18,F:\ZTF_Adjusted_Dataset\stamps\VS\ZTF19acfshhz,,2.0,r,15.984106063842773,0.06390127539634705,0.9881669878959656,0.5,0.011874999850988388,1.0028592348098755,4.372429847717285,12.775689125061035,0.9929999709129333,2.1858019828796387,f,45.0,3679.0,0.718999981880188,-0.008999999612569809
ZTF18achsidg,56,3934,58431.3874189998,60970.43296300015,True,True,8,0.322948,0.394813,0.283776,0.39782807,58431.3874189998,60970.40983799985,2539.0224190000445,108.78068965587288,73.01299437401755,0.0883662645944964,0.0258166290744315,VS,stamp_classifier,0.9478227,27.5.7a32.dev1,VS,6.80379715615015e+17,F:\ZTF_Adjusted_Dataset\stamps\VS\ZTF18achsidg,,1.0,g,16.417648315429688,0.10605372488498688,1.0,0.7876009941101074,0.7193930149078369,1.3759781122207642,14.170929908752441,19.286285400390625,0.9769999980926514,2.2819266319274902,t,2.0,185.0,0.30399999022483826,0.0020000000949949026
ZTF18abjoajh,40,5801,58208.358067099936,61116.38769679982,True,False,15,,,,,58324.255115699954,61116.38769679982,2792.132581099868,211.5378468297718,8.233218286943035,0.0177089596741947,0.0175264395070142,VS,stamp_classifier,0.9477114,27.5.7a32.dev1,VS,5.7025511141501037e+17,F:\ZTF_Adjusted_Dataset\stamps\VS\ZTF18abjoajh,,1.0,g,14.341919898986816,0.02627250738441944,0.5,0.0041666701436042786,0.0018749999580904841,0.5656886100769043,16.393722534179688,22.14397430419922,0.996999979019165,1.7053799629211426,f,1.0,23.0,0.3059999942779541,0.014000000432133675
ZTF17aacrhml,34,4159,58041.5,60174.5,True,False,4,1.564402,1.191616,0.71548927,0.8214413,58863.18472220004,60174.50196760008,1311.317245400045,114.042075025,34.1422476,3.860892599462021e-05,4.60101438086176e-05,VS,stamp_classifier,0.947688,1.2.0,VS,1.10918472351501e+18,F:\ZTF_Adjusted_Dataset\stamps\VS\ZTF17aacrhml,,1.0,g,15.082128524780273,0.06771808117628098,0.9983329772949219,0.15514299273490906,0.0006249999860301614,0.1428886353969574,13.54881763458252,20.60222816467285,0.6700000166893005,1.3890310525894165,f,16.0,1811.0,0.3580000102519989,-0.010999999940395355
ZTF18aahsvde,31,4663,58129.5,60263.5,True,False,7,1.807331,1.224582,1.6903034,1.1077758,59504.52192129986,60263.49231480016,758.9703935002908,184.6198016,30.7799915,9.18659893523347e-05,0.0001024136872361,VS,stamp_classifier,0.9476003,1.2.1,VS,1.7505219200150152e+18,F:\ZTF_Adjusted_Dataset\stamps\VS\ZTF18aahsvde,,2.0,r,13.38075065612793,0.040626682341098785,0.9975000023841858,0.06724999845027924,0.003874999936670065,0.33846694231033325,15.965566635131836,21.51073455810547,0.996999979019165,1.666041374206543,t,20.0,3023.0,0.5809999704360962,0.013000000268220901
ZTF18aaexoqy,16,3337,58111.47831019992,60683.30850689998,True,True,4,,,,,58436.36452550022,60683.30850689998,2246.94398139976,113.26791413698746,19.943086219348547,0.0416642098024657,0.0391656863175284,VS,stamp_classifier,0.9475881,26.0.1,VS,6.823645245150152e+17,F:\ZTF_Adjusted_Dataset\stamps\VS\ZTF18aaexoqy,,2.0,r,15.147205352783203,0.056251030415296555,0.9925000071525574,0.9935420155525208,0.0012499999720603228,0.6304099559783936,13.83458137512207,17.695751190185547,0.9459999799728394,2.645308017730713,t,1.0,162.0,0.628000020980835,-0.024000000208616257
ZTF22abwbqns,24,3328,58806.17854169989,60697.165370400064,True,False,1,,,,,60697.165370400064,60697.165370400064,0.0,0.043239,24.6115542,0.0934937000274658,0.0850000008940696,VS,stamp_classifier,0.94755495,26.0.1,VS,2.94316537271501e+18,F:\ZTF_Adjusted_Dataset\stamps\VS\ZTF22abwbqns,,2.0,r,15.10103702545166,0.09834626317024231,0.9845830202102661,0.9759820103645325,0.9522079825401306,0.9831852912902832,13.939593315124512,21.428625106811523,0.8489999771118164,2.329179286956787,f,24.0,3328.0,0.6340000033378601,-0.02199999988079071
ZTF18aagzokq,21,4779,58211.46842590021,61066.49710649997,True,True,2,,,,,58503.51059029997,61066.49710649997,2562.986516200006,262.4135693501387,30.1298055,0.0694932858923228,0.0601040770330592,VS,stamp_classifier,0.9475362,27.5.7a32.dev1,VS,7.4951059031501e+17,F:\ZTF_Adjusted_Dataset\stamps\VS\ZTF18aagzokq,,2.0,r,15.015386581420898,0.0994979739189148,0.5,0.9881250262260437,0.34779199957847595,0.363242506980896,0.7600509524345398,15.373272895812988,0.9959999918937683,1.3392618894577026,f,5.0,764.0,0.4869999885559082,-0.0010000000474974513
ZTF24abtylve,1262,3353,58095.3083102,61051.24449069984,True,False,18,,,,,60615.43677080004,61051.24449069984,435.8077198998071,86.6424869691076,44.447746443026425,0.0228169739244879,0.0162887950411238,VS,stamp_classifier,0.9475136,27.5.7a32.dev1,VS,2.88536144141501e+18,F:\ZTF_Adjusted_Dataset\stamps\VS\ZTF24abtylve,,2.0,r,14.015214920043945,0.01663539931178093,1.0,0.9979169964790344,0.9900000095367432,1.4737228155136108,10.381139755249023,16.083654403686523,0.5720000267028809,1.0939840078353882,f,656.0,2887.0,0.7229999899864197,-0.01600000075995922
ZTF22aajkufo,96,7129,58096.4464004999,61107.44449070003,True,True,10,,,,,60241.539166700095,61107.44449070003,865.9053239999339,183.7946906043258,15.217730435200112,0.0239302000705814,0.0230910950241306,VS,stamp_classifier,0.94744396,27.5.7a32.dev1,VS,2.49554564611501e+18,F:\ZTF_Adjusted_Dataset\stamps\VS\ZTF22aajkufo,,2.0,r,14.682887077331543,0.07205518335103989,1.0,0.36946800351142883,0.02199999988079071,0.865187406539917,17.23398780822754,20.45208740234375,0.9940000176429749,1.6783161163330078,f,67.0,4456.0,0.5429999828338623,-0.013000000268220901
ZTF18aclrewr,64,5793,58101.27642360004,61116.19108799985,True,True,37,,,,,58435.51802079985,61116.19108799985,2680.6730671999976,120.17316299676784,15.210843027628748,0.0116793966045182,0.0112702303910805,VS,stamp_classifier,0.9474342,27.5.7a32.dev1,VS,6.815180257150154e+17,F:\ZTF_Adjusted_Dataset\stamps\VS\ZTF18aclrewr,,2.0,r,17.282276153564453,0.12191755324602127,0.9941669702529907,0.9962499737739563,0.05992859974503517,0.402874618768692,12.758454322814941,15.880905151367188,0.9390000104904175,2.2652599811553955,t,1.0,134.0,0.36800000071525574,0.017999999225139618
ZTF17aadcphq,32,4300,58041.50734949997,60635.34545140015,True,False,9,,,,,58435.34587959992,60635.34545140015,2199.999571800232,105.35970131634984,36.16147584602607,0.0305965871296036,0.0247023759153192,VS,stamp_classifier,0.9474269,25.0.0,VS,6.81345875015015e+17,F:\ZTF_Adjusted_Dataset\stamps\VS\ZTF17aadcphq,,2.0,r,15.844208717346191,0.04691821336746216,0.9866669774055481,0.737155020236969,0.5,1.0187829732894897,17.358854293823242,18.510412216186523,0.9679999947547913,2.6902873516082764,t,1.0,94.0,1.065000057220459,-0.028999999165534973
ZTF18acrmpnw,32,3067,58103.54365740018,61121.45655089989,True,True,5,,,,,58449.474988400005,61121.45655089989,2671.981562499888,168.92837151763632,8.02901225403673,0.0097402505552553,0.0096447712710337,VS,stamp_classifier,0.9473669,27.5.7a32.dev1,VS,6.9547498141501e+17,F:\ZTF_Adjusted_Dataset\stamps\VS\ZTF18acrmpnw,,2.0,r,15.128664016723633,0.08092144131660461,1.0,0.0,0.26840201020240784,0.3699045181274414,21.171974182128906,22.686899185180664,0.9929999709129333,1.1364569664001465,f,3.0,67.0,0.8640000224113464,-0.014000000432133675
ZTF19adhitfg,22,3021,58214.39442129992,61115.39040509984,True,False,1,,,,,61115.39040509984,61115.39040509984,0.0,231.9238203,0.9784272,0.0100014582276344,0.0099999997764825,VS,stamp_classifier,0.94734174,27.5.7a32.dev1,VS,3.3613904010150103e+18,F:\ZTF_Adjusted_Dataset\stamps\VS\ZTF19adhitfg,,3.0,i,13.079046249389648,0.019793648272752762,0.996770977973938,0.5,0.34755998849868774,0.08788197487592697,0.8226181268692017,17.448652267456055,1.0,6.079999923706055,f,22.0,3021.0,0.5809999704360962,-0.032999999821186066
ZTF19aagnjon,26,2932,58103.46012730012,60576.51765049994,False,False,3,,,,,58513.41118060006,60576.51765049994,2063.1064698998816,136.81914200000082,0.8489567499991342,0.0601106729060349,0.0601040769242788,VS,stamp_classifier,0.94733727,24.5.2a6,VS,7.5941118521501e+17,F:\ZTF_Adjusted_Dataset\stamps\VS\ZTF19aagnjon,,2.0,r,17.329004287719727,0.20165452361106873,0.9489579796791077,0.5,0.5,1.8018229007720947,14.2798433303833,14.611238479614258,0.6909999847412109,1.231152892112732,f,1.0,94.0,0.35899999737739563,0.003000000026077032
ZTF17aacspdu,29,5122,58042.45512730023,61121.14399310015,True,False,16,,,,,58435.34587959992,61121.14399310015,2685.7981135002337,106.22072224352884,32.61754627413486,0.0079274538984694,0.0066771941211012,VS,stamp_classifier,0.9472917,27.5.7a32.dev1,VS,6.84329162915015e+17,F:\ZTF_Adjusted_Dataset\stamps\VS\ZTF17aacspdu,,2.0,r,14.294129371643066,0.06055406481027603,0.9937499761581421,0.773792028427124,0.6112229824066162,0.27776724100112915,12.504937171936035,20.22425079345703,0.9950000047683716,1.4642871618270874,t,5.0,252.0,2.0280001163482666,-0.04800000041723251
ZTF20aakistl,19,4395,58365.308888900094,61066.15240739984,False,False,2,,,,,58878.1420948999,61066.15240739984,2188.010312499944,3.861903799934434,15.4360106,0.0623532646772506,0.0601040770330592,VS,stamp_classifier,0.947269,27.5.7a32.dev1,VS,1.124142090215015e+18,F:\ZTF_Adjusted_Dataset\stamps\VS\ZTF20aakistl,,2.0,r,16.420787811279297,0.1037229523062706,0.9421129822731018,0.5,0.03916670009493828,2.0098016262054443,15.478375434875488,27.091766357421875,0.9480000138282776,2.4821040630340576,t,1.0,370.0,0.6899999976158142,0.03999999910593033
ZTF22aagonty,26,3871,58214.36679399992,60639.54856480006,True,True,3,,,,,60165.205196800176,60639.54856480006,474.3433679998852,219.6855211666725,20.6050296,0.0524287095888536,0.0490747733973095,VS,stamp_classifier,0.94726485,25.0.0,VS,2.411205194515015e+18,F:\ZTF_Adjusted_Dataset\stamps\VS\ZTF22aagonty,,2.0,r,15.037331581115723,0.0513349287211895,0.981124997138977,0.5,0.160862997174263,1.1438442468643188,7.3639726638793945,18.5446720123291,0.9829999804496765,1.1625542640686035,t,18.0,3041.0,0.7070000171661377,-0.032999999821186066
ZTF18acgtbmz,29,5239,58431.44706019992,60655.27042819979,True,True,6,,,,,58455.537419000175,60655.27042819979,2199.733009199612,118.9724364186714,39.57175908711699,0.0386733515024854,0.0298104754913835,VS,stamp_classifier,0.9472635,25.0.0,VS,7.01537412915015e+17,F:\ZTF_Adjusted_Dataset\stamps\VS\ZTF18acgtbmz,,2.0,r,14.832324028015137,0.12160265445709229,0.9975000023841858,0.5,0.9242920279502869,0.2936757802963257,10.098645210266113,18.078899383544922,0.9100000262260437,1.4545503854751587,t,2.0,273.0,1.4249999523162842,-0.0689999982714653
ZTF19aaqdbxn,1142,5630,58095.51987269986,60680.38906250009,False,False,5,,,,,58586.25471059978,60680.38906250009,2094.134351900313,184.72892695757423,23.871168870789045,0.034810088719792,0.0318323531596662,VS,stamp_classifier,0.9472468,26.0.1,VS,8.32254710015015e+17,F:\ZTF_Adjusted_Dataset\stamps\VS\ZTF19aaqdbxn,,1.0,g,17.431570053100586,0.05524657294154167,1.0,0.5,0.45135700702667236,2.00603985786438,3.309108018875122,15.013617515563965,0.996999979019165,1.1111680269241333,t,8.0,640.0,0.6320000290870667,-0.03400000184774399
ZTF18aayggus,20,3256,58230.5,60158.25,True,False,2,,,,,58275.33679400012,60158.23398149992,1882.897187499795,255.6906401,23.21581915,0.0001117228714267,9.623723292119666e-05,VS,stamp_classifier,0.9472086,1.2.0,VS,5.2133679111501005e+17,F:\ZTF_Adjusted_Dataset\stamps\VS\ZTF18aayggus,,2.0,r,16.914905548095703,0.023942289873957634,0.996042013168335,0.5,0.7380059957504272,0.6965361833572388,11.38137149810791,12.044270515441895,0.996999979019165,1.6022733449935913,f,3.0,200.0,1.8730000257492065,-0.08900000154972076
ZTF18admyigv,44,6522,58355.37060189992,60697.165370400064,True,True,6,,,,,59709.48252309999,60697.165370400064,987.6828473000788,5.085255283353516,29.15218636666667,0.0397342911545669,0.0347011050544307,VS,stamp_classifier,0.9471429,26.0.1,VS,1.9554825248150152e+18,F:\ZTF_Adjusted_Dataset\stamps\VS\ZTF18admyigv,,2.0,r,14.24384880065918,0.02816765010356903,0.9975000023841858,1.0,0.0,0.2387007474899292,18.913942337036133,20.592607498168945,0.9980000257492065,2.009999990463257,t,22.0,2920.0,1.0169999599456787,-0.014999999664723873
ZTF19aczacoy,29,4484,58355.35760420002,61066.15240739984,False,False,3,,,,,58835.13130789995,61066.15240739984,2231.0210994998924,4.085256703493898,15.226532752149058,0.0457349754620767,0.0441294487808,VS,stamp_classifier,0.9471211,27.5.7a32.dev1,VS,1.081131300215015e+18,F:\ZTF_Adjusted_Dataset\stamps\VS\ZTF19aczacoy,,1.0,g,17.347970962524414,0.08553510904312134,0.9931250214576721,0.0008333330042660236,0.996042013168335,1.5716694593429565,19.73841667175293,20.066673278808594,0.7009999752044678,2.8153228759765625,t,3.0,245.0,0.4569999873638153,-0.014999999664723873
ZTF18aaisusu,38,6144,58219.25935189985,60820.28896989999,True,True,3,,,,,58426.492662,60820.28896989999,2393.796307899989,176.6612509585365,30.298104089154208,0.0468256444318303,0.0404298347116235,VS,stamp_classifier,0.94706506,27.5.6,VS,6.7249266031501e+17,F:\ZTF_Adjusted_Dataset\stamps\VS\ZTF18aaisusu,,1.0,g,14.625497817993164,0.10798082500696182,1.0,0.07304169982671738,0.0,0.3738388121128082,13.71827220916748,13.936408042907715,0.9929999709129333,3.359999895095825,f,4.0,303.0,0.5360000133514404,-0.0010000000474974513
ZTF17aadpvpk,29,5035,58041.50626160018,60625.34234949993,True,False,11,,,,,58427.36395830009,60625.34234949993,2197.9783911998384,102.11472075022374,29.67212369985657,0.0239529336306143,0.0208120436381397,VS,stamp_classifier,0.94703555,25.0.0,VS,6.804534061150152e+17,F:\ZTF_Adjusted_Dataset\stamps\VS\ZTF17aadpvpk,,2.0,r,17.0535945892334,0.07462768256664276,0.994583010673523,0.9852650165557861,0.22032099962234497,0.31003886461257935,8.819686889648438,13.124420166015625,0.9829999804496765,2.0010178089141846,t,10.0,305.0,1.1039999723434448,-0.02199999988079071
ZTF19aczeojb,42,3597,58092.55896990001,61066.40020829998,True,True,4,,,,,59281.22479170002,61066.40020829998,1785.1754165999591,113.04608858027024,18.25269041069969,0.0384445892287435,0.0365102269718167,VS,stamp_classifier,0.9470116,27.5.7a32.dev1,VS,1.52722479291501e+18,F:\ZTF_Adjusted_Dataset\stamps\VS\ZTF19aczeojb,,2.0,r,16.946977615356445,0.06416723877191544,1.0,0.8788210153579712,0.03729169815778732,0.38711148500442505,4.129792213439941,21.113483428955078,0.996999979019165,1.5684117078781128,f,26.0,1889.0,0.30300000309944153,-0.0010000000474974513
ZTF18abtrczz,16,4181,58367.392222200055,60826.49104169989,True,True,5,,,,,58435.2267593001,60826.49104169989,2391.2642823997885,20.53247336524751,31.072726251337507,0.0391663877524346,0.0335465144341046,VS,stamp_classifier,0.94698423,27.5.6,VS,6.81226751315015e+17,F:\ZTF_Adjusted_Dataset\stamps\VS\ZTF18abtrczz,,1.0,g,16.80004119873047,0.11412610113620758,0.9872919917106628,0.5,0.7942469716072083,0.6006331443786621,22.06572723388672,22.93427276611328,0.9919999837875366,2.221625328063965,t,4.0,117.0,0.44200000166893005,-0.008999999612569809
ZTF18abaetjx,75,7347,58282.194236100186,61068.32211809978,True,False,40,,,,,58455.5466781999,61068.32211809978,2612.7754398998804,169.7278012823109,22.540239791603856,0.0126675016986979,0.0116998378666689,VS,stamp_classifier,0.9469763,27.5.7a32.dev1,VS,,F:\ZTF_Adjusted_Dataset\stamps\VS\ZTF18abaetjx,,,,,,,,,,,,,,,,,,
ZTF18aabnamp,35,6308,58160.20163189992,60970.44361109985,True,False,11,,,,,58562.13818289992,60970.44361109985,2408.305428199936,105.10366120565284,44.06487083193615,0.0317971693097878,0.0228479458890164,VS,stamp_classifier,0.94695824,27.5.7a32.dev1,VS,8.081381814150102e+17,F:\ZTF_Adjusted_Dataset\stamps\VS\ZTF18aabnamp,,2.0,r,15.333133697509766,0.07488169521093369,0.996874988079071,0.9946669936180115,0.03206250071525574,0.12911759316921234,9.036181449890137,14.730152130126953,0.996999979019165,1.4205018281936646,f,6.0,676.0,0.421999990940094,-0.013000000268220901
ZTF18aaewqxm,71,5740,58101.27642360004,61116.19108799985,True,False,37,,,,,58435.51802079985,61116.19108799985,2680.6730671999976,120.1625451888822,15.248013858516844,0.0117550597902213,0.0113412395913682,VS,stamp_classifier,0.9469485,27.5.7a32.dev1,VS,6.815180257150154e+17,F:\ZTF_Adjusted_Dataset\stamps\VS\ZTF18aaewqxm,,2.0,r,16.9152774810791,0.10972579568624496,0.9941669702529907,0.6955829858779907,0.10806199908256531,0.2812289893627167,10.297674179077148,13.575323104858398,0.9909999966621399,2.309999942779541,t,1.0,143.0,0.9700000286102295,-0.028999999165534973
ZTF18aaensdz,27,3111,58512.24895829987,59452.50754630007,True,True,2,,,,,59452.49692129996,59452.50754630007,0.0106250001117587,113.9619517,34.19572845,4.313351364396366e-05,3.040559159464354e-06,VS,stamp_classifier,0.94693923,correction_1.0.6,VS,1.698496923515015e+18,F:\ZTF_Adjusted_Dataset\stamps\VS\ZTF18aaensdz,,2.0,r,12.716727256774902,0.01147904247045517,0.9918749928474426,0.5,0.5,0.12515507638454437,4.51198673248291,14.578888893127441,1.0,1.2502416372299194,t,27.0,3106.0,1.2580000162124634,-0.010999999940395355
ZTF18aclreuw,72,5784,58101.27642360004,61121.141145799775,True,True,35,,,,,58435.51802079985,61121.141145799775,2685.623124999925,120.19058893595869,15.208020250342411,0.0121278379803193,0.0117031182228766,VS,stamp_classifier,0.9469199,27.5.7a32.dev1,VS,6.815180257150154e+17,F:\ZTF_Adjusted_Dataset\stamps\VS\ZTF18aclreuw,,2.0,r,17.12127685546875,0.12191755324602127,0.9933329820632935,0.0,0.5,0.38840582966804504,11.579243659973145,13.168328285217285,0.9819999933242798,2.299999952316284,t,1.0,134.0,1.0089999437332153,-0.02500000037252903
ZTF19adimkhy,28,5158,58285.29506940022,61113.44265050022,True,True,4,,,,,60188.20805560006,61113.44265050022,925.234594900161,246.3973009346724,8.838665872363444,0.0396363729791491,0.0391656863175284,VS,stamp_classifier,0.94690377,27.5.7a32.dev1,VS,2.434208051415015e+18,F:\ZTF_Adjusted_Dataset\stamps\VS\ZTF19adimkhy,,2.0,r,13.265417098999023,0.024029798805713654,0.9612500071525574,0.9471669793128967,0.8125569820404053,0.33999788761138916,14.255468368530273,17.6658992767334,1.0,3.7200000286102295,t,18.0,3348.0,0.5170000195503235,-0.020999999716877937
ZTF21aaksuux,41,3107,58439.49325230019,61115.299351899885,True,False,2,,,,,61114.25949069997,61115.299351899885,1.0398611999116838,134.4481870260119,8.221365205202186,0.0099863469825279,0.0098837167523135,VS,stamp_classifier,0.94689924,27.5.7a32.dev1,VS,3.3612993510150103e+18,F:\ZTF_Adjusted_Dataset\stamps\VS\ZTF21aaksuux,,3.0,i,13.45805835723877,0.015103892423212528,0.9962499737739563,0.9912499785423279,0.002916669938713312,0.1207166537642479,16.34537696838379,18.534276962280273,1.0,3.0899999141693115,f,41.0,3107.0,0.546999990940094,-0.004999999888241291
ZTF18aaemaae,21,3813,58751.5,60241.5,True,False,6,,,,,58435.34587959992,60241.42865739996,1806.0827778000385,102.31913601666666,37.06591118333333,0.000107488630406,0.0001507141853527,VS,stamp_classifier,0.9468504,1.2.1,VS,6.81345875315015e+17,F:\ZTF_Adjusted_Dataset\stamps\VS\ZTF18aaemaae,,2.0,r,15.508746147155762,0.04682208597660065,0.9879170060157776,0.636771023273468,0.11266700178384781,0.516129195690155,15.265193939208984,21.369840621948242,0.9919999837875366,2.6785237789154053,t,1.0,248.0,1.0219999551773071,0.008999999612569809
ZTF24abnpbxc,23,3753,58221.25549770007,60728.40072919987,False,False,2,,,,,60602.53990740003,60728.40072919987,125.86082179984078,183.18332283340808,15.073316641703071,0.0534730599985353,0.0516332581488631,VS,stamp_classifier,0.94673425,26.0.1,VS,2.84853990481501e+18,F:\ZTF_Adjusted_Dataset\stamps\VS\ZTF24abnpbxc,,2.0,r,15.46184253692627,0.05650879815220833,1.0,0.7769169807434082,0.5,1.7741961479187012,3.783641815185547,8.886451721191406,0.9800000190734863,2.759815216064453,f,13.0,3475.0,0.5699999928474426,0.04699999839067459
ZTF17aacqgcd,52,4530,58045.52560190018,60671.25738430023,True,False,6,,,,,59192.4271644,60671.25738430023,1478.8302199002355,117.63779175084936,27.172985017224143,0.0309172047422328,0.0275049271523276,VS,stamp_classifier,0.9467003,26.0.1,VS,1.43842716451501e+18,F:\ZTF_Adjusted_Dataset\stamps\VS\ZTF17aacqgcd,,1.0,g,17.559663772583008,0.17517736554145813,0.9950000047683716,0.5,0.3922800123691559,1.0337393283843994,5.463467121124268,8.66183090209961,0.9819999933242798,1.412699818611145,f,29.0,2566.0,0.6110000014305115,-0.039000000804662704
ZTF25aabwuyl,75,2873,58351.41412039986,60690.15828699991,True,False,2,,,,,60688.11951390002,60690.15828699991,2.0387730998918414,342.8343672993996,43.03814125,0.0822330190599057,0.0601040770330592,VS,stamp_classifier,0.94669026,26.0.1,VS,2.936158286315015e+18,F:\ZTF_Adjusted_Dataset\stamps\VS\ZTF25aabwuyl,,2.0,r,14.36186695098877,0.034628976136446,0.981249988079071,1.0,0.45469000935554504,1.3773846626281738,1.6919286251068115,13.796403884887695,0.996999979019165,2.673213481903076,t,75.0,2873.0,0.32199999690055847,0.028999999165534973
ZTF18aacnrqz,41,4648,58359.51329859998,60307.47299769986,True,True,14,1.453104,0.765811,1.5649334,0.6495966,58359.51329859998,60307.47299769986,1947.9596990998837,119.39882080001642,39.61111759999677,0.0843728965144559,0.0649999958271764,VS,stamp_classifier,0.94662166,correction_1.0.6,VS,6.0551329161501e+17,F:\ZTF_Adjusted_Dataset\stamps\VS\ZTF18aacnrqz,,2.0,r,15.676039695739746,0.04739836975932121,0.9975000023841858,0.0430000014603138,0.03291669860482216,0.5351305603981018,15.22571849822998,15.48036003112793,0.996999979019165,1.299775242805481,f,6.0,114.0,1.590000033378601,-0.04800000041723251
ZTF18acguabi,76,8770,58224.161365699954,60970.36950229993,True,False,21,,,,,58431.46418979997,60970.36950229993,2538.9053124999627,123.9798450018405,51.29611651975602,0.0244381101160774,0.0152810411706289,VS,stamp_classifier,0.9466179,27.5.7a32.dev1,VS,6.80511376115015e+17,F:\ZTF_Adjusted_Dataset\stamps\VS\ZTF18acguabi,,1.0,g,16.46333122253418,0.04404502362012863,0.9614580273628235,0.5,0.006666670087724924,1.085788607597351,1.4920217990875244,20.969947814941406,0.9900000095367432,2.055509090423584,t,6.0,194.0,0.17299999296665192,0.003000000026077032
ZTF21aaaapoq,29,4389,59076.33556709997,61116.53581020003,True,False,1,,,,,61116.53581020003,61116.53581020003,0.0,333.0662988,25.8600055,0.0944588780403137,0.0850000008940696,VS,stamp_classifier,0.9466006,27.5.7a32.dev1,VS,3.362535811715015e+18,F:\ZTF_Adjusted_Dataset\stamps\VS\ZTF21aaaapoq,,2.0,r,13.355745315551758,0.013748734258115292,1.0,0.9942139983177185,0.04904169961810112,0.7016963362693787,13.034170150756836,14.22547435760498,1.0,3.7699999809265137,t,29.0,4389.0,0.3790000081062317,0.014999999664723873
ZTF18aaernyg,34,5161,58210.210821799934,61115.37378469994,True,True,5,,,,,58546.23983799992,61115.37378469994,2569.1339467000216,117.6131507736011,22.839346512572828,0.0105134503026507,0.0096891620604338,VS,stamp_classifier,0.9465896,27.5.7a32.dev1,VS,7.92239830315015e+17,F:\ZTF_Adjusted_Dataset\stamps\VS\ZTF18aaernyg,,1.0,g,16.86799430847168,0.058946214616298676,0.9784169793128967,0.9910600185394287,0.0017500000540167093,0.6576769351959229,15.06147575378418,25.794757843017578,0.9279999732971191,1.6402541399002075,t,5.0,370.0,0.3089999854564667,-0.010999999940395355
ZTF18aaenlva,32,5050,58438.32916670013,61066.22376159998,True,False,12,1.415576,0.65494204,0.45801824,0.3679722,58435.34587959992,61066.22376159998,2630.877882000059,106.0446578525086,35.46099934429905,0.0270895483130287,0.0220647243904,VS,stamp_classifier,0.9465551,27.5.7a32.dev1,VS,6.843291662150152e+17,F:\ZTF_Adjusted_Dataset\stamps\VS\ZTF18aaenlva,,2.0,r,14.852557182312012,0.16529157757759094,0.8822500109672546,0.5,0.5,0.07223834097385406,4.33412504196167,4.558557987213135,0.9879999756813049,1.5182831287384033,t,2.0,250.0,1.3969999551773071,0.06199999898672104
ZTF20abhdhaa,28,2853,58312.21038189996,60295.56040510023,True,False,5,0.30435592,,0.30435592,,59801.22238430008,60295.56040510023,494.3380208001472,240.96008826672968,15.47395460000083,0.050920550275943,0.0490747732788844,VS,stamp_classifier,0.94654655,correction_0.0.1,VS,1.269235380315015e+18,F:\ZTF_Adjusted_Dataset\stamps\VS\ZTF20abhdhaa,,1.0,g,17.573787689208984,0.13630196452140808,1.0,0.5,0.0008333330042660236,2.496778964996338,8.851361274719238,26.766630172729492,0.4099999964237213,1.2426413297653198,t,2.0,401.0,0.44999998807907104,0.007000000216066837
ZTF18acmiklj,46,4746,58431.50392360008,60970.49975690013,True,True,15,,,,,58431.50392360008,60970.49975690013,2538.995833300054,106.0189904480474,30.18534745684187,0.0228311104443527,0.0197352894566928,VS,stamp_classifier,0.94649464,27.5.7a32.dev1,VS,6.84328250315015e+17,F:\ZTF_Adjusted_Dataset\stamps\VS\ZTF18acmiklj,,2.0,r,14.39777660369873,0.11653102934360504,1.0,0.5,0.00916667003184557,0.3293890655040741,4.346432685852051,14.378959655761719,0.9929999709129333,1.428261160850525,t,5.0,199.0,2.0390000343322754,0.03400000184774399
ZTF18adkdphn,20,3405,58217.32427080022,61049.54197920021,True,False,1,,,,,61049.54197920021,61049.54197920021,0.0,214.9005042,48.800817900000006,0.1290462166070938,0.0850000008940696,VS,stamp_classifier,0.94649357,27.5.7a32.dev1,VS,3.295541973715015e+18,F:\ZTF_Adjusted_Dataset\stamps\VS\ZTF18adkdphn,,2.0,r,14.715596199035645,0.03456158563494682,1.0,0.5,0.5,0.40114954113960266,2.9099717140197754,3.8954334259033203,0.9959999918937683,2.614086627960205,t,20.0,3405.0,0.125,-0.010999999940395355
ZTF18aaheofw,40,5073,58214.178368099965,61116.28567129979,True,False,15,,,,,58435.51753470022,61116.28567129979,2680.768136599567,122.66613792085624,22.59305498518767,0.0206016912402181,0.0190206512066627,VS,stamp_classifier,0.9464605,27.5.7a32.dev1,VS,,F:\ZTF_Adjusted_Dataset\stamps\VS\ZTF18aaheofw,,,,,,,,,,,,,,,,,,
ZTF17aacywgn,40,3933,58042.4503008998,61081.1244907002,True,False,6,,,,,58436.40743059991,61081.1244907002,2644.717060100287,87.22477886700472,27.40700689471001,0.0369624395677119,0.0328137413185874,VS,stamp_classifier,0.9464567,27.5.7a32.dev1,VS,6.8240743451501e+17,F:\ZTF_Adjusted_Dataset\stamps\VS\ZTF17aacywgn,,2.0,r,15.646881103515625,0.20143914222717285,1.0,0.629734992980957,0.5,1.1571980714797974,4.491842746734619,11.338663101196289,0.6430000066757202,2.110837697982788,f,1.0,416.0,0.7739999890327454,0.01600000075995922
ZTF18acfksjl,21,3580,58104.35186340008,60530.45520830015,True,True,7,2.1944742,0.89728636,1.5865879,0.76711214,58819.21315969992,60530.45520830015,1711.242048600223,23.35026604999467,32.653494099999946,0.0713868375175001,0.060104076489157,VS,stamp_classifier,0.9464481,24.5.2a6,VS,1.0742761924150152e+18,F:\ZTF_Adjusted_Dataset\stamps\VS\ZTF18acfksjl,,2.0,r,14.57073974609375,0.05626282840967178,1.0,0.5,0.5,0.15439671277999878,1.1031495332717896,24.316072463989258,0.996999979019165,1.1625542640686035,t,6.0,616.0,0.5649999976158142,0.026000000536441803
ZTF26aaadsis,24,2951,58689.17293980019,61049.56478009978,True,False,1,,,,,61049.56478009978,61049.56478009978,0.0,233.4533296,1.0080155,0.0650100633502006,0.0649999976158142,VS,stamp_classifier,0.94643766,27.5.7a32.dev1,VS,3.29556478061501e+18,F:\ZTF_Adjusted_Dataset\stamps\VS\ZTF26aaadsis,,1.0,g,15.880658149719238,0.05492150038480759,0.9975000023841858,0.8027080297470093,0.996749997138977,1.0722557306289673,11.218585968017578,13.622650146484375,0.9599999785423279,2.5504977703094482,f,24.0,2951.0,0.24899999797344208,-0.00800000037997961
ZTF18aagiiie,57,5272,58132.3583796001,61107.17181710014,True,False,19,,,,,58423.5171991,61107.17181710014,2683.654618000146,117.14760659208832,26.88119537140578,0.0181656338588152,0.0162027636710233,VS,stamp_classifier,0.94641,27.5.7a32.dev1,VS,6.73370843515015e+17,F:\ZTF_Adjusted_Dataset\stamps\VS\ZTF18aagiiie,,1.0,g,14.748536109924316,0.0651351734995842,1.0,0.5,0.0808631032705307,1.2001757621765137,5.830837726593018,21.056774139404297,0.9829999804496765,3.0603909492492676,t,1.0,170.0,1.1030000448226929,0.054999999701976776
ZTF19aafwpqp,60,5675,58512.26309029991,61085.2074190001,True,False,18,,,,,58828.29900459992,61085.2074190001,2256.9084144001827,113.80389391956618,33.67703976501907,0.0227656329457941,0.0189450223834051,VS,stamp_classifier,0.9463972,27.5.7a32.dev1,VS,1.0742990046150102e+18,F:\ZTF_Adjusted_Dataset\stamps\VS\ZTF19aafwpqp,,2.0,r,15.371837615966797,0.028832079842686653,1.0,0.9985420107841492,0.3213120102882385,0.056289076805114746,10.253328323364258,10.381889343261719,0.01899999938905239,1.1973448991775513,f,10.0,1127.0,0.9950000047683716,-0.004000000189989805
ZTF17aadjbgp,24,3696,58041.46184029989,60698.24543979997,True,False,12,,,,,58431.34254630003,60698.24543979997,2266.902893499937,97.75194620894986,35.87305269501548,0.0266007857565081,0.0215550776092861,VS,stamp_classifier,0.94634134,26.0.1,VS,6.813324451150154e+17,F:\ZTF_Adjusted_Dataset\stamps\VS\ZTF17aadjbgp,,2.0,r,15.10024356842041,0.06389715522527695,1.0,0.9812319874763489,0.011458300054073334,0.9488468170166016,16.809207916259766,24.684486389160156,0.6460000276565552,2.6590003967285156,t,2.0,156.0,0.9169999957084656,0.0
ZTF17aacrjgd,25,5283,58041.50949069997,60908.51569439983,True,True,3,,,,,59452.512280100025,60908.51569439983,1456.0034142998047,113.72711599999086,36.13133496666666,0.0607611064588114,0.0490747733973095,VS,stamp_classifier,0.9462997,27.5.6,VS,1.69851228621501e+18,F:\ZTF_Adjusted_Dataset\stamps\VS\ZTF17aacrjgd,,2.0,r,14.551849365234375,0.028145592659711838,0.9858329892158508,0.9617080092430115,0.9271249771118164,0.1774626523256302,16.2298583984375,17.227977752685547,0.9980000257492065,1.1894066333770752,f,21.0,3056.0,0.8479999899864197,-0.010999999940395355
ZTF18adrcama,27,3581,58104.3462731,60611.46331019979,True,False,1,,,,,60611.46331019979,60611.46331019979,0.0,127.2735763,19.9392268,0.0904202535748481,0.0850000008940696,VS,stamp_classifier,0.9462261,25.0.0,VS,2.857463314515015e+18,F:\ZTF_Adjusted_Dataset\stamps\VS\ZTF18adrcama,,2.0,r,14.21464729309082,0.0519452728331089,0.988332986831665,0.9788810014724731,0.9832500219345093,0.5464500784873962,14.534564971923828,22.104747772216797,0.9929999709129333,1.453464388847351,t,27.0,3581.0,0.9850000143051147,0.007000000216066837
ZTF17aadexbz,25,4472,58041.51003469992,60905.51622689981,True,False,4,,,,,58602.16559030023,60905.51622689981,2303.3506365995854,121.34639068245086,33.695032402009744,0.047074017207023,0.0391656863175284,VS,stamp_classifier,0.9462114,27.5.6,VS,8.481655946150102e+17,F:\ZTF_Adjusted_Dataset\stamps\VS\ZTF17aadexbz,,2.0,r,15.343974113464355,0.0710250586271286,0.9991670250892639,0.5,0.5,0.4486757516860962,7.119395732879639,13.727587699890137,0.9940000176429749,1.4425605535507202,f,9.0,632.0,0.6710000038146973,0.0020000000949949026
ZTF18aahwugv,17,4960,58217.30674770009,61086.40114580002,True,True,2,,,,,58514.46195599996,61086.40114580002,2571.9391898000613,186.3557928999988,7.926372000000001,0.0464052923274489,0.0459619390912516,VS,stamp_classifier,0.946191,27.5.7a32.dev1,VS,7.6046195111501e+17,F:\ZTF_Adjusted_Dataset\stamps\VS\ZTF18aahwugv,,1.0,g,14.830260276794434,0.03954257816076279,0.9867920279502869,0.5,0.9642919898033142,0.25723955035209656,12.016657829284668,24.263200759887695,0.9990000128746033,2.9100000858306885,f,5.0,282.0,2.1740000247955322,0.01899999938905239
ZTF18aayjqyl,16,4857,58105.537685200106,60659.48846059991,True,True,3,,,,,58276.23747690022,60659.48846059991,2383.2509836996906,196.58185686656927,29.880050366666666,0.0432811132031257,0.0375277661208153,VS,stamp_classifier,0.94617414,25.0.0,VS,5.2223747061501024e+17,F:\ZTF_Adjusted_Dataset\stamps\VS\ZTF18aayjqyl,,1.0,g,15.16814136505127,0.007958011701703072,0.9912499785423279,0.5,0.8567079901695251,0.23089589178562164,6.173763275146484,28.818830490112305,0.9990000128746033,1.2247238159179688,f,9.0,452.0,0.2280000001192093,-0.004000000189989805
ZTF23abhmsyb,16,3316,58908.54251160007,60489.23528939998,True,False,5,,,,,60295.56138890004,60489.23528939998,193.67390049993992,236.92216769999732,2.873310600001345,0.0460197960310595,0.045961938945318,VS,stamp_classifier,0.9461655,24.5.2a6,VS,2.541566131915015e+18,F:\ZTF_Adjusted_Dataset\stamps\VS\ZTF23abhmsyb,,2.0,r,14.634700775146484,0.03271996229887009,0.9950000047683716,0.5,0.020999999716877937,1.4253469705581665,8.053593635559082,12.601532936096191,0.6460000276565552,2.2867648601531982,t,18.0,2893.0,0.45500001311302185,0.009999999776482582
ZTF18aaggjmw,19,3312,58436.38815970021,61115.3686573999,True,True,2,,,,,59192.45778940013,61115.3686573999,1922.9108679997732,119.65362550443687,8.18787006279863,0.0100337860835608,0.0099315058256989,VS,stamp_classifier,0.9461594,27.5.7a32.dev1,VS,1.43845778101501e+18,F:\ZTF_Adjusted_Dataset\stamps\VS\ZTF18aaggjmw,,2.0,r,14.393214225769043,0.1776755005121231,1.0,0.05408329889178276,0.378030002117157,0.24526335299015045,11.910661697387695,13.807368278503418,0.7329999804496765,2.5,f,7.0,946.0,0.5789999961853027,-0.032999999821186066
ZTF17aadjuoe,36,4181,58041.50841439981,60364.26168979984,True,True,6,1.494674,0.042592537,0.7078705,-0.40928605,58455.50160880014,60364.26168979984,1908.7600809996948,117.27912549999942,24.6889142999972,0.071539497948441,0.0649999969278766,VS,stamp_classifier,0.9461178,correction_1.0.6,VS,7.0150160301501e+17,F:\ZTF_Adjusted_Dataset\stamps\VS\ZTF17aadjuoe,,2.0,r,16.29369354248047,0.15957045555114746,0.9966670274734497,0.9330829977989197,-999.0,0.27397361397743225,25.725608825683594,-999.0,0.996999979019165,1.417163372039795,f,5.0,207.0,0.8199999928474426,-0.027000000700354576
ZTF25aaasrkd,20,4930,58440.48468750017,60680.38906250009,True,False,2,,,,,60659.50776620023,60680.38906250009,20.881296299863607,192.3382036498056,24.3092092,0.065951528161256,0.0601040770330592,VS,stamp_classifier,0.94609445,26.0.1,VS,2.92638906191501e+18,F:\ZTF_Adjusted_Dataset\stamps\VS\ZTF25aaasrkd,,2.0,r,14.876091957092285,0.0662650540471077,1.0,0.8532379865646362,0.5,1.8527101278305054,5.708405017852783,12.088969230651855,0.9819999933242798,2.650674343109131,f,20.0,4930.0,0.6349999904632568,0.024000000208616257
ZTF19aagthbc,23,3155,58103.50655090017,60965.54712959984,True,True,7,-0.029510498,0.3742811,0.14264297,0.35046983,58514.42143520014,60965.54712959984,2451.1256943997,188.31268844204763,28.93296652944157,0.0334702768546551,0.0292927283562577,VS,stamp_classifier,0.94609404,27.5.6,VS,7.60421435915015e+17,F:\ZTF_Adjusted_Dataset\stamps\VS\ZTF19aagthbc,,2.0,r,15.543643951416016,0.10288333147764206,1.0,0.9619050025939941,0.0,0.060057178139686584,22.297130584716797,22.487287521362305,0.48899999260902405,1.1140062808990479,t,5.0,228.0,0.30000001192092896,0.004999999888241291
ZTF21aanudwe,28,4215,58230.2329051001,60975.55122689996,True,False,1,,,,,60975.55122689996,60975.55122689996,0.0,183.162327,14.7242605,0.0878861621022224,0.0850000008940696,VS,stamp_classifier,0.9460885,27.5.7a32.dev1,VS,3.22155122611501e+18,F:\ZTF_Adjusted_Dataset\stamps\VS\ZTF21aanudwe,,2.0,r,15.27437686920166,0.07073990255594254,0.9576249718666077,0.5,0.0037499999161809683,0.8021202087402344,5.41707181930542,20.047304153442383,0.996999979019165,1.696096420288086,f,28.0,4215.0,0.3659999966621399,-0.0020000000949949026
ZTF18aaheofv,35,5455,58104.3462731,61116.28567129979,True,False,8,,,,,58602.18598379986,61116.28567129979,2514.099687499925,122.68180156678451,22.651780203089217,0.0263045200650693,0.0242754556242832,VS,stamp_classifier,0.9460874,27.5.7a32.dev1,VS,8.48185985715015e+17,F:\ZTF_Adjusted_Dataset\stamps\VS\ZTF18aaheofv,,1.0,g,15.157217025756836,0.06604722887277603,0.9987499713897705,0.5,0.5,0.08941508084535599,2.2851433753967285,6.3913774490356445,1.0,2.700000047683716,t,9.0,603.0,0.32899999618530273,0.014000000432133675
ZTF18aazjynz,29,4241,58205.52581019979,60910.204224499874,True,True,4,,,,,58798.09924770007,60910.204224499874,2112.1049767998047,253.92277942501457,25.997209925,0.0361587051301706,0.0324999988079071,VS,stamp_classifier,0.94606596,27.5.6,VS,1.04409924251501e+18,F:\ZTF_Adjusted_Dataset\stamps\VS\ZTF18aazjynz,,1.0,g,16.197021484375,0.06092841550707817,0.9454460144042969,0.5,0.5,0.7056013941764832,4.038812637329102,5.99566125869751,0.996999979019165,1.5774458646774292,f,9.0,1155.0,0.4819999933242798,0.013000000268220901
ZTF18aahdzix,21,4201,58211.5,59972.5,True,True,1,,,,,59972.5148494998,59972.5148494998,0.0,259.0439412,22.5940021,,,VS,stamp_classifier,0.9460465,1.1.6,VS,2.2185148403150152e+18,F:\ZTF_Adjusted_Dataset\stamps\VS\ZTF18aahdzix,,2.0,r,15.387654304504395,0.057788603007793427,1.0,0.5,0.9891669750213623,1.3438431024551392,3.6446139812469482,18.43669891357422,0.996999979019165,2.2899999618530273,t,21.0,4201.0,1.0399999618530273,-0.054999999701976776
ZTF18aajgmln,26,3984,58214.217430599965,60949.5398380002,True,True,6,,,,,58467.53961810004,60949.5398380002,2482.000219900161,167.8416766166064,29.741147883333333,0.0399655475596363,0.0347011050544307,VS,stamp_classifier,0.9460111,27.5.6,VS,,F:\ZTF_Adjusted_Dataset\stamps\VS\ZTF18aajgmln,,,,,,,,,,,,,,,,,,
ZTF19adgsmgt,28,4620,58224.447800899856,61037.58013889985,True,False,1,,,,,61037.58013889985,61037.58013889985,0.0,251.1661117,8.0287084,0.0858414024114608,0.0850000008940696,VS,stamp_classifier,0.94600666,27.5.7a32.dev1,VS,3.28358013241501e+18,F:\ZTF_Adjusted_Dataset\stamps\VS\ZTF19adgsmgt,,2.0,r,15.354872703552246,0.058989353477954865,1.0,0.7664139866828918,0.4339289963245392,0.5277860164642334,10.508872985839844,14.866462707519531,0.9860000014305115,2.673213481903076,f,28.0,4620.0,0.48100000619888306,0.003000000026077032
ZTF18aawdumc,24,3967,58261.2952430998,60295.5524420999,True,False,1,,,,,60295.54995370004,60295.54995370004,0.0,232.4727127,8.2904101,0.0858976393938064,0.0850000008940696,VS,stamp_classifier,0.94599205,23.12.20,VS,2.54154995031501e+18,F:\ZTF_Adjusted_Dataset\stamps\VS\ZTF18aawdumc,,2.0,r,14.297513008117676,0.0882430374622345,1.0,0.36820799112319946,-999.0,0.968270480632782,16.88844108581543,-999.0,0.9980000257492065,4.150000095367432,f,24.0,3967.0,0.6449999809265137,-0.03099999949336052
ZTF18aaaveyn,18,3272,58156.40775460005,60965.54712959984,True,True,5,,,,,58440.48513890011,60965.54712959984,2525.061990699731,188.7252179943952,32.24144250977074,0.0396621149372726,0.0335465144341046,VS,stamp_classifier,0.94595104,27.5.6,VS,6.86485132215015e+17,F:\ZTF_Adjusted_Dataset\stamps\VS\ZTF18aaaveyn,,1.0,g,15.450081825256348,0.07015855610370636,0.5,1.0,0.2448900043964386,0.6241697072982788,0.868358850479126,10.487310409545898,0.9789999723434448,6.340000152587891,t,7.0,257.0,0.9039999842643738,-0.04699999839067459
ZTF18ackaovq,39,7045,58284.475544000044,60722.22357639996,True,True,10,,,,,58829.13125000009,60722.22357639996,1893.0923263998704,27.238361287011344,29.609327357511777,0.0265593629202747,0.0230910950241306,VS,stamp_classifier,0.94595075,26.0.1,VS,1.07513124611501e+18,F:\ZTF_Adjusted_Dataset\stamps\VS\ZTF18ackaovq,,1.0,g,15.213388442993164,0.06471356004476547,1.0,0.5,0.016499999910593033,0.3641970157623291,1.7527234554290771,12.711324691772461,0.9950000047683716,2.3237500190734863,f,12.0,1064.0,0.6079999804496765,0.05700000002980232
ZTF19acgdqqb,27,3207,58775.46406249981,60970.45745369978,False,False,1,,,,,60970.45745369978,60970.45745369978,0.0,124.9800441,-3.6504939,0.0851728171110153,0.0850000008940696,VS,stamp_classifier,0.9459422,27.5.7a32.dev1,VS,3.216457451915015e+18,F:\ZTF_Adjusted_Dataset\stamps\VS\ZTF19acgdqqb,,2.0,r,16.123252868652344,0.043010156601667404,1.0,0.5,0.019291700795292854,1.8967485427856445,2.5343756675720215,19.412614822387695,0.9980000257492065,1.3070433139801025,t,27.0,3207.0,1.3009999990463257,0.05000000074505806
ZTF22aabapwz,2405,3835,58092.50048610009,60866.49598379992,True,False,377,,,,,59600.31068289978,60866.49598379992,1266.1853009001352,67.57743933685435,45.09862271997719,0.0054923709857079,0.0038770020063494,VS,stamp_classifier,0.94592613,27.5.6,VS,1.873323170015015e+18,F:\ZTF_Adjusted_Dataset\stamps\VS\ZTF22aabapwz,,2.0,r,15.090741157531738,0.06782961636781693,1.0,0.5,0.08572019636631012,1.1372593641281128,1.953934907913208,16.0770206451416,0.9950000047683716,2.492894411087036,t,1359.0,2493.0,1.0269999504089355,-0.05299999937415123
ZTF18aabkone,27,3558,58131.43451389996,60949.5398380002,True,True,2,,,,,58546.25471059978,60949.5398380002,2403.2851274004206,167.06666016067723,29.885212653714365,0.0595521882153312,0.0516332581488631,VS,stamp_classifier,0.9459145,27.5.6,VS,7.9225471531501e+17,F:\ZTF_Adjusted_Dataset\stamps\VS\ZTF18aabkone,,1.0,g,15.842863082885742,0.12844765186309814,1.0,0.5,0.9941669702529907,0.6203544735908508,20.245981216430664,22.535890579223633,0.7409999966621399,1.781453013420105,f,4.0,147.0,0.29899999499320984,0.010999999940395355
ZTF22acbrgqc,31,2866,58771.48749999981,60943.51386569999,False,False,2,,,,,60935.5178704001,60943.51386569999,7.995995299890637,133.07950545,0.80779415,0.0601100513488356,0.0601040770330592,VS,stamp_classifier,0.9458475,27.5.6,VS,3.189513861615015e+18,F:\ZTF_Adjusted_Dataset\stamps\VS\ZTF22acbrgqc,,2.0,r,13.167854309082031,0.004484873730689287,1.0,0.5,0.5,0.21606111526489258,0.3687186539173126,0.9992784261703491,0.9629999995231628,1.8182964324951172,t,31.0,2866.0,7.910999774932861,0.5210000276565552
ZTF22aabftjj,17,3200,58442.47953699995,59628.41443290003,True,True,1,,,,,59628.41443290003,59628.41443290003,0.0,184.0653898,33.9922793,,,VS,stamp_classifier,0.94584113,correction_1.0.6,VS,1.87441443461501e+18,F:\ZTF_Adjusted_Dataset\stamps\VS\ZTF22aabftjj,,2.0,r,16.05847930908203,0.061489734798669815,0.9844170212745667,0.5,0.0037499999161809683,1.0834299325942993,9.25017261505127,20.460350036621094,0.9959999918937683,1.7219643592834473,f,17.0,3200.0,0.640999972820282,-0.012000000104308128
ZTF19aamkerz,1513,2930,58095.53962960001,61016.40589120006,True,True,12,,,,,58776.51209490001,61016.40589120006,2239.89379630005,177.25848980297786,49.193287900619325,0.0322553791668709,0.0210791893703527,VS,stamp_classifier,0.94583416,27.5.7a32.dev1,VS,1.079447873715015e+18,F:\ZTF_Adjusted_Dataset\stamps\VS\ZTF19aamkerz,,2.0,r,16.442401885986328,0.08383430540561676,0.9941669702529907,0.5,0.5,0.774669349193573,4.936018943786621,17.96314239501953,0.9890000224113464,1.6536755561828613,t,336.0,519.0,0.42100000381469727,-0.008999999612569809
ZTF18acgnkaq,25,4624,58427.3894675998,60970.41038190015,True,False,1,,,,,60970.41038190015,60970.41038190015,0.0,123.59071579999998,72.9594363,0.2900542020797729,0.0850000008940696,VS,stamp_classifier,0.9458159,27.5.7a32.dev1,VS,3.21641038151501e+18,F:\ZTF_Adjusted_Dataset\stamps\VS\ZTF18acgnkaq,,2.0,r,14.775788307189941,0.016679910942912102,0.9991670250892639,0.5,0.2640419900417328,0.5843221545219421,14.28320598602295,21.965505599975586,0.996999979019165,1.979599118232727,f,25.0,4624.0,0.5019999742507935,-0.008999999612569809
ZTF23aajjuln,34,4242,58467.56780089997,61114.43431709986,True,False,3,,,,,60295.56613430008,61114.43431709986,818.8681827997789,236.9472798800078,7.610487253279477,0.0407891341914164,0.0404298347116235,VS,stamp_classifier,0.94580835,27.5.7a32.dev1,VS,2.541566134815015e+18,F:\ZTF_Adjusted_Dataset\stamps\VS\ZTF23aajjuln,,2.0,r,14.655031204223633,0.05852830782532692,0.9670829772949219,0.5,0.5,0.9202520251274109,1.1629090309143066,11.500317573547363,0.6449999809265137,2.2784645557403564,t,27.0,2901.0,0.47200000286102295,-0.014999999664723873
ZTF25aawubjs,21,4540,58431.402002300136,61057.24541669991,True,False,3,,,,,60848.48040510016,61057.24541669991,208.76501159975305,48.436404967966936,22.52903654609398,0.0477754074944866,0.0441294487808,VS,stamp_classifier,0.9457978,27.5.7a32.dev1,VS,3.0944804002150103e+18,F:\ZTF_Adjusted_Dataset\stamps\VS\ZTF25aawubjs,,2.0,r,14.955052375793457,0.02744276262819767,0.9662500023841858,0.9820830225944519,0.9623510241508484,0.965851902961731,18.208942413330078,22.883602142333984,0.996999979019165,2.7200539112091064,f,15.0,4124.0,0.1459999978542328,-0.009999999776482582
ZTF17aacrkpl,32,3889,58041.5,59994.25,True,False,6,3.019689,1.148885,1.767469,0.30242476,58742.515393500216,59994.32339120004,1251.807997699827,113.38415393333334,33.12466166666667,8.150812638460033e-05,6.672368894785671e-05,VS,stamp_classifier,0.94578886,1.1.6,VS,9.88515392915015e+17,F:\ZTF_Adjusted_Dataset\stamps\VS\ZTF17aacrkpl,,1.0,g,16.563617706298828,0.07531330734491348,0.9887499809265137,1.0,0.9775000214576721,0.5640413165092468,20.025236129760742,22.331310272216797,0.996999979019165,1.2298697233200073,t,9.0,623.0,0.25600001215934753,-0.003000000026077032
ZTF25abqhwqy,35,4541,58441.5251042,60931.52858800022,False,False,1,,,,,60931.52858800022,60931.52858800022,0.0,153.4307159,36.2790457,0.1054401248693466,0.0850000008940696,VS,stamp_classifier,0.94578564,27.5.6,VS,3.1775285848150103e+18,F:\ZTF_Adjusted_Dataset\stamps\VS\ZTF25abqhwqy,,2.0,r,15.346372604370117,0.07037947326898575,0.9983329772949219,0.5,0.02322619967162609,1.430787205696106,2.7316315174102783,19.211355209350586,0.996999979019165,1.7645330429077148,f,35.0,4541.0,0.9959999918937683,-0.032999999821186066
ZTF18aamuhfb,61,7588,58208.32519679982,61049.552824100014,True,False,16,,,,,58359.14146990003,61049.552824100014,2690.411354199983,218.64296590751536,55.05621860996314,0.0313620632745265,0.0179633240582304,VS,stamp_classifier,0.9457849,27.5.7a32.dev1,VS,6.3213616461501e+17,F:\ZTF_Adjusted_Dataset\stamps\VS\ZTF18aamuhfb,,1.0,g,16.576953887939453,0.1339111477136612,1.0,0.5,0.0024999999441206455,0.6147981286048889,8.678117752075195,22.22234344482422,0.01899999938905239,1.3568305969238281,f,40.0,1018.0,0.48899999260902405,-0.017999999225139618
ZTF18admsuvj,2550,3599,58131.09037039988,60690.18087959988,True,False,38,,,,,60660.21525460016,60690.18087959988,29.965624999720603,33.775588820547284,57.83470840784958,0.0222507371745493,0.0118454818103496,VS,stamp_classifier,0.9457797,26.0.1,VS,2.93618087481501e+18,F:\ZTF_Adjusted_Dataset\stamps\VS\ZTF18admsuvj,,2.0,r,14.850285530090332,0.04898581653833389,0.9027289748191833,0.5,0.784978985786438,1.1583462953567505,2.818098306655884,9.302665710449219,0.996999979019165,2.47190523147583,f,2550.0,3599.0,0.8759999871253967,0.03400000184774399
ZTF18aamzlnk,28,3210,58211.5,59780.25,True,False,4,0.55330676,0.525406,0.7695274,0.647827,58285.29978010012,59780.26817130018,1494.968391200062,231.113832125,32.854265600000005,0.0001104795418402,9.985612984009064e-05,VS,stamp_classifier,0.9457785,dev,VS,5.312997829150151e+17,F:\ZTF_Adjusted_Dataset\stamps\VS\ZTF18aamzlnk,,2.0,r,15.464829444885254,0.012566916644573212,0.9984380006790161,0.5,0.0005000000237487257,0.36577945947647095,6.997292518615723,20.80283546447754,0.9980000257492065,1.1625542640686035,t,6.0,564.0,0.5339999794960022,-0.035999998450279236
ZTF18acmtggl,31,5915,58249.156979199965,61068.28121529985,True,False,9,,,,,58512.43157410016,61068.28121529985,2555.8496411996894,114.85585803498262,49.73386268227284,0.037122022615888,0.0239934077379718,VS,stamp_classifier,0.94575346,27.5.7a32.dev1,VS,7.58431576215015e+17,F:\ZTF_Adjusted_Dataset\stamps\VS\ZTF18acmtggl,,2.0,r,14.339139938354492,0.06435498595237732,1.0,1.0,0.5,0.26770922541618347,16.581626892089844,16.970123291015625,0.996999979019165,1.2814245223999023,t,4.0,382.0,0.828000009059906,0.008999999612569809
ZTF19adluefl,29,4113,58267.31635419978,61121.38129629986,True,False,10,,,,,60383.434780099895,61121.38129629986,737.9465161999688,218.57040289753715,10.29107628587908,0.0057480855305739,0.0056556152379999,VS,stamp_classifier,0.94573534,27.5.7a32.dev1,VS,2.6294347830150103e+18,F:\ZTF_Adjusted_Dataset\stamps\VS\ZTF19adluefl,,2.0,r,14.619669914245605,0.08418263494968414,0.9895830154418945,0.5,0.5,0.6800180673599243,2.6315174102783203,3.727203130722046,0.9940000176429749,1.8104645013809204,f,19.0,2940.0,0.4729999899864197,-0.04600000008940697
ZTF18adjkxky,76,4712,58237.35861109989,61066.49710649997,True,False,1,,,,,61066.49710649997,61066.49710649997,0.0,258.8242184,34.2499905,0.1028321385383605,0.0850000008940696,VS,stamp_classifier,0.94566476,27.5.7a32.dev1,VS,3.312497104315015e+18,F:\ZTF_Adjusted_Dataset\stamps\VS\ZTF18adjkxky,,2.0,r,13.950128555297852,0.031165871769189835,0.9921879768371582,0.812375009059906,0.4429759979248047,0.4972926676273346,17.99709129333496,18.24445915222168,1.0,3.190000057220459,t,76.0,4712.0,0.7419999837875366,-0.04699999839067459
ZTF17aadgzev,20,4705,58041.465057900175,61115.367708299775,True,True,3,-1.7960823,1.1998163,-1.7960823,1.1998163,58384.44987270003,61115.367708299775,2730.917835599743,110.11061598749268,23.733020399232355,0.0107245344888473,0.00981756885162,VS,stamp_classifier,0.94564736,27.5.7a32.dev1,VS,6.304498713150103e+17,F:\ZTF_Adjusted_Dataset\stamps\VS\ZTF17aadgzev,,1.0,g,15.458235740661621,0.041062675416469574,0.992917001247406,0.13904200494289398,0.05608329921960831,0.3861897587776184,15.076822280883789,15.378838539123535,0.9980000257492065,2.319999933242798,f,3.0,154.0,0.9509999752044678,-0.04600000008940697
ZTF17aacrkgt,105,8226,58041.50949069997,61123.32701390004,True,False,25,,,,,58427.36670139991,61123.32701390004,2695.9603125001304,113.4564512169166,36.91917964457415,0.0080298086515813,0.0064197004695581,VS,stamp_classifier,0.9456268,27.5.7a32.dev1,VS,6.80440831015015e+17,F:\ZTF_Adjusted_Dataset\stamps\VS\ZTF17aacrkgt,,2.0,r,15.8677978515625,0.12828586995601654,0.9847919940948486,0.5,0.009999999776482582,0.21073433756828308,6.928689002990723,15.781601905822754,0.996999979019165,1.704453945159912,t,4.0,97.0,1.069000005722046,0.041999999433755875
ZTF19adgdnda,26,3392,58103.5,60249.5,True,False,3,,,,,59968.45615739981,60249.54273150023,281.0865741004236,190.7697615666667,18.576423266666666,0.0001274286597738,7.009695666293458e-05,VS,stamp_classifier,0.94561625,1.2.1,VS,2.22930098161501e+18,F:\ZTF_Adjusted_Dataset\stamps\VS\ZTF19adgdnda,,2.0,r,14.639776229858398,0.025830287486314774,0.9574999809265137,0.5,0.5,0.7020066976547241,5.163501739501953,14.621305465698242,0.996999979019165,2.3413493633270264,f,24.0,2984.0,0.5389999747276306,-0.010999999940395355
ZTF22aalsxql,27,2965,58217.26207179995,60635.46170140011,False,False,1,,,,,60635.46170140011,60635.46170140011,0.0,182.8974106,23.379613000000003,0.0708141326904296,0.0649999976158142,VS,stamp_classifier,0.94559246,25.0.0,VS,2.881461700415015e+18,F:\ZTF_Adjusted_Dataset\stamps\VS\ZTF22aalsxql,,1.0,g,15.907520294189453,0.0941295251250267,0.9539579749107361,0.0,0.008500000461935997,1.6601804494857788,16.264394760131836,19.965137481689453,0.996999979019165,1.6536755561828613,t,27.0,2965.0,0.32899999618530273,0.004000000189989805
ZTF18aacleyk,70,8947,58132.387858800124,60980.48474540003,True,True,15,,,,,58427.39052079991,60980.48474540003,2553.0942246001214,124.5744078815178,44.0111951436631,0.0240095043134973,0.0172677324401283,VS,stamp_classifier,0.9455523,27.5.7a32.dev1,VS,6.80430135315015e+17,F:\ZTF_Adjusted_Dataset\stamps\VS\ZTF18aacleyk,,1.0,g,17.565505981445312,0.18736901879310608,0.9983329772949219,0.5,0.01291669998317957,1.4230607748031616,15.763075828552246,16.039426803588867,0.949999988079071,1.9835829734802246,t,4.0,280.0,1.0219999551773071,-0.02800000086426735
ZTF25aaasvyu,20,4360,58883.478148099966,60680.413912000135,False,False,1,,,,,60680.413912000135,60680.413912000135,0.0,207.3527678,25.6680413,0.0943062603473663,0.0850000008940696,VS,stamp_classifier,0.94554293,26.0.1,VS,,F:\ZTF_Adjusted_Dataset\stamps\VS\ZTF25aaasvyu,,,,,,,,,,,,,,,,,,
ZTF18adjzfjx,1818,3052,58165.49041670002,61037.55729170004,True,False,11,,,,,61011.54798609996,61037.55729170004,26.009305600076917,219.47370987122048,34.98997292892691,0.0265594377389113,0.0217588830401701,VS,stamp_classifier,0.9455392,27.5.7a32.dev1,VS,3.28355729401501e+18,F:\ZTF_Adjusted_Dataset\stamps\VS\ZTF18adjzfjx,,2.0,r,15.585929870605469,0.04954847693443298,0.9367200136184692,0.0008333330042660236,0.5,1.1754562854766846,15.275443077087402,25.14872932434082,0.9959999918937683,2.152317762374878,f,1818.0,3052.0,0.3109999895095825,-0.010999999940395355
ZTF24abszmfi,18,3412,58442.48543980019,60633.499247699976,False,False,1,,,,,60633.499247699976,60633.499247699976,0.0,147.7244139,1.0139859,0.0850133150815963,0.0850000008940696,VS,stamp_classifier,0.9455348,25.0.0,VS,2.879499240315015e+18,F:\ZTF_Adjusted_Dataset\stamps\VS\ZTF24abszmfi,,2.0,r,16.052217483520508,0.04015287011861801,0.992917001247406,0.9907079935073853,0.09391669929027557,1.5956840515136719,12.203662872314453,26.70969581604004,0.996999979019165,1.5193227529525757,t,18.0,3412.0,1.0499999523162842,-0.004999999888241291
ZTF18aabsemk,26,4308,58182.18649310013,61113.27571759978,True,False,14,,,,,58435.51802079985,61113.27571759978,2677.757696799934,122.37893491030572,15.388454619547868,0.0092093931297469,0.0088792260684315,VS,stamp_classifier,0.94551915,27.5.7a32.dev1,VS,6.815180252150152e+17,F:\ZTF_Adjusted_Dataset\stamps\VS\ZTF18aabsemk,,2.0,r,16.061214447021484,0.036099471151828766,0.9785419702529907,0.9827499985694885,0.021666700020432472,0.6733063459396362,9.006257057189941,10.609330177307129,0.9940000176429749,2.176391363143921,t,2.0,127.0,0.4309999942779541,-0.017999999225139618
ZTF19adkxmyg,65,5723,58279.23472219985,60639.55677080015,False,False,4,,,,,59914.54172449978,60639.55677080015,725.0150463003665,219.93498998629343,15.26036695339455,0.0405971539397924,0.0391656863175284,VS,stamp_classifier,0.94551176,25.0.0,VS,2.16054172031501e+18,F:\ZTF_Adjusted_Dataset\stamps\VS\ZTF19adkxmyg,,2.0,r,15.575508117675781,0.027616409584879875,0.9850000143051147,0.5,0.00708332983776927,1.4481303691864014,13.445764541625977,20.429351806640625,0.9959999918937683,1.8191646337509155,f,48.0,3964.0,0.5989999771118164,0.020999999716877937
ZTF20aapqkwh,41,2881,58428.274687500205,61066.2874305998,True,True,2,,,,,59190.41319439979,61066.2874305998,1875.8742362000048,61.190025136035295,-6.128550755017919,0.0519300477029032,0.0516332581488631,VS,stamp_classifier,0.94549525,27.5.7a32.dev1,VS,1.43641319031501e+18,F:\ZTF_Adjusted_Dataset\stamps\VS\ZTF20aapqkwh,,1.0,g,15.645227432250977,0.04185599461197853,0.9966670274734497,0.7556310296058655,0.0062500000931322575,0.5890234708786011,1.0691536664962769,26.487693786621094,0.6589999794960022,2.3399999141693115,f,18.0,956.0,0.28299999237060547,-0.007000000216066837
ZTF17aacsnkj,152,7172,58041.51003469992,61093.219143500086,False,False,39,,,,,58435.51556710014,61093.219143500086,2657.7035763999447,121.44660904152136,29.611298960917168,0.0134041689269328,0.0116535507168343,VS,stamp_classifier,0.94545573,27.5.7a32.dev1,VS,6.815175353150153e+17,F:\ZTF_Adjusted_Dataset\stamps\VS\ZTF17aacsnkj,,2.0,r,15.694250106811523,0.02836700528860092,1.0,0.5,0.5,1.4567877054214478,4.272765636444092,7.426459312438965,0.9860000014305115,2.612273931503296,t,3.0,392.0,0.44699999690055847,-0.0010000000474974513
ZTF17aadkrvv,17,4841,58041.463981499895,60970.43491900014,True,True,5,,,,,58438.32825230016,60970.43491900014,2532.106666699983,105.54753271234044,35.55935520373167,0.0437254059438955,0.0355712084652305,VS,stamp_classifier,0.94544196,27.5.7a32.dev1,VS,6.852964151150152e+17,F:\ZTF_Adjusted_Dataset\stamps\VS\ZTF17aadkrvv,,2.0,r,15.158634185791016,0.07416696101427078,1.0,0.5,0.2763330042362213,0.2067060023546219,1.7269032001495361,3.839240074157715,0.8080000281333923,2.5299999713897705,t,9.0,252.0,1.1629999876022339,-0.007000000216066837
ZTF18aaemjaf,30,5266,58380.46908560023,60970.48734949995,True,False,8,,,,,58380.46908560023,60970.48734949995,2590.018263899721,113.69450012764348,30.59534797991249,0.0299920175250187,0.0258166290744315,VS,stamp_classifier,0.9454399,27.5.7a32.dev1,VS,6.264690800150104e+17,F:\ZTF_Adjusted_Dataset\stamps\VS\ZTF18aaemjaf,,2.0,r,15.082594871520996,0.014348085038363934,0.9845830202102661,0.20524699985980988,0.8802499771118164,0.5540437698364258,23.31829833984375,26.461355209350586,0.996999979019165,1.686761736869812,f,1.0,192.0,1.6139999628067017,-0.035999998450279236
ZTF22aadjdyt,61,2791,58558.22458329983,60935.5178704001,False,False,1,,,,,60935.5178704001,60935.5178704001,0.0,133.2236759,3.598275,0.0851678997278213,0.0850000008940696,VS,stamp_classifier,0.94542134,27.5.6,VS,3.181517875115015e+18,F:\ZTF_Adjusted_Dataset\stamps\VS\ZTF22aadjdyt,,2.0,r,12.155959129333496,0.02566605620086193,0.5,0.5,0.5,0.31987541913986206,0.42752835154533386,0.7452885508537292,0.9990000128746033,6.050000190734863,t,61.0,2791.0,10.965999603271484,0.328000009059906
ZTF18acicnum,22,4158,58424.53646990005,60337.12802080018,True,False,1,,,,,60337.12802080018,60337.12802080018,0.0,136.1867973,37.2002991,0.1067133024334907,0.0850000008940696,VS,stamp_classifier,0.94537795,23.12.25,VS,2.58312802031501e+18,F:\ZTF_Adjusted_Dataset\stamps\VS\ZTF18acicnum,,2.0,r,15.91537094116211,0.07225245237350464,0.9975000023841858,0.5,0.013541700318455696,1.1822748184204102,4.411704063415527,12.446496963500977,0.9940000176429749,1.8612068891525269,f,22.0,4158.0,0.781000018119812,-0.029999999329447746
ZTF18aabsiqq,43,3875,58068.443449100014,61121.153229199816,True,True,10,,,,,58438.415648099966,61121.153229199816,2682.737581099849,113.49336607615284,16.700547893777337,0.0095967857046193,0.0091919903759155,VS,stamp_classifier,0.9453706,27.5.7a32.dev1,VS,6.8832633001501e+17,F:\ZTF_Adjusted_Dataset\stamps\VS\ZTF18aabsiqq,,2.0,r,15.83858585357666,0.06414124369621277,1.0,0.9724169969558716,0.01875000074505806,0.440731018781662,10.005719184875488,10.92500114440918,0.9959999918937683,1.3369020223617554,f,5.0,198.0,0.6669999957084656,-0.004000000189989805
ZTF26aamipgw,20,4252,58687.16607639985,61116.44505790016,True,False,1,,,,,61116.44505790016,61116.44505790016,0.0,232.4676122,14.8196998,0.0103440908715128,0.0099999997764825,VS,stamp_classifier,0.9453586,27.5.7a32.dev1,VS,3.362445056115015e+18,F:\ZTF_Adjusted_Dataset\stamps\VS\ZTF26aamipgw,,3.0,i,14.533801078796387,0.07697969675064087,0.9122920036315918,0.5,0.8296729922294617,1.231857180595398,1.6427812576293945,10.159744262695312,0.9959999918937683,1.4899407625198364,t,20.0,4252.0,0.9079999923706055,-0.02199999988079071
ZTF17aadkqgg,45,5458,58041.463981499895,61096.19973379979,True,False,18,,,,,58384.41656249994,61096.19973379979,2711.783171299845,106.113785000763,33.44743038037614,0.0200516160899875,0.0167309051458085,VS,stamp_classifier,0.9453376,27.5.7a32.dev1,VS,6.304165635150103e+17,F:\ZTF_Adjusted_Dataset\stamps\VS\ZTF17aadkqgg,,1.0,g,15.332345008850098,0.09947361052036285,0.987500011920929,0.8396250009536743,0.25781500339508057,0.48813438415527344,6.183307647705078,15.018071174621582,0.996999979019165,1.4675183296203613,f,10.0,186.0,0.5809999704360962,-0.013000000268220901
ZTF21aavpujo,30,3240,58457.56557870004,60640.5599421002,True,False,2,,,,,60639.56303239986,60640.5599421002,0.996909700334072,223.0601061999833,7.45005785,0.0606157792866518,0.0601040770330592,VS,stamp_classifier,0.9453299,25.0.0,VS,2.8865599448150154e+18,F:\ZTF_Adjusted_Dataset\stamps\VS\ZTF21aavpujo,,2.0,r,15.746636390686035,0.10804878175258636,0.9854999780654907,0.9827079772949219,0.9890000224113464,1.0859912633895874,8.679939270019531,29.3701229095459,0.9950000047683716,1.6460195779800415,t,30.0,3240.0,0.6340000033378601,-0.05999999865889549
ZTF18ackubnf,30,4718,58431.50452549989,60970.37097219983,True,False,11,,,,,58435.34587959992,60970.37002310017,2535.0241435002536,104.57595661201051,36.8555758298898,0.0278491297177812,0.0222834795291236,VS,stamp_classifier,0.94531095,27.5.7a32.dev1,VS,6.8831688491501e+17,F:\ZTF_Adjusted_Dataset\stamps\VS\ZTF18ackubnf,,2.0,r,15.035842895507812,0.047437697649002075,0.9881250262260437,0.990041971206665,1.0,0.4765327274799347,8.766767501831055,18.116697311401367,0.996999979019165,1.3345378637313843,f,2.0,132.0,0.6539999842643738,0.017999999225139618
ZTF18aclhoxl,23,3065,58045.5,60199.5,True,False,2,,,,,58801.5287269,60199.52131940005,1397.992592500057,136.9243687,33.7776474,8.513565646500191e-05,3.111269833385045e-06,VS,stamp_classifier,0.94528145,1.2.1,VS,1.047528723515015e+18,F:\ZTF_Adjusted_Dataset\stamps\VS\ZTF18aclhoxl,,2.0,r,15.514656066894531,0.0851958617568016,0.9975000023841858,0.9670829772949219,0.0,0.9347169995307922,10.303973197937012,26.549898147583008,0.996999979019165,1.3202643394470215,t,10.0,856.0,0.7419999837875366,-0.014000000432133675
ZTF19acrsmie,32,5279,58124.378888899926,61115.37378469994,True,False,5,,,,,59452.510868099984,61115.37378469994,1662.8629165999591,117.35077555315635,24.729018373137983,0.0106674010861114,0.0096891620604338,VS,stamp_classifier,0.9452641,27.5.7a32.dev1,VS,1.69851086301501e+18,F:\ZTF_Adjusted_Dataset\stamps\VS\ZTF19acrsmie,,2.0,r,13.058085441589355,0.012818509712815285,1.0,0.5,0.00779167003929615,0.39844027161598206,7.4115071296691895,28.675609588623047,1.0,2.0399999618530273,f,25.0,3129.0,0.8700000047683716,0.07100000232458115
ZTF17aacqhwe,22,3710,58041.5,59901.5,True,False,4,2.041647,-0.355875,2.3572443,-0.36914358,58602.16513889981,59901.42273150012,1299.2575926003046,117.498455125,24.69088845,0.0001011427497804,0.0001318228230105,VS,stamp_classifier,0.9452369,1.1.6,VS,8.4816513301501e+17,F:\ZTF_Adjusted_Dataset\stamps\VS\ZTF17aacqhwe,,2.0,r,14.130139350891113,0.06244276836514473,0.9987499713897705,0.03554169833660126,0.016249999403953552,0.12733028829097748,9.247145652770996,21.164451599121094,0.9819999933242798,2.619999885559082,f,7.0,459.0,1.0529999732971191,-0.0560000017285347
ZTF18adjocdr,584,4796,58110.56998840021,61037.46600690018,True,False,5,,,,,61004.54428240005,61037.46600690018,32.92172450013459,207.04375069696644,24.92402824241459,0.0334742282473471,0.030356683701931,VS,stamp_classifier,0.9451901,27.5.7a32.dev1,VS,3.256488681915015e+18,F:\ZTF_Adjusted_Dataset\stamps\VS\ZTF18adjocdr,,1.0,g,15.731350898742676,0.10076355189085007,0.9970830082893372,0.9808329939842224,0.1096310019493103,1.6705409288406372,10.337526321411133,11.034460067749023,0.9940000176429749,1.9270590543746948,t,629.0,4743.0,0.47999998927116394,-0.03500000014901161
ZTF18adpqkge,17,2999,58464.56802080013,60295.54995370004,True,False,1,,,,,60295.54995370004,60295.54995370004,0.0,232.5391029,12.3782096,0.0870229452848434,0.0850000008940696,VS,stamp_classifier,0.94518024,23.12.20,VS,2.54154995351501e+18,F:\ZTF_Adjusted_Dataset\stamps\VS\ZTF18adpqkge,,2.0,r,14.621288299560547,0.07304754853248596,0.992917001247406,0.5,0.5,1.2881907224655151,3.556835651397705,21.042978286743164,0.9789999723434448,2.3554680347442627,f,17.0,2999.0,0.36500000953674316,0.026000000536441803
ZTF18aaglaom,50,5269,58104.3462731,61116.28567129979,True,False,13,,,,,58436.381226900034,61116.28567129979,2679.9044443997554,122.55303922536176,22.60463103082124,0.020909231620397,0.0193029659961213,VS,stamp_classifier,0.94517213,27.5.7a32.dev1,VS,6.8238122571501e+17,F:\ZTF_Adjusted_Dataset\stamps\VS\ZTF18aaglaom,,2.0,r,14.969343185424805,0.04381462559103966,0.9668750166893005,0.5,0.1669050008058548,1.4322998523712158,8.954012870788574,9.98818302154541,0.9869999885559082,2.3608245849609375,f,2.0,188.0,0.6290000081062317,0.004000000189989805
ZTF25aactpwo,58,4170,58355.36781249987,60699.1125810002,False,False,2,,,,,60697.16489579994,60699.1125810002,1.947685200255364,357.30845324990287,36.5135476,0.0747827127462602,0.0601040770330592,VS,stamp_classifier,0.94517165,26.0.1,VS,2.943164896015015e+18,F:\ZTF_Adjusted_Dataset\stamps\VS\ZTF25aactpwo,,2.0,r,15.023261070251465,0.053328149020671844,0.9391670227050781,0.5,0.0863185003399849,1.5498348474502563,6.771897315979004,14.006051063537598,0.8960000276565552,2.313535690307617,t,42.0,4165.0,0.3919999897480011,-0.006000000052154064
ZTF26aaonovj,61,2696,58512.25575229991,61121.31483800011,True,False,3,,,,,61113.35247689998,61121.31483800011,7.962361100129783,157.0496623993159,-13.51773528419989,0.0415817509432172,0.0404298347116235,VS,stamp_classifier,0.94515085,27.5.7a32.dev1,VS,3.367314831415015e+18,F:\ZTF_Adjusted_Dataset\stamps\VS\ZTF26aaonovj,,1.0,g,15.375797271728516,0.11815497279167175,0.9958329796791077,0.002083329949527979,0.01544640026986599,1.1190032958984375,15.513652801513672,25.693395614624023,0.9800000190734863,1.8645970821380615,t,61.0,2696.0,0.734000027179718,-0.006000000052154064
ZTF22aahbccz,18,4674,58442.55234949989,61013.55383099988,False,False,1,,,,,61013.55383099988,61013.55383099988,0.0,204.9236527,22.5876844,0.0920618027448654,0.0850000008940696,VS,stamp_classifier,0.9451288,27.5.7a32.dev1,VS,3.25955383481501e+18,F:\ZTF_Adjusted_Dataset\stamps\VS\ZTF22aahbccz,,2.0,r,15.31658935546875,0.02942524291574955,1.0,0.5,0.5,1.5423160791397095,3.093924045562744,4.171439170837402,0.9900000095367432,2.4170031547546387,f,18.0,4674.0,0.46299999952316284,0.012000000104308128
ZTF25aaialsn,58,7240,58094.43804399995,60970.28740740009,True,False,6,,,,,60824.49212960014,60970.28740740009,145.79527779994532,27.51847350153725,32.68165999082993,0.0389858357746465,0.0328137413185874,VS,stamp_classifier,0.94512105,27.5.7a32.dev1,VS,3.0704921248150103e+18,F:\ZTF_Adjusted_Dataset\stamps\VS\ZTF25aaialsn,,2.0,r,14.64421272277832,0.034487590193748474,0.996874988079071,0.9848330020904541,0.15987500548362732,0.3576416075229645,16.327728271484375,18.144554138183594,0.996999979019165,1.3591558933258057,f,54.0,6633.0,0.5630000233650208,-0.05000000074505806
ZTF20aauuxow,25,3541,58449.48416669993,60620.53881940013,False,False,3,,,,,58954.27387729986,60620.53881940013,1666.2649421002716,183.19209226359985,11.896958744578336,0.0413173357375937,0.0404298347116235,VS,stamp_classifier,0.9451005,25.0.0,VS,1.200273873515015e+18,F:\ZTF_Adjusted_Dataset\stamps\VS\ZTF20aauuxow,,1.0,g,16.984516143798828,0.08315159380435944,0.9958329796791077,0.5,0.5,1.8879610300064087,3.8928418159484863,5.904267311096191,0.7310000061988831,1.3427940607070923,t,4.0,521.0,0.33899998664855957,-0.013000000268220901
ZTF18ablhpud,17,3277,58285.29695599992,60295.55042820005,False,False,2,,,,,58333.16395829991,60295.55042820005,1962.3864699001424,240.6956571999991,15.42043989999896,0.0881742161058104,0.0850000005863921,VS,stamp_classifier,0.94509083,corr_bulk_0.0.1,VS,5.79163956015015e+17,F:\ZTF_Adjusted_Dataset\stamps\VS\ZTF18ablhpud,,2.0,r,17.375070571899414,0.12446890771389008,0.5,0.06345830112695694,0.0926131010055542,1.6312742233276367,13.827620506286621,14.544713020324707,0.9850000143051147,1.2104597091674805,t,1.0,20.0,0.6669999957084656,0.023000000044703484
ZTF23abdssbq,21,4193,58041.465057900175,60734.29134259978,True,False,2,,,,,60710.25258099986,60734.29134259978,24.03876159992069,109.9662986739617,23.394561471622847,0.0562581072939297,0.0516332581488631,VS,stamp_classifier,0.9450907,26.0.1,VS,2.980291341315015e+18,F:\ZTF_Adjusted_Dataset\stamps\VS\ZTF23abdssbq,,1.0,g,15.793448448181152,0.06602064520120621,1.0,0.5,0.04924999922513962,1.2333894968032837,18.301748275756836,28.119325637817383,0.9860000014305115,1.9954869747161865,t,21.0,4193.0,0.33500000834465027,-0.012000000104308128
ZTF19aabyuih,22,4103,58131.4553704001,61013.48656249978,True,False,3,1.2228794,,1.2228794,,58464.54680560017,61013.48656249978,2548.9397568996064,183.9739760448828,15.543707002709896,0.045804696062817,0.0441294487808,VS,stamp_classifier,0.9450769,27.5.7a32.dev1,VS,7.3748254031501e+17,F:\ZTF_Adjusted_Dataset\stamps\VS\ZTF19aabyuih,,1.0,g,17.363378524780273,0.08331938832998276,0.9983329772949219,0.1370829939842224,0.014375000260770321,1.5362359285354614,12.818479537963867,24.47980308532715,0.6949999928474426,1.868826150894165,f,3.0,300.0,0.5139999985694885,-0.028999999165534973
ZTF18aahcshg,24,3945,58211.46109949984,61049.53907410009,True,False,2,,,,,61013.53405090002,61049.53907410009,36.0050232000649,222.68175262968325,48.79529092554709,0.0783805029966015,0.0516332581488631,VS,stamp_classifier,0.9450764,27.5.7a32.dev1,VS,3.259534054115015e+18,F:\ZTF_Adjusted_Dataset\stamps\VS\ZTF18aahcshg,,1.0,g,14.042539596557617,0.02127527818083763,1.0,0.5,0.9987499713897705,1.3556408882141113,14.273336410522461,25.324657440185547,0.9909999966621399,6.199999809265137,t,25.0,3930.0,0.8299999833106995,-0.028999999165534973
ZTF18abkfhdx,20,4281,58214.393969899975,61121.39388890006,True,True,5,,,,,58329.17524310015,61121.39388890006,2792.218645799905,232.54546357970645,9.606659491724692,0.0097819468347662,0.0096447712710337,VS,stamp_classifier,0.94506055,27.5.7a32.dev1,VS,5.7517524131501504e+17,F:\ZTF_Adjusted_Dataset\stamps\VS\ZTF18abkfhdx,,1.0,g,14.864827156066895,0.07043886929750443,0.9991670250892639,0.7412440180778503,0.033208299428224564,0.2868026793003082,14.204200744628906,16.89933204650879,0.9980000257492065,1.2875704765319824,t,2.0,47.0,0.26600000262260437,-0.007000000216066837
ZTF19aavhkez,19,3422,58619.3551852,60687.55396990013,True,True,12,,,,,58619.3551852,60687.55396990013,2068.198784700129,243.6303128260245,4.16756303752236,0.0232643351135293,0.0232028190024743,VS,stamp_classifier,0.9450561,26.0.1,VS,8.65355182915015e+17,F:\ZTF_Adjusted_Dataset\stamps\VS\ZTF19aavhkez,,2.0,r,15.76571273803711,0.08230702579021454,0.9662500023841858,0.5,0.5,1.1632955074310303,1.9652292728424072,14.516313552856445,0.9940000176429749,1.7237972021102905,t,1.0,181.0,1.0260000228881836,-0.04500000178813934
ZTF17aadkrgz,43,5420,58041.463981499895,61006.45137730008,True,False,15,,,,,58431.50392360008,61006.45137730008,2574.947453700006,107.10532491212554,36.85641897090315,0.0237716210248108,0.0190206512066627,VS,stamp_classifier,0.9450297,27.5.7a32.dev1,VS,6.843291660150152e+17,F:\ZTF_Adjusted_Dataset\stamps\VS\ZTF17aadkrgz,,2.0,r,13.549610137939453,0.031807880848646164,1.0,0.9906250238418579,0.9287919998168945,0.1901988685131073,12.377643585205078,27.235132217407227,0.9980000257492065,1.9900000095367432,t,11.0,285.0,0.3869999945163727,-0.004999999888241291
ZTF25acfwmxg,13,5885,58575.292060200125,61013.54781250004,True,False,1,,,,,61013.54781250004,61013.54781250004,0.0,176.9885084,29.492891,0.0746768712997436,0.0649999976158142,VS,stamp_classifier,0.94500667,27.5.7a32.dev1,VS,3.25954781611501e+18,F:\ZTF_Adjusted_Dataset\stamps\VS\ZTF25acfwmxg,,1.0,g,14.390829086303711,0.012674358673393726,1.0,0.009791670367121696,0.015124999918043613,1.1066157817840576,11.090229034423828,21.68408203125,0.996999979019165,1.9803965091705322,f,13.0,5885.0,1.1619999408721924,0.029999999329447746
ZTF19aafvkzg,35,5250,58512.26309029991,60912.50597220007,True,True,9,,,,,58772.34460650012,60912.50597220007,2140.1613656999543,113.79957266341329,33.57789724992016,0.0305810700469498,0.0254781491327846,VS,stamp_classifier,0.94500595,27.5.6,VS,1.01834460351501e+18,F:\ZTF_Adjusted_Dataset\stamps\VS\ZTF19aafvkzg,,1.0,g,15.33417797088623,0.07837753742933273,0.9920830130577087,0.984000027179718,0.2895829975605011,0.4439372718334198,12.24494743347168,22.987470626831055,0.9959999918937683,2.0493547916412354,f,7.0,647.0,0.34299999475479126,0.014000000432133675
ZTF18acvdcqm,58,5777,58464.29752309993,61117.17912039999,True,False,25,,,,,58464.29752309993,61117.17912039999,2652.88159730006,113.61667151160728,34.05549830996609,0.0189665769506819,0.0157137242396002,VS,stamp_classifier,0.9449361,27.5.7a32.dev1,VS,7.39235133515015e+17,F:\ZTF_Adjusted_Dataset\stamps\VS\ZTF18acvdcqm,,1.0,g,16.8804874420166,0.16880805790424347,0.9835420250892639,0.5,0.9933329820632935,0.5345801115036011,3.0027029514312744,13.329418182373047,0.996999979019165,1.3498305082321167,t,4.0,308.0,0.4429999887943268,0.03200000151991844
ZTF23abvbuzk,25,3113,58619.35659720004,60295.56423609983,True,False,1,,,,,60295.56423609983,60295.56423609983,0.0,239.7806478,8.0547817,0.0858469158411026,0.0850000008940696,VS,stamp_classifier,0.94492155,23.12.20,VS,2.5415642314150103e+18,F:\ZTF_Adjusted_Dataset\stamps\VS\ZTF23abvbuzk,,2.0,r,15.851014137268066,0.05629657953977585,0.9765419960021973,0.9862499833106995,0.014166699722409248,1.468300700187683,13.070188522338867,20.66876792907715,0.7850000262260437,2.2322604656219482,f,25.0,3113.0,0.3880000114440918,-0.03500000014901161
ZTF20abhemwr,148,3028,58302.25,60249.5,True,False,3,,,,,60248.530509300064,60249.52652780013,0.9960185000672936,183.88881763333333,16.259484933333333,0.0001066316244559,0.0001714182117888,VS,stamp_classifier,0.9449117,1.2.1,VS,2.49454299131501e+18,F:\ZTF_Adjusted_Dataset\stamps\VS\ZTF20abhemwr,,2.0,r,16.69598960876465,0.06241859868168831,1.0,0.0,0.1822499930858612,1.5694901943206787,14.00214958190918,28.35174560546875,0.8519999980926514,2.1390726566314697,f,57.0,3024.0,0.47999998927116394,0.004999999888241291
ZTF17aacriru,29,5012,58041.50949069997,60781.30230320012,True,True,8,,,,,58380.46908560023,60781.30230320012,2400.833217599895,113.81607870921732,30.58654974591521,0.0321704741762213,0.0276943223849495,VS,stamp_classifier,0.94490325,26.0.1,VS,6.264690800150104e+17,F:\ZTF_Adjusted_Dataset\stamps\VS\ZTF17aacriru,,2.0,r,15.80251693725586,0.020023632794618607,0.9970830082893372,0.5,0.002916669938713312,0.6138270497322083,2.3088269233703613,27.962533950805664,0.996999979019165,1.686761736869812,f,6.0,192.0,1.1979999542236328,-0.0020000000949949026
ZTF25acbydlg,1150,3116,58262.33432869986,61078.560636600014,True,False,9,,,,,61054.57087960001,61078.55918980017,23.988310200162232,260.53746857772205,-13.346561266666669,0.0291198130558964,0.0283333336313565,VS,stamp_classifier,0.94488186,27.5.7a32.dev1,VS,3.30157116071501e+18,F:\ZTF_Adjusted_Dataset\stamps\VS\ZTF25acbydlg,,2.0,r,14.715717315673828,0.026388203725218773,0.984375,0.7862499952316284,0.05333330109715462,0.8625596761703491,4.661306381225586,8.503643035888672,0.9990000128746033,3.869999885559082,f,1408.0,3096.0,0.41999998688697815,-0.014999999664723873
ZTF18aagkmir,38,6576,58436.37027780013,61120.34225689992,True,False,17,,,,,58435.51753470022,61120.34225689992,2684.824722199701,124.89347596379903,22.616498128309168,0.0096105523749989,0.0088714963194253,VS,stamp_classifier,0.94487417,27.5.7a32.dev1,VS,6.815175303150156e+17,F:\ZTF_Adjusted_Dataset\stamps\VS\ZTF18aagkmir,,2.0,r,15.60817813873291,0.05479562282562256,0.9845830202102661,0.5,0.5,1.2778260707855225,1.991320013999939,16.144227981567383,0.9909999966621399,2.4287331104278564,t,1.0,162.0,1.0069999694824219,0.006000000052154064
ZTF18acmskms,45,4967,58436.38721060008,61078.4103472,True,False,27,,,,,58436.38721060008,61078.4103472,2642.0231365999207,134.6091968042765,15.407689283653593,0.0150985072861224,0.0145558631063157,VS,stamp_classifier,0.94485956,27.5.7a32.dev1,VS,7.0151982571501e+17,F:\ZTF_Adjusted_Dataset\stamps\VS\ZTF18acmskms,,2.0,r,16.208314895629883,0.13385649025440216,0.971875011920929,0.4875060021877289,0.9891669750213623,1.2502351999282837,7.537935733795166,25.955415725708008,0.8100000023841858,1.5141178369522095,f,4.0,218.0,0.9229999780654907,0.03700000047683716
ZTF18aasvztk,98,5120,58131.45438659983,60659.48846059991,True,False,17,,,,,58269.19025459979,60659.48846059991,2390.298206000123,196.28746945207303,29.87014729973782,0.0196789732322824,0.017064746292129,VS,stamp_classifier,0.94485736,25.0.0,VS,5.31214895315015e+17,F:\ZTF_Adjusted_Dataset\stamps\VS\ZTF18aasvztk,,1.0,g,14.237292289733887,0.016941068693995476,0.5,0.9827079772949219,0.24674999713897705,0.21041937172412872,0.24294809997081757,13.338255882263184,0.9990000128746033,1.259050726890564,t,28.0,459.0,0.2549999952316284,0.003000000026077032
ZTF19abbkncr,21,5943,58434.25659719994,60560.34138889983,True,True,4,,,,,58660.44289349997,60560.34138889983,1899.8984953998588,357.1837511999995,25.171037200001425,0.0939182775682437,0.084999999971037,VS,stamp_classifier,0.9448536,24.5.2a6,VS,9.0644289161501e+17,F:\ZTF_Adjusted_Dataset\stamps\VS\ZTF19abbkncr,,1.0,g,17.171091079711914,0.21222223341464996,0.9991670250892639,0.5,0.5,0.1453389674425125,8.454217910766602,16.50982666015625,0.9520000219345093,1.1947046518325806,f,3.0,167.0,1.940000057220459,-0.09600000083446503
ZTF18aabjmyv,27,5516,58129.288263900205,60661.33885420021,True,False,9,,,,,58431.462754600216,60661.33885420021,2229.876099599991,116.5937376938884,43.99660488697209,0.0354167694707011,0.0254781491327846,VS,stamp_classifier,0.94481033,26.0.1,VS,6.86422011515015e+17,F:\ZTF_Adjusted_Dataset\stamps\VS\ZTF18aabjmyv,,1.0,g,16.687381744384766,0.06605233997106552,1.0,1.0,0.0008333330042660236,0.6775293350219727,19.468656539916992,21.872783660888672,0.9850000143051147,1.199979305267334,t,9.0,219.0,0.20800000429153442,0.007000000216066837
ZTF19aczbccp,31,2880,58041.46184029989,59456.450081000105,True,True,6,,,,,58872.28869209997,59456.450081000105,584.161388900131,106.1448925,33.52265581666666,0.0001675203748792,0.000113962439719,VS,stamp_classifier,0.94479424,correction_1.0.6,VS,1.118288694615015e+18,F:\ZTF_Adjusted_Dataset\stamps\VS\ZTF19aczbccp,,2.0,r,16.11802101135254,0.07607182115316391,1.0,0.09075000137090683,0.20242300629615784,1.1430542469024658,3.52274489402771,10.690811157226562,0.01899999938905239,1.247713327407837,t,15.0,1695.0,0.7059999704360962,-0.009999999776482582
ZTF22abvkjbv,17,3973,58473.384178199805,61053.30616899999,False,False,5,4.2483068,,2.8777013,,59903.3623147998,61053.30616899999,1149.943854200188,97.71434212173769,32.37049503925973,0.0397186437180299,0.0335465144341046,VS,stamp_classifier,0.9447941,27.5.7a32.dev1,VS,2.149362311615015e+18,F:\ZTF_Adjusted_Dataset\stamps\VS\ZTF22abvkjbv,,1.0,g,17.775007247924805,0.12714461982250214,0.9156249761581421,0.5,0.5,1.9374159574508667,2.249915361404419,11.685279846191406,0.34700000286102295,1.623807668685913,t,5.0,2692.0,0.503000020980835,-0.006000000052154064
ZTF17aadddcf,20,3349,58041.5,59873.5,True,False,3,1.4259101,0.75841224,1.3684156,0.3860737,58438.32825230016,59873.426620400045,1435.0983680998906,105.54996783333335,35.63074136666666,8.247916909214132e-05,2.50601942008467e-05,VS,stamp_classifier,0.94478434,1.1.6,VS,6.8432825511501e+17,F:\ZTF_Adjusted_Dataset\stamps\VS\ZTF17aadddcf,,2.0,r,14.469221115112305,0.11220918595790863,0.7470710277557373,0.7360829710960388,0.5,0.11464107781648636,11.085128784179688,17.505647659301758,0.6589999794960022,1.412699818611145,f,8.0,251.0,1.0110000371932983,-0.014000000432133675
ZTF18acfkott,34,7026,58431.19644680014,61068.12141200015,True,True,7,,,,,58438.3150231,61068.12141200015,2629.8063889001496,20.186122409727943,34.45727804012709,0.0355257890293701,0.0292927283562577,VS,stamp_classifier,0.9447807,27.5.7a32.dev1,VS,6.8431502451501e+17,F:\ZTF_Adjusted_Dataset\stamps\VS\ZTF18acfkott,,2.0,r,14.91862678527832,0.08180263638496399,0.9522920250892639,0.8986250162124634,0.8677499890327454,0.2732395529747009,14.5181884765625,26.27471160888672,0.9959999918937683,1.154376745223999,f,3.0,138.0,1.2109999656677246,0.041999999433755875
ZTF18aaddrjq,28,3915,58431.5197222,60672.4280208,True,True,14,,,,,58455.53464120021,60672.4280208,2216.8933795997877,140.84547016937265,36.953852268552254,0.0259198715913634,0.0207130868601653,VS,stamp_classifier,0.9447669,26.0.1,VS,7.01534640615015e+17,F:\ZTF_Adjusted_Dataset\stamps\VS\ZTF18aaddrjq,,2.0,r,14.497140884399414,0.04152875766158104,0.9933329820632935,0.5,0.5,0.5140269994735718,2.4806787967681885,2.7486555576324463,0.7649999856948853,2.5,t,3.0,125.0,0.5870000123977661,0.004999999888241291
ZTF18adktmox,25,4031,58214.38983799983,60624.53872689977,True,False,1,,,,,60624.53672449989,60624.53672449989,0.0,205.1820705,20.4894709,0.0907405614852905,0.0850000008940696,VS,stamp_classifier,0.944754,25.0.0,VS,2.870536720915015e+18,F:\ZTF_Adjusted_Dataset\stamps\VS\ZTF18adktmox,,2.0,r,15.176200866699219,0.11444471031427383,1.0,0.5,0.5,1.0654184818267822,13.60254955291748,17.890300750732422,0.9980000257492065,1.2182608842849731,t,25.0,4031.0,0.08799999952316284,0.004000000189989805
ZTF19aaftayx,28,3270,58511.34880790021,59452.512280100025,True,True,3,,,,,58514.38238430023,59452.512280100025,938.1298957997932,113.59634916666668,35.392345500000005,4.527133014740663e-05,1.5205591076274916e-05,VS,stamp_classifier,0.9447327,correction_1.0.6,VS,7.6038238621501e+17,F:\ZTF_Adjusted_Dataset\stamps\VS\ZTF19aaftayx,,2.0,r,14.193799018859863,0.1924457997083664,0.9504169821739197,0.5,0.18267300724983215,0.1715974360704422,3.7172045707702637,15.963268280029297,0.9810000061988831,1.154376745223999,f,9.0,502.0,0.36800000071525574,0.009999999776482582
ZTF20acvzbez,33,4047,58355.35760420002,61066.15240739984,True,True,3,,,,,59176.150023099966,61066.15240739984,1890.002384299878,4.537468300101192,15.290809033333336,0.0508757894475499,0.0490747733973095,VS,stamp_classifier,0.94469756,27.5.7a32.dev1,VS,1.438145250315015e+18,F:\ZTF_Adjusted_Dataset\stamps\VS\ZTF20acvzbez,,2.0,r,14.986550331115723,0.09403958916664124,0.9975000023841858,0.017993999645113945,0.5,2.1269562244415283,16.989126205444336,21.842885971069336,0.7120000123977661,3.25,t,2.0,484.0,1.375,0.0430000014603138
ZTF19acfsifx,25,3492,58217.34865739988,60632.55879630009,True,False,1,,,,,60632.55879630009,60632.55879630009,0.0,218.4706855,10.9328242,0.0865712463855743,0.0850000008940696,VS,stamp_classifier,0.94469106,25.0.0,VS,2.8785587916150103e+18,F:\ZTF_Adjusted_Dataset\stamps\VS\ZTF19acfsifx,,2.0,r,15.60035228729248,0.06630591303110123,1.0,0.009791670367121696,0.0008333330042660236,0.9341725707054138,10.611556053161621,15.094877243041992,0.9950000047683716,1.8654437065124512,f,25.0,3492.0,0.5669999718666077,-0.026000000536441803
ZTF18aceoufg,48,5284,58431.52828700002,60935.52295139991,True,False,9,,,,,58429.46232639998,60935.52295139991,2506.060624999925,144.62426175172578,38.73235135935527,0.034967966588115,0.0272777150584573,VS,stamp_classifier,0.94468415,27.5.6,VS,6.81509251915015e+17,F:\ZTF_Adjusted_Dataset\stamps\VS\ZTF18aceoufg,,2.0,r,15.732026100158691,0.030164794996380806,0.9975000023841858,0.5,0.016625000163912773,0.2795148193836212,0.43874892592430115,15.044628143310547,0.996999979019165,2.237205982208252,t,6.0,175.0,1.3949999809265137,0.035999998450279236
ZTF19adjespj,36,4411,58288.39729169989,61060.58378469991,True,False,3,,,,,60709.56015049992,61060.58378469991,351.0236341999844,284.759224333328,3.8700694,0.0491869360455926,0.0490747733973095,VS,stamp_classifier,0.9446759,27.5.7a32.dev1,VS,2.95556015491501e+18,F:\ZTF_Adjusted_Dataset\stamps\VS\ZTF19adjespj,,2.0,r,13.110453605651855,0.037811361253261566,0.9962499737739563,0.5,0.5,0.06092921271920204,5.930311679840088,8.114938735961914,0.9990000128746033,2.240000009536743,f,33.0,4011.0,0.2759999930858612,-0.01600000075995922
ZTF18abkzzms,24,4777,58332.28877309989,61066.49710649997,True,True,2,,,,,58939.49837959977,61066.49710649997,2126.9987269002013,260.18509029999416,32.81643945,0.0715174699515891,0.0601040770330592,VS,stamp_classifier,0.94466466,27.5.7a32.dev1,VS,1.185498372015015e+18,F:\ZTF_Adjusted_Dataset\stamps\VS\ZTF18abkzzms,,2.0,r,14.899396896362305,0.08524567633867264,0.9800000190734863,0.6311100125312805,0.0,0.6123159527778625,6.631368637084961,17.744205474853516,0.9959999918937683,1.1933823823928833,t,11.0,1427.0,0.6660000085830688,-0.03700000047683716
ZTF18aamuqpq,33,6062,58207.318784699775,60534.23283560015,True,False,10,0.332374,0.641998,-0.30367154,0.59005255,58592.31815969991,60534.23283560015,1941.914675900247,231.34794249999484,33.49218980000067,0.0779412888992883,0.0649999963775265,VS,stamp_classifier,0.94466156,24.5.2a6,VS,8.3831815351501e+17,F:\ZTF_Adjusted_Dataset\stamps\VS\ZTF18aamuqpq,,2.0,r,16.897050857543945,0.11600729078054428,0.9659579992294312,0.5,0.03991670161485672,0.6391255855560303,6.050703048706055,11.809654235839844,0.996999979019165,1.2900205850601196,f,13.0,1339.0,0.3720000088214874,-0.020999999716877937
ZTF18aajdptz,40,9850,58219.46170140011,60982.13611110021,True,True,11,,,,,58427.0902315001,60982.13611110021,2555.045879600104,256.71472284265474,36.97529865723138,0.0272362279799115,0.0217588830401701,VS,stamp_classifier,0.9445997,27.5.7a32.dev1,VS,6.730902314150152e+17,F:\ZTF_Adjusted_Dataset\stamps\VS\ZTF18aajdptz,,2.0,r,14.504871368408203,0.044099465012550354,0.9825000166893005,0.7952439785003662,0.0008333330042660236,0.17847265303134918,12.88239860534668,15.976863861083984,1.0,1.2375484704971313,t,7.0,1619.0,0.7599999904632568,-0.004999999888241291
ZTF18acxbfqu,21,3155,58103.50655090017,60965.54712959984,True,True,5,0.074726105,0.29746702,-0.96981907,0.17991589,58514.42143520014,60965.54712959984,2451.1256943997,188.3383262539476,28.88691043461218,0.040626117049309,0.0355712084652305,VS,stamp_classifier,0.9445906,27.5.6,VS,7.60421435915015e+17,F:\ZTF_Adjusted_Dataset\stamps\VS\ZTF18acxbfqu,,2.0,r,14.971644401550293,0.1666126847267151,0.9720829725265503,0.054499998688697815,0.0012499999720603228,0.2970322072505951,16.23093605041504,21.00527572631836,1.0,2.299999952316284,t,4.0,228.0,1.25600004196167,0.05999999865889549
ZTF18abestvy,27,3356,58464.55835650023,60639.55770830018,False,False,2,,,,,58306.19114580005,60639.55770830018,2333.3665625001304,225.38934885001012,12.14178245,0.0614793629442636,0.0601040770330592,VS,stamp_classifier,0.94458616,25.0.0,VS,5.5219114461501005e+17,F:\ZTF_Adjusted_Dataset\stamps\VS\ZTF18abestvy,,2.0,r,15.952669143676758,0.1620972454547882,0.9962499737739563,0.5,0.0,1.7010197639465332,10.770062446594238,19.795137405395508,0.9509999752044678,1.7599999904632568,f,1.0,33.0,0.8550000190734863,-0.04399999976158142
ZTF23abeflct,24,5827,58456.558888900094,61005.56795139983,False,False,1,,,,,61005.56795139983,61005.56795139983,0.0,225.5172389,8.0645314,0.0858489871025085,0.0850000008940696,VS,stamp_classifier,0.94458306,27.5.7a32.dev1,VS,3.25156795031501e+18,F:\ZTF_Adjusted_Dataset\stamps\VS\ZTF23abeflct,,2.0,r,14.55429458618164,0.06250961124897003,0.9950000047683716,0.948514997959137,0.5,1.0194324254989624,10.518409729003906,10.688782691955566,0.9589999914169312,2.0715770721435547,f,24.0,5827.0,0.5360000133514404,0.013000000268220901
ZTF19adgpqxa,21,4546,58538.4380787001,61049.57841440011,True,False,1,,,,,61049.57841440011,61049.57841440011,0.0,227.1775208,17.7278529,0.068240500986576,0.0649999976158142,VS,stamp_classifier,0.9445819,27.5.7a32.dev1,VS,3.29557841191501e+18,F:\ZTF_Adjusted_Dataset\stamps\VS\ZTF19adgpqxa,,1.0,g,15.486931800842285,0.05194994434714317,1.0,0.5,0.00720833009108901,1.04245126247406,4.676631927490234,12.340288162231445,0.9750000238418579,2.306016445159912,f,21.0,4546.0,0.546999990940094,0.00800000037997961
ZTF19acrjvul,27,4057,58316.42135420023,60507.39122689981,True,False,2,,,,,60507.39075230016,60507.39122689981,0.0004745996557176,11.9175859000007,31.92094970000076,0.1001439238523391,0.0850000005863921,VS,stamp_classifier,0.94458044,24.5.2a6,VS,2.753390753015015e+18,F:\ZTF_Adjusted_Dataset\stamps\VS\ZTF19acrjvul,,2.0,r,14.327071189880371,0.04897189140319824,1.0,0.9906250238418579,0.0,0.5102447271347046,18.9232120513916,25.756263732910156,1.0,1.099741816520691,t,27.0,4057.0,0.5830000042915344,-0.027000000700354576
ZTF20aakizik,31,3374,58431.37143519986,60680.201249999925,True,True,4,,,,,58878.15249999985,60680.201249999925,1802.0487500000745,95.13235752487545,28.134210475,0.0481943842022115,0.0425000004470348,VS,stamp_classifier,0.9445253,26.0.1,VS,1.124152495115015e+18,F:\ZTF_Adjusted_Dataset\stamps\VS\ZTF20aakizik,,2.0,r,16.21890640258789,0.14534598588943481,0.9510419964790344,0.5,0.5,1.8853857517242432,5.613661289215088,17.17481803894043,0.9430000185966492,2.01751971244812,t,10.0,1494.0,1.0609999895095825,0.028999999165534973
ZTF18aadgoyr,33,5503,58435.50925929984,60970.45129630016,True,False,11,,,,,58435.508784700185,60970.45129630016,2534.942511599977,136.0738431286582,38.95615673713046,0.0286557325234063,0.0222834795291236,VS,stamp_classifier,0.94451034,27.5.7a32.dev1,VS,6.81508781915015e+17,F:\ZTF_Adjusted_Dataset\stamps\VS\ZTF18aadgoyr,,2.0,r,16.286710739135742,0.045707546174526215,0.9925000071525574,0.9875419735908508,0.5,0.7732123136520386,13.416406631469727,15.699172973632812,0.9909999966621399,2.3447186946868896,t,2.0,202.0,1.555999994277954,-0.019999999552965164
ZTF18acktbks,26,3897,58589.170520800166,60294.51545140008,True,True,5,,,,,58435.34587959992,60294.51545140008,1859.1695718001572,105.866350000019,35.344688749999406,0.0736852529907585,0.0601040767067179,VS,stamp_classifier,0.9444999,corr_bulk_0.0.1,VS,6.813458751150153e+17,F:\ZTF_Adjusted_Dataset\stamps\VS\ZTF18acktbks,,2.0,r,15.472024917602539,0.07653248310089111,1.0,0.8097919821739197,0.0,0.8808069229125977,1.4099721908569336,17.018234252929688,0.9909999966621399,2.689113140106201,t,1.0,242.0,1.1419999599456787,0.03099999949336052
ZTF25acfxlsk,22,3042,58216.27916669985,61014.50527779991,True,False,2,,,,,61011.54798609996,61014.50527779991,2.9572916999459267,220.77199425041823,30.41018635,0.0532939207618144,0.0459619390912516,VS,stamp_classifier,0.94449574,27.5.7a32.dev1,VS,3.260505270615015e+18,F:\ZTF_Adjusted_Dataset\stamps\VS\ZTF25acfxlsk,,1.0,g,14.78178882598877,0.03549223020672798,1.0,0.5,0.04762500151991844,2.1498148441314697,7.719074726104736,8.683907508850098,0.9950000047683716,2.6595940589904785,t,22.0,3042.0,0.40700000524520874,-0.014000000432133675
ZTF23abvbpcu,32,3922,58285.23093750002,61049.57888890011,True,False,2,,,,,60295.5524420999,61049.57888890011,754.0264468002133,229.22301006004477,8.207129617468594,0.0521675338652943,0.0516332581488631,VS,stamp_classifier,0.9444914,27.5.7a32.dev1,VS,2.5415524406150103e+18,F:\ZTF_Adjusted_Dataset\stamps\VS\ZTF23abvbpcu,,2.0,r,15.52760124206543,0.06980299949645996,0.9981250166893005,0.5,0.5,1.1785686016082764,4.376257419586182,23.39481544494629,0.8619999885559082,2.1235156059265137,f,30.0,2886.0,0.45899999141693115,-0.003000000026077032
ZTF20adbrpdl,283,3522,58041.5,60229.5,True,False,7,-0.3705764,0.44510764,0.1662363,0.5291239,59882.51219910011,60229.49707179982,346.9848726997152,121.78082785714288,30.0144669,7.460940193824567e-05,0.000161989217749,VS,stamp_classifier,0.9444912,1.2.1,VS,2.151360810315015e+18,F:\ZTF_Adjusted_Dataset\stamps\VS\ZTF20adbrpdl,,2.0,r,15.704811096191406,0.03464439883828163,0.9975000023841858,0.9184579849243164,0.1089169979095459,1.265557050704956,15.855989456176758,20.494396209716797,0.996999979019165,1.2851155996322632,t,205.0,3217.0,1.2610000371932983,0.020999999716877937
ZTF25aaboffc,146,5087,58426.132962999865,60988.18174770009,True,False,11,,,,,60658.20136569999,60988.18174770009,329.98038200009614,7.267127478124519,39.841260390463646,0.0283384342790357,0.0217588830401701,VS,stamp_classifier,0.9444842,27.5.7a32.dev1,VS,2.93120793291501e+18,F:\ZTF_Adjusted_Dataset\stamps\VS\ZTF25aaboffc,,1.0,g,15.437490463256836,0.042785078287124634,1.0,0.5,0.39787501096725464,1.475453495979309,4.370856285095215,18.385013580322266,0.9829999804496765,2.9009480476379395,f,62.0,4732.0,0.25200000405311584,0.004999999888241291
ZTF21abdpahl,3047,5591,58041.50949069997,61051.2468634001,True,True,36,,,,,59439.50663190009,61051.2468634001,1611.7402315000072,113.33662210235208,35.636072936656674,0.0146576246401252,0.0119127510824559,VS,stamp_classifier,0.94447535,27.5.7a32.dev1,VS,1.689498355115015e+18,F:\ZTF_Adjusted_Dataset\stamps\VS\ZTF21abdpahl,,2.0,r,15.580373764038086,0.11043279618024826,0.9962499737739563,0.9872199892997742,0.0,0.7886296510696411,18.26549530029297,21.564472198486328,0.996999979019165,1.4315736293792725,t,1916.0,3232.0,0.890999972820282,-0.03200000151991844
ZTF18aclmvgy,24,5073,58249.174930599984,60757.26096059987,True,True,2,,,,,58546.25562500022,60757.26096059987,2211.0053355996497,162.5938004717684,41.57435956660041,0.0690196442014091,0.0516332581488631,VS,stamp_classifier,0.9444382,26.0.1,VS,7.9225562451501e+17,F:\ZTF_Adjusted_Dataset\stamps\VS\ZTF18aclmvgy,,1.0,g,16.115278244018555,0.13144870102405548,0.9764580130577087,0.5,0.9791669845581055,0.22767451405525208,7.402541637420654,24.287885665893555,0.9520000219345093,1.727457046508789,f,5.0,329.0,0.718999981880188,-0.023000000044703484
ZTF17aadqbxz,37,5328,58042.4503008998,61071.20682869991,True,False,9,4.529578,2.236148,3.2088146,1.6778066,58427.336666699965,61071.20682869991,2643.8701619999483,79.99191642816145,29.66352459091028,0.0293207252486067,0.0254781491327846,VS,stamp_classifier,0.94443715,27.5.7a32.dev1,VS,6.80413124815015e+17,F:\ZTF_Adjusted_Dataset\stamps\VS\ZTF17aadqbxz,,1.0,g,18.008146286010742,0.1828019767999649,0.9654579758644104,0.5,0.5,0.20496420562267303,2.776885509490967,6.664433479309082,0.9750000238418579,1.8989975452423096,t,8.0,717.0,1.218000054359436,-0.06599999964237213
ZTF19aaktwik,41,5275,58619.35659720004,61116.50777779985,True,False,12,,,,,58619.35659720004,61116.50777779985,2497.151180599816,246.44299990449704,9.149563411404102,0.0223490805775215,0.0220647243904,VS,stamp_classifier,0.94443214,27.5.7a32.dev1,VS,8.653565900150152e+17,F:\ZTF_Adjusted_Dataset\stamps\VS\ZTF19aaktwik,,2.0,r,14.99557113647461,0.049736522138118744,0.9848330020904541,0.5,0.5,0.2727293372154236,0.4749895930290222,1.7160695791244507,0.996999979019165,1.6296312808990479,t,2.0,197.0,0.5619999766349792,-0.019999999552965164
ZTF18abylhnp,38,4093,58076.39271989977,61066.21798609989,True,True,4,,,,,58383.50296299998,61066.21798609989,2682.7150230999105,98.27433580011528,15.473861825,0.044098470360022,0.0425000004470348,VS,stamp_classifier,0.944426,27.5.7a32.dev1,VS,6.295029602150106e+17,F:\ZTF_Adjusted_Dataset\stamps\VS\ZTF18abylhnp,,2.0,r,15.024577140808105,0.011975452303886414,0.9835420250892639,0.8710479736328125,0.9836009740829468,1.0972493886947632,11.586827278137207,16.92327880859375,0.996999979019165,1.9188482761383057,f,3.0,189.0,0.8090000152587891,-0.028999999165534973
ZTF17aacwtvy,21,3397,58041.393113399856,60858.48285879986,True,False,2,,,,,60858.48285879986,60858.49299769988,0.0101389000192284,56.18544399995461,22.4475747,0.065031562557028,0.0601040770330592,VS,stamp_classifier,0.94438636,27.5.6,VS,3.1044828502150103e+18,F:\ZTF_Adjusted_Dataset\stamps\VS\ZTF17aacwtvy,,2.0,r,14.889497756958008,0.03500271216034889,1.0,0.4393100142478943,0.2585600018501282,0.4921446442604065,24.53156089782715,27.192548751831055,0.996999979019165,1.5754427909851074,f,21.0,3397.0,1.0720000267028809,-0.03700000047683716
ZTF18abtpafy,8,3892,58267.44710650016,60639.26331020007,True,True,6,,,,,58367.285416699946,60639.26331020007,2271.977893500123,318.6144918669446,63.3180514,0.0590955963587666,0.0265361379068113,VS,stamp_classifier,0.9443669,25.0.0,VS,6.13285413315015e+17,F:\ZTF_Adjusted_Dataset\stamps\VS\ZTF18abtpafy,,1.0,g,17.804439544677734,0.1784224808216095,0.5,0.5993239879608154,0.5,0.5649710893630981,1.107447862625122,2.1661877632141113,0.01899999938905239,1.2690433263778687,t,1.0,10.0,0.6480000019073486,-0.017000000923871994
ZTF18aayibdc,573,4830,58117.52521990007,61037.46553240018,True,True,7,,,,,59178.50633100001,61037.46553240018,1858.959201400168,201.29307694828336,22.66867849621202,0.0317450696725946,0.0292927283562577,VS,stamp_classifier,0.9443654,27.5.7a32.dev1,VS,1.42655806561501e+18,F:\ZTF_Adjusted_Dataset\stamps\VS\ZTF18aayibdc,,2.0,r,16.45026206970215,0.07500529289245605,0.9815359711647034,0.996042013168335,0.13249999284744263,0.873181939125061,5.899413108825684,21.522769927978516,0.996999979019165,2.8399999141693115,f,288.0,1313.0,0.968999981880188,-0.054999999701976776
ZTF25aalqyfe,24,3140,58480.47937500011,60806.21753469994,True,False,1,,,,,60806.21753469994,60806.21753469994,0.0,142.8419485,1.0851638,0.0650116577744484,0.0649999976158142,VS,stamp_classifier,0.94436276,27.5.6,VS,3.0522175310150103e+18,F:\ZTF_Adjusted_Dataset\stamps\VS\ZTF25aalqyfe,,1.0,g,15.641250610351562,0.09088477492332458,0.994583010673523,0.8595770001411438,0.21791699528694153,0.5506832599639893,6.852652072906494,13.749252319335938,0.9950000047683716,1.4962855577468872,f,24.0,3140.0,0.6809999942779541,-0.03799999877810478
ZTF25acauikx,28,3709,58244.39773150021,61027.5789235998,True,False,1,,,,,61027.5789235998,61027.5789235998,0.0,250.6054288,7.8847805,0.0858112648129463,0.0850000008940696,VS,stamp_classifier,0.94430333,27.5.7a32.dev1,VS,3.2735789248150103e+18,F:\ZTF_Adjusted_Dataset\stamps\VS\ZTF25acauikx,,2.0,r,14.067874908447266,0.02674070931971073,0.9962499737739563,0.5,0.5,0.41573888063430786,0.5978989005088806,1.6581257581710815,1.0,2.509999990463257,f,28.0,3709.0,0.5820000171661377,0.0020000000949949026
ZTF18adlnfnd,39,3430,58329.16936339997,60383.43241900019,True,False,1,,,,,60383.43241900019,60383.43241900019,0.0,227.0210787,19.0843738,0.0899434611201286,0.0850000008940696,VS,stamp_classifier,0.94429386,23.12.25,VS,2.629432414615015e+18,F:\ZTF_Adjusted_Dataset\stamps\VS\ZTF18adlnfnd,,2.0,r,14.934652328491211,0.056595440953969955,0.9710419774055481,0.6343960165977478,0.7972019910812378,0.5696300268173218,23.66847801208496,24.047119140625,0.9959999918937683,2.0547409057617188,t,39.0,3430.0,0.5950000286102295,-0.004999999888241291
ZTF18acgtbmv,19,3043,58431.44706019992,59452.5094444002,True,True,8,1.561813,0.9707455,1.8447251,0.8370794,58440.44270829996,59452.5094444002,1012.0667361002417,119.160181525,39.5470061125,0.0001068374566494,9.898468045146484e-05,VS,stamp_classifier,0.94428504,correction_1.0.6,VS,7.01537412915015e+17,F:\ZTF_Adjusted_Dataset\stamps\VS\ZTF18acgtbmv,,2.0,r,14.0393705368042,0.0609126091003418,0.9975000023841858,0.5,0.5,0.12655319273471832,3.2524049282073975,9.77248477935791,0.9369999766349792,1.4545503854751587,t,4.0,273.0,1.156000018119812,-0.05999999865889549
ZTF18aafyzjy,38,5659,58103.4077198999,61120.34130789992,True,False,11,,,,,58434.49956020014,61120.34130789992,2685.841747699771,127.5532538408432,15.4774346997719,0.0070699135281376,0.0068135274503338,VS,stamp_classifier,0.9442814,27.5.7a32.dev1,VS,6.823812203150152e+17,F:\ZTF_Adjusted_Dataset\stamps\VS\ZTF18aafyzjy,,2.0,r,15.421256065368652,0.057749997824430466,0.9770830273628235,0.5,0.16457700729370117,0.8526676893234253,1.4594488143920898,24.77614974975586,0.9900000095367432,2.583099365234375,t,3.0,216.0,0.9020000100135803,0.023000000044703484
ZTF17aadkrww,34,5030,58041.463981499895,61066.22376159998,True,False,11,1.894354,0.735565,1.610328,0.53893095,58435.34587959992,61066.22376159998,2630.877882000059,106.22751762114322,35.344225349643246,0.0295685631106328,0.0241188200713237,VS,stamp_classifier,0.94427365,27.5.7a32.dev1,VS,6.8529641511501e+17,F:\ZTF_Adjusted_Dataset\stamps\VS\ZTF17aadkrww,,2.0,r,14.86363410949707,0.06216483563184738,0.9941669702529907,0.9461249709129333,0.992917001247406,0.05585252493619919,12.991950988769531,16.348995208740234,1.0,2.75,f,10.0,251.0,1.090999960899353,-0.026000000536441803
ZTF24aauebao,20,5397,58435.51018519979,60928.528402800206,True,False,4,,,,,60678.23494210001,60928.528402800206,250.29346070019528,141.43348755631004,44.01524674208208,0.0544607082583425,0.0391656863175284,VS,stamp_classifier,0.944266,27.5.6,VS,2.924234940215015e+18,F:\ZTF_Adjusted_Dataset\stamps\VS\ZTF24aauebao,,2.0,r,14.131163597106934,0.024080434814095497,1.0,0.5,0.5168330073356628,0.09310445189476013,3.9286699295043945,24.702571868896484,1.0,2.3399999141693115,t,19.0,4951.0,1.2970000505447388,-0.035999998450279236
ZTF17aacnmnp,33,3034,58045.3598842998,60307.37908559991,True,False,8,2.6465623,1.6430361,0.8922676,1.18152,58431.36753469985,60307.37908559991,1876.011550900061,96.11225710327231,29.77025116419057,0.0594837185481955,0.0516332577350742,VS,stamp_classifier,0.94425654,1.2.0,VS,6.773714360150152e+17,F:\ZTF_Adjusted_Dataset\stamps\VS\ZTF17aacnmnp,,2.0,r,15.34610652923584,0.08858032524585724,1.0,0.9931250214576721,0.9987499713897705,0.3114376664161682,14.035143852233887,17.67900276184082,0.996999979019165,2.100339651107788,t,5.0,98.0,0.6489999890327454,0.006000000052154064
ZTF18acgudcp,100,10789,58267.27974539995,60730.30645829998,True,False,15,,,,,58431.4646528,60730.30645829998,2298.8418054999784,142.4361379206847,51.19753884896912,0.0309079745200434,0.0193680891389039,VS,stamp_classifier,0.94425195,26.0.1,VS,6.77464650315015e+17,F:\ZTF_Adjusted_Dataset\stamps\VS\ZTF18acgudcp,,1.0,g,15.891425132751465,0.04147770628333092,0.5,0.5,0.5,0.7591408491134644,2.1120405197143555,7.913069725036621,0.9959999918937683,2.2984726428985596,t,1.0,207.0,0.48399999737739563,0.026000000536441803
ZTF18aakfwzk,33,4506,58210.335486100055,60772.47825230006,True,False,9,,,,,58440.48513890011,60772.47825230006,2331.993113399949,191.11683507853397,36.87490975973377,0.0277323967113686,0.0221844609955801,VS,stamp_classifier,0.94425005,26.0.1,VS,6.86485134915015e+17,F:\ZTF_Adjusted_Dataset\stamps\VS\ZTF18aakfwzk,,1.0,g,14.118535995483398,0.047160804271698,1.0,0.01875000074505806,0.9922500252723694,0.20412065088748932,10.042586326599121,22.124759674072266,0.9760000109672546,2.5299999713897705,t,2.0,193.0,0.2630000114440918,-0.013000000268220901
ZTF17aacqjiy,57,4920,58041.46076390008,60317.412685200106,False,False,27,2.7164724,0.5946495,2.1864133,0.49350607,58431.37143519986,60317.4626042,1886.0911690001376,95.04324853335876,22.51738669999929,0.0306716354514217,0.0283333334262381,VS,stamp_classifier,0.9442324,1.2.0,VS,6.28476755615015e+17,F:\ZTF_Adjusted_Dataset\stamps\VS\ZTF17aacqjiy,,1.0,g,17.330766677856445,0.10452838242053986,0.9564579725265503,0.33007100224494934,0.6480950117111206,0.7916796207427979,3.185317277908325,9.401206970214844,0.996999979019165,1.2653052806854248,t,8.0,368.0,0.4519999921321869,-0.006000000052154064
ZTF25ablwgvq,19,3284,58284.23598380014,60965.542118099984,True,False,1,,,,,60965.542118099984,60965.542118099984,0.0,188.1667969,30.6495259,0.0988025516271591,0.0850000008940696,VS,stamp_classifier,0.94420254,27.5.6,VS,3.21154211351501e+18,F:\ZTF_Adjusted_Dataset\stamps\VS\ZTF25ablwgvq,,2.0,r,15.914666175842285,0.05911214277148247,0.9990000128746033,0.016249999403953552,0.0,1.2489675283432007,15.94671630859375,16.9666805267334,0.996999979019165,1.8595095872879028,f,19.0,3284.0,0.7200000286102295,-0.028999999165534973
ZTF18absrtha,27,1864,58365.16828700015,60551.21136569977,True,True,5,,,,,58365.16828700015,60551.21136569977,2186.043078699615,278.45275950000087,-12.219604500000736,0.0869704397250776,0.0849999996633594,VS,stamp_classifier,0.94419926,24.5.2a6,VS,6.1516706121501e+17,F:\ZTF_Adjusted_Dataset\stamps\VS\ZTF18absrtha,,2.0,r,18.940616607666016,0.11064513772726059,0.5,0.5,0.17881299555301666,0.08307851105928421,2.6265742778778076,2.716217517852783,0.9990000128746033,2.4700000286102295,f,2.0,27.0,0.796999990940094,-0.020999999716877937
ZTF18acgtrie,20,2885,58431.45583330002,60683.28619210003,False,False,8,,,,,58431.45583330002,60683.28619210003,2251.8303588000126,81.17934025002558,51.2474226125,0.0367132461782179,0.0229809695456258,VS,stamp_classifier,0.94414324,26.0.1,VS,6.77455831115015e+17,F:\ZTF_Adjusted_Dataset\stamps\VS\ZTF18acgtrie,,1.0,g,15.87271785736084,0.0319678857922554,0.8363329768180847,0.5,0.5,1.53174889087677,1.7011090517044067,17.682737350463867,0.9959999918937683,2.060112714767456,t,1.0,84.0,0.7730000019073486,0.0560000017285347
ZTF20abvdchn,35,3381,58619.35704859998,60661.5697337999,True,True,7,,,,,59206.557384300046,60661.5697337999,1455.0123494998552,243.7107667857128,4.027675657142857,0.0322065224244198,0.0321269805437108,VS,stamp_classifier,0.94413495,26.0.1,VS,1.46257636161501e+18,F:\ZTF_Adjusted_Dataset\stamps\VS\ZTF20abvdchn,,2.0,r,14.292420387268066,0.10889448970556259,1.0,0.5112410187721252,0.09214580059051514,0.518657386302948,3.6319172382354736,13.215612411499023,0.9940000176429749,1.7849947214126587,f,8.0,873.0,0.21199999749660492,0.007000000216066837
ZTF22absxnjj,33,5625,58121.494884300046,61066.558263900224,True,True,3,,,,,59888.53672449989,61066.558263900224,1178.0215394003317,199.72112676320745,23.28207947269033,0.0440138849197964,0.0404298347116235,VS,stamp_classifier,0.94412977,27.5.7a32.dev1,VS,2.13453672001501e+18,F:\ZTF_Adjusted_Dataset\stamps\VS\ZTF22absxnjj,,2.0,r,15.000152587890625,0.01945512928068638,0.9601250290870667,0.5,0.0006249999860301614,0.7875611782073975,8.146788597106934,22.477176666259766,0.996999979019165,1.5633702278137207,f,20.0,3457.0,0.3529999852180481,0.004999999888241291
ZTF18aagyppk,21,5638,58208.5,60080.25,True,False,7,1.2173398,0.66962177,1.0016918,0.55087274,58279.31186340004,60080.287963000126,1800.976099600084,231.65608338571428,29.882616742857145,0.0001777129373346,0.0001254645216411,VS,stamp_classifier,0.94411284,1.2.0,VS,5.2531186571501e+17,F:\ZTF_Adjusted_Dataset\stamps\VS\ZTF18aagyppk,,1.0,g,16.20361328125,0.019553203135728836,0.9814170002937317,0.5,0.005625000223517418,0.27597057819366455,5.256542205810547,24.47113800048828,0.996999979019165,1.448022723197937,f,8.0,270.0,1.0099999904632568,0.024000000208616257
ZTF18adjzjfd,20,2874,58259.482175900135,61066.498055600096,True,False,1,,,,,61066.498055600096,61066.498055600096,0.0,250.1392316,8.8352087,0.0860207080841064,0.0850000008940696,VS,stamp_classifier,0.9441037,27.5.7a32.dev1,VS,3.312498050615015e+18,F:\ZTF_Adjusted_Dataset\stamps\VS\ZTF18adjzjfd,,2.0,r,14.534347534179688,0.05461610108613968,0.9004369974136353,0.90208899974823,0.5,0.44467395544052124,2.4066030979156494,3.511752128601074,0.9860000014305115,2.3299999237060547,t,20.0,2874.0,2.739000082015991,0.04100000113248825
ZTF17aadiwet,28,4157,58041.46184029989,61081.123055600096,True,False,8,,,,,58427.36304400023,61081.123055600096,2653.760011599865,97.96730925910664,32.2973337573525,0.0327632299717157,0.0276943223849495,VS,stamp_classifier,0.9440591,27.5.7a32.dev1,VS,7.01343563015015e+17,F:\ZTF_Adjusted_Dataset\stamps\VS\ZTF17aadiwet,,2.0,r,16.048871994018555,0.17505043745040894,0.9729170203208923,0.8687199950218201,0.07755950093269348,0.4235214293003082,8.269417762756348,9.527231216430664,0.996999979019165,1.2702867984771729,t,11.0,198.0,0.8339999914169312,0.04500000178813934
ZTF21aavrdxi,21,3112,58272.35703699989,61111.40835649986,True,False,1,,,,,61111.40835649986,61111.40835649986,0.0,252.1481193,14.9768735,0.0103516429662704,0.0099999997764825,VS,stamp_classifier,0.94402796,27.5.7a32.dev1,VS,3.35740835491501e+18,F:\ZTF_Adjusted_Dataset\stamps\VS\ZTF21aavrdxi,,3.0,i,13.861595153808594,0.0096961734816432,1.0,0.5,0.9751669764518738,0.8862947821617126,1.349211573600769,13.480181694030762,0.996999979019165,1.3297970294952393,f,21.0,3112.0,1.6640000343322754,0.1080000028014183
ZTF17aacqjjf,36,5221,58041.46076390008,60734.27699070005,True,False,15,,,,,58397.49821759993,60734.27699070005,2336.778773100116,94.8197941833754,22.62604640242487,0.0209830402705314,0.0193680891389039,VS,stamp_classifier,0.9439992,26.0.1,VS,6.43498215615015e+17,F:\ZTF_Adjusted_Dataset\stamps\VS\ZTF17aacqjjf,,1.0,g,16.95522117614746,0.11769789457321167,0.9795830249786377,0.5,1.0,0.4466332495212555,5.608025550842285,14.703506469726562,0.996999979019165,1.2875704765319824,t,14.0,419.0,0.4869999885559082,-0.003000000026077032
ZTF23abpnqfg,1814,5729,58095.53130789986,61072.52783560008,False,False,62,,,,,60256.53579859994,61072.52783560008,815.9920370001346,207.71953992222424,36.700776768713965,0.0111501460417725,0.0089398249343607,VS,stamp_classifier,0.9439826,27.5.7a32.dev1,VS,2.502535794815015e+18,F:\ZTF_Adjusted_Dataset\stamps\VS\ZTF23abpnqfg,,2.0,r,15.448695182800293,0.05678859353065491,0.9862499833106995,0.5662500262260437,0.1240599974989891,1.6194984912872314,14.385581016540527,27.63920021057129,0.9760000109672546,3.110031843185425,t,930.0,4189.0,1.3279999494552612,-0.06499999761581421
ZTF18adaznlz,43,4063,58068.443449100014,60683.30850689998,True,True,5,,,,,58480.46494209999,60683.30850689998,2202.843564799987,112.89399718035448,22.523910760000003,0.031469375401998,0.0290688826412569,VS,stamp_classifier,0.9439792,26.0.1,VS,7.26464946115015e+17,F:\ZTF_Adjusted_Dataset\stamps\VS\ZTF18adaznlz,,1.0,g,16.084184646606445,0.1548037827014923,0.5,0.9979169964790344,0.12587499618530273,0.7774800658226013,11.524727821350098,12.820507049560547,0.984000027179718,1.8806170225143433,t,1.0,216.0,0.3100000023841858,-0.003000000026077032
ZTF17aaazefa,27,3701,58096.35153939994,60308.42403940018,True,False,9,0.746315,0.703538,0.6222452,0.5159392,58435.51556710014,60308.42403940018,1872.9084723000412,122.00063769999052,34.40459760000239,0.103021788685012,0.0849999984326493,VS,stamp_classifier,0.9439533,1.2.1,VS,6.815155645150156e+17,F:\ZTF_Adjusted_Dataset\stamps\VS\ZTF17aaazefa,,2.0,r,17.278789520263672,0.08559884130954742,0.9904999732971191,0.5,0.01708330027759075,0.49359196424484253,2.5725150108337402,28.64690399169922,0.7229999899864197,3.123709201812744,t,1.0,155.0,0.9430000185966492,-0.04699999839067459
ZTF25aabjare,18,4817,58430.51108800015,60683.35244210018,True,False,2,,,,,60672.38885420002,60683.35244210018,10.963587900158018,134.098478774978,63.09709800589317,0.1141117272057518,0.0516332581488631,VS,stamp_classifier,0.94393915,26.0.1,VS,2.9293524444150154e+18,F:\ZTF_Adjusted_Dataset\stamps\VS\ZTF25aabjare,,2.0,r,14.791098594665527,0.04738731309771538,1.0,0.5,0.15110699832439423,1.7135342359542847,2.50935435295105,7.918227672576904,0.9390000104904175,2.5312345027923584,t,18.0,4817.0,0.34200000762939453,0.013000000268220901
ZTF19aarkmmx,292,2716,58512.55444440013,61118.432175899856,False,False,11,,,,,58904.54795139981,61118.432175899856,2213.884224500041,241.06389094172135,8.73157752192505,0.0068009604785149,0.0067221398104127,VS,stamp_classifier,0.94393075,27.5.7a32.dev1,VS,1.150547951515015e+18,F:\ZTF_Adjusted_Dataset\stamps\VS\ZTF19aarkmmx,,1.0,g,16.062204360961914,0.02688397467136383,0.9858329892158508,0.9377859830856323,0.010833299718797207,1.8255302906036377,12.10292911529541,15.793876647949219,0.9940000176429749,1.5963499546051025,t,32.0,280.0,0.28600001335144043,0.0010000000474974513
ZTF18abmnyea,2091,4751,58297.42942130007,61076.164745400194,True,False,1538,,,,,58343.405300899874,61076.164745400194,2732.75944450032,16.768819602053643,49.41298346409175,0.002754190028436,0.0017918818986736,VS,stamp_classifier,0.94392854,27.5.7a32.dev1,VS,8.03136584515025e+17,F:\ZTF_Adjusted_Dataset\stamps\VS\ZTF18abmnyea,,1.0,g,14.532556533813477,0.023182697594165802,0.5,0.5,0.5,0.49119091033935547,1.4222766160964966,1.7403383255004883,0.9829999804496765,6.300000190734863,t,181.0,276.0,0.9769999980926514,-0.023000000044703484
ZTF18acdwisj,16,5392,58358.210821799934,60452.43922450021,True,False,8,3.258381,,0.485449,,58428.10120370006,60452.43922450021,2024.3380208001472,289.6412331999968,22.638185600008395,0.0704260530738748,0.0649999966527015,VS,stamp_classifier,0.94388777,24.4.1,VS,6.811440803150152e+17,F:\ZTF_Adjusted_Dataset\stamps\VS\ZTF18acdwisj,,1.0,g,16.032114028930664,0.03741305321455002,0.9754170179367065,0.6746249794960022,0.01670829951763153,1.795297384262085,3.209949254989624,8.59929084777832,0.9789999723434448,2.6429193019866943,t,3.0,970.0,0.5419999957084656,0.04899999871850014
ZTF18aagredd,5502,8179,58173.51386569999,61077.53094909992,True,False,2140,,,,,58262.28969909996,61077.53094909992,2815.2412499999627,236.85769193084155,29.66170294912868,0.001733129071878,0.0015060241205794,VS,stamp_classifier,0.94388,27.5.7a32.dev1,VS,6.3211619071501e+17,F:\ZTF_Adjusted_Dataset\stamps\VS\ZTF18aagredd,,1.0,g,15.775124549865723,0.016745420172810555,0.9954169988632202,1.0,0.5,0.10367681831121445,9.333500862121582,9.882040023803711,0.9660000205039978,4.380000114440918,f,371.0,603.0,0.8970000147819519,-0.004999999888241291
ZTF18aatitst,17,2978,58464.55692130001,60383.43383099977,False,False,1,,,,,60383.43383099977,60383.43383099977,0.0,226.6623556,8.0449456,0.085844837129116,0.0850000008940696,VS,stamp_classifier,0.94387734,23.12.25,VS,2.62943383151501e+18,F:\ZTF_Adjusted_Dataset\stamps\VS\ZTF18aatitst,,2.0,r,15.428306579589844,0.015559399500489235,0.9891669750213623,0.5,0.7848929762840271,1.4085958003997803,2.6488516330718994,12.729334831237793,0.9950000047683716,2.2699999809265137,f,17.0,2978.0,1.0429999828338623,-0.09200000017881393
ZTF18ablclft,22,6533,58332.29603009997,60941.13468750008,True,False,9,,,,,58427.13057869999,60941.13375000004,2514.00317130005,266.9350808331891,23.18945996099424,0.0247400511042625,0.022741246803884,VS,stamp_classifier,0.9438508,27.5.6,VS,6.7313057141501e+17,F:\ZTF_Adjusted_Dataset\stamps\VS\ZTF18ablclft,,1.0,g,15.740678787231445,0.06545554846525192,0.9535419940948486,0.5,0.5,0.4628814160823822,6.911558151245117,7.676993370056152,0.9950000047683716,1.4675183296203613,f,2.0,698.0,0.4690000116825104,-0.017999999225139618
ZTF18aaghotu,34,3939,58435.37491900008,61116.172326399945,True,True,7,,,,,58435.37491900008,61116.172326399945,2680.797407399863,101.66794149440943,22.660474914120528,0.0317431714698254,0.0292927283562577,VS,stamp_classifier,0.9438407,27.5.7a32.dev1,VS,6.81374915715015e+17,F:\ZTF_Adjusted_Dataset\stamps\VS\ZTF18aaghotu,,2.0,r,16.03294563293457,0.03879951313138008,1.0,0.6004520058631897,0.9825829863548279,0.20872078835964203,5.323291778564453,16.20897102355957,0.996999979019165,2.063941240310669,t,1.0,87.0,0.5299999713897705,0.028999999165534973
ZTF17aadcgto,51,2758,58041.5,59800.5,False,False,10,,,,,58431.36799769988,59800.49105319986,1369.1230554999784,87.60502323,25.825159910000004,7.43457396236653e-05,9.920099069867312e-05,VS,stamp_classifier,0.9438186,dev,VS,6.80359722915015e+17,F:\ZTF_Adjusted_Dataset\stamps\VS\ZTF17aadcgto,,2.0,r,16.749555587768555,0.15270663797855377,0.9679579734802246,0.9485419988632202,0.5499110221862793,0.8631017208099365,18.28666114807129,21.070926666259766,0.9959999918937683,1.740206003189087,t,13.0,497.0,0.7459999918937683,-0.00800000037997961
ZTF17aadhkbf,38,4028,58045.52721060021,60970.50883099996,True,True,12,,,,,58434.49534719996,60970.50883099996,2536.013483799994,137.35956078533994,30.36687958145728,0.0255732156473557,0.0220647243904,VS,stamp_classifier,0.94381833,27.5.7a32.dev1,VS,7.0153924141501e+17,F:\ZTF_Adjusted_Dataset\stamps\VS\ZTF17aadhkbf,,2.0,r,14.913518905639648,0.049539126455783844,1.0,0.9956669807434082,0.3216870129108429,0.3352026343345642,0.45408743619918823,14.486937522888184,0.996999979019165,2.3499999046325684,f,17.0,297.0,0.16200000047683716,-0.006000000052154064
ZTF21aaerhmo,324,3810,58041.5,59900.5,True,False,19,0.6037998,0.7462833,0.7092041,0.77084607,59248.2270717998,59900.38054399984,652.153472200036,113.47477421052632,32.79510154736842,0.0001283103611246,9.921120774633294e-05,VS,stamp_classifier,0.943809,1.1.6,VS,1.509227771615015e+18,F:\ZTF_Adjusted_Dataset\stamps\VS\ZTF21aaerhmo,,2.0,r,15.961151123046875,0.06323761492967606,1.0,0.741208016872406,0.0012499999720603228,1.6722506284713745,15.956986427307129,24.521602630615234,0.9929999709129333,2.092808961868286,t,142.0,2896.0,0.4950000047683716,-0.009999999776482582
ZTF18abxndjj,26,3679,58104.37009260012,60826.474618100096,False,False,2,,,,,58380.31074069999,60826.474618100096,2446.163877400104,20.075328999733724,29.109560700000003,0.0687932820561715,0.0601040770330592,VS,stamp_classifier,0.943798,27.5.6,VS,6.263107461150154e+17,F:\ZTF_Adjusted_Dataset\stamps\VS\ZTF18abxndjj,,2.0,r,14.81306266784668,0.01266277302056551,0.9941669702529907,0.5,0.5,1.575441598892212,10.127317428588867,15.114555358886719,0.996999979019165,2.8125174045562744,t,2.0,40.0,0.75,-0.024000000208616257
ZTF24aagfpri,27,5946,58466.51708329981,60970.5400231001,True,False,3,,,,,60956.53966439981,60970.5400231001,14.000358700286595,177.07454446665574,25.9427901,0.0545741371214127,0.0490747733973095,VS,stamp_classifier,0.94379485,27.5.7a32.dev1,VS,3.20353966161501e+18,F:\ZTF_Adjusted_Dataset\stamps\VS\ZTF24aagfpri,,2.0,r,16.0218448638916,0.05394241586327553,0.9861459732055664,0.5,0.5,0.8072717785835266,15.251222610473633,18.03692054748535,0.996999979019165,1.5348317623138428,f,25.0,5932.0,0.5649999976158142,-0.014000000432133675
ZTF17aadpvmz,66,5881,58041.50626160018,61107.14988429984,True,True,40,,,,,58427.36395830009,61107.14988429984,2679.785925999749,102.29941982802823,29.791133351060708,0.0124377206183377,0.0107939803656039,VS,stamp_classifier,0.94374037,27.5.7a32.dev1,VS,6.80453406115015e+17,F:\ZTF_Adjusted_Dataset\stamps\VS\ZTF17aadpvmz,,2.0,r,16.583595275878906,0.05453561618924141,0.9580420255661011,0.5,0.5,0.19378136098384857,6.753127574920654,11.091676712036133,0.9919999837875366,2.0010178089141846,t,8.0,297.0,0.871999979019165,-0.017999999225139618
ZTF18adpqlaw,72,3786,58214.36724539986,60822.31859950023,True,False,2,,,,,60295.54995370004,60822.31859950023,526.7686458001845,225.41133196160504,15.357682598686385,0.0535452925749087,0.0516332581488631,VS,stamp_classifier,0.9437287,27.5.6,VS,2.541549956115015e+18,F:\ZTF_Adjusted_Dataset\stamps\VS\ZTF18adpqlaw,,2.0,r,15.377532005310059,0.08274771273136139,0.9987499713897705,0.029583299532532692,0.0024999999441206455,1.137917160987854,6.153380393981934,18.995588302612305,0.9190000295639038,2.062410593032837,t,34.0,2937.0,0.7250000238418579,0.009999999776482582
ZTF18aatvmbh,21,3903,58208.29377309978,60820.28850689996,True,True,3,0.9754009,0.30001757,0.9754009,0.30001757,58467.53822920006,60820.28850689996,2352.7502776999027,168.11532757323783,29.66414741722481,0.0507853008107138,0.0441294487808,VS,stamp_classifier,0.94372,27.5.6,VS,,F:\ZTF_Adjusted_Dataset\stamps\VS\ZTF18aatvmbh,,,,,,,,,,,,,,,,,,
ZTF17aacwtvs,35,4989,58041.393113399856,60917.42494209996,True,False,4,,,,,60305.141620399896,60917.42494209996,612.2833217000589,55.54266515644106,22.49822668967301,0.0371587833822976,0.0343306785766476,VS,stamp_classifier,0.94370466,27.5.6,VS,2.551141620715015e+18,F:\ZTF_Adjusted_Dataset\stamps\VS\ZTF17aacwtvs,,2.0,r,14.095403671264648,0.039157934486866,1.0,0.5,0.0,0.1725938320159912,1.4066773653030396,12.629772186279297,0.996999979019165,1.1392322778701782,t,29.0,4081.0,0.597000002861023,0.02500000037252903
ZTF18aaenmoh,33,5099,58512.23893520003,60745.20534719992,True,False,8,,,,,58602.18280090019,60745.20534719992,2143.022546299733,113.37834187263093,35.61952726553999,0.0298626977277392,0.0242754556242832,VS,stamp_classifier,0.9437037,26.0.1,VS,8.48182805115015e+17,F:\ZTF_Adjusted_Dataset\stamps\VS\ZTF18aaenmoh,,1.0,g,17.26820945739746,0.16817626357078552,1.0,0.13353000581264496,0.5835059881210327,0.6754218339920044,10.582045555114746,11.727134704589844,0.996999979019165,1.4675183296203613,t,2.0,603.0,0.7149999737739563,-0.020999999716877937
ZTF18aacntjx,22,3062,58359.51329859998,59496.50612269994,True,True,4,1.8862762,0.89421016,1.1232413,0.6651605,58359.51329859998,59496.50612269994,1136.992824099958,119.2936672,39.666944775,9.270569921293849e-05,1.968474451638738e-05,VS,stamp_classifier,0.94369704,correction_1.0.6,VS,6.0551329161501e+17,F:\ZTF_Adjusted_Dataset\stamps\VS\ZTF18aacntjx,,2.0,r,16.925039291381836,0.08419954031705856,0.9964290261268616,0.5,1.0,0.32153642177581787,3.1159753799438477,24.51765251159668,0.996999979019165,1.299775242805481,f,5.0,114.0,0.6600000262260437,-0.008999999612569809
ZTF18acmtgfd,34,4521,58427.36579860002,60970.37049769983,True,False,12,,,,,58455.491713,60970.37049769983,2514.878784699831,105.7795137731246,45.922013298072265,0.0303020032880679,0.0210791893703527,VS,stamp_classifier,0.9436649,27.5.7a32.dev1,VS,7.0149171301501e+17,F:\ZTF_Adjusted_Dataset\stamps\VS\ZTF18acmtgfd,,2.0,r,16.892383575439453,0.15633030235767365,0.9966670274734497,0.9947500228881836,0.5,0.5403301119804382,15.521849632263184,16.936555862426758,0.996999979019165,1.410462737083435,f,5.0,296.0,0.49799999594688416,-0.019999999552965164
ZTF25aabwmyo,2148,4307,58232.48159720004,60877.21644680016,True,False,71,,,,,60676.573055599816,60877.21644680016,200.64339120034128,267.45669049614844,8.567998889934278,0.0089818317179697,0.0088815920525209,VS,stamp_classifier,0.9436496,27.5.6,VS,2.93556787141501e+18,F:\ZTF_Adjusted_Dataset\stamps\VS\ZTF25aabwmyo,,2.0,r,14.32856559753418,0.02391776442527771,1.0,0.5,0.5,0.9486020803451538,1.4018235206604004,3.0227885246276855,0.9980000257492065,3.940000057220459,f,1758.0,3990.0,0.3840000033378601,0.03400000184774399
ZTF18aacqzti,21,3450,58435.37395829987,59708.220046299975,True,True,3,,,,,59173.40440970007,59708.220046299975,534.8156365999021,119.25873293333336,37.54959543333333,1.859740125213297e-05,6.313448608727352e-05,VS,stamp_classifier,0.9436247,correction_1.0.6,VS,,F:\ZTF_Adjusted_Dataset\stamps\VS\ZTF18aacqzti,,,,,,,,,,,,,,,,,,
ZTF24abycodc,35,3868,58505.32736109989,60661.395671300124,False,False,1,,,,,60661.395671300124,60661.395671300124,0.0,127.3749283,0.9905194,0.0850127041339874,0.0850000008940696,VS,stamp_classifier,0.9436118,26.0.1,VS,2.907395671415015e+18,F:\ZTF_Adjusted_Dataset\stamps\VS\ZTF24abycodc,,2.0,r,14.134481430053711,0.07055813074111938,0.9900000095367432,0.2340420037508011,0.9962499737739563,1.4750479459762573,13.684144020080566,19.14818572998047,0.9959999918937683,1.3022024631500244,t,35.0,3868.0,0.36000001430511475,0.023000000044703484
ZTF18aclncnd,36,6260,58045.526134300046,61120.34366900008,False,False,5,,,,,58435.51556710014,61120.34366900008,2684.8281018999405,121.45339863505622,29.569737294657223,0.0385700432919978,0.0335465144341046,VS,stamp_classifier,0.943608,27.5.7a32.dev1,VS,6.815155614150154e+17,F:\ZTF_Adjusted_Dataset\stamps\VS\ZTF18aclncnd,,2.0,r,15.034625053405762,0.059340041130781174,1.0,0.5,0.5,2.12715744972229,5.44727897644043,6.9537248611450195,0.9950000047683716,3.175344228744507,t,2.0,301.0,0.5080000162124634,-0.014999999664723873
ZTF18acdruhu,41,3978,58427.36395830009,60970.440243099816,True,False,15,,,,,58427.36395830009,60970.440243099816,2543.076284799725,98.37378815196912,32.743986430399055,0.0226141323425515,0.0190206512066627,VS,stamp_classifier,0.94358486,27.5.7a32.dev1,VS,7.01493592915015e+17,F:\ZTF_Adjusted_Dataset\stamps\VS\ZTF18acdruhu,,2.0,r,16.078176498413086,0.1490641087293625,1.0,0.9934999942779541,0.5888689756393433,0.15507034957408905,11.774782180786133,14.647244453430176,0.996999979019165,1.4348785877227783,t,5.0,233.0,0.9879999756813049,0.035999998450279236
ZTF17aadkpom,49,5165,58041.463981499895,61106.22922449978,True,False,10,,,,,58438.32916670013,61106.22922449978,2667.9000577996485,106.2009512290428,36.29030315332072,0.0279256558847901,0.022508872780325,VS,stamp_classifier,0.9435841,27.5.7a32.dev1,VS,6.8432916611501e+17,F:\ZTF_Adjusted_Dataset\stamps\VS\ZTF17aadkpom,,2.0,r,14.213638305664062,0.12911443412303925,0.9975000023841858,0.6614930033683777,0.1612199991941452,0.364051878452301,10.765460014343262,11.287918090820312,0.7350000143051147,1.777016043663025,f,6.0,250.0,0.3009999990463257,-0.006000000052154064
ZTF20abtkxua,40,5294,58428.49600689998,60980.41031249985,True,False,3,2.0627635,0.2272156,2.0627635,0.2272156,59496.48848380009,60980.41031249985,1483.921828699764,113.9788053701904,29.946862510686284,0.0509290524698197,0.0441294487808,VS,stamp_classifier,0.943582,27.5.7a32.dev1,VS,1.74248848031501e+18,F:\ZTF_Adjusted_Dataset\stamps\VS\ZTF20abtkxua,,1.0,g,16.134803771972656,0.121526800096035,0.9900000095367432,0.13120800256729126,0.11524999886751175,0.510139524936676,8.282870292663574,9.039811134338379,0.9950000047683716,1.376470685005188,f,26.0,3302.0,0.5109999775886536,0.012000000104308128
ZTF21acfkfas,42,3775,58217.34865739988,60735.42532410007,True,False,1,,,,,60735.42532410007,60735.42532410007,0.0,225.5380143,12.7971847,0.0871651619672775,0.0850000008940696,VS,stamp_classifier,0.9435808,26.0.1,VS,2.981425324515015e+18,F:\ZTF_Adjusted_Dataset\stamps\VS\ZTF21acfkfas,,2.0,r,14.517227172851562,0.06574384868144989,0.987500011920929,0.5,0.9310889840126038,0.5899499654769897,7.678379535675049,14.69076919555664,0.9570000171661377,1.5542542934417725,t,42.0,3775.0,1.2269999980926514,-0.032999999821186066
ZTF18accuruw,1764,3170,58182.177812499925,61016.30791669991,True,True,55,,,,,58464.320081000216,61016.30791669991,2551.9878356996924,121.09070759596572,45.999686883767694,0.0137544000180762,0.0095546629649915,VS,stamp_classifier,0.94354135,27.5.7a32.dev1,VS,7.2855585231501e+17,F:\ZTF_Adjusted_Dataset\stamps\VS\ZTF18accuruw,,1.0,g,17.587858200073242,0.10793108493089676,1.0,0.5,0.9922919869422913,0.9189438223838806,3.2117600440979004,15.042913436889648,0.9900000095367432,1.5224372148513794,f,60.0,146.0,0.5690000057220459,0.0
ZTF19acrsllg,46,5351,58124.35673609981,61115.37378469994,True,True,5,,,,,58829.42315969989,61115.37378469994,2285.950625000056,117.44665306248936,22.70822997197492,0.0105033541684642,0.0096891620604338,VS,stamp_classifier,0.9435023,27.5.7a32.dev1,VS,1.075423150315015e+18,F:\ZTF_Adjusted_Dataset\stamps\VS\ZTF19acrsllg,,2.0,r,15.099289894104004,0.06903959810733795,0.9908329844474792,0.5,0.9728749990463257,0.2167413979768753,6.236907005310059,19.10608673095703,0.9959999918937683,1.3309838771820068,t,24.0,1301.0,0.6069999933242798,0.01600000075995922
ZTF19acrsbvz,28,4587,58434.47674770001,61115.36535880016,True,True,2,,,,,58872.30365739996,61115.36535880016,2243.061701400205,124.92102268770434,23.959999183276576,0.0108680110407513,0.0099315058256989,VS,stamp_classifier,0.9434935,27.5.7a32.dev1,VS,1.118303651315015e+18,F:\ZTF_Adjusted_Dataset\stamps\VS\ZTF19acrsbvz,,2.0,r,15.56170654296875,0.05477545037865639,1.0,0.5,0.5,0.8764771223068237,4.787311553955078,11.244959831237793,0.9980000257492065,1.1433824300765991,t,11.0,1283.0,0.3019999861717224,0.00800000037997961
ZTF25abxkhni,15,3098,58440.48513890011,60965.542118099984,True,False,1,,,,,60965.542118099984,60965.542118099984,0.0,187.2422158,32.5078055,0.1007923185825347,0.0850000008940696,VS,stamp_classifier,0.94348574,27.5.6,VS,3.211542115015015e+18,F:\ZTF_Adjusted_Dataset\stamps\VS\ZTF25abxkhni,,2.0,r,14.627400398254395,0.03675094246864319,0.96875,0.5,0.019625000655651093,0.8278104662895203,1.5216954946517944,26.0755558013916,0.996999979019165,1.8973339796066284,t,15.0,3098.0,1.2630000114440918,0.1080000028014183
ZTF18aabsiwe,80,5991,58092.539467600174,61106.19146989984,True,False,31,,,,,58435.51802079985,61106.19146989984,2670.673449099995,120.215890910833,15.39143724746522,0.0135455988504716,0.0130597868290876,VS,stamp_classifier,0.94348246,27.5.7a32.dev1,VS,6.815180257150152e+17,F:\ZTF_Adjusted_Dataset\stamps\VS\ZTF18aabsiwe,,2.0,r,14.606553077697754,0.014629168435931206,1.0,0.9293749928474426,1.0,0.6300631165504456,0.7968701124191284,1.319627046585083,0.8610000014305115,2.2652599811553955,t,1.0,143.0,2.632999897003174,0.11299999803304672
ZTF18adrbomm,19,4111,58091.40952550015,60806.26983800018,True,False,1,,,,,60806.26983800018,60806.26983800018,0.0,123.9756738,29.6303151,0.0977873057126998,0.0850000008940696,VS,stamp_classifier,0.94348127,27.5.6,VS,3.0522698310150103e+18,F:\ZTF_Adjusted_Dataset\stamps\VS\ZTF18adrbomm,,2.0,r,16.05071258544922,0.09106367081403732,0.9664580225944519,0.5,0.24604199826717377,1.1399707794189453,11.730777740478516,17.637338638305664,0.7250000238418579,1.5894114971160889,f,19.0,4111.0,0.699999988079071,-0.028999999165534973
ZTF18acpefgx,26,4090,58439.4909374998,60952.5398380002,True,True,3,,,,,58439.4909374998,60952.5398380002,2513.0489005004056,170.01470807142138,24.39975473588968,0.0484574026491837,0.0441294487808,VS,stamp_classifier,0.9434386,27.5.6,VS,6.8549093191501e+17,F:\ZTF_Adjusted_Dataset\stamps\VS\ZTF18acpefgx,,1.0,g,18.175533294677734,0.21473953127861023,0.994687020778656,0.5,0.5,1.1844455003738403,3.5087454319000244,4.5286149978637695,0.8899999856948853,1.2489781379699707,f,1.0,248.0,0.6859999895095825,0.00800000037997961
ZTF18acmnaki,38,3165,58436.25,60198.5,True,False,6,2.248381,0.420875,1.6240715,0.18680376,58436.37027780013,60198.50844909996,1762.1381712998264,125.10277511666668,24.80821871666667,0.0001214495848753,0.0001149127219529,VS,stamp_classifier,0.9434368,1.2.1,VS,,F:\ZTF_Adjusted_Dataset\stamps\VS\ZTF18acmnaki,,,,,,,,,,,,,,,,,,
ZTF23absqtda,222,4176,58228.50740739983,61096.4529281999,True,False,12,,,,,60288.55706019979,61096.4529281999,807.8958680001087,225.7386777009469,9.61824226280629,0.0091787304806415,0.0090497038987369,VS,stamp_classifier,0.94343567,27.5.7a32.dev1,VS,2.534557060015015e+18,F:\ZTF_Adjusted_Dataset\stamps\VS\ZTF23absqtda,,2.0,r,15.18324089050293,0.034523241221904755,0.9912499785423279,0.5,0.5,1.5595269203186035,3.80830717086792,7.931360244750977,0.9940000176429749,2.218780755996704,t,45.0,2974.0,0.8100000023841858,0.027000000700354576
ZTF25abuqece,20,2863,58103.48575229989,60948.53266200004,True,False,1,,,,,60948.53266200004,60948.53266200004,0.0,172.4292076,36.3962326,0.1055988743901252,0.0850000008940696,VS,stamp_classifier,0.9434192,27.5.6,VS,3.19453266211501e+18,F:\ZTF_Adjusted_Dataset\stamps\VS\ZTF25abuqece,,2.0,r,15.807046890258789,0.043131131678819656,0.9807440042495728,0.13079200685024261,0.03633330017328262,1.2756738662719727,17.25520896911621,23.538463592529297,0.9950000047683716,2.2846925258636475,f,20.0,2863.0,0.7360000014305115,0.05299999937415123
ZTF18abcrgcg,4,876,58291.45695600007,58803.181053199805,True,True,2,,,,,58291.45695600007,58803.181053199805,511.724097199738,324.60411115,64.30423485,0.0003749787260891,1.2091525963936724e-05,VS,stamp_classifier,0.94340825,corr_bulk_0.0.1,VS,5.3745695591501504e+17,F:\ZTF_Adjusted_Dataset\stamps\VS\ZTF18abcrgcg,,1.0,g,17.729650497436523,0.20186541974544525,0.9829170107841492,0.5,0.5,1.028520941734314,1.4754104614257812,2.0114614963531494,0.01899999938905239,1.232434630393982,t,1.0,17.0,0.1899999976158142,-0.004999999888241291
ZTF20acuzzxy,71,3886,58076.39271989977,61115.17427079985,True,True,3,-0.06160736,0.526381,-0.06160736,0.526381,59187.4508795999,61115.17427079985,1927.72339119995,94.16802733169372,15.285948690587972,0.0457479139034742,0.0441294487808,VS,stamp_classifier,0.94338876,27.5.7a32.dev1,VS,1.43345087101501e+18,F:\ZTF_Adjusted_Dataset\stamps\VS\ZTF20acuzzxy,,2.0,r,17.23477554321289,0.16751493513584137,0.9983329772949219,0.9347919821739197,0.3865770101547241,0.8745764493942261,10.804007530212402,12.883109092712402,0.9900000095367432,1.8208996057510376,f,51.0,1600.0,0.9039999842643738,-0.02500000037252903
ZTF20aautjhy,23,4046,58129.4451156999,60307.48590280023,False,False,2,,,,,58954.228379600216,60307.48590280023,1353.257523200009,162.40846420000088,29.717112300001027,0.0748431009934053,0.0649999974782266,VS,stamp_classifier,0.9433726,corr_bulk_0.0.1,VS,1.200228374815015e+18,F:\ZTF_Adjusted_Dataset\stamps\VS\ZTF20aautjhy,,2.0,r,16.039451599121094,0.04211881384253502,1.0,0.5,0.06641670316457748,2.1485788822174072,8.260520935058594,14.472549438476562,0.34700000286102295,1.4037301540374756,t,2.0,1332.0,1.8799999952316284,0.07599999755620956
ZTF18aacoivy,33,5160,58455.537419000175,60635.341030099895,True,False,8,,,,,58455.537419000175,60635.341030099895,2179.80361109972,119.50072384203628,40.89925886250031,0.0353319757934025,0.0267060951524542,VS,stamp_classifier,0.9433224,25.0.0,VS,7.0153741461501e+17,F:\ZTF_Adjusted_Dataset\stamps\VS\ZTF18aacoivy,,2.0,r,14.656298637390137,0.10782863944768906,0.9858329892158508,0.01708330027759075,0.0,0.18353918194770813,8.48917007446289,13.797221183776855,0.7379999756813049,1.6699999570846558,f,1.0,266.0,0.8339999914169312,-0.0020000000949949026
ZTF19adfxmzb,22,3286,58512.45765049989,60977.55229170015,True,False,2,,,,,60971.54895830015,60977.55229170015,6.003333400003612,174.4982646999953,0.8625556499999999,0.0601108863832716,0.0601040770330592,VS,stamp_classifier,0.94329804,27.5.7a32.dev1,VS,3.22355229611501e+18,F:\ZTF_Adjusted_Dataset\stamps\VS\ZTF19adfxmzb,,2.0,r,14.837430953979492,0.06529522687196732,0.9950000047683716,0.9936429858207703,0.5,0.4140093922615051,13.40079116821289,16.708831787109375,0.996999979019165,1.7007445096969604,f,22.0,3286.0,0.6639999747276306,0.023000000044703484
ZTF18acmlqfs,36,4140,58111.44527779985,61115.3658218002,True,True,7,,,,,58436.36452550022,61115.3658218002,2679.001296299976,120.50386317212154,16.069418330338422,0.0099546224679109,0.0095656653718255,VS,stamp_classifier,0.9432954,27.5.7a32.dev1,VS,6.8238122131501e+17,F:\ZTF_Adjusted_Dataset\stamps\VS\ZTF18acmlqfs,,2.0,r,14.615266799926758,0.02446741983294487,0.9966670274734497,0.5,0.2697350084781647,0.07626476138830185,2.8440616130828857,13.056548118591309,0.9810000061988831,4.900000095367432,f,2.0,127.0,0.2290000021457672,-0.027000000700354576
ZTF18aacojap,48,5248,58427.36670139991,60655.27042819979,True,True,15,,,,,58427.36670139991,60655.27042819979,2227.903726799879,118.55536262152326,41.09691871304686,0.023616194726429,0.0177971341682096,VS,stamp_classifier,0.9432846,25.0.0,VS,7.01537414615015e+17,F:\ZTF_Adjusted_Dataset\stamps\VS\ZTF18aacojap,,2.0,r,14.580430030822754,0.10401862114667892,0.9987499713897705,0.9096670150756836,0.017500000074505806,0.09578237682580948,10.18831729888916,13.046918869018555,0.9860000014305115,1.3958345651626587,t,3.0,269.0,0.35100001096725464,0.014000000432133675
ZTF20aagotnp,43,7689,58316.42135420023,61010.09899310023,True,False,19,,,,,58839.14407410007,61010.09899310023,2170.954919000156,12.076968200842604,36.84040812784792,0.021077809663071,0.0168687543113333,VS,stamp_classifier,0.94328064,27.5.7a32.dev1,VS,1.11314155481501e+18,F:\ZTF_Adjusted_Dataset\stamps\VS\ZTF20aagotnp,,1.0,g,15.944275856018066,0.14311827719211578,1.0,0.02339879982173443,0.11397899687290192,0.8648090958595276,17.161563873291016,26.910804748535156,0.996999979019165,1.4337778091430664,f,12.0,1949.0,1.093000054359436,-0.013000000268220901
ZTF18aaelpsw,87,5414,58423.47640050016,60661.33885420021,True,True,31,,,,,58428.4983680998,60661.33885420021,2232.840486100409,116.49678563844118,44.22461270234032,0.0177827419937588,0.0127433093283949,VS,stamp_classifier,0.94327885,26.0.1,VS,6.80428735215015e+17,F:\ZTF_Adjusted_Dataset\stamps\VS\ZTF18aaelpsw,,1.0,g,17.147857666015625,0.12490211427211761,0.9962499737739563,0.5,0.04126790165901184,0.5640828013420105,13.128382682800293,21.920412063598633,0.9520000219345093,1.8747308254241943,t,7.0,183.0,0.1940000057220459,0.003000000026077032
ZTF18abmwwoh,81,5269,58097.28488430008,61057.22494209977,True,False,62,,,,,58345.49364579981,61057.22494209977,2711.7312962999567,84.41044262191294,36.992906178683,0.0109380599852918,0.0087363378236561,VS,stamp_classifier,0.94326854,27.5.7a32.dev1,VS,5.91493645715015e+17,F:\ZTF_Adjusted_Dataset\stamps\VS\ZTF18abmwwoh,,2.0,r,15.86422061920166,0.10929993540048599,0.5,0.5,0.14629200100898743,0.7947599291801453,7.453003883361816,9.735251426696777,0.996999979019165,1.2552828788757324,t,2.0,243.0,0.5619999766349792,-0.019999999552965164
ZTF20abhrmev,25,4357,58427.22487269994,60560.34428239986,True,True,2,,,,,59024.385266200174,60560.34428239986,1535.9590161996894,7.112354100003457,41.47391290000012,0.1134456686811323,0.0850000005863921,VS,stamp_classifier,0.943255,24.5.2a6,VS,1.270385264515015e+18,F:\ZTF_Adjusted_Dataset\stamps\VS\ZTF20abhrmev,,1.0,g,16.317081451416016,0.09131333231925964,0.9820830225944519,0.5,0.2080480009317398,1.0301506519317627,3.6112232208251953,11.876835823059082,0.9900000095367432,1.4588857889175415,t,8.0,1352.0,0.4830000102519989,-0.003000000026077032
ZTF19adgafmx,29,3956,58512.555358800106,61020.57290509995,True,True,6,,,,,60188.19163190015,61020.57290509995,832.3812731998041,236.58280909919813,1.7671965096097064,0.0298246606959517,0.0298104754913835,VS,stamp_classifier,0.9432304,27.5.7a32.dev1,VS,2.434191631315015e+18,F:\ZTF_Adjusted_Dataset\stamps\VS\ZTF19adgafmx,,2.0,r,13.315864562988281,0.033928513526916504,0.9121959805488586,0.25056201219558716,0.0,0.0732540637254715,14.214334487915039,18.538244247436523,0.9919999837875366,1.3533351421356201,t,20.0,2774.0,0.2630000114440918,-0.02500000037252903
ZTF20abhwdxf,25,3521,58464.561759300064,60735.39925929997,False,False,2,,,,,59025.23086810019,60735.39925929997,1710.1683911997825,230.1035173500252,7.4763177,0.0463560252957166,0.0459619390912516,VS,stamp_classifier,0.9432206,26.0.1,VS,1.271230864815015e+18,F:\ZTF_Adjusted_Dataset\stamps\VS\ZTF20abhwdxf,,1.0,g,16.375900268554688,0.046062976121902466,0.9950000047683716,0.5,0.14065499603748322,2.099458694458008,3.2686398029327393,17.173311233520508,0.01899999938905239,1.2451798915863037,t,1.0,621.0,0.6420000195503235,-0.032999999821186066
ZTF18adjffio,18,4226,58214.36724539986,61049.57841440011,True,False,3,,,,,60486.24636569992,61049.57841440011,563.3320487001911,225.258614073537,15.34864709986762,0.0419251799579102,0.0404298347116235,VS,stamp_classifier,0.9432099,27.5.7a32.dev1,VS,2.755267080715015e+18,F:\ZTF_Adjusted_Dataset\stamps\VS\ZTF18adjffio,,2.0,r,15.36207389831543,0.03497723489999771,0.9729170203208923,0.5,0.9936249852180481,1.507072925567627,13.353235244750977,21.93654441833496,0.996999979019165,1.5824425220489502,t,18.0,3603.0,0.7950000166893005,0.02800000086426735
ZTF18aanakuz,33,5208,58230.3260764,60820.30334489979,True,False,10,,,,,58285.22467589984,60820.30334489979,2535.078668999952,193.94778657113508,65.61018362523272,0.0609107540500162,0.0251526427207648,VS,stamp_classifier,0.94315803,27.5.6,VS,5.31224675315015e+17,F:\ZTF_Adjusted_Dataset\stamps\VS\ZTF18aanakuz,,1.0,g,15.496797561645508,0.027571024373173714,0.9962499737739563,0.5,0.014583299867808819,0.40720856189727783,17.091508865356445,22.590829849243164,0.996999979019165,1.2875704765319824,t,6.0,219.0,0.8360000252723694,-0.013000000268220901
ZTF17aadkrwk,39,5049,58041.463981499895,61066.22376159998,True,False,15,,,,,58438.32825230016,61066.22376159998,2627.895509299822,106.29205037487672,35.40171301955563,0.0233350594032046,0.0190206512066627,VS,stamp_classifier,0.9431452,27.5.7a32.dev1,VS,6.852964151150103e+17,F:\ZTF_Adjusted_Dataset\stamps\VS\ZTF17aadkrwk,,2.0,r,14.456633567810059,0.07201272994279861,1.0,0.6925830245018005,0.9858750104904175,0.10469456762075424,15.247210502624512,15.804664611816406,1.0,6.360000133514404,f,9.0,251.0,1.5049999952316284,-0.017000000923871994
ZTF17aadkdja,2450,4715,58045.48460649978,61123.17165509984,True,False,1142,,,,,58359.467222199775,61123.17165509984,2763.704432900064,109.85617495885134,22.96646272715632,0.0016825912322888,0.0015492179219673,VS,stamp_classifier,0.943141,27.5.7a32.dev1,VS,6.8150459141501e+17,F:\ZTF_Adjusted_Dataset\stamps\VS\ZTF17aadkdja,,2.0,r,14.41175365447998,0.03199135139584541,0.9887499809265137,0.5834400057792664,0.5926849842071533,1.1993153095245361,14.15149974822998,16.61115837097168,0.8889999985694885,2.5702311992645264,f,22.0,189.0,0.859000027179718,-0.020999999716877937
ZTF22abbzmgq,18,3176,58214.38516200008,60965.54712959984,False,False,1,,,,,60965.54712959984,60965.54712959984,0.0,188.3446201,26.5041069,0.0949824303388595,0.0850000008940696,VS,stamp_classifier,0.9431301,27.5.6,VS,3.21154712031501e+18,F:\ZTF_Adjusted_Dataset\stamps\VS\ZTF22abbzmgq,,2.0,r,15.397246360778809,0.05483858287334442,0.9983329772949219,0.5,0.4883750081062317,1.4244427680969238,11.145337104797363,21.8918399810791,0.996999979019165,1.9835829734802246,f,18.0,3176.0,0.2980000078678131,0.013000000268220901
ZTF19aadyeal,137,3821,58430.5,59967.25,True,False,3,,,,,58480.428669000044,59967.28936340008,1486.8606944000348,132.5665604666667,44.2040126,0.0002950966677789,0.0001016784637964,VS,stamp_classifier,0.9431259,1.1.6,VS,7.52426660215015e+17,F:\ZTF_Adjusted_Dataset\stamps\VS\ZTF19aadyeal,,2.0,r,16.29547882080078,0.05091065913438797,1.0,1.0,0.5,1.0558130741119385,7.761501789093018,7.925296306610107,0.9959999918937683,1.6876975297927856,t,25.0,481.0,1.3420000076293945,-0.013000000268220901
ZTF18acljwxy,31,4051,58045.52666669991,60935.51686340012,True,False,1,,,,,60935.51686340012,60935.51686340012,0.0,136.9243161,33.7777228,0.1022617071866989,0.0850000008940696,VS,stamp_classifier,0.94305944,27.5.6,VS,3.181516861115015e+18,F:\ZTF_Adjusted_Dataset\stamps\VS\ZTF18acljwxy,,2.0,r,13.696144104003906,0.02700481005012989,0.9975000023841858,0.9670829772949219,0.0,0.9873736500740051,10.567898750305176,26.812850952148438,0.996999979019165,1.2826560735702515,t,31.0,4051.0,0.3160000145435333,0.026000000536441803
ZTF18acycdbq,21,4722,58469.526284699794,61013.48202549992,True,True,5,,,,,58543.38107640017,61013.48202549992,2470.100949099753,204.4129274527296,22.64436707593453,0.0344911991514669,0.0318323531596662,VS,stamp_classifier,0.9430571,27.5.7a32.dev1,VS,7.8938107491501e+17,F:\ZTF_Adjusted_Dataset\stamps\VS\ZTF18acycdbq,,1.0,g,14.353080749511719,0.05486641079187393,0.9950000047683716,0.5,0.25707098841667175,0.18864452838897705,0.8554273247718811,8.378473281860352,0.972000002861023,2.680000066757202,f,3.0,324.0,0.31700000166893005,-0.009999999776482582
ZTF19acfqiky,610,3958,58041.5,59908.5,True,False,27,0.8398,0.829598,0.97225374,0.88065964,58846.24644679995,59908.43777780002,1062.1913310000673,113.5261435925926,35.788705685185185,0.0001085361404747,7.882865890207213e-05,VS,stamp_classifier,0.94304204,1.1.6,VS,1.09224644511501e+18,F:\ZTF_Adjusted_Dataset\stamps\VS\ZTF19acfqiky,,1.0,g,17.23529624938965,0.09219028800725937,0.9850000143051147,0.9939169883728027,0.9530419707298279,1.3442569971084595,16.018896102905273,20.975120544433594,0.9940000176429749,1.4545503854751587,f,86.0,1421.0,0.621999979019165,-0.02500000037252903
ZTF21aaqqtbn,41,5622,58365.14842589991,61066.5651273001,True,False,1,,,,,61066.5651273001,61066.5651273001,0.0,257.4367737,0.9516627,0.0850117281079292,0.0850000008940696,VS,stamp_classifier,0.94303346,27.5.7a32.dev1,VS,3.312565120315015e+18,F:\ZTF_Adjusted_Dataset\stamps\VS\ZTF21aaqqtbn,,2.0,r,13.805113792419434,0.03904947638511658,1.0,0.2718540132045746,0.5,0.4281077980995178,15.877994537353516,16.535566329956055,0.996999979019165,1.8347206115722656,t,41.0,5622.0,1.0460000038146973,-0.017999999225139618
ZTF18aabkbic,96,8192,58131.38211809984,61118.15681710001,True,False,28,,,,,58427.38197920006,61118.15681710001,2690.774837899953,114.0717704356022,36.88831831772378,0.0101704604707581,0.0081344058318824,VS,stamp_classifier,0.94299275,27.5.7a32.dev1,VS,6.81505046115015e+17,F:\ZTF_Adjusted_Dataset\stamps\VS\ZTF18aabkbic,,2.0,r,14.74120807647705,0.017200015485286713,1.0,0.5,0.5,0.8941697478294373,0.9093162417411804,1.679179310798645,0.996999979019165,2.376156806945801,t,2.0,277.0,1.9210000038146973,0.10000000149011612
ZTF17aacqimg,73,5274,58045.52560190018,61115.37378469994,True,False,14,,,,,58435.51753470022,61115.37378469994,2679.8562499997206,117.56227238764022,25.23580484659677,0.0219900668723962,0.0198913523396738,VS,stamp_classifier,0.9429854,27.5.7a32.dev1,VS,6.815175329150157e+17,F:\ZTF_Adjusted_Dataset\stamps\VS\ZTF17aacqimg,,2.0,r,16.3519287109375,0.04759063944220543,0.9846370220184326,0.05886109918355942,0.05008329823613167,1.0656613111495972,11.246766090393066,16.092435836791992,0.9340000152587891,2.846000909805298,t,1.0,189.0,1.2139999866485596,-0.0560000017285347
ZTF18achoiaz,27,3266,58369.476666700095,61081.1188194002,True,False,11,,,,,58434.28033560002,61081.1188194002,2646.8384838001803,43.57348537863221,8.02905392268755,0.0201767290829503,0.0199789437769026,VS,stamp_classifier,0.9429758,27.5.7a32.dev1,VS,6.80280331115015e+17,F:\ZTF_Adjusted_Dataset\stamps\VS\ZTF18achoiaz,,1.0,g,17.15276527404785,0.08215951919555664,1.0,0.9240239858627319,1.0,0.4600618779659271,16.046926498413086,22.90517807006836,0.996999979019165,1.806972861289978,t,1.0,6.0,0.4429999887943268,0.026000000536441803
ZTF17aackadx,28,3690,58076.31971060019,61081.43368060002,True,True,9,,,,,59475.47211810015,61081.43368060002,1605.9615624998696,126.79274755598637,29.697817629437765,0.0106443448265881,0.0092462142491197,VS,stamp_classifier,0.94296783,27.5.7a32.dev1,VS,1.742505640715015e+18,F:\ZTF_Adjusted_Dataset\stamps\VS\ZTF17aackadx,,1.0,g,15.068379402160645,0.049888234585523605,0.9950000047683716,0.9962499737739563,0.00783332996070385,0.5057129859924316,23.897083282470703,25.7112979888916,0.9929999709129333,1.5993144512176514,t,15.0,1904.0,0.5289999842643738,-0.007000000216066837
ZTF18aahctgn,567,4728,58204.44565969985,61030.48760419991,True,True,25,,,,,59193.54625000013,61030.48760419991,1836.9413541997783,231.2615774480425,29.726483392,0.0149700183868311,0.0129999995231628,VS,stamp_classifier,0.9429659,27.5.7a32.dev1,VS,1.448505461415015e+18,F:\ZTF_Adjusted_Dataset\stamps\VS\ZTF18aahctgn,,1.0,g,13.95979118347168,0.06801999360322952,0.5,0.5,0.5,1.0581414699554443,1.167065143585205,1.175417423248291,0.9990000128746033,1.7663217782974243,t,288.0,2630.0,0.18000000715255737,-0.0010000000474974513
ZTF17aadkfkj,16,4058,58045.52774310019,60935.52775460016,True,True,7,,,,,58512.44420140004,60935.52775460016,2423.083553200122,145.1188866142923,32.6887453,0.0381729274330499,0.0321269805437108,VS,stamp_classifier,0.94294155,27.5.6,VS,7.5844420291501e+17,F:\ZTF_Adjusted_Dataset\stamps\VS\ZTF17aadkfkj,,2.0,r,14.602126121520996,0.0876181498169899,1.0,0.5,0.0016666699666529894,0.21415311098098755,5.992987155914307,18.832988739013672,0.9959999918937683,1.2130656242370605,f,2.0,338.0,0.5130000114440918,-0.00800000037997961
ZTF19acqjpkx,30,3452,58214.3949190001,60383.43195600016,True,False,1,,,,,60383.43195600016,60383.43195600016,0.0,235.0082585,22.527643,0.0920217409729957,0.0850000008940696,VS,stamp_classifier,0.9429381,23.12.25,VS,2.62943195611501e+18,F:\ZTF_Adjusted_Dataset\stamps\VS\ZTF19acqjpkx,,2.0,r,14.852031707763672,0.07644219696521759,1.0,0.5,0.5,0.999299943447113,2.299238681793213,14.149256706237793,0.9959999918937683,1.955525279045105,f,30.0,3452.0,0.5659999847412109,-0.019999999552965164
ZTF22abksyth,27,3466,58434.49442130001,60948.539803199936,False,False,2,,,,,59855.52879629983,60948.539803199936,1093.0110069001094,154.61611029994623,24.7998589,0.06621006483258,0.0601040770330592,VS,stamp_classifier,0.94293183,27.5.6,VS,2.10152879301501e+18,F:\ZTF_Adjusted_Dataset\stamps\VS\ZTF22abksyth,,2.0,r,16.33320426940918,0.20867154002189636,1.0,0.8666520118713379,0.010625000111758709,1.304950475692749,8.71663761138916,16.20305061340332,1.0,2.8499999046325684,f,10.0,1993.0,0.3199999928474426,0.007000000216066837
ZTF25abmdmjp,20,4704,58431.28474539984,60970.28694440005,True,False,3,,,,,60959.35109949997,60970.28694440005,10.935844900086522,39.32614699743228,37.05091032472068,0.0552931016452567,0.0441294487808,VS,stamp_classifier,0.94293076,27.5.7a32.dev1,VS,3.205351090715015e+18,F:\ZTF_Adjusted_Dataset\stamps\VS\ZTF25abmdmjp,,2.0,r,14.591915130615234,0.022631647065281868,0.991083025932312,0.00933333020657301,0.5,0.33684706687927246,26.16622543334961,27.07500457763672,1.0,1.0700000524520874,t,19.0,4645.0,0.7419999837875366,-0.012000000104308128
ZTF18adgejjp,102,6282,58101.27642360004,61121.141145799775,True,False,54,,,,,58900.18471059995,61121.141145799775,2220.956435199827,120.34082594649564,15.23481596587743,0.007107000439534,0.0068572390109486,VS,stamp_classifier,0.9429226,27.5.7a32.dev1,VS,1.1461847103150102e+18,F:\ZTF_Adjusted_Dataset\stamps\VS\ZTF18adgejjp,,2.0,r,14.811873435974121,0.057563666254282,0.9966670274734497,0.9900000095367432,0.12634499371051788,0.015668898820877075,20.055702209472656,24.190874099731445,1.0,2.890000104904175,f,13.0,2072.0,1.0490000247955322,-0.017000000923871994
ZTF22aajysaz,49,6111,58326.27486110013,61116.36672449997,True,False,2,,,,,61005.56795139983,61116.36672449997,110.798773100134,225.7127958000002,8.206916399999999,0.0607259722220835,0.0601040770330592,VS,stamp_classifier,0.9429225,27.5.7a32.dev1,VS,3.25156795031501e+18,F:\ZTF_Adjusted_Dataset\stamps\VS\ZTF22aajysaz,,2.0,r,15.4122953414917,0.06631247699260712,0.9996870160102844,0.5,0.025624999776482582,0.9263351559638977,3.8685860633850098,8.802453994750977,0.9959999918937683,2.0715770721435547,f,45.0,5826.0,0.6029999852180481,0.03500000014901161
ZTF18abpvijy,21,5468,58104.34839119995,61066.11370369978,True,True,8,,,,,58343.404351899866,61066.11370369978,2722.7093517999165,10.219866043111548,36.69240006703122,0.0321961356704555,0.0258166290744315,VS,stamp_classifier,0.94291896,27.5.7a32.dev1,VS,6.01367321015015e+17,F:\ZTF_Adjusted_Dataset\stamps\VS\ZTF18abpvijy,,2.0,r,13.107089042663574,0.012606563977897167,0.9808329939842224,0.023291699588298798,0.6434800028800964,0.1298573762178421,11.091163635253906,19.434221267700195,1.0,2.8299999237060547,t,6.0,224.0,0.6399999856948853,-0.012000000104308128
ZTF18aaemjah,44,5291,58232.19594909996,61112.16562499991,True,False,13,,,,,58883.19260419998,61112.16562499991,2228.973020799924,113.53446279181,30.537262324958316,0.0232801614047262,0.0200511771049948,VS,stamp_classifier,0.94291455,27.5.7a32.dev1,VS,1.129192601315015e+18,F:\ZTF_Adjusted_Dataset\stamps\VS\ZTF18aaemjah,,2.0,r,14.925309181213379,0.07165683060884476,0.9858329892158508,0.5,0.9711189866065979,0.4818713963031769,0.8870717287063599,9.641802787780762,0.9909999966621399,1.4238324165344238,t,19.0,1889.0,0.4699999988079071,-0.004999999888241291
ZTF22aabxapx,32,3667,58267.31635419978,60760.44298609998,True,False,1,,,,,60760.44298609998,60760.44298609998,0.0,218.6508898,8.7818245,0.0657710433006286,0.0649999976158142,VS,stamp_classifier,0.9429118,26.0.1,VS,3.006442980315015e+18,F:\ZTF_Adjusted_Dataset\stamps\VS\ZTF22aabxapx,,1.0,g,15.204023361206055,0.08742358535528183,1.0,0.5,0.5,0.6218914985656738,0.9743077158927917,4.374136924743652,0.9940000176429749,1.5593252182006836,t,32.0,3667.0,0.37400001287460327,-0.014999999664723873
ZTF18aagvrea,2792,8089,58203.41512730019,61076.53403940005,True,False,930,,,,,58242.41936339997,61076.53403940005,2834.1146760000847,247.2828471908339,34.22950008648602,0.0026618813617596,0.0022008196493733,VS,stamp_classifier,0.9429015,27.5.7a32.dev1,VS,5.95163944615015e+17,F:\ZTF_Adjusted_Dataset\stamps\VS\ZTF18aagvrea,,1.0,g,13.430891036987305,0.03936649113893509,0.9818750023841858,0.5,0.5,0.08144859224557877,1.0016112327575684,1.3081402778625488,0.984000027179718,3.180000066757202,t,701.0,1657.0,0.3179999887943268,-0.014000000432133675
ZTF26aajxcgj,24,3334,58523.41055560019,61107.27879629983,False,False,1,,,,,61107.27879629983,61107.27879629983,0.0,147.9886897,1.97826,0.06503876298666,0.0649999976158142,VS,stamp_classifier,0.9428798,27.5.7a32.dev1,VS,3.353278790015015e+18,F:\ZTF_Adjusted_Dataset\stamps\VS\ZTF26aajxcgj,,1.0,g,16.0252628326416,0.05441774055361748,0.9845830202102661,0.5,-999.0,1.4523056745529175,5.856091022491455,-999.0,0.9950000047683716,1.7438313961029053,t,24.0,3334.0,0.2980000078678131,-0.007000000216066837
ZTF20aaoangl,36,6202,58440.5,60249.5,True,True,1,,,,,60249.4595718002,60249.4595718002,0.0,179.9092335,43.98814,,,VS,stamp_classifier,0.9428699,1.2.1,VS,2.4954595702150103e+18,F:\ZTF_Adjusted_Dataset\stamps\VS\ZTF20aaoangl,,2.0,r,15.045175552368164,0.04368770122528076,1.0,0.5,0.5,1.1067376136779785,3.5542240142822266,4.672955513000488,0.9950000047683716,2.331212043762207,f,36.0,6202.0,0.7620000243186951,-0.017000000923871994
ZTF25abwfols,1298,2464,58246.39787039999,61122.44075229997,True,False,6,,,,,61094.54502309999,61122.44075229997,27.89572919998318,258.08871899868484,-20.59442708464294,0.0102375176553386,0.009583276407299,VS,stamp_classifier,0.9428125,27.5.7a32.dev1,VS,3.368440750215015e+18,F:\ZTF_Adjusted_Dataset\stamps\VS\ZTF25abwfols,,2.0,r,14.457843780517578,0.02134772390127182,1.0,0.42321398854255676,0.9513540267944336,0.3416695296764374,5.045727252960205,7.874112606048584,0.9769999980926514,2.7100000381469727,t,1298.0,2464.0,0.3449999988079071,-0.02199999988079071
ZTF20acudzyy,1552,2858,58203.50275459979,60688.5615393999,True,False,6,,,,,60677.56501160003,60688.5615393999,10.99652779987082,266.8688105333106,18.505947083333336,0.0365933191434735,0.0347011050544307,VS,stamp_classifier,0.9428101,26.0.1,VS,2.933568186015015e+18,F:\ZTF_Adjusted_Dataset\stamps\VS\ZTF20acudzyy,,2.0,r,15.17408275604248,0.03874991461634636,0.9845830202102661,0.5,0.21802100539207458,0.9777359962463379,3.4167888164520264,7.365052700042725,0.9369999766349792,4.369999885559082,t,1475.0,2857.0,1.0470000505447388,-0.0729999989271164
ZTF17aacsswt,39,3642,58042.4599768999,60655.2603356,True,True,7,,,,,58436.36982640019,60655.2603356,2218.8905091998167,129.8323287652142,35.36510030765874,0.0359208205503639,0.0292927283562577,VS,stamp_classifier,0.942802,25.0.0,VS,6.86456256215015e+17,F:\ZTF_Adjusted_Dataset\stamps\VS\ZTF17aacsswt,,1.0,g,15.107526779174805,0.06659179925918579,0.9710419774055481,0.5,0.02558330073952675,0.5869967937469482,11.690023422241211,13.312068939208984,0.4519999921321869,2.869999885559082,t,7.0,327.0,0.5239999890327454,0.0
ZTF18aaelfyd,42,5153,58359.51329859998,60635.341030099895,True,False,15,,,,,58440.44270829996,60635.341030099895,2194.898321799934,119.49040811320369,42.64783409585155,0.0249865738642303,0.0183784176656725,VS,stamp_classifier,0.94280016,25.0.0,VS,7.0153741621501e+17,F:\ZTF_Adjusted_Dataset\stamps\VS\ZTF18aaelfyd,,2.0,r,14.353365898132324,0.05074913427233696,0.9904170036315918,0.013979200273752213,0.1997320055961609,0.1442214399576187,11.76713752746582,28.03407859802246,0.9990000128746033,2.7699999809265137,f,5.0,259.0,0.2770000100135803,-0.004999999888241291
ZTF21acqckjc,1871,2764,58204.5,60221.25,True,False,39,1.7449999,1.7098496,1.6081847,1.5799471,59951.56700230017,60221.202997699846,269.63599539967254,264.12157819743584,2.794412041025641,6.869996356291536e-05,5.720276823422892e-05,VS,stamp_classifier,0.942782,1.2.1,VS,2.213552911915015e+18,F:\ZTF_Adjusted_Dataset\stamps\VS\ZTF21acqckjc,,2.0,r,15.116095542907715,0.03410186246037483,1.0,0.5413749814033508,0.08991669863462448,1.247232437133789,11.84648323059082,12.859053611755371,1.0,6.190000057220459,t,1382.0,2252.0,1.4390000104904175,-0.054999999701976776
ZTF18aabjoyn,46,3417,58103.45796300005,61116.18967590016,True,False,1,,,,,61116.18967590016,61116.18967590016,0.0,126.5871207,8.0308803,0.0858418568968772,0.0850000008940696,VS,stamp_classifier,0.94277346,27.5.7a32.dev1,VS,3.362189671515015e+18,F:\ZTF_Adjusted_Dataset\stamps\VS\ZTF18aabjoyn,,2.0,r,13.76183795928955,0.08592022955417633,0.9870830178260803,0.5,0.10158299654722214,0.5813705921173096,1.073465347290039,9.028848648071289,0.9959999918937683,1.0968666076660156,t,46.0,3417.0,0.8140000104904175,0.0
ZTF21acfkfhv,22,3494,58456.558888900094,60639.55770830018,True,False,1,,,,,60639.55770830018,60639.55770830018,0.0,225.5518223,8.3515429,0.0859110429883003,0.0850000008940696,VS,stamp_classifier,0.9427714,25.0.0,VS,2.88555770031501e+18,F:\ZTF_Adjusted_Dataset\stamps\VS\ZTF21acfkfhv,,2.0,r,14.417159080505371,0.0534711629152298,0.9664580225944519,0.0,0.5,0.7311884760856628,26.453771591186523,26.81702995300293,0.9950000047683716,1.5276137590408325,f,22.0,3494.0,0.3919999897480011,0.02199999988079071
ZTF25aaidbyr,43,3598,58361.463935200125,61093.24275460001,True,False,2,,,,,60734.26538190013,61093.24275460001,358.97737269988284,87.3129092596493,23.544399632095043,0.0563220201681614,0.0516332581488631,VS,stamp_classifier,0.9427579,27.5.7a32.dev1,VS,2.980265381315015e+18,F:\ZTF_Adjusted_Dataset\stamps\VS\ZTF25aaidbyr,,2.0,r,14.127275466918945,0.09006885439157486,1.0,0.5,0.5,1.2575711011886597,2.2650091648101807,4.409541130065918,0.996999979019165,2.262470245361328,t,25.0,3153.0,1.25600004196167,0.03400000184774399
ZTF19aasujym,29,3783,58092.55896990001,61066.40020829998,True,True,6,,,,,58602.17335649999,61066.40020829998,2464.226851799991,113.15129261694696,20.043521949363974,0.0332160438846967,0.0312042324829281,VS,stamp_classifier,0.9427559,27.5.7a32.dev1,VS,8.481733532150102e+17,F:\ZTF_Adjusted_Dataset\stamps\VS\ZTF19aasujym,,1.0,g,15.467049598693848,0.0979112759232521,1.0,0.9735829830169678,0.5,0.011592020280659199,12.517512321472168,21.447736740112305,0.746999979019165,2.00417160987854,f,3.0,320.0,0.5669999718666077,-0.019999999552965164
ZTF18acepbly,23,3591,58424.5,60225.5,True,True,1,,,,,60225.51762730023,60225.51762730023,0.0,160.657663,30.6502908,,,VS,stamp_classifier,0.94274414,1.2.1,VS,2.4715176200150103e+18,F:\ZTF_Adjusted_Dataset\stamps\VS\ZTF18acepbly,,2.0,r,13.897223472595215,0.040681954473257065,0.9908329844474792,0.5,0.12285099923610687,0.09734108299016953,0.4212554097175598,20.214723587036133,0.996999979019165,1.2117633819580078,f,23.0,3591.0,1.5080000162124634,0.03500000014901161
ZTF22abugdgp,2264,5678,58101.494340300094,61038.45276620006,True,False,83,,,,,59869.47942129988,61038.44900459983,1168.9695832999423,152.78685618707487,50.58924543534223,0.0122258466767949,0.0077618908924006,VS,stamp_classifier,0.9427399,27.5.7a32.dev1,VS,2.145471884815015e+18,F:\ZTF_Adjusted_Dataset\stamps\VS\ZTF22abugdgp,,2.0,r,15.851133346557617,0.061108093708753586,1.0,0.5,0.0018749999580904841,1.2449922561645508,3.067878246307373,25.207612991333008,0.9509999752044678,2.697906017303467,t,1306.0,3408.0,0.4580000042915344,0.004999999888241291
ZTF18aahdhzg,21,3108,58211.46490739984,60528.24557870021,True,True,2,,,,,58969.38561340002,60528.24557870021,1558.8599653001877,237.6227473,36.16550349999952,0.1052871787661093,0.0850000005863921,VS,stamp_classifier,0.9427248,24.5.2a6,VS,1.215385615515015e+18,F:\ZTF_Adjusted_Dataset\stamps\VS\ZTF18aahdhzg,,1.0,g,15.653630256652832,0.07257997244596481,1.0,0.62705397605896,0.005833330098539591,0.5677210092544556,12.709380149841309,13.220246315002441,0.996999979019165,1.1933823823928833,t,9.0,1140.0,0.367000013589859,-0.014000000432133675
ZTF17aadpvpt,29,5591,58041.50626160018,60975.44273150014,True,False,12,1.907251,0.732275,0.75094986,0.63913447,58427.36395830009,60975.44273150014,2548.0787732000463,102.29837286646054,29.71934741106106,0.0242718015163765,0.0210791893703527,VS,stamp_classifier,0.94270855,27.5.7a32.dev1,VS,6.883168806150102e+17,F:\ZTF_Adjusted_Dataset\stamps\VS\ZTF17aadpvpt,,2.0,r,15.719145774841309,0.07133632898330688,0.9987499713897705,0.8838210105895996,0.8061249852180481,0.2634231448173523,12.60948657989502,22.928218841552734,0.996999979019165,1.2375484704971313,f,8.0,328.0,1.340999960899353,-0.05299999937415123
ZTF18aandtfi,35,4697,58230.37930560019,61066.49710649997,True,True,4,,,,,58956.39245369984,61066.49710649997,2110.104652800132,258.917697623252,34.09660327776571,0.0472962088757738,0.0391656863175284,VS,stamp_classifier,0.9427025,27.5.7a32.dev1,VS,1.202485914315015e+18,F:\ZTF_Adjusted_Dataset\stamps\VS\ZTF18aandtfi,,2.0,r,16.533594131469727,0.0878952369093895,0.978958010673523,1.0,0.1723330020904541,0.4246485233306885,16.970075607299805,20.370464324951172,0.996999979019165,1.1433824300765991,t,10.0,1412.0,0.3919999897480011,-0.008999999612569809
ZTF21aalntjq,420,3775,58208.38832180016,61037.56472219992,True,False,3,,,,,61009.56145829987,61037.56472219992,28.00326390005648,219.5157711989144,8.056035905424205,0.0445692835192556,0.0441294487808,VS,stamp_classifier,0.94269943,27.5.7a32.dev1,VS,3.28356472151501e+18,F:\ZTF_Adjusted_Dataset\stamps\VS\ZTF21aalntjq,,2.0,r,17.207651138305664,0.09874765574932098,0.9907500147819519,0.5,0.741832971572876,1.5365242958068848,8.385791778564453,15.387063026428223,0.8519999980926514,2.100339651107788,f,420.0,3775.0,1.1009999513626099,-0.05900000035762787
ZTF25aaarapx,35,5158,58434.45239580004,60680.21421300015,False,False,2,,,,,60655.26174770016,60680.21421300015,24.952465299982578,127.1860511903283,42.15061464192,0.0696444887372279,0.0516332581488631,VS,stamp_classifier,0.9426951,26.0.1,VS,2.926214213215015e+18,F:\ZTF_Adjusted_Dataset\stamps\VS\ZTF25aaarapx,,2.0,r,13.98170280456543,0.06445159763097763,0.9912499785423279,0.23274999856948853,0.5,1.7177098989486694,17.542522430419922,21.460092544555664,0.9980000257492065,2.3499999046325684,t,35.0,5158.0,1.225000023841858,-0.009999999776482582
ZTF25aayewxq,51,5917,58456.558888900094,61121.48828699999,True,False,4,,,,,60854.28998839995,61121.48828699999,267.19829860003665,222.83595384052728,8.111093001898263,0.0098055566113309,0.0097074653515651,VS,stamp_classifier,0.9426898,27.5.7a32.dev1,VS,3.100318496115015e+18,F:\ZTF_Adjusted_Dataset\stamps\VS\ZTF25aayewxq,,2.0,r,15.063162803649902,0.05033773183822632,0.9966670274734497,0.5,0.0061666700057685375,0.6796525716781616,3.117499828338623,9.789253234863281,0.7699999809265137,1.3380824327468872,t,51.0,5456.0,0.367000013589859,-0.013000000268220901
ZTF20absntaz,26,3510,58230.28756939992,59281.2684491002,True,True,1,,,,,59281.2684491002,59281.2684491002,0.0,229.8928689,44.1874721,,,VS,stamp_classifier,0.9426872,correction_0.0.1,VS,1.527268444915015e+18,F:\ZTF_Adjusted_Dataset\stamps\VS\ZTF20absntaz,,2.0,r,13.984454154968262,0.03548187389969826,0.812375009059906,0.9024050235748291,0.6337590217590332,1.0007741451263428,1.348950982093811,7.181232452392578,1.0,3.9100000858306885,t,26.0,3510.0,1.3700000047683716,-0.07800000160932541
